patient_id,gfc_sag_PC1,gfc_sag_PC2,gfc_sag_PC3,gfc_sag_PC4,gfc_sag_PC5,gfc_sag_PC6,gfc_sag_PC7,gfc_sag_PC8,gfc_sag_PC9,gfc_sag_PC10,gfc_sag_PC11,gfc_sag_PC12,gfc_sag_PC13,gfc_sag_PC14,gfc_sag_PC15,gfc_sag_PC16,gfc_sag_PC17,gfc_sag_PC18,gfc_sag_PC19,gfc_sag_PC20,gfc_sag_PC21,gfc_sag_PC22,gfc_sag_PC23,gfc_sag_PC24,gfc_sag_PC25,gfc_sag_PC26,gfc_sag_PC27,gfc_sag_PC28,gfc_sag_PC29,gfc_sag_PC30,gfc_sag_PC31,gfc_sag_PC32,gfc_sag_PC33,gfc_sag_PC34,gfc_sag_PC35,gfc_sag_PC36,gfc_sag_PC37,gfc_sag_PC38,gfc_sag_PC39,gfc_sag_PC40,gfc_sag_PC41,gfc_sag_PC42,gfc_sag_PC43,gfc_sag_PC44,gfc_sag_PC45,gfc_sag_PC46,gfc_sag_PC47,gfc_sag_PC48,gfc_sag_PC49,gfc_sag_PC50,gfc_sag_PC51,gfc_sag_PC52,gfc_sag_PC53,gfc_sag_PC54,gfc_sag_PC55,gfc_sag_PC56,gfc_sag_PC57,gfc_sag_PC58,gfc_sag_PC59,gfc_sag_PC60,gfc_sag_PC61,gfc_sag_PC62,gfc_sag_PC63,gfc_sag_PC64,gfc_sag_PC65,gfc_sag_PC66,gfc_sag_PC67,gfc_sag_PC68,gfc_sag_PC69,gfc_sag_PC70,gfc_sag_PC71,gfc_sag_PC72,gfc_sag_PC73,gfc_sag_PC74,gfc_sag_PC75,gfc_sag_PC76,gfc_sag_PC77,gfc_sag_PC78,gfc_sag_PC79,gfc_sag_PC80,gfc_sag_PC81,gfc_sag_PC82,gfc_sag_PC83,gfc_sag_PC84,gfc_sag_PC85,gfc_sag_PC86,gfc_sag_PC87,gfc_sag_PC88,gfc_sag_PC89,gfc_sag_PC90,gfc_sag_PC91,gfc_sag_PC92,gfc_sag_PC93,gfc_sag_PC94,gfc_sag_PC95,gfc_sag_PC96,gfc_sag_PC97,gfc_sag_PC98,gfc_sag_PC99,gfc_sag_PC100,gfc_sag_PC101,gfc_sag_PC102,gfc_sag_PC103,gfc_sag_PC104,gfc_sag_PC105,gfc_sag_PC106,gfc_sag_PC107,gfc_sag_PC108,gfc_sag_PC109,gfc_sag_PC110
OAS1_0001,-1.4625242,-1.3410542,-0.5222673,1.2219355,0.24942668,1.1235243,-0.6517059,-0.9903661,0.58107847,0.12009787,-0.22953406,0.06259173,-0.4258829,0.067736804,0.03439855,0.4113878,0.37842184,-0.32780638,0.81376314,-0.6401519,-0.23881553,-0.30593863,-0.20716918,-0.29815146,0.02021565,-0.39985228,-0.31671903,-0.4276026,-0.4173526,0.3107622,-0.21548189,-0.0816174,-0.80034894,0.6532501,0.19594057,0.14677194,-0.30809072,-0.18889618,0.24990131,-0.42908442,0.29846987,-0.31018493,-0.3456849,-0.048743844,-0.6914659,-0.100916214,0.27596813,-0.4344645,0.058698066,0.12782148,-0.101578645,0.2458524,-0.39202675,-0.45343345,-0.59447205,0.65141445,0.1058162,0.31551707,-0.9940463,0.18636678,0.086975984,-0.21284345,-0.13219391,-0.6394256,-0.64347804,-0.015537233,-0.049478173,0.5845271,0.08930841,1.1463133,-0.13670392,-0.69653845,-0.06974146,-0.5092639,0.005090234,-0.58666795,-0.5626367,-0.18402004,-0.2694822,-0.3567484,-0.12445522,0.25143743,-0.13864134,0.24708563,0.34554932,0.10541682,-0.18000084,0.25263023,0.04466707,0.17669767,-0.1960141,0.3194435,-0.48601902,-0.16367322,0.39201024,-0.068991035,0.7044128,0.19079429,0.14400394,-0.4293607,0.17121604,-0.008453935,0.42654493,0.024430223,-0.4529065,-0.11209963,0.34615836,0.10697289,0.3684164,0.22441077
OAS1_0002,1.8493931,0.9813271,0.4645389,-0.6093313,-0.78648525,-0.25075892,-0.6934088,-1.23487,0.70006245,0.3992049,0.32897887,0.5064483,-0.45908836,-1.1894855,-0.473284,-0.32552898,0.20034175,-0.1344767,-0.13364999,-0.8393505,-0.3791132,-0.03917486,-0.73301977,-0.3278336,0.8512621,0.55809146,0.37808877,0.19658388,-0.4705331,-0.49755606,0.4711457,0.056872346,0.07261797,0.14158429,-0.20016372,0.4762123,-0.0049464535,0.4001778,0.47699258,-0.94637024,-0.70618576,-0.10678776,-0.9319975,0.39393964,0.10769555,0.345377,-0.35919818,0.09515795,-0.3658774,0.05567047,-0.22111572,0.30589476,-0.321869,-0.7351648,-0.38145858,-0.23183861,-0.08901658,0.36636764,0.19785391,0.10562064,0.12104443,-0.11657339,-0.38552633,-0.00874016,0.23615454,-0.28196913,-0.016013075,0.13365722,-0.23133191,0.5600049,0.101793595,-0.3895626,0.094874576,0.11803371,-0.34637997,-0.06729836,0.31322396,0.17164835,0.13568625,0.661367,-0.5612232,0.6630476,0.17496118,0.0623229,0.5054272,-0.16266537,-0.118853435,-0.363401,-0.26115343,0.47114635,0.1493804,-0.058915447,-0.007939223,-0.035477523,0.4868606,-0.39491236,-0.124503195,0.075304605,-0.075357,-0.0789806,0.48957187,-0.18298534,-0.36848578,0.8045222,0.19232272,0.530224,0.09252083,-0.4295095,-0.40771803,-0.21821257
OAS1_0003,-0.4407376,-1.6627363,0.35264832,-0.4197201,0.49299806,0.7532094,-0.42111418,-0.026519505,-0.74621576,-0.99440414,-0.6076201,-0.8036182,0.8778899,0.2584102,-0.15535888,0.5184646,0.03377931,-0.39256892,0.14001028,-1.2549893,0.42436376,0.019557562,-0.21479072,-0.34779546,0.42641574,0.5131153,0.5450061,-0.06736081,1.1940413,-0.37061733,0.13451111,0.19599646,0.4376747,0.44494534,-0.1287715,-0.4588285,-0.12087009,-0.0069141695,-0.93025583,-0.11020944,-0.51978886,-0.36796314,0.013289983,-0.36567086,0.49385998,0.7397753,0.2800083,0.3683397,0.51568097,0.1337147,-0.53001106,-0.31851822,0.41390732,-0.20219798,0.011993908,-0.4892915,-0.6629697,0.26554838,0.13634604,-0.37136382,-0.2791013,0.22099231,0.49148256,-0.043661784,0.4529799,0.28246203,0.19860695,0.28041655,0.20463365,-0.19712691,0.819908,0.14552236,0.29422313,0.024020169,-0.42967996,-0.1902154,0.038674757,0.1760348,0.3212466,-0.74932784,0.6929457,-0.041962944,-0.07807885,-0.21515235,-0.046667382,-0.1332773,0.15368363,0.28653616,0.48493457,0.16693823,-0.22813112,-0.28630337,0.3077334,0.31076807,-0.3684879,-0.24194002,-0.16475184,0.39320782,-0.1567493,-0.30357313,-0.04037849,-0.20408563,0.14624602,-0.12768345,0.18541637,-0.21022204,0.11741744,0.21004531,-0.5488711,-0.12475092
OAS1_0004,-1.4842639,0.112217285,-0.58772063,1.0153143,0.54461306,-0.24458076,0.4043126,0.40900114,0.17822164,1.0742579,-0.62830925,0.9255853,0.63684165,-0.22055675,0.5981048,0.58991843,0.4141047,0.002084099,-0.18575859,-1.0494753,-0.019417308,0.21204111,0.087931246,-0.3342548,0.36141667,-0.2319665,0.050695196,0.19084375,0.19084533,-1.0899469,0.065627374,0.454339,0.24949916,-0.22669807,0.16013479,0.4507604,-0.040628485,-0.05066005,-0.6132245,-0.013368119,0.07080434,0.0045012557,-0.19232377,0.29071197,0.061066,-0.43790764,0.10298947,-0.20256618,0.13552092,-0.054324504,-0.027360864,-0.29145858,-0.24905637,-0.51428145,-0.0533253,0.019009877,0.14648102,0.048778504,-0.28100553,-0.09644355,-0.34813547,1.1086943,0.20600751,0.51728624,-0.19781397,-0.11452737,0.79343075,-0.47864488,0.13548209,0.20060281,0.90608174,-0.16814277,-0.5700477,0.4193268,0.18863465,-0.1610717,-0.090289816,-0.24451539,-0.19441962,0.3562631,0.63390595,0.017858963,0.3642602,-0.31181395,-0.29535383,0.36927423,-0.40883118,-0.40041235,0.3066456,-0.11309579,-0.4741484,-0.0068087783,0.1790178,-0.3518819,-0.07596153,0.14551005,-0.088349305,-0.31461036,-0.2939716,-0.15265316,-0.16115108,-0.58143395,0.14050357,-0.3737726,-0.14386882,0.3480044,-0.4936982,-0.3215488,0.26247916,-0.07429769
OAS1_0005,0.24841806,-0.6077304,-0.87694246,-0.8976714,0.5192915,-0.038912646,1.2346152,-1.1660528,0.43752408,-0.68757665,0.78597206,0.8433884,0.029207056,0.6325465,-0.76972127,0.486421,-0.46890652,-0.14803796,-0.19859566,0.51770496,-0.33847675,0.3110394,0.52726454,-0.7736714,1.0749278,-0.10935412,0.5935729,-0.1828393,0.23271239,-0.06744365,0.021760283,-0.030845258,0.21756522,0.6847548,-0.3869187,-0.027510807,-0.633057,-0.094286695,0.5028184,0.19466197,-0.2153914,0.36758295,0.42832652,0.15777726,0.11957886,0.1316598,0.26904178,0.15783013,-0.42345533,-0.028041525,-0.56128836,-0.5218679,0.36173567,-0.09016845,0.07876417,0.28331473,-0.5233416,-0.3861173,0.44496632,0.27261332,-0.16975167,-0.19061393,-0.19637917,0.60950387,0.12625135,1.1351217e-05,-0.15238921,0.091200784,0.19699346,0.046803344,-0.5655015,-0.4353679,-0.36817917,-0.015717478,0.2650312,-0.011394853,-0.40940952,0.3161672,-0.11093156,1.2288924,0.07630764,0.059176967,0.19546835,-0.09105406,0.38776886,-0.058322664,-0.11161948,-0.6008814,0.63901293,0.107646,-0.10462626,0.89990324,-0.06517433,0.1267126,0.06572969,-0.20425214,0.2590553,0.089984335,0.18060216,0.12179279,0.035050016,-0.5945683,-0.1707885,0.29737696,0.16879135,-0.6209359,0.6139711,0.12887308,-0.1012602,0.06827619
OAS1_0006,1.6365693,1.2600138,0.19435906,2.1432016,0.39701113,0.09622524,-0.057912115,0.2552178,-0.36724702,-0.5211307,0.48538777,-0.61099297,0.14863566,-0.75499964,-7.064038e-05,-0.9029171,-0.16477573,0.16412663,0.25149164,-0.43559453,0.123322226,0.1573376,-0.45276105,-0.5359529,-0.025886767,0.11902524,-0.49085328,0.18232816,0.32076862,-0.6603978,-0.3431746,-0.7071335,-0.21261042,-0.3271217,0.38766256,-0.44527426,1.0703795,0.8273133,1.1073418,0.50365925,-0.50599915,-0.6175633,0.04452402,-0.36382186,-0.638957,-0.41083974,-0.35352105,-0.45415375,0.036939133,-0.82344323,-0.19242673,-0.08371271,0.54360163,-0.047292203,0.075424135,-0.25808364,0.4775768,-0.08395281,-0.34295437,0.20721023,0.33374828,-0.38525242,-0.27345636,0.45928732,0.51248145,-0.673267,-0.6543797,-0.012017096,0.15652002,-0.031674076,0.079672486,0.23123549,-0.53505707,0.009260495,0.4427014,-0.6892877,0.033596575,0.73906165,-0.46829966,-0.46652618,0.2253536,-0.8039377,0.102623925,-0.20179895,-0.08114538,0.016564937,0.11681237,0.23916863,0.352941,0.40738612,0.087336436,-0.4433156,-0.6238801,0.0030746318,-0.06314486,0.40684313,-0.12879084,0.46833506,-0.5538427,-0.6527302,0.6473472,-0.27303097,-0.52377254,0.72960746,0.1868597,-0.14321813,0.18858214,0.72350353,0.14341417,-0.08158684
OAS1_0007,-0.48484358,1.7297406,-0.36936656,1.4628192,0.21126305,0.062943146,0.6296318,0.044406332,0.15832378,1.2077358,-0.76033014,0.30045906,-0.49845025,-0.6770891,0.8314786,0.8838877,-0.65898323,-0.46831742,-0.3281561,0.33719468,-0.44707775,-0.28344354,1.0561337,1.032247,0.46463826,-0.3253935,0.79673755,-0.30811235,0.8630592,-0.3458322,0.030809285,0.88341475,0.8130356,0.3837325,1.2528523,0.61259043,0.59653395,0.04153423,0.61952835,0.21455394,-0.5334227,-0.18535472,-0.33699057,-0.8493458,0.15960735,-0.30944404,0.23851684,-0.16320743,-0.6520864,-0.049263403,0.11499152,-0.12799162,0.28448135,-0.20025408,0.1588994,-0.3177017,-0.19945003,0.05825538,0.307829,0.29494092,-0.70927626,-0.40174377,0.110453755,-0.5071841,0.28164652,-0.48314965,-0.00682373,-0.3828992,0.06576989,0.087758094,-0.07583567,-0.46206272,-0.09607262,0.0057851044,0.13720721,-0.097620085,-0.04001286,-0.5691,-0.26894474,0.01734266,0.1148007,0.05092222,0.26121706,0.8812867,0.0057698935,0.720512,-0.39776388,-0.50908285,0.05144352,0.23390795,0.23590857,-0.13228714,-0.2619176,0.10463344,-0.4446211,-0.13139473,-0.08162516,-0.71975315,-0.18852772,-0.13947713,0.21532615,-0.098215476,0.21424961,0.050662316,0.06603671,-0.27400848,0.23797643,0.13732761,-0.14618713,-0.25974956
OAS1_0009,-0.91363734,0.5112597,-2.1739535,1.1671878,-0.45928806,0.69217855,-0.17434661,0.041237917,-0.6792087,0.52959955,-0.850219,-0.014228189,0.3858241,-0.23835124,0.050369635,0.17403293,0.14351018,0.20707776,0.30419102,-0.31497946,-0.24085976,0.5734387,0.20316619,0.44309285,0.0014635045,0.15376407,0.18180567,0.08762481,0.15709679,0.46016362,-0.29585642,-0.16464192,-0.08130441,0.31063643,0.32032174,0.42000732,0.08791412,0.00436586,0.5119612,-0.49777308,0.78791034,-0.14219067,-0.0874805,-0.28225344,1.114409,-0.63771266,0.28087035,0.18761058,-0.5786322,0.3811014,-0.01817764,-0.38112435,0.13497448,-0.47511616,0.3022796,-0.0029938698,0.33998066,0.20887557,-0.15739481,-0.2595139,-0.17321378,0.75058603,0.15592934,0.45608798,-0.23884775,0.7136887,-0.52823305,-0.25682336,0.4952784,0.038035255,-0.16262075,-0.17898807,-0.092529155,0.36812603,-0.17806591,-0.01644937,0.17986807,0.013079243,0.47095037,-0.15811005,0.25646535,-0.020926502,0.31285703,0.006580836,0.06331808,0.12154527,-0.4540354,0.14144966,-0.020222062,0.16806217,0.4695623,-0.36970493,0.24022865,0.30885524,0.25427344,0.4889031,-0.5014427,0.5462797,-0.17506023,-0.016306128,0.26745754,-0.29974607,0.10053461,0.051999792,0.56830215,-1.0675637,0.016123284,0.3103912,-0.09776154,0.23349503
OAS1_0010,-1.9093921,0.99544615,2.0417652,-1.861464,-1.4498614,0.672502,0.5716745,-0.23378415,0.8104524,0.5215745,0.5273035,-0.6083688,-1.0544082,-0.92172927,0.784645,0.39214057,0.79734695,-0.704872,0.7429754,-0.078878015,0.061408255,-0.31764784,-0.31584117,-0.05757868,-0.33136842,-0.51888955,-0.749962,0.18909372,-0.31452277,-0.26275265,0.31842637,0.3111167,0.68745375,0.037793465,0.7373347,-0.34072626,0.53978586,-0.5936102,-0.047414795,0.081033066,-0.16703469,-0.2081702,0.15359935,-0.6907615,-0.27134025,-0.4047823,0.04338477,-0.24533004,-0.21874337,0.43071407,-0.9324606,-0.08756168,-0.4658476,0.12854017,0.3644541,-0.45034796,-0.27680993,-0.5745104,-0.15377325,0.43446976,0.7358839,-1.0519418,0.009348049,0.098841764,0.068063,0.38527745,-0.08928932,0.33662847,-0.09190991,-0.039106075,-0.53684884,-0.18898056,-0.7726782,0.092083946,0.6617685,0.4140684,-0.51443374,-0.42572153,0.10961814,0.049513754,1.0213022,0.15560639,-0.46331233,0.5114073,0.09051529,0.3410673,0.3876209,-0.09919559,-0.42789075,-0.35660636,0.38255608,0.2877995,0.28859016,0.04644664,1.0727166,-0.1695977,-0.29071563,0.17466518,-0.069096014,-0.5271296,-0.43951777,-0.36641648,-0.7462329,-0.05759257,-0.24798591,0.8747883,-0.26076108,-0.116585806,0.039276984,-0.017391441
OAS1_0011,2.113708,-1.4386266,-0.62848645,1.0080968,-1.0604433,-0.44747427,0.13264763,1.1474706,0.23080872,0.8671731,-0.55049163,-0.27752966,-0.35284144,-0.5161007,-0.630674,-0.030447356,1.0327573,0.66573316,0.4751579,0.5817997,-0.29692987,0.73748255,0.021312851,-0.08968509,-0.55239016,0.3948141,-0.20613861,0.24292074,0.21610251,0.46199638,0.5844442,0.40655738,-0.82211685,0.59560317,-0.75002205,0.58401614,-0.10762925,-0.070332035,-0.83126354,-0.7403255,0.18038511,-0.3249044,-0.056371484,-0.06820586,0.5756486,-0.5463601,0.7039437,0.09517815,0.15868267,-0.57907134,-0.41998225,0.08449246,0.52077997,0.2858595,-0.004261534,-0.043260477,-0.08817726,-0.41636795,0.47557154,-0.19274513,-0.25370052,0.068893425,-0.46480247,0.010494177,0.093713254,0.80409724,0.5956636,0.58582675,0.21321791,0.0022444408,-0.60795325,0.613884,0.17538895,0.04662849,-0.48441514,0.06602727,0.11087823,0.23017846,0.24165869,-0.109850615,-0.058275953,-0.32014608,1.1313441,0.6435471,-0.5904675,-0.23098479,-0.3401715,0.33520186,0.21076722,-0.4178257,0.19346294,-0.9313596,-0.24827135,-0.25286913,-0.17492433,-0.04006724,-0.009332626,-0.14179417,0.09946597,0.128032,0.0009827066,-0.59395736,-0.1614537,-0.25304288,-0.1459267,0.5592264,0.032912824,-0.060279645,-0.329669,0.4939909
OAS1_0012,0.61699486,-1.1001687,-0.8064911,-1.1726639,-0.5039568,-0.9656199,0.20329599,0.03910537,-0.61742646,-0.53115344,0.16319591,0.6264099,0.59540236,-0.061291765,-0.76871806,-0.3102602,0.21168862,0.08203189,0.1537865,0.16146502,0.06746516,0.1424293,-0.8676078,1.3312836,0.18354143,0.14345382,0.9005681,-0.037832744,0.64927024,0.41128284,0.55501664,-0.055366077,0.12535226,0.87823385,0.3554177,0.35276115,0.32780936,0.6559744,-0.59246683,-0.18111444,-0.10003107,0.45126653,-0.3814918,0.45345074,-0.34634823,-0.80440205,0.06586982,0.16070877,-0.10231396,0.36066654,-0.34887815,-0.514284,1.0546967,-0.14990404,0.17657925,0.37744206,-0.0702983,0.024767682,-0.6257405,0.120707914,-0.21281491,0.35616347,-0.38238573,0.34199488,-0.36923584,-0.5077981,-0.6699656,0.5832448,0.315667,-0.042417098,0.96920955,-0.44146445,-0.25766388,0.28695455,-0.10726893,-0.120141,-0.453116,0.0070019504,-0.054235086,-0.51493645,0.20929374,0.030852498,0.4528406,0.67330164,0.6632627,0.13281171,-0.16799125,-0.46315262,-0.1606564,0.18150547,0.3453942,-0.12889518,-0.19657257,-0.43491158,0.056012128,0.48597723,0.06759855,0.13331257,0.26578104,-0.3809045,-0.06066848,0.23770124,0.12840346,-0.056538317,-0.107437514,0.16694772,-0.46588188,-0.027295802,-0.027520956,0.018331438
OAS1_0013,-1.0647525,-3.1559718,-0.023984913,-0.8549049,-0.44379467,0.8704543,-0.35675445,-1.2850523,-0.92714745,0.4969881,0.8949999,-0.06963066,0.44848892,0.21817419,0.8373106,-0.66536987,-0.020537127,0.3138418,0.60727316,-0.63644254,0.546573,-0.36520797,-0.014441677,-0.83128864,0.15139121,0.1643559,0.37230504,0.08247816,0.062399868,0.78496164,0.25328794,-0.89294887,-0.007830981,0.30495828,0.043602157,-0.44369912,0.09390627,-0.63405174,0.49115488,1.146717,-0.21718459,-0.47984126,-0.19885106,-0.49645156,0.08168972,-0.3265606,0.50880015,0.54126465,-0.037506636,-0.119120345,-0.1319635,0.28451353,0.23752117,0.008786414,-0.47082987,-0.20032504,0.0851625,-0.12050703,0.07373784,-0.7433753,-0.19348812,-0.45149872,-0.564523,-0.49888477,0.8645723,-0.3579817,0.18937337,-0.20611984,-0.18503466,0.43658835,-0.08403743,0.24366309,-0.18589851,-0.30627117,0.03648222,-1.0100946,-0.1667938,-0.24321298,0.4877216,0.7726853,-0.42130572,0.12636651,0.0044651236,0.031929195,-0.40800303,-0.37351915,-0.36981228,-0.11113968,0.5219541,-0.31248567,0.30307382,-0.11450772,0.29790342,0.09768941,-0.47429365,-0.02160727,0.11049678,-0.523377,-0.0994248,-0.20528637,-0.081621595,-0.47329664,0.13433714,0.19197847,0.2260827,0.05756695,0.052079514,0.3716228,0.6167529,0.44442055
OAS1_0014,-2.6150148,0.5058101,-1.7872126,-0.21691312,-0.16321978,-0.6931917,-0.58672154,0.03229729,-0.043134265,0.72951096,0.19193682,-1.4971114,0.2863284,0.935914,0.1409982,-1.4079115,0.13625658,-0.002354804,-0.628964,-0.16277716,0.32084194,-0.53747195,-0.034819268,-0.030315911,0.3843539,0.14989239,-0.04696705,0.7940473,-0.41264856,-0.058518745,-0.31662866,0.43532318,-0.53817505,-0.2592439,-0.029011834,0.4183985,0.18386593,-0.24128267,0.67386043,0.18182449,0.5308757,-0.16537814,-0.18670617,0.4039859,-0.7674862,0.12766346,-0.71682787,-0.012851082,0.14497696,-0.67494214,0.3432269,0.31832474,-0.20562446,-0.6101755,-0.3657324,-0.009429647,-0.18551429,0.5587187,0.14870508,0.21249548,-0.2540173,0.28314468,-0.105739936,-0.27769807,0.68978405,0.28175682,-0.088646635,0.25837025,0.52194977,0.21069694,0.33178583,-0.29441583,1.196398,-0.25123745,-0.46581995,0.27106115,-0.32677472,0.097596675,-0.28103274,0.20317726,-0.17984962,-0.00684571,0.27335572,-0.31713217,-0.28704658,0.4559651,0.425072,-0.2290723,0.013224931,-0.20287415,-0.025159538,-0.3121732,0.02734123,-0.10299869,0.36335415,0.103603475,-0.19842337,-0.2327441,-0.2243995,0.64010984,-0.33799228,0.24277022,-0.6329638,0.043478113,0.28986382,0.3601032,-0.0059814355,-0.61992675,-0.09284244,-0.22470547
OAS1_0015,-2.7832592,-0.6221191,1.3156259,-0.50240165,-0.6126956,-0.8434051,-0.7149854,0.8827314,1.189825,-0.27376062,0.023197915,0.29348364,-0.4563028,0.4301469,0.7032609,0.087784074,0.2319704,1.400999,0.10844852,0.43082532,-0.08026821,0.7525796,-0.5928757,0.19402248,-0.022755882,-0.67693466,-0.97804254,-0.43163887,-0.6645833,0.15115188,0.119714595,0.3492909,-0.621775,-0.35129926,-0.25909954,-0.32182994,0.5931381,0.16591828,-0.17820829,0.6865936,-0.4974665,-0.95929456,-0.11368924,0.66556513,0.21131265,0.39823836,0.5580015,-0.041259576,-0.19695899,1.5146271,-0.175952,0.1013814,-0.31352845,0.10820317,0.046262056,0.014835391,-0.028534237,-0.06993811,0.026987186,0.4342229,-0.010110297,-0.57483435,-0.4585807,0.16585259,-0.32497808,0.04604951,-0.2862866,-0.16826886,0.043376103,0.7141842,-0.16203822,-0.44035682,-0.044105954,-0.5200499,-0.013350896,-0.34111187,-0.1325837,-0.068179026,-0.51869994,0.27247623,-0.6011365,-0.5114388,0.19206232,0.17630376,0.16469868,0.115003146,0.3135854,0.64364654,0.21532457,-0.09968262,0.23520154,-0.40812644,-0.39286032,-0.08875133,-0.27164835,-0.46598467,-0.07594799,-0.116877675,-0.13890395,0.06725418,0.24453974,0.42426613,0.5839325,0.49424586,0.121205874,-0.6443348,0.21488671,-0.18075402,0.17859642,0.31398124
OAS1_0016,-2.1405878,-0.64907867,0.5471811,0.16453719,1.3495398,0.23517255,0.38276044,-0.8331987,-0.09087782,-0.500038,0.24167407,-0.17562112,-0.07028478,-0.4414293,0.36662236,-0.2872157,0.6320197,-0.22979328,0.5721493,0.52689546,-0.32425338,0.22881119,0.5014022,-0.19164596,0.2523667,-0.50831646,0.40298527,0.39694476,1.1916647,0.19236347,0.6205921,-0.32729682,0.24232815,-0.6976777,0.35185927,-0.02492258,0.7845888,-0.5635551,-0.021853471,0.2056214,0.35257718,-0.27815858,-0.2516625,0.65026563,-0.079052985,-0.8377424,-1.2294867,0.23020686,0.35996884,0.27297997,-0.2871369,0.30387405,0.071704686,-0.3702983,-0.10129691,-0.81286174,-0.39898333,0.18615295,0.7579036,-0.18657212,0.31778127,-0.104733855,0.51922715,-0.14817923,-0.6319471,-0.5010625,-0.36055288,0.15985921,-0.41854632,-0.20297107,0.35944334,-0.00085545087,0.55247146,0.045588132,-0.618081,-0.108319625,-0.07519405,0.3725841,0.014991669,0.4746503,0.17364468,-0.4005976,-0.28900534,-0.10896726,-0.090023614,-0.23746283,-0.5386018,-0.3337283,-0.28409883,-0.42072168,-0.5601157,-0.50378436,0.046416365,0.7781464,0.24192074,0.28784582,0.49804264,0.8013819,0.12573107,0.02359412,-0.013241669,-0.13460773,0.36747673,-0.036234908,0.17179061,-0.37181136,-0.39146346,0.35192862,-0.004673789,0.17656441
OAS1_0017,-1.4918059,-0.07115689,-1.0604689,-1.5079371,0.46859795,-0.5338591,0.8371679,-0.5006036,-0.3118854,-0.6265928,-0.13829184,-0.41729042,-0.35496542,0.45194083,-0.082633,-0.28804138,1.0680058,0.071014516,-0.24878174,0.063882284,0.090358384,0.17055424,0.65592253,0.113007456,-0.42130497,-0.87601113,0.41125435,0.5205767,-0.10769833,-0.9108439,-0.6213456,-0.17822692,0.17057514,0.00481481,-0.6892438,-0.18799417,-0.48554733,-0.08853693,0.4646215,0.0046510613,-0.090893306,-0.0958466,-0.6030281,0.50838363,-0.10937401,0.36852083,-0.1827548,0.019600226,-0.50500345,-0.146884,-0.25044402,0.46640489,-0.23176505,-0.83881754,0.19162595,-0.49107948,-0.8102553,0.42523786,-0.222394,0.6429925,0.5046127,0.06591132,-0.52931887,-0.027041202,0.35821,-0.22753981,-0.20652838,-0.076073825,-0.001304595,0.8682526,-0.12990256,0.27820286,0.09202265,-0.080654144,-0.5236785,0.014857258,-0.20777246,0.08455127,0.1678766,-0.115058206,0.21017793,-0.010512265,0.6717033,0.23700085,0.20897698,-1.0519563,0.15123492,0.06688683,0.23824337,-0.06283752,-0.08251741,-0.9052864,-0.21408604,0.06958492,-0.4320393,-0.009319518,-0.42049134,-0.0358703,0.020509189,0.56035197,-0.5469071,0.08776682,-0.55725324,0.46302468,-0.23388378,-0.180906,0.030548744,0.40481555,0.23072767,-0.13878226
OAS1_0018,1.7164689,-0.8410624,-0.17755327,-0.45132995,0.38956746,-1.474057,0.42110774,0.2735037,-0.24440983,0.80244046,0.08692903,1.195613,-0.102105305,0.5703981,-0.11899228,-1.3216991,-0.122004695,0.5130296,1.0013539,-0.5328358,-0.34271538,0.19687156,-1.4782512,-0.44243494,0.2616175,-0.502393,-0.7537708,-0.73910487,0.48690173,-0.2460247,-0.46447808,0.84739953,-0.09364635,0.07943036,-0.1310818,0.2870012,-0.29086396,-0.38387623,-0.14992192,-0.28203496,0.39883122,0.18385881,0.61649615,-0.38655972,0.690545,-0.5165555,-0.03329339,0.33197907,-0.15351373,-0.069071256,-0.74004906,0.37038636,0.17777243,-0.41274685,-0.496718,0.052950084,-0.14405635,0.21523976,-0.730817,-0.27158386,-0.44723848,0.23399661,-0.49832988,-0.718618,0.07110576,-0.40153342,0.4106722,0.22038215,-0.1973821,-0.5981011,-0.0013510741,-0.008822377,-0.4093359,-0.081400044,-0.35655123,-0.36455506,0.5363062,-0.4215195,-0.121831916,-0.11161179,0.15769242,0.40078542,0.20638812,-0.08389056,-0.37667248,-0.43369436,0.01111314,0.28761822,-0.14597814,0.18767388,0.24204615,0.408555,-0.28971422,-0.22210813,0.56278485,-0.017584002,-0.33795494,-0.24667457,0.055001937,0.24985537,-0.21276763,0.031607963,0.13889176,0.2803357,0.020635692,0.5525847,-0.040525936,-0.027957685,0.4633484,-0.00616846
OAS1_0019,-1.392744,-0.4061515,1.2045163,1.229878,0.188642,1.5793242,-0.17495398,0.11888645,0.06556875,0.48633572,0.07963764,-0.41558614,0.023500822,0.47138235,1.4069455,0.77084684,0.90220624,-0.40639722,-0.50933087,-0.12314285,0.18967277,0.22464235,0.65415263,0.28265953,-0.34365606,0.1492312,0.07542313,-1.2732565,0.14889932,-0.30593264,0.60492444,-0.42478138,0.72484845,-0.44625843,0.4366394,0.4941755,0.9513825,0.50907034,0.09310399,-0.9304668,-0.18064119,0.95761347,0.13096312,-0.124769494,0.027815813,0.23832662,0.47010013,-0.011887397,0.06148434,-0.17831914,-0.6218444,-0.012301752,0.7459237,-0.86542237,-0.63390017,0.32566616,0.23525034,-0.6395846,0.1455113,0.058177773,0.057999577,0.91570663,0.14974159,-0.013646712,0.2988128,-0.2983755,0.54033816,0.735477,-0.012983755,-0.27657443,0.15658411,0.113736115,-0.03987155,-0.36973763,-0.7023258,0.5873895,0.5224852,-0.8835635,-0.08225082,0.15926173,-0.026597228,0.11271365,-0.56799763,-0.19195895,0.1744235,0.20681071,0.11171477,-0.6088599,0.1049132,-0.12580355,0.10589623,0.02260275,0.41759783,-0.1885098,0.6496196,-0.4078033,0.28215846,-0.49258873,0.46268883,0.458534,0.104182005,-0.25544682,0.1505045,0.31594682,0.51172215,-0.89895326,0.35893384,0.088693105,0.6554087,0.12361425
OAS1_0020,1.657417,-0.98635983,0.14699006,0.06392859,0.026708566,0.6424722,0.47726145,0.5708675,0.5623332,-0.7096717,-0.32913503,-0.0639954,0.38526326,-0.2800355,0.15210758,-0.4091535,0.8225722,-0.12078734,-0.16250026,0.32455438,-0.4778857,0.96106684,-0.37595117,0.51835763,1.345726,-0.25744593,0.67506486,-0.01298756,-0.5245292,-0.49527243,-0.16209552,0.71176124,0.64908993,0.47706658,-0.036767576,0.1528069,-0.28423274,0.21150999,-0.61226964,-0.4071115,0.7165902,0.08021626,-0.239588,-0.08217001,-0.62955564,0.13714379,0.26177967,0.10517354,-0.14494765,-0.61516434,-0.27606338,0.056926887,-0.59096307,0.22777602,0.5402226,-0.05142138,0.09858545,-0.30027023,-0.39895266,0.07545381,-0.025021931,0.043462977,0.33803126,0.39675373,0.34930217,0.09624796,0.39082465,-0.89663666,0.06919034,-0.4833894,-0.078209266,0.024873814,-0.19005786,0.28985864,0.66268206,0.32339773,-0.013783139,0.062583946,0.022927426,-0.27430257,-0.45408845,0.10959116,-0.096206985,-0.27743205,-0.14188915,-0.44168702,0.6275537,-0.12906401,-0.41724065,0.01466111,-0.3957502,0.24125232,-0.2987269,-0.35804838,-0.033679236,-0.34179252,-0.0020164577,0.43138328,0.09286198,-0.09306012,0.3804011,-0.063532956,-0.04744821,0.5262201,-0.02947907,-0.30427825,-0.13246672,0.46667865,-0.3935914,0.5797608
OAS1_0021,-2.8892326,-1.0929313,0.62427914,-0.109259635,-0.66206104,-0.50541586,-0.88165784,-0.07257087,1.1686164,-0.21533902,-0.70710284,0.21051928,-0.14504758,0.44071442,1.4717094,-0.34786454,-0.2904728,0.08105932,0.32951593,0.30930087,-0.063443825,0.8810767,-0.12537628,-0.49471182,0.014681777,-0.15700042,-0.054643102,-0.0011170075,0.95806366,0.31045815,-0.06717301,-0.3799333,0.6427022,-0.7665107,0.031908076,0.08351067,-0.2956254,0.41280466,0.7941712,0.69217634,-0.5752217,0.2293312,1.7761762,-0.2686,-0.1550916,-0.5622906,0.3197167,0.628463,-0.22279552,0.2084276,-0.15909506,0.7411005,0.50426996,-0.28478172,1.0390182,0.46184516,-0.574093,1.1795434,1.0687126,-0.0013220214,0.61516213,0.070574366,0.8980794,-0.385116,-1.1547536,-0.24991867,0.65608597,0.11882907,0.0105284145,0.124660105,0.65672916,-0.5942406,-0.26781064,-0.3270201,-0.124158055,0.13944788,-0.49842718,0.13930239,0.004981124,-0.012926911,-0.65620375,0.57916415,-0.0048310626,-0.57545495,0.043784283,0.006607208,-0.03566977,0.016548382,-0.41851127,-0.43986085,0.12585019,-0.025791908,-0.12390819,-0.0815207,-0.30103913,0.5580053,0.39439255,-0.2442682,0.19613327,0.28250593,0.42866406,-0.0431163,-0.07843379,-0.19989216,0.29051507,0.03932125,0.07276404,-0.1703551,-0.45380646,-0.09714796
OAS1_0022,1.0730574,-0.12625906,0.20314509,-0.38024646,-0.16415067,1.3563819,-0.41759312,-0.322733,-0.72351676,-0.22584601,0.2709913,0.13837546,-0.7709498,-0.27484033,-0.7833725,0.52373886,-0.72085196,-0.43214497,-0.40424937,1.1919795,1.227187,-0.13826561,0.17695786,0.15072538,-0.41888037,-0.0014922629,-0.17846777,0.15165143,0.4881452,-0.77170044,0.38077864,0.013508944,-0.074238345,-0.042187843,-0.11040943,-0.22587702,-0.5034398,-0.38488945,0.31313944,0.20097405,-0.58613497,0.17357177,-0.18056265,-0.5168202,-0.063707024,0.007599319,0.06953522,-0.5974341,0.1272148,0.031159652,0.2040981,0.07903509,-0.502424,0.63190734,0.39975816,-0.43808237,-0.123670556,0.24305008,-0.06298223,0.37972033,-0.15984394,0.53603023,-0.1955686,0.36783144,0.18363105,-0.02448841,0.5485655,-0.009846278,-0.32511112,0.6794021,-0.27346677,-0.23790964,0.008090662,0.28824168,-0.4124789,0.78991836,-0.09997813,0.16747093,0.0022173612,0.010817791,0.3220843,0.47888184,-0.19704694,0.2927878,0.16624904,0.46841925,0.062095948,-0.4971342,-0.42136243,-0.034009747,0.8293977,-0.59393847,0.10053814,-0.08284142,0.58182025,0.26726505,0.4681503,-0.19841515,0.30417633,-0.16248058,0.42974353,0.60981756,-0.011720064,-0.013002246,-0.14082727,0.37191737,0.31391108,-0.0012889011,0.027905243,-0.10525584
OAS1_0023,1.1398009,-0.66749066,1.9148341,-0.8943951,0.63573074,-0.31164047,-0.49568498,-0.42366993,-0.7223125,-0.8454455,-1.1809219,0.10609395,-0.30887702,0.546958,1.1299672,-1.0884794,-0.91295695,0.5018327,0.071369,-0.10737967,0.7675911,-1.161871,0.49202126,0.046705134,-0.5344937,0.27297458,-0.12425386,-0.011567945,0.86143434,-0.32990903,-0.06823078,-0.4088458,0.049448617,0.4301865,0.12522581,0.7294311,0.49632797,-0.52738273,-0.034479372,0.13314386,0.4447715,-0.010666236,0.90730923,-0.050526287,-0.6002149,0.3824029,-0.21366353,-0.38459125,-0.11606579,-0.07317157,-0.6328946,0.5830368,0.7992415,0.2761404,-0.22262578,0.06919931,-0.36949036,-0.21500057,-0.4246915,-0.013479252,-0.14296855,0.20525597,-0.45069337,0.14206555,0.17810972,0.37952566,-0.15269303,0.30247667,0.14920767,-0.5004335,0.48500618,0.13735746,0.72175467,0.27108604,-0.048645683,-0.12465256,0.15501606,0.31860247,-0.1460589,0.08696681,-0.6034346,-0.114670046,-0.35189837,0.37036034,-0.22263889,0.28495258,0.10881437,0.024371533,0.20829995,1.1721548,-0.54936147,0.2426177,-0.23572241,0.5079954,0.15149781,0.3439841,0.67196715,-0.32479176,-0.109003894,0.26896107,-0.11686372,-0.24581245,0.055359673,0.027456908,0.671028,-0.09348533,-0.13610546,-0.35514084,0.29398578,0.046647362
OAS1_0025,-0.4434797,2.6965556,-0.14722544,0.5427296,-0.20153481,-0.41265565,-0.8534692,0.0023391352,0.05314066,-0.3028098,-0.91406035,-0.09238059,0.19436195,-0.47323415,0.08426475,-0.7741848,-0.6263402,0.28742832,0.51364744,-0.53412926,0.03498147,0.013181382,-0.0035876634,-0.38283268,-0.11498613,0.62818,1.0043857,-0.8674113,0.36626595,0.38054368,-0.38321579,-0.061348725,0.1855557,0.051378712,0.05998928,-0.30014133,-0.42919213,0.09817873,0.5098934,0.8542946,0.12844218,0.6319131,-0.2428497,0.45757604,0.15422224,0.06474031,-0.072238736,-0.3058126,1.0486517,0.08193519,-0.65771115,0.082002655,0.54064304,0.24767855,-0.67778796,-0.28416815,0.58821756,-0.4908633,0.50656027,-0.27209902,0.07514585,0.12361902,0.5150887,0.4519376,0.47211054,-0.21027696,-0.040277295,0.11170315,-0.77629226,0.46113533,0.26045367,-0.4922961,-0.052814025,0.4809064,0.52572554,-0.08789792,-0.5475659,0.0937235,-0.09051923,-0.054190554,0.14070284,0.5524975,-0.025505668,-0.34945723,0.57540077,0.2916946,0.051621366,-0.1478209,-0.18548411,0.020572564,0.41936904,-0.45228732,0.09032197,-0.10267469,0.49589565,-0.30610812,-0.05021233,-0.28168607,-0.03796204,-0.036087815,0.2285035,-0.2720753,-0.25213084,0.28494596,0.19879751,-0.12493041,-0.5819586,0.48750535,-0.06420125,0.28646007
OAS1_0026,1.6056248,0.59467274,0.08047803,0.8512811,-0.09807075,0.33556262,-1.3061802,0.053847432,-0.13801704,-0.35730693,-0.30465934,0.8055246,0.023980567,-0.67237175,0.23582213,-0.80073833,-0.2752637,1.722835,0.37891275,0.29979867,-0.4690033,-0.294342,-0.13878846,-0.26042002,0.27650303,0.7389475,0.12954803,-0.42266777,0.06742952,-0.054157775,0.38973954,-0.22003025,-0.5176523,-0.23631726,0.16930363,-0.026962109,-0.2125344,0.284293,-0.47819892,-0.23291464,-0.32519552,0.664603,-0.27326736,0.31725118,0.5729617,0.51592773,-0.49146676,0.6157831,0.7153887,-0.45399243,-0.20292602,-0.44449207,-0.17606895,0.086709164,0.1247521,-0.83053905,-0.40667734,-0.7586361,-0.30347136,-0.03615505,0.26591286,-0.14878544,-0.5536735,0.3732493,0.28585416,-0.4904128,0.15230411,0.398473,-0.43474147,0.6345206,0.40976423,0.07159899,0.22409232,0.55532736,0.2011987,0.37448245,0.21880074,-0.27836493,0.37453407,-0.066349745,0.47384822,0.3002592,0.23882723,-0.09219239,-0.25013825,0.3622533,0.51499265,0.07021854,0.1090155,-0.071899466,0.8551713,-0.11880548,-0.21488515,0.077107735,-0.59882075,0.1659749,0.33841738,0.82114005,-0.32539833,-0.12458471,0.50111973,0.07615337,0.33621702,-0.023777353,-0.22659361,0.07172501,0.17734087,0.32609293,-0.06906998,-0.31638452
OAS1_0027,2.242134,1.6511594,0.7184306,1.5287999,-0.082932875,0.5428017,0.41958803,0.010875,-0.031890854,0.545285,-0.931308,-0.6702098,-0.2969944,1.0817525,0.3814619,-0.35444167,0.2485801,1.003275,-0.67650735,0.29188833,-1.1072882,0.37411004,-0.8729748,-1.3944061,0.13699135,0.9164035,-0.29227686,-0.019871544,-0.8554285,0.23744813,0.636965,-0.5235517,0.68608254,0.07942794,-0.85026115,0.22412583,0.4666506,-0.14679827,-0.5330337,0.14071968,0.4262591,0.121425666,0.5117179,0.8174079,0.3336836,-0.1525257,0.026156692,0.85150313,0.16874716,-0.41531166,-0.10676537,-0.06904082,-0.66236925,-0.2504479,0.31384763,-0.06883406,-0.19765665,0.5956928,-0.46528623,-0.60335267,-0.031409454,0.32522908,-0.4130894,-0.17742227,0.0044315197,-0.5623095,-0.5467714,-0.343475,-0.5012341,0.46216726,-0.7404973,-0.44841704,0.1952223,0.1803502,-0.15698007,-0.4408207,-0.36292005,-0.2739901,-0.8274003,-0.46729782,-0.0073366268,0.03814456,0.5777642,0.14352202,0.1379543,0.43058255,0.074349605,-0.302037,0.34033716,-0.35186264,-0.8209649,-0.3344906,0.066921435,0.8558649,-0.023936154,0.25316355,0.2167176,-0.97487223,0.7038023,0.38400292,-0.10259112,0.10199562,-0.225952,-0.21766214,-0.22143437,-0.4967624,0.115120254,0.108846456,-0.26225838,-0.28657192
OAS1_0028,0.11209978,-0.9260509,1.612449,-0.61797786,0.11819953,1.9115533,0.7980848,0.49249506,-0.10162154,-0.053010117,0.5047635,-0.6413992,-0.24564648,-0.26845825,-0.50319195,-0.20841531,0.31135297,-0.0009931915,-0.61481315,-0.19730023,-0.11501017,0.057049293,0.08749589,0.2587976,-0.047816936,-0.23243327,0.86081666,-0.41313365,-0.010256895,-0.18092181,-0.6039106,0.40805694,0.029243777,-0.40745518,-0.40139046,0.02075297,0.29688162,0.2918209,-0.20597123,0.86121833,-0.18423165,0.19276987,-0.005131535,0.12618524,-0.777516,-0.77559954,0.63320035,-0.9060541,-0.39948767,0.27768868,0.4055635,0.29948005,-0.03458539,0.10305218,0.15558839,-0.6430713,0.3479262,-0.34663704,-0.41962406,0.0011355582,-0.073912956,0.12040999,0.23702139,-0.19604667,-0.25441745,-0.0765543,0.5218812,0.0592817,0.15969339,-0.9442324,-0.735574,-0.13715841,0.5060359,0.120753095,0.28435802,0.0062784203,-0.17028078,0.04291089,0.09018531,-0.05040971,0.42542577,0.24237756,0.040997405,0.2032729,-0.29878345,0.0034092006,-0.23811007,-0.24828468,-0.09653224,-0.50121975,0.7266557,-0.36241665,-0.46396217,-0.10163835,-0.11846026,-0.15668927,0.03468547,0.09848922,-0.0037367356,0.1845545,-0.27809092,-0.17613156,0.40817586,0.15868112,-0.13792397,-0.4486175,-0.46096697,0.25805828,0.37300235,0.099802695
OAS1_0029,0.3359228,0.4103222,-0.8423056,-0.74238324,1.2185515,-0.21384957,1.4158032,-0.2932262,-0.3883309,-0.88661325,-0.16831295,-0.7114293,-0.18810353,-0.5201973,-0.07898121,-0.32408628,0.21950124,0.10172872,0.91889435,0.69624007,0.06211084,0.116636164,0.36106968,0.57660073,0.30314732,-0.27064365,-0.5459956,0.5000855,0.5657474,-0.28063837,0.22850333,-0.5248349,0.095985174,0.23299672,-0.9362949,0.3041631,-0.23544441,-0.20347823,0.76558423,0.55321383,-0.5173552,0.108320646,-0.057218052,0.3163413,0.7339751,0.14465418,0.6543,0.43107793,-0.19698732,-0.6257634,-0.4442811,-0.22139166,0.4327158,0.17375448,0.33361912,0.017882906,0.3977201,-0.39266792,-0.40008304,0.085985206,-0.24904765,0.3366336,-0.24837157,0.14985195,0.14714803,-0.13935992,-0.0033031995,0.50667477,-0.73371834,-0.04818519,0.45765597,-0.11273975,0.8262553,-0.13275287,-0.46145338,-0.021755388,0.19608772,-0.44090325,-0.35186183,-0.1899153,0.119895406,-0.06642572,-0.27896303,0.07777353,-0.3044229,0.17826018,0.10557504,-0.14451946,0.38815224,-0.40524665,0.7464878,0.46685976,-0.10544301,0.3609689,-0.13399066,0.17340985,0.023440128,0.17501704,0.32709554,-0.36492223,0.34491098,-0.16525798,0.54195845,0.3344929,0.24309364,-0.22697783,0.3979376,-0.09434003,-0.35456622,0.4246333
OAS1_0030,0.2900428,0.34369934,0.5249997,-0.8342583,0.07289218,0.845341,-0.78174603,1.2101878,-0.67504567,-0.002565305,0.40857694,-0.72290844,0.13598354,-0.4976574,-0.34336665,0.9348946,-0.68570006,-0.08977509,0.42311513,0.99177915,-0.86358786,-0.1771542,-0.13877064,-0.25819084,0.41207498,-0.55435383,0.57290965,-1.1749114,0.49686587,-0.3247645,-0.08902877,0.17126916,0.12546209,0.06500105,-0.6509179,0.5239807,-0.302378,-0.5494026,-1.3440518,0.22348382,-0.22629346,0.27505693,-0.16824995,0.4200679,-0.5351711,0.26201627,-0.21180114,-0.23924433,0.4143875,-0.42019662,0.41945964,0.7979668,-0.36241817,0.40881145,-0.30295923,-0.033041768,0.11927961,-0.50558347,-0.36021185,0.034232464,-0.36042544,0.5731836,0.23797882,-0.13489778,-0.19061764,-0.53931063,0.13225903,0.06587042,-0.11044525,-0.49002934,-0.33284062,-0.09937506,-0.22483638,0.2535468,-0.20043005,0.3815688,-0.7539452,0.02671409,-0.095708504,0.004945845,0.17970064,-0.20200038,0.6150737,-0.16656138,-0.17011067,0.378123,0.05131116,0.43308526,-0.27926877,0.05502108,-0.11470548,-0.068042524,0.28836775,0.70079666,-0.026995433,-0.020160597,0.4062844,-0.19090024,-0.50002253,-0.09569787,0.15332142,-0.08219771,0.1489554,0.12654941,0.0369272,-0.08437311,-0.2691819,0.37303892,0.20660833,-0.32278284
OAS1_0031,-3.3367019,-1.3719248,0.84576035,0.605355,0.4008969,-0.67170024,-0.21339555,-0.8960105,0.82508624,0.7509151,-0.114199184,-0.27449128,0.24460436,-0.15735717,1.3464715,0.734796,-0.056029882,0.5131465,-0.28408805,-0.65730184,0.029077595,0.8603796,-0.29435316,-0.30680504,0.3905132,-0.020482585,0.65425533,0.31616277,0.03270391,-0.44251144,-0.7471861,-0.4486465,0.7615729,0.22915006,-0.06297693,1.0455186,-0.38370964,0.5000868,0.5414462,0.56109023,-0.30565244,-0.38700762,-0.0048343022,-0.10956633,-0.07500501,0.22838965,-0.052016377,-0.8925272,-0.18406667,0.33124116,-0.1734595,-0.14931566,0.50293016,1.1757796,-0.4409513,0.90896463,-0.2597896,-0.35316485,0.1950783,0.48234642,0.74420065,-0.23324715,-0.5161571,-0.0038409305,-0.33801252,-0.029644003,-0.2590675,-0.09706101,0.34837487,-0.3574964,-0.3599677,0.026241897,0.21175162,0.75917804,-0.18848296,0.6693047,-0.3430137,0.016625445,-0.1258301,0.030076893,1.0745605,0.46476656,0.33467406,-0.41516364,-0.10361089,-0.2542452,0.20881175,-0.20105676,0.62596357,0.30827194,-0.5057728,-0.13600342,0.48364758,0.35656238,0.2744506,-0.6686813,0.05585578,0.26792556,-0.07294631,0.12559575,0.04445854,-0.08020375,-0.36856967,-0.08333221,0.7666153,-0.11507766,-0.2372765,-0.2864231,-0.13602673,0.5082631
OAS1_0032,0.11510194,-2.1570413,0.8421172,-0.9747445,0.5141859,-0.79567754,0.20296629,-0.10568728,-0.8556311,0.2437074,0.12589693,1.2133496,-0.077540316,0.55009556,0.06278115,-0.12687822,-0.1847632,-1.1467403,0.075418115,-0.13657615,-0.18829742,-0.5867801,-0.31214705,-0.15762179,-0.14686348,0.47013345,0.17558208,0.5787383,0.5462014,0.64432865,0.16658519,0.43508834,-0.79159606,-0.040274553,0.20976034,0.54249597,0.24861233,0.16966783,0.7950003,-0.13344681,0.32288536,-0.5554251,-0.72036445,0.021916581,-0.80355483,0.07326444,-0.106040835,0.4804801,-0.021289753,-0.36099678,0.34553286,0.14178507,0.5542101,0.08708203,0.5671092,-0.47995397,-0.52398306,-0.67764115,1.0070919,-0.055577554,-0.14341444,0.3768311,-0.6565863,0.08487557,-0.28939706,-0.56043595,-0.043308552,0.048613276,-0.5096008,0.31268927,-0.59379613,-0.00069796067,-0.55001897,0.3829374,-0.051101185,0.42552218,-0.3162849,0.15288354,-0.056007624,0.18768105,-0.22061467,-0.5995119,-0.48133534,-0.100940526,0.12722184,-0.50571346,0.3443045,-0.25511235,-0.39963287,-0.11911683,-0.38751644,0.2066524,-0.020575082,-0.32067397,0.54286736,0.018138578,0.18006925,0.31779888,-0.107602425,-0.15718456,-0.3599998,-0.01340698,0.3092349,0.039314732,0.18981639,-0.30017015,-0.33019227,0.32284546,-0.5746335,-0.27148235
OAS1_0033,1.4734381,-0.97257406,0.81080186,0.51407796,1.5002582,0.367043,0.18746825,0.48016888,-0.35776642,-0.07456523,1.0330461,-0.116030045,-0.2552955,0.34755173,0.5272743,0.111846425,0.7082216,-0.05660613,0.2558279,-0.25205323,0.23736238,0.34988302,0.025773041,0.66589713,-0.31161094,0.36686656,0.10559122,0.14509551,-0.6692026,-0.33543846,0.025721885,0.06642043,-0.18787609,-0.023611842,-0.79903036,0.40113044,0.10843995,-0.30704942,0.18594,-0.10784734,-0.22886004,-0.6651675,1.0100738,-0.19366948,-0.15885608,0.63200635,-0.13271515,-0.6901536,0.05749031,-0.27535668,-0.017313255,-0.56540024,0.6219341,0.17170504,-0.00510362,0.5471324,-0.048285607,0.22697201,-0.5669912,0.16947345,0.34840307,0.46141338,-0.5406755,0.60723114,1.3098137,0.09657786,-0.0752882,-0.50824654,-0.23190539,0.12068144,-0.13201526,-0.27847436,-0.11779212,-0.46381596,-0.15656307,0.041952252,0.061407898,-0.59613097,0.180106,-0.23678155,0.25852454,-0.019186981,-0.08549332,-0.18379559,0.41217166,-0.36944044,0.38853347,-0.15937017,-0.31701544,-0.11735924,-0.291697,-0.22020052,0.25983045,-0.14796562,0.53357476,0.37179345,0.4116494,-0.037747875,0.5241263,0.2694262,-0.3239226,-0.36267173,0.41860157,0.07703276,-0.22552663,-0.4951996,-0.06732971,-0.08453161,-0.39865538,-0.085574746
OAS1_0034,2.5029771,0.270979,0.2888166,-0.75515354,-0.1637735,-1.6071212,0.15145998,-0.18413796,0.2877813,0.20177478,-0.26378745,0.7867608,0.22697945,-0.983671,1.3110054,-0.62027943,0.5144032,0.032039136,0.21799105,0.28180552,-0.4971209,0.19244778,0.6729427,0.44822887,0.37493622,0.20588559,-0.20083417,0.00020122685,-0.08880985,0.19899224,0.18563329,0.15633792,-0.05385749,0.3694289,-1.1562295,-1.0267164,0.39461508,-0.7521708,0.6313982,-0.12106003,-0.17472567,-0.039033193,-0.31713614,-0.14623585,0.47708204,-0.26052532,0.089480445,-0.6580961,0.012098585,0.3619796,-0.6873684,0.1385922,0.32052153,-0.42235366,0.514981,-0.2808963,-0.4671479,0.911615,0.23571287,-0.5267881,-0.24894771,-0.46743646,-0.018018246,0.024550915,0.13690494,-0.5529577,0.4159316,0.22401848,0.38989946,-0.5022286,-0.45244357,-0.1530008,-0.5190191,0.0030569928,-0.047115285,-0.15876481,0.15008159,0.5301035,0.04326717,-0.1563596,-0.6461739,-0.07203783,-0.27132007,0.23914382,0.58298415,0.028384525,-0.06489048,-0.43642342,0.18191633,-0.026465563,-0.05522155,-0.09214952,0.6563984,0.16905163,0.17023832,-0.13510153,-0.11826435,-0.36144727,0.020129658,0.2404664,-0.27083638,0.14591235,-0.080858044,0.03824123,-0.062328316,0.17362167,0.26179832,0.0012331174,0.6981194,0.22063306
OAS1_0035,1.4716125,-0.50161755,2.5393348,-0.7964081,-1.9483534,0.63631785,-0.17478395,-0.9021804,-0.32918897,1.0963081,-1.1692277,-0.83040774,0.42503476,0.049241107,-0.5947507,-0.060899362,0.75418216,0.99609756,0.36197698,0.26285508,-1.0290459,-0.28140974,-0.521922,0.1295689,-0.19512402,0.13790053,0.6085171,-0.19097623,-0.37999216,-0.3553119,-0.88323325,0.21244602,-0.2602362,0.38582593,0.4657467,-0.35027444,-0.97325397,0.2161374,0.4161097,0.046737645,0.29652035,0.17127056,-0.044132832,-0.3257146,0.18095545,0.75473064,1.0226673,0.10202744,-0.07231302,-0.37584707,0.2788081,0.28346986,-1.4326298,-0.57914853,0.4295905,-0.20765306,0.1741269,0.21435371,-0.3761565,-0.16319679,0.09127025,0.08717842,-0.43674114,-0.05037228,-0.08918975,0.22483188,-0.097283006,0.17314257,-0.55219996,-0.092343755,-0.00916755,0.29462898,0.2297735,-0.29410288,0.052845176,0.22466986,-0.085031934,-0.0332156,0.17776355,-0.40942723,-0.83124363,0.308516,-0.64954007,0.014227369,-0.5035724,-0.4347432,-0.014370485,-0.52924466,-0.30647027,0.3410236,0.84909344,0.3938702,0.22105576,0.30465254,-0.28845704,0.17238963,0.68369544,0.09117899,0.26680836,-0.012168712,-0.109736174,0.13141172,-0.48997852,-0.25768283,0.07813679,0.099659674,-0.4633701,-0.3639562,0.5366643,0.1295095
OAS1_0037,0.92604643,1.2105862,-0.2989813,-1.0123817,0.40249795,-1.3046186,-0.5435182,-0.7785338,0.38357106,-0.76208085,-0.32621458,-1.3044524,0.31550062,0.3569949,1.4000254,0.15064411,-0.5970248,-0.12895289,0.3594004,-0.43417102,-0.7598678,0.4626087,-0.14112641,0.6191863,0.28756207,-0.57255566,-0.24159259,0.4216716,0.44721937,0.14576778,0.2055327,-0.30821294,-0.45091242,-0.6960318,0.03665981,0.20941325,-0.47923288,-0.3219366,-0.5047206,-0.010297777,0.27933785,0.43575525,0.34247735,1.0063943,0.1618386,0.67635304,0.40532303,0.20051987,-0.07665474,0.3002856,-0.2209775,-0.052114815,0.07334394,0.3596589,-0.10178176,-0.47492686,0.32874244,-0.15957531,-0.023703586,0.25956306,-0.88322103,0.13667326,-0.6315777,-0.31343672,-0.38770077,0.22193505,-0.62190014,0.46650156,0.48512068,-0.45623773,0.18560745,0.35691237,0.28673494,0.014199398,0.49249873,-0.13318956,0.2607253,-0.5152776,0.012937619,-0.25952744,0.5804226,-0.100580096,0.12604614,0.3847149,-0.9520171,-0.1362396,0.20955661,-0.602764,0.28156742,-0.9540875,-0.117561184,0.16163376,-0.25043324,-0.28078455,-0.18260477,-0.0040620365,-0.07820203,-0.15786873,0.028986359,-0.036453422,-0.020070987,-0.2627225,0.013943833,0.4936488,0.056663074,0.44183746,0.29769185,0.18862417,-0.29695663,0.30554172
OAS1_0038,1.0025544,-1.0220352,-2.0861433,0.44536844,0.27364007,-0.056806333,0.22446856,-0.24099512,-0.2719594,0.27953145,-0.2987084,-0.10022355,0.42435506,-0.7464118,0.87888974,-0.34943467,0.21475048,0.79994416,0.4291075,0.31355917,0.13841368,0.12631519,-0.5850499,-0.50136197,0.42526922,0.17961115,-0.20916437,-0.105681114,-0.2285175,-0.11962251,0.23519629,-0.23876241,-0.97514325,-0.11529527,0.15219451,-0.53672165,-0.25028664,0.19218539,-0.4752356,-0.1756377,0.03716782,0.43788666,-0.09785313,-0.33559158,0.06952377,0.6508472,-0.40434524,0.09566014,-0.55052954,0.3269814,-1.055808,0.29389644,0.07447847,0.18052655,-0.21663919,-0.5073394,-0.03704876,0.5988544,-0.5989778,0.28452507,-0.18224132,-0.60737056,0.14602739,0.17336933,-0.6175202,1.082371,-0.19081049,0.26923892,0.18869944,0.3740216,0.1741514,0.07346553,0.15749985,-0.055594828,-0.60002226,0.48214558,-0.64263517,0.58069116,0.062079728,-0.3767655,0.46099132,-0.2867724,-0.32570702,-0.29146385,0.30250317,0.912812,-0.2347376,0.54837954,0.025624253,-0.4862278,-0.25174406,-0.2557115,-0.22982278,0.24147083,0.12041403,0.08969814,0.018910203,0.2141258,-0.26810247,-0.02534846,-0.36498302,0.016595574,0.3356868,0.25583646,-0.21230112,0.40013,-0.26710975,0.26231015,0.05645988,-0.09322909
OAS1_0039,-1.6403934,-1.311868,0.7798293,1.4819846,1.8474947,-1.4326952,-0.27051157,-0.09210902,0.23903337,1.6673512,0.42517397,0.3824838,0.54359657,-0.35935962,0.9736007,0.8369387,0.29228517,0.37622288,0.8151797,-0.85072476,-0.67562205,0.57587254,0.6390865,0.18882965,0.13202676,0.9433304,0.33712274,0.37133726,0.31071278,-0.060873803,-0.4641652,-0.6054787,0.10802624,-0.023348233,0.46023637,0.17647755,-0.22366402,0.057185363,0.2796996,-0.05317604,0.3096797,0.6240087,-0.5866813,0.16227254,0.36531875,0.07478636,-0.90956426,0.5493385,-0.2651833,0.90241176,-0.2483191,-0.20906426,-0.7523917,0.34709337,-0.071620665,0.3128998,0.16712268,-0.22636044,0.25583556,0.49252415,-0.37161472,0.21983649,0.6931874,-0.03332567,-0.38990718,0.6670941,-0.0005203505,0.062489223,-0.020271834,-0.0400417,-0.12361963,0.2260813,-0.14525878,-0.118086934,0.11498888,-0.21763824,0.55692786,0.31978828,-0.7079903,-0.15862218,0.22371951,0.04039114,0.22279881,-0.14624847,-0.16649525,0.35863808,-0.21985865,-0.0057815025,-0.12475181,-0.6981952,-0.4243668,0.18195128,-0.3828283,-0.2851219,0.019487096,0.44407818,0.47022933,-0.14190322,0.6245545,-0.10411017,0.16497152,0.5064595,-1.0790852,0.25319237,-0.14785834,-0.35638666,-0.46417361,-0.3128516,0.32322586,-0.12822269
OAS1_0040,2.4096053,0.18605109,0.5657571,0.61752945,0.016567595,-1.9018406,-1.2112788,-0.062686436,0.5995126,0.8115374,0.5350796,-0.030839236,0.28647223,-0.0022622177,0.10532239,-0.6808737,0.2710117,-0.7894598,-0.51584864,0.5371391,-0.78695565,0.78604555,0.62900126,0.12576386,0.032026876,-0.335133,-0.19721441,-0.008552972,0.014482876,-0.115312055,-0.515443,-1.2880675,0.15126444,0.6979241,-0.4314344,-0.36631548,-0.034433212,-0.07847597,0.15301342,-0.6078573,-0.3478043,-0.37068295,-0.36553502,0.0752538,0.49958816,-0.13183835,0.9230791,-0.18984823,0.291088,-0.3399835,0.060713947,0.37390524,-0.12133401,-0.113243446,-0.3198958,-0.13584153,-0.695327,0.16958681,0.17372416,-0.24023025,-0.49785528,0.13542898,0.11794449,0.26304427,0.2870925,-0.021691866,0.17204954,-0.54100484,-0.03801446,-0.13430434,0.17821084,0.231401,-0.17251669,0.15038452,0.23378782,-0.1226453,0.33102402,0.1634434,0.264257,-0.080469705,0.6610116,0.017727178,-0.057403304,-0.2947903,-0.059999876,-0.37410346,-0.07261259,-0.22852336,-0.120467335,0.022907672,-0.0058842194,0.153765,-0.114604995,0.059886314,-0.044624023,0.642211,0.01832426,0.64914376,-1.0244853,0.8317798,-0.27751032,0.71260554,-0.026735952,0.23202632,-0.06929759,-0.3257861,-0.3486745,-0.17576675,0.30526808,-0.11329441
OAS1_0041,0.35691297,-1.4231869,0.3378377,-0.61293006,0.70225966,-1.4776783,-0.5437271,0.1519286,-0.2721191,-0.56819445,0.4985219,0.44729444,0.34528375,-0.18355092,0.55729705,0.5460419,-0.6293625,-0.288268,0.50232685,-0.3615442,-0.75339836,0.041398823,-0.53096163,1.4563888,0.11026612,0.15596613,-0.005149123,-0.5768476,0.9903014,0.8883508,0.22075763,-0.1630181,0.09456348,0.6107152,-0.50499874,-0.69298357,0.097240895,0.69060093,0.004743942,-0.90760386,0.30430418,-0.7289192,-0.3297849,0.0024753355,-0.16031988,-0.16041856,-0.19344915,-0.115303144,-0.64794385,-0.040067628,0.03079929,-0.30163822,-0.52636594,0.45571312,-0.04383383,0.020876052,0.17040136,-0.1311372,0.46139595,-0.5696609,0.04500861,-0.3632187,-0.024280531,-0.14188436,0.45950204,0.025705034,0.21855435,-0.19379728,0.02425705,-0.10976888,-0.017317694,-0.9222784,0.19671434,-0.31855193,0.5455197,0.046063133,0.043308012,0.6979179,0.10657233,-0.12776358,0.50262547,-0.14230655,-0.27740157,0.73500085,0.29428715,-0.3893656,0.56137973,-0.14147002,0.42849973,-0.13991667,-0.5475487,-0.354694,0.456553,-0.029019244,0.058237646,0.41560653,0.34695673,0.05918357,0.2605979,0.13909376,-0.30022088,0.074289404,-0.14413051,-0.069367304,-0.18332492,-0.18528202,0.11426269,-0.6190119,0.55028796,-0.071876384
OAS1_0042,-1.0234754,0.29268873,1.342797,-1.1913959,0.11929969,0.7679826,1.3338146,0.516026,0.0355814,0.28559163,-0.031983003,-0.8796444,-0.20935552,0.75484693,0.033410273,0.25083,-0.48661825,-0.33907732,-0.070870884,0.06693413,-0.84544104,-0.3411984,-0.19551712,0.07975682,-0.25959742,-0.110591285,-0.21281065,-1.1668293,-0.23486952,0.14242405,-0.78568786,-0.11262385,0.2367539,-1.2196412,-0.0021451188,-1.6541914,-0.2729195,0.6506016,0.34074602,0.30436626,0.31288463,-0.13490523,0.1764918,0.16811326,-0.0346118,-0.18062608,-0.4983336,0.5170021,0.550099,0.33768705,-0.03190265,0.85274655,0.13218218,0.3783554,0.1311917,0.2747978,-0.03588478,-0.7456192,-0.25142908,-0.3623146,0.09805991,0.074838236,-0.11387035,0.77947974,-0.11888411,0.11408369,0.3801308,0.3778447,-0.5929252,0.743009,0.12498195,-0.057290718,0.4779076,-0.22612938,-0.2965815,-0.24740265,0.8965336,0.6437615,0.050443936,0.6800362,-0.3972214,-0.13470273,-0.6849665,0.030466774,0.15594243,0.2606405,0.061539296,0.5349626,0.19035126,0.089538395,-0.15933584,0.059967957,0.041764595,-1.0781797,-0.31726632,-0.24823457,-0.23312224,-0.06863663,0.08975499,0.29362833,-0.24108009,0.1617678,0.0068201553,-0.26829487,0.07766611,0.41152248,-0.598699,0.49376762,0.060413506,-0.29008922
OAS1_0043,-0.20949823,1.4488052,-0.38414904,-0.35466173,1.1034815,-0.16537838,0.70665574,0.03363972,-0.03263279,-0.90873355,-0.35767317,-0.12810914,0.3688465,-0.40146187,-0.671249,-0.25746486,0.6515752,0.3627108,0.44252983,-0.54429877,0.25194302,0.60526145,0.46186668,-0.66743654,-0.4572486,-0.26435262,0.025191272,-0.51203907,0.03286412,-0.4790585,-0.20150742,-0.34596562,-0.5030296,0.1346936,0.23013309,0.016789129,0.057421923,-0.9107142,-0.02927238,0.3744941,-0.050263103,-0.66931766,-0.12251968,0.25774834,-0.3899415,-0.30311388,-0.15415715,-0.45422974,0.4026883,0.30126494,0.4524906,-0.44590008,-0.042197004,-0.3815018,1.1681659,0.73359805,-0.1884264,-0.085630424,0.30291617,-0.44793367,-0.5205886,0.38872644,-0.0951774,-0.6677824,-0.004863107,-0.45450303,-0.58161753,-0.084327035,0.1133749,0.026927745,0.45108306,0.29397273,0.018504018,0.06930088,0.38959372,0.17342237,-0.036346827,0.06912422,0.22091372,0.48242965,0.03258757,-0.1275359,0.10052558,0.044859372,0.6332346,0.31465718,-0.020797407,0.44906253,-0.15120478,0.29536942,0.17634791,0.05674613,-0.05582096,-0.06498035,-0.23675908,0.18272485,-0.5190144,-0.098827966,0.13763477,-0.13881132,-0.04690528,0.06705168,-0.41496018,0.3183497,0.017637182,-0.32331493,-0.28812397,0.0029548937,0.016260354,0.47020692
OAS1_0044,0.5153846,1.9388251,-0.05886276,-0.28657246,-0.031797674,0.42380938,-0.49922276,-0.44683018,0.42990762,-0.21835838,0.39631206,-0.41652504,-0.2651257,-0.5406948,0.2914361,-0.14520137,0.05976335,-0.33825588,-0.08469309,0.5592831,0.40816963,0.1905572,-1.2138348,0.4820305,-0.80726737,-0.4538542,0.3151122,-0.43177104,-0.3707898,-0.46803895,0.3737731,0.3868647,-0.05496863,0.15499286,0.17497037,0.2065161,-0.20822702,-0.31283906,-0.5423204,0.7569673,-0.400014,0.29414994,0.5306274,0.13684985,0.16817664,-0.4356178,-0.8189772,0.58992046,-0.04221154,-0.038180873,-0.03522797,0.3518111,0.19334105,0.062279005,-0.1580979,-0.3670697,-0.07561154,0.0070813107,-0.46353617,0.52991104,-0.7368569,-0.5437768,0.10245374,0.3019009,-0.29270002,0.32913277,-0.4704381,-0.03351931,0.46965212,0.31001097,-0.2304098,-0.57205445,0.017387038,0.6284528,0.3591391,0.40965164,-0.3196167,0.5126744,-0.075479046,0.14029944,-0.9701123,0.072753035,-0.24132931,0.031289887,0.22699966,-0.48716864,0.021726454,-0.7897765,0.15527001,-0.06547529,0.044077262,-0.36562985,0.5882305,-0.3744228,-0.60765487,0.42519465,0.12202012,0.25760472,0.099288814,-0.1533311,0.06029973,0.3534158,-0.35078683,-0.7431437,-0.4883219,0.14355348,0.6913804,-0.49746454,0.7269535,0.5872064
OAS1_0045,0.80040896,1.0049816,-0.34207556,0.19606596,2.001446,-0.30292228,1.2168059,0.78420234,-0.023565562,-0.73968065,0.8106504,0.4608415,-0.5307154,-0.1724747,0.13599207,-0.15964529,0.5047167,0.1318407,-0.54685074,0.04807858,1.1141058,-0.4736683,0.08878921,0.028048461,-1.3428024,-0.21789834,-0.22497822,-0.18542096,0.14615646,0.39778134,0.30129683,0.2862847,0.23068516,0.17936373,-0.013496533,0.14246903,-0.23132606,-0.6603656,0.46306375,0.2746087,-0.05433505,-0.007385977,0.6516246,0.17246516,0.32818586,-0.5972497,-0.37670776,-0.08970456,-0.13992752,-0.30707029,0.45831603,-0.2074574,-0.76226896,0.31798664,-0.3284199,-0.06082419,0.50651926,0.2792343,0.25345242,-0.093320936,-0.18508114,0.045677874,-0.1245983,-0.3660328,0.16515979,-0.34048963,0.0125625795,-0.74406326,-0.2552576,0.092126824,0.37597013,-0.59427756,0.6527301,0.13237333,-1.0862446,0.009747224,-0.09400067,0.08837157,0.7421408,-0.5280643,0.06897644,0.564659,0.08692859,0.031956628,-0.58660644,-0.10044213,-0.63334453,-0.47385886,0.33759728,-0.18176463,-0.38353372,-0.12685478,-0.15193547,-0.12918259,0.1188478,-0.45619345,-0.16522205,0.35029817,0.047035255,0.31036982,0.37671092,0.46219432,0.068350285,0.39036906,0.41821596,0.20958471,0.46956915,-0.0070168753,-0.11923942,0.7602167
OAS1_0046,1.554816,0.17687312,1.8514224,-1.0868998,0.38915345,-0.5199035,-0.15123145,0.18070072,0.03385047,-0.38564023,0.31934252,-0.17700699,0.252313,0.36309922,1.1504682,0.47435582,0.33966413,0.5439857,-0.27489394,0.039703563,-0.40076953,-1.0421917,0.074374616,0.038510382,0.60114485,0.53170866,0.34614274,0.016865758,0.23787363,-0.18101877,0.08008817,0.3792934,-1.2866372,-0.3312447,0.3445297,0.33683208,0.12656532,0.059813254,0.056488648,-0.119327635,0.39092803,0.49227467,0.13923526,-0.085957564,0.8008991,-0.32270816,0.25372848,0.16777575,-0.08838409,0.160396,0.13114122,0.19530201,-0.26679173,0.26099622,-0.34774092,0.19443133,0.11587744,0.3659607,0.022745026,-0.088773385,0.0946362,0.035703156,-0.55380857,0.46124855,-0.04963729,0.27443594,0.013703399,-0.51314324,-0.029069988,0.27471215,0.17307447,0.24839255,0.24518639,-0.15203598,-0.79245734,0.3918672,0.08618717,-0.2549364,0.14838353,0.6906708,-0.08699818,-0.013158317,-0.48526216,-0.5161685,0.16037048,-0.72365946,0.04308937,-0.15216982,-0.079116285,-0.016047565,-0.045387443,0.045463424,0.57741237,0.90598035,0.099300355,0.26852083,-0.71536976,0.7588788,0.60583586,-0.05280199,0.03141878,0.045290496,-0.26248303,0.11901341,-0.3080575,-0.08275381,0.08655008,-0.12116941,-0.14718483,0.16471528
OAS1_0047,-0.45479113,1.2153505,0.69606507,0.4343857,0.48843014,1.0887713,-0.43744805,0.07013529,-0.37007907,0.19504529,-0.24302904,0.73469174,-0.15753667,-0.35235882,0.7175435,-0.8124,-0.48566437,-0.41513208,-0.27728435,-0.21011479,0.74010015,-1.1487647,-0.31179714,0.67291737,0.50359577,-1.0045832,0.2029564,0.86799634,-0.66344327,-0.04524462,-0.4701874,-0.32742646,-0.08248141,-0.7503087,-0.99937475,-0.026911968,0.58994645,-0.033268597,-0.2420271,0.0123767685,-0.8610279,0.8616159,-0.085899696,0.23579206,-0.7864889,-0.916384,-0.14630787,-0.29137114,0.47506794,-0.6769724,0.3196496,-0.56387615,-0.9439063,-0.7025412,0.0265106,-0.1573411,-0.17419626,-0.057529736,-0.69028664,-0.07223469,0.1506082,-0.038523827,-0.4032201,-0.4103099,0.48606983,0.05667375,-0.14154781,0.47513986,0.027804375,-0.5618842,-0.5243298,-0.3053708,-0.20027563,0.07709876,0.12126989,0.10086171,0.189786,-0.7618871,0.37502146,0.058823362,-0.26944208,-0.4103221,0.13249901,0.5931425,-0.32594776,0.36969754,0.49915913,-0.10430596,-0.60342985,-0.33414343,0.35769662,0.26615056,0.18255523,0.13808411,0.3388718,0.031209486,-0.21140438,-0.5067378,-0.08349954,-0.6572183,0.08946104,0.13488327,0.34415582,0.5805929,-0.14601819,-0.3733645,0.0999541,0.030480312,-0.6364534,-0.12707283
OAS1_0049,2.090701,-0.3681174,-0.50349545,1.0610627,-0.14176007,-1.1310842,-0.3970801,0.13233626,1.1384712,-0.65291595,0.23967808,-0.00022870809,0.90736276,-1.3655547,-0.5121394,0.26094824,0.11846247,-0.026217993,-0.4280206,-0.2775035,0.15379868,-0.38084647,0.7374767,0.119450755,-0.24968113,-0.5522837,0.5077453,-0.6856805,-0.30355257,0.77171767,-0.13428478,0.76105666,0.53753227,0.34133598,0.08598967,0.40060827,0.01231045,0.51746714,0.09899345,-0.38493228,-0.13240302,-0.34244815,-0.13373351,0.5084289,-0.17500523,-0.29422173,0.39527225,0.6025992,0.23313686,-0.6619265,-0.23569947,-0.75592285,-0.33355728,-0.8128419,-0.16404505,0.24656537,-0.28222027,-0.34319782,0.17388384,-0.3117718,0.34491614,-0.22487798,0.32056174,0.25282213,0.14127737,-0.025031872,0.3603886,0.032425307,0.13360605,-0.7787858,0.020774925,0.04738525,0.4012409,-0.3711511,-0.13673422,0.07056076,-0.13947132,-0.37955195,-0.17051272,0.3214053,0.07872324,-0.54082507,-0.38770247,0.038757175,0.06690853,-0.71666735,0.2468347,0.6328577,0.20814367,-0.090099536,0.42710894,-0.11651168,0.07622286,-0.20561044,0.62981945,-0.020002073,-0.066858865,-0.13906407,0.07817948,0.17071344,-0.15076411,0.037865978,0.3634158,-0.5381693,-0.2905837,-0.046418756,-0.15616998,0.27267033,0.16237934,-0.25120533
OAS1_0050,-0.27594733,1.3777071,-0.72692007,0.8571266,0.09927847,0.88521415,-0.28175616,0.6322606,-0.13723807,0.25924644,-0.09775107,0.36765772,-0.263306,0.01761982,0.43395495,-1.1318676,0.28700218,-0.4058095,0.3683583,-0.07858997,0.87494427,0.109776475,-0.19049025,0.88022476,-0.0213303,-0.15608498,0.6153731,-0.6797543,-0.41430506,0.6664457,0.89872676,0.0013412887,0.19306915,-0.007721226,0.09955473,-0.39299798,-0.6419285,0.6819313,-0.36137214,0.43993396,-0.093455516,-0.6758931,0.2743373,-0.9870317,-0.7469067,-0.08197449,-0.031074245,0.20448884,0.3805367,-0.44519138,0.49437037,-0.30810988,-0.7636277,0.3265089,-0.6445118,-0.20105186,-0.62281615,0.17249972,0.4504132,-0.29465634,0.16701946,0.055271074,0.12239154,0.18531035,0.11366434,0.11940796,-0.38923383,-0.41128212,0.19827263,-0.037916243,-0.16814515,-0.09763381,-0.010265318,1.0296812,-0.47556025,-0.3298884,-0.40985516,0.33218232,-0.14224145,0.34595752,-0.29048237,0.13627571,-0.48487788,-0.39156994,0.31667447,-0.23040283,-0.39472204,0.10436901,-0.56233,-0.5386098,0.043237217,-0.09071784,-0.053495895,0.21047357,-0.042635597,-0.06409972,-0.013810623,0.069558024,0.33965972,0.2966897,0.2467124,-0.69459873,-0.14264257,0.30834657,-0.3140634,0.52798665,0.20139,0.06206866,0.08950466,0.3939364
OAS1_0051,0.3385954,-0.5627824,-0.79723966,-0.916484,-0.063573994,0.0129400585,-0.035903674,0.86966825,-0.37745723,-0.4645937,-0.8163356,-0.26208374,0.4661236,-0.07439135,-0.49104902,0.5849949,0.6526796,0.23705594,0.30426306,-0.23840983,-0.67664236,-0.74909246,-0.25849783,-0.08874558,1.069546,-0.7618193,-0.44066575,-0.08675114,0.2723511,-0.5731131,-0.034720942,-0.13878456,-0.3640886,0.73804104,-0.035150852,0.5551557,-0.29624546,-0.55340207,0.077976316,0.54798275,-0.062379364,0.32072866,1.0195371,0.076588094,-0.038007207,0.41961434,0.77223694,0.18690959,-0.048904903,-0.07316161,0.25552344,-0.25144738,-0.040296704,0.39034852,-0.59228975,0.21305996,0.2465634,-0.904166,-0.08285479,-0.050887007,-0.045219064,-0.73693895,-0.46732005,-0.33767965,0.056985743,-0.48479235,-0.70446736,-0.3641974,0.13138044,-0.6863131,0.119974904,-0.0068979855,0.07009288,0.008924472,-0.40605327,0.3544704,0.24854472,0.19768487,0.6643136,0.16737217,-0.10723718,-0.04769072,-0.12784761,0.046909783,0.48881763,0.11657883,-0.3879975,0.07773319,-0.3379205,0.17932366,0.34939155,0.13834447,-0.13421,0.022267824,-0.016665908,0.9078147,0.46447006,-0.5687705,0.17930247,0.4753817,0.18154305,0.41347465,-0.16105442,-0.023163809,0.3203081,-0.03241653,0.5309922,0.4672496,0.3029967,0.6544467
OAS1_0052,-0.10044366,-1.23145,0.49727294,-1.0944403,0.23246329,0.61539733,0.026722813,0.6974816,-0.71193695,0.17194286,0.2718129,0.86461794,-0.7446148,0.48404244,0.7414975,-0.762139,-0.46651626,0.42920884,-0.4882961,-0.25477558,0.73307025,-0.47654086,0.8827855,0.069507584,0.01072217,-0.44630775,-0.21085571,0.08301429,0.44981128,-0.75767124,0.93742335,0.09134744,0.40672523,0.5648816,-0.45782137,-0.20770812,0.24992202,0.04108055,0.20052263,-0.19993418,0.6247681,-0.16423073,-0.23022448,-0.39316234,0.35540268,0.50011116,0.4716121,0.30431393,-0.04147656,-0.6874622,-0.2338264,0.36760968,0.74426293,0.7304597,0.59778786,0.14669792,0.18447107,0.46662268,-0.095599465,0.028746583,-0.19191232,-0.5426454,0.15977934,0.41326073,0.19236785,0.30197242,-0.31762615,-0.023034927,0.28642294,0.2321189,-0.2258449,-0.3280676,0.4066128,0.6528712,-0.26345077,0.08831154,0.20085542,0.31730694,0.28847528,0.6244426,0.3318784,0.55125076,0.38299128,0.04750819,-0.87231946,-0.002511962,0.14594527,0.4445344,0.6609192,-0.16797067,0.52702224,0.37910172,-0.053086985,-0.29932997,-0.32502115,0.1442595,-0.39859727,-0.15776058,0.08334027,-0.12580231,-0.31227255,0.5521247,0.33297178,0.2567646,0.49761543,-0.3256961,0.27050048,-0.035273723,0.34486127,-0.11662006
OAS1_0053,0.68344164,-1.0966891,0.8644482,-0.86479735,-0.008388994,0.88140583,-0.6785941,-0.23951474,0.36716896,-1.2392622,-0.19936317,-0.6463151,0.0063868007,-0.5760887,0.261665,0.25038505,0.22305606,-0.6200449,0.93201226,-0.23320265,-0.13921285,-0.42346746,-0.086826846,-0.19763453,-0.13294262,1.0481371,0.42633745,0.33494267,-0.92430305,0.0719177,-0.11846095,-0.09089182,-0.18972929,0.2234192,0.7770256,-0.37887684,0.10923057,-0.25260085,0.23826855,0.4332086,0.040196,0.3719857,-0.7133464,0.31155688,-0.7525682,0.35386002,0.57248867,0.48690617,-0.080238074,0.2829637,0.3194257,0.28247428,0.22980683,0.5708634,-0.2675031,0.38467297,0.2978521,-0.46608165,-0.5151467,-0.35265288,0.076943815,0.52806604,-0.60573417,-0.110637344,0.20945305,-0.0026549723,0.27650493,-0.38620493,0.7128508,0.08498764,0.38671395,0.18045746,0.02692503,0.18872364,-0.29637975,-0.12011428,0.09593511,0.4261629,-0.42650932,-0.9313103,-0.20504172,-0.03458826,0.1181114,-0.053612124,0.27249223,0.23674981,0.35921827,0.027792314,0.11510447,-0.31950086,0.30335152,-0.026959954,-0.23394865,-0.08963009,0.40607598,0.25492042,-0.16498838,-0.06594401,-0.22914205,0.39925864,0.23579457,-0.13328473,-0.6459519,0.18666114,-0.23489861,0.055339623,0.36675265,0.4217847,0.337459,0.036460016
OAS1_0054,-2.1089635,0.08211996,-2.0454898,0.18968387,-0.113068596,0.34622318,-0.6764714,-0.97849566,-0.58156615,0.4017188,-0.030827368,-0.5136315,0.7810417,-0.3625926,0.0623267,-1.1726066,0.43786496,0.5954498,-0.53887635,-0.081695415,-1.0608997,-0.75723034,-0.028237777,0.44090256,0.41424495,-0.5096328,0.17929575,-0.31843898,0.48618096,-0.49631974,-0.37190413,0.32126108,-0.07019572,0.6511151,-0.40545884,0.16838679,0.050303143,-0.116295084,1.094185,-0.6496718,-0.07948971,-0.19311996,-0.17509572,-0.06970505,-0.4983557,-0.029235177,-0.42304263,0.4903706,0.55000025,0.5754335,0.010172983,-0.51154417,-0.021810789,-0.16322148,-0.61255795,0.00805244,0.12802362,-0.28067645,0.4900475,0.083519794,-0.31147254,0.5017215,0.091769606,0.38830572,0.22997391,-0.05122168,0.39530325,-0.098345324,-0.62308764,0.16523597,-0.046149712,0.31237063,-0.22499233,-0.40784326,0.13807167,0.4007225,-0.011334259,0.0033806285,-0.18903817,-0.5630987,-0.24056703,-0.35389578,-0.14174536,-0.25984773,0.10464865,0.3886732,0.095075004,0.12044354,-0.354463,-0.03626632,-0.28010422,-0.1276761,-0.7663958,0.31353763,-0.21991561,-0.035426874,-0.034875326,0.324966,-0.011027988,-0.3515231,-0.5258668,0.14044684,0.08214187,-0.24081647,-0.014159518,0.18715058,-0.3222258,0.0852953,0.15279396,-0.011385096
OAS1_0055,1.1897818,-0.068544425,-1.5498137,1.0011823,-1.6248,0.45788682,0.67868096,-0.24493374,0.80272317,-0.015755009,0.8500141,-1.1520075,0.41623622,-0.18739097,0.09571555,0.6187766,-0.7972054,0.55417633,-0.7400884,0.5733951,0.3401942,0.044373,0.13502182,0.33658686,-0.77603155,-0.47412118,-0.8269143,-0.5410352,0.8872115,-0.45239848,-0.16504563,-0.08064725,-1.2206416,-0.24809888,-0.22510181,0.7855906,-0.35261354,1.0132108,0.9358508,-0.5101078,0.13070501,-0.014428265,-0.17639905,-0.0649617,0.7174588,0.32603225,-0.41651896,0.1250989,-0.7022418,0.22135976,-0.54794645,-0.50437015,-0.61333174,0.0063149766,0.46474662,-0.37479705,0.4269623,0.23084503,-0.49819177,0.5103,-0.690713,0.12263218,-0.068493344,0.0036139623,0.37335703,0.35412005,-0.058368683,-0.59809434,-0.4833456,-0.3517821,-0.27494523,-0.028743012,-0.23331659,0.38338754,-0.29612303,-0.10850912,-0.84138,0.46003202,-0.0050375992,-0.17495386,0.022344831,0.16540307,-0.6316632,0.52801174,-0.2993958,0.056007337,0.05259937,0.4532252,-0.4942837,0.37250224,-0.1067633,0.10960793,0.23933552,-0.45457006,0.23401508,-0.5070904,0.24323867,-0.41514537,0.24711941,-0.25536972,-0.04548532,8.242033e-05,0.15655527,0.04704562,0.5571011,0.13448589,-0.311672,-0.050047297,-0.44678435,0.09407512
OAS1_0056,0.035497807,-0.41623977,0.673437,0.8488333,0.12995702,2.341394,-0.18620647,1.0241053,-0.069738194,0.3390206,0.0801003,-0.12708516,-0.0044825105,0.21282806,-0.97900677,0.04843423,0.0300011,-0.09507311,-0.01308076,-0.992012,0.2030551,0.3091553,0.8649289,-0.5337131,0.09452532,0.5269742,-0.53572196,0.11360849,-0.12712657,0.35977337,0.1118385,0.23807903,0.84112465,0.37233147,0.56081927,-0.9178183,0.44075808,0.37444568,-0.4443999,0.6305307,0.5965283,-0.49286816,0.061877277,0.11506202,-0.07104675,-0.14583951,-0.5102979,0.571256,-0.43630624,-0.014860027,-0.28599524,0.5297235,0.119866505,0.21962327,0.6541268,0.59398806,-0.35332283,-0.1801497,-0.39377078,0.38145828,-0.26471123,-0.3537169,-1.1707147,0.105809145,0.12942426,0.20917057,0.056059267,0.4046135,-0.35486174,-0.17983778,-0.019047534,-0.033953167,0.17377125,-0.048448518,-0.42053112,-0.009752663,-0.21110193,0.3994103,0.69046533,-0.54407626,0.19810602,0.17797665,0.31722942,-0.83103174,-0.26987076,0.29580656,0.79861844,-0.0701544,-0.4843263,0.17758337,0.27609876,0.15341263,0.09323736,-0.33786872,-0.10511991,0.07011838,-0.014474024,0.023625247,-0.23217034,0.20245145,-0.26887107,0.17249261,0.20956063,0.27602294,-0.12461167,0.09191895,0.19939545,0.08579712,-0.21253063,0.38579375
OAS1_0057,0.777065,0.48231962,-1.5185008,1.2858034,1.0277382,0.064604,-0.368954,0.17730223,-0.12345318,-0.33936998,0.5243933,-0.30103105,-0.85068536,-0.32089272,0.7050424,-0.7801007,-0.62339485,-0.47683227,-0.40972206,-0.22912687,-0.054637227,0.07986447,-0.68306935,-0.09018774,0.12822518,-0.4340606,-0.09561219,0.3348336,0.72314894,0.038784962,0.9345336,0.103166014,-0.0012163401,0.13353118,0.122701526,0.05279003,-0.28827137,0.5259969,-0.46313882,-0.28205615,0.42060453,-0.043594956,-0.27600762,-0.051054593,-0.2219962,0.0540528,-0.17389493,0.10055061,-0.06399425,0.61846006,0.094177924,0.068201,-0.55576056,-0.9445753,0.46812144,-0.24066055,0.39037487,-0.46494043,0.6836043,-0.38894808,0.5490613,-0.28893986,-0.7260173,0.3703967,-0.18682559,0.16689472,-0.19785443,-0.22013414,0.12776396,-0.02039004,0.06524368,0.22671536,0.4286219,0.060152836,0.1269633,-0.29483482,-0.21705784,-0.1306357,0.4953622,0.59139556,-0.018391531,0.06211813,0.07471025,-0.1547059,0.0947932,-0.13972524,-0.1037854,0.11048282,0.1845173,0.22270837,-0.07897573,0.15388764,0.07449024,-0.39750603,-0.56211907,0.1868508,0.47093603,-0.17017074,-0.12631418,-0.18469255,0.16706291,0.18257114,-0.37417334,-0.014875852,-0.19705155,-0.31813887,-0.6243551,-0.01832546,-0.21178485,0.33955103
OAS1_0058,0.91382766,-1.1267487,-0.9936833,-0.71619695,0.37830353,-0.31849545,-0.007703282,0.18557923,-0.59328365,-0.19935341,-0.9423274,0.8679031,-0.2579697,0.2953878,-0.6915717,0.62612975,1.3334043,0.45719087,-0.1058174,-0.40546384,0.2970553,-0.09983991,-0.23229335,0.4667957,0.5764377,-0.24559411,0.2605601,0.10731914,-0.005389491,-0.28769618,0.7452471,-0.019485865,-0.4095301,0.031807438,0.077992685,-0.26383084,0.10014259,-0.014789336,-0.033642408,-0.3716778,0.3836213,-0.33159688,0.040447418,-0.51957244,-0.18283387,-0.25797474,9.8835706e-05,-0.15786713,0.3744675,-0.71751714,-0.18088287,0.051904336,-0.9279004,1.0429468,0.074712075,-0.32314792,-0.57554704,-0.017163115,-0.23658371,0.2267144,0.21346828,-0.6512494,0.7868083,-0.6252908,0.4264384,-0.09512389,0.09114243,-0.24117385,0.31152168,-0.12593539,-0.3334499,0.29676303,0.5075367,0.2496415,0.2541042,0.07442037,-0.32409155,-0.5320167,0.1876806,0.33912888,0.11214519,0.16457008,0.42738244,-0.29620895,0.23718339,-0.17701213,-0.34293184,-0.15810703,0.076433115,0.58710325,-0.1335698,-0.3340629,0.21202306,-0.15553643,-0.073225416,-0.11540454,0.3932907,-0.1188673,0.21295726,-0.4634863,0.13525037,-0.45060304,-0.39549235,0.2237222,0.12435017,-0.06706411,0.21724619,-0.3020803,-0.007436852,0.017023034
OAS1_0059,0.15325665,0.12637745,-1.7186671,0.5877937,0.5611003,0.83253855,-0.39232364,0.3501581,-0.33039618,0.131765,0.10824388,0.5159992,-0.039423626,-0.88275313,0.6371221,-0.8023703,0.014344335,-0.56505585,0.95949614,0.74236906,-0.3078658,-0.07904624,-0.17835723,0.008577603,0.32082877,-0.24791187,-0.07285179,0.06956454,-0.24759817,-0.35049865,-0.2854309,-0.3770689,0.41163293,-0.5278941,0.12792857,0.18332183,-0.4173896,0.35369763,0.3667879,0.32510012,0.012867236,-0.34145322,-0.017141717,0.7806078,0.23496401,0.52675426,-0.300205,-0.32686877,0.13414235,0.019879162,0.33359933,0.09789195,0.19259703,0.61006254,0.13602963,-0.30158007,-0.23330358,-1.0720949,0.06618722,-0.45124868,-0.20462313,-0.47130904,0.45158538,-0.25684655,-0.40088078,-0.022406975,-0.25594795,0.29244286,0.08329894,-0.19265415,0.09939836,0.10457732,0.1842969,-0.19834927,-0.5001839,0.06979047,-0.7703472,-0.12753367,0.32431757,-0.28134894,-0.16785546,0.08624539,0.20880446,-0.28449884,-0.10128726,-0.7311228,0.28135467,-0.14150488,0.019287618,0.34446648,0.07834929,-0.14889823,0.32691693,0.23031951,0.13918023,-0.57884306,0.14763701,0.01705973,-0.48331705,-0.30573383,-0.5877096,0.6489922,0.0019658215,-0.5454806,-0.32299975,0.24202527,0.14219944,-0.2044381,0.025992924,0.028693987
OAS1_0060,-2.9509783,0.3668411,0.26672652,0.50246096,-0.23292255,-0.7776763,0.4154789,0.06949772,1.3208251,0.24012032,0.64910454,0.65856636,-0.17169319,0.42316285,0.57655096,0.5497647,-0.73383796,-0.32919395,-0.67548895,1.0331256,-0.30274612,-0.7692681,-1.3708388,0.30731258,0.18850613,0.46949995,0.8039139,1.1639915,0.40321386,-1.0053802,-0.08255229,-0.92133945,-0.31770352,0.34751764,0.4458187,0.24030156,-0.61642605,-0.19030999,0.01793557,0.43937957,0.36259118,-0.017893286,0.72013146,-0.20321085,0.098239176,-0.34777638,-0.35257453,0.20462264,0.14727503,0.035957377,0.8272238,-0.31516463,0.17295876,0.24509773,-0.2574001,0.13695213,0.50751704,-0.4773171,0.27514857,0.4722819,0.19268805,-0.52838624,0.21680607,0.11948934,0.46165115,-0.1956946,0.28357944,-0.19494389,0.25523314,0.24871792,0.12475775,0.45724738,0.02527391,0.009568265,-0.0370579,-0.26822123,0.35607025,-0.24674352,-0.25273773,0.31692448,-0.24056743,-0.4439544,0.45360216,0.09569487,-0.24412756,0.30219,-0.10025891,-0.40518698,-0.29787657,0.10705247,0.43703628,0.2573972,0.078074336,0.20875087,0.40827814,0.32583442,0.15659775,-0.06906495,-0.024216957,-0.0020428067,-0.2001736,-0.25404897,0.34481913,0.33118376,0.10148402,0.71518004,0.22425377,0.124483556,0.3660719,-0.16282979
OAS1_0061,1.7524195,-0.16618654,0.39526784,-0.71519935,0.38955367,-0.68823993,1.1166377,-0.2604903,0.29141262,-0.6866328,0.25694373,0.28738678,0.28859648,1.9277694,-0.18443325,-0.13669263,-0.7054177,-0.7124802,-0.8701629,0.51651716,-0.056561936,-0.10004669,-0.2270866,-1.38428,-0.1390534,0.79428965,0.5495462,-0.30016792,0.40359223,0.15267108,-0.6998458,-0.49463013,0.32826075,-0.08262796,-0.073469944,0.4131977,0.46477997,-0.30043447,0.47001073,-0.44910622,-0.52919185,0.26115072,-0.39210996,-0.290325,0.19288573,0.21020907,0.25915506,-0.076378174,0.30399862,0.11737347,-0.5371802,0.51543397,-0.116719805,-0.037109517,0.18760997,0.4875259,0.2309336,-0.29234865,0.40697616,0.4398121,0.27605125,0.009963547,-0.19464087,0.64474213,-0.110096246,0.24598828,-0.22340722,0.55123675,-0.25771436,-0.47136593,0.20989998,-0.20451014,0.06795332,0.22957465,-0.21642523,-0.24030149,-0.37136388,-0.1149096,-0.499567,-0.019674538,-0.18590225,0.002731605,-0.20786971,0.088815525,-0.38687584,0.27400652,0.5599804,-0.011773928,-0.15086152,-0.043582752,0.506514,-0.020960487,-0.11212727,-0.08492105,-0.221492,0.12670042,-0.3966459,0.16517231,0.16739443,-0.020623228,-0.22977094,-0.24945861,-0.11349268,0.18110356,0.11976008,-0.07630723,0.50681484,0.11014261,0.3143601,0.39515394
OAS1_0062,-1.2819898,0.30153698,-0.15343413,1.2824188,-0.310565,0.51524013,-0.13882375,0.38143882,0.3262374,0.3163846,-1.628128,0.45848793,0.98457706,0.29072663,0.6884346,0.23405848,-0.8613096,-1.1556623,0.22454429,-0.8447467,0.13266383,-0.67126733,-0.15194634,0.23747666,0.28175044,0.39967716,0.4514584,0.85139495,0.11364033,-0.67135525,-0.7513082,-0.4357804,0.73775125,-0.51470995,0.095056266,0.00020655335,-0.090592586,-0.040616438,-0.22117463,0.6258869,0.31322247,-0.9294538,-0.38312808,-0.24175341,-0.4584969,0.6726198,0.1355389,-0.22547452,0.056469887,0.026452731,0.33274204,-0.38107753,0.018180223,-0.15823703,-0.100088336,0.12549397,-0.17314619,-0.26667556,-0.32305476,0.10919059,-0.638379,-0.379686,0.690778,-0.8069986,-0.09767358,0.1449893,-0.11593862,-0.14878196,0.018158589,-0.16903731,-0.10992006,0.024266878,-0.62569684,0.18294576,0.07190365,-0.40391126,-0.78395957,-0.16930117,0.31125423,0.5067278,0.41515762,0.075064585,0.06327206,0.20637159,-0.34177586,-0.27359387,0.17472963,0.161595,-0.17956327,-0.46781242,-0.19423646,0.09757854,-0.32392925,-0.51808494,-0.24170762,0.55719584,0.147823,-0.10354955,0.34685647,-0.3263444,-0.06523075,0.15190105,-0.9502767,0.19963896,0.36418104,0.029374497,-0.06612192,-0.4853006,0.14832541,0.05221937
OAS1_0063,0.083523214,0.5494088,0.03185519,0.06944506,1.138908,0.054430634,0.60103977,-0.27011776,-0.12415311,-0.08061491,0.4432696,0.9218957,-0.499272,-0.08021388,-0.29808444,-0.8671555,-0.5896338,-0.21527772,-0.10454478,0.09531461,0.48077446,-0.3932472,0.53521574,-0.17110291,0.8203596,-0.41926622,-0.10353122,-0.4279149,-0.86103326,0.37458575,0.45164812,0.5607899,-0.30056968,-1.1469864,0.77403873,0.16459212,0.15772054,-0.567027,-0.58461297,-0.49216807,0.16616118,0.3400845,0.4229417,0.52852803,-0.022669312,0.074435115,0.33791947,-0.075537235,1.3548381,0.84378403,-0.65529114,-0.28005895,-0.24280255,-0.257724,-0.1404453,0.48504856,-0.030280568,0.10234799,-0.26301676,0.103582814,0.4005967,0.09573008,0.42467663,-0.43209195,0.11445495,0.29375497,0.24481274,0.08586207,-0.85256046,-0.10382453,-0.30991605,-0.33786926,-0.17800823,-0.09350299,-0.4753109,0.06502552,-0.48850656,-0.5571482,0.16875729,-0.1547567,0.28172135,-0.49928465,0.20574869,-0.5191788,-0.48796654,-0.03685825,-0.12960252,-0.38285884,1.0052832,0.33970436,-0.3498968,0.20079982,-0.355435,0.5183245,-0.0872126,-0.17669243,-0.19335851,-0.43710437,-0.08475644,0.10943357,0.11095188,0.35940617,-0.3887248,0.49536797,0.14404167,0.3117079,0.036873065,-0.43914005,0.1934621,-0.56423885
OAS1_0064,-1.5622616,-0.24948955,-0.266716,0.98492897,-0.39509395,0.87836033,-0.17492081,0.66547,0.5054733,0.2914768,-1.1597676,0.9228395,-0.044971436,0.6567544,-0.26451507,1.0010791,0.1992237,-0.86323667,-0.60841966,-0.021669231,-0.9225171,0.76900816,0.8478258,0.2879859,-0.03696099,0.35422653,0.19908516,0.15855543,-0.42775553,-0.6660258,0.8951788,0.3391725,0.021329092,-0.7673943,-0.10497619,-0.46998817,0.6904793,-0.25537422,0.15617548,0.5345805,-0.12129414,0.078337125,0.62847966,-0.36814788,-0.36305103,0.44015303,-0.28850034,-0.24325761,-0.067011744,0.7506404,-0.57526684,-0.8515296,-0.2997706,0.92108893,0.014274712,-0.41129914,-0.39290956,-0.35030523,-0.16030261,-0.15423739,-0.1256726,-0.20272279,0.30271703,0.30423144,0.4317999,-0.51574373,-0.2581204,-0.97458535,-0.5798168,0.10776404,-0.84652555,-0.28729728,-0.33166188,-0.73418367,-0.40881264,-0.07864321,-0.5830131,-0.31096166,0.2882582,0.03595351,0.028245851,-0.29446632,0.24941774,-0.06449112,-0.014287574,-0.3875764,0.13957436,-0.22731271,-0.24765643,-0.07735638,-0.20388329,0.12204332,0.46521708,-0.08624788,-0.46061683,-0.22907545,0.2699805,-0.048012957,-0.5661668,0.35500532,-0.03668183,-0.31291392,0.013397336,-0.068417795,-0.2984627,0.5722703,0.21838792,0.055893518,0.13329148,0.046246067
OAS1_0065,-0.97456264,-0.24998522,1.4853837,2.0586808,-0.05905331,0.7529234,0.22977275,-0.55232054,1.3749627,0.07963706,0.7478501,0.22320475,0.25756526,-0.16070908,0.28954285,0.41775528,0.20660593,1.057714,0.09206499,-0.44674405,-0.024386995,-1.135845,0.12990715,0.541925,-0.00035345255,-0.06738607,-0.456888,-0.26950428,0.5377667,0.29624382,-0.21070667,-0.37318975,-0.3284685,-0.19376788,0.23326306,0.3101482,0.11757105,0.42991018,0.26085916,-0.50166404,0.5827591,0.54441804,0.47262916,0.7825279,-0.03393847,0.9303031,0.075245924,0.08271341,0.54480207,-0.341883,-0.07480419,-0.09612603,0.24026461,-0.5636791,0.91903806,0.5044888,-1.318242,-0.21139362,0.6222435,0.30419976,0.31222263,-0.67036015,0.17771766,0.04960831,-0.15760037,-1.1236619,0.09938219,-0.5817394,0.5763365,0.08185489,-0.53577447,-0.30985874,-0.47439286,0.17702718,-0.27076516,-0.06138668,0.07057278,0.66886157,0.3562009,-0.5984687,-0.11379424,-0.2202295,0.20235404,0.10140994,-0.4216031,0.23127034,-0.15622772,-0.114186704,0.99399215,-0.27791214,0.5434574,-0.102405794,0.540639,-0.27566257,1.1713171,0.012268076,-0.09275401,-0.036852516,0.5225572,0.37001845,0.1598548,0.50109917,-0.572322,0.0071075913,-0.72141284,-0.26113072,-0.04586196,-0.12839502,0.031958066,0.4752696
OAS1_0066,2.221,-0.36653885,0.5161323,0.39701918,0.2910409,-0.35407463,-0.4682576,0.6474617,0.861961,0.24905835,-0.14481148,-0.7697227,-0.27730006,0.20921065,0.9528422,-0.2120166,0.47487706,-0.7735657,-0.66603696,0.21382658,-0.13698252,0.5651852,0.27143827,0.42102176,0.036023885,-0.53771234,-0.4637022,0.3882326,-0.12939051,0.7279184,-0.24418262,0.111623615,0.718897,0.73089117,0.16992024,-1.1352797,0.3021903,-0.12971911,0.11347253,-0.3889863,1.0226017,-0.4867167,0.016289536,-1.1702611,-0.44565788,0.6010891,-0.7488549,-0.4931284,1.0467178,0.020751202,0.20487872,-0.223382,0.18297116,0.16852288,-0.6512494,-0.46225667,0.3768732,0.11332098,0.25976864,0.15630692,-0.109464854,0.19740959,0.3780499,0.461905,-0.5487327,-0.5451192,0.3346746,-0.3597004,-0.083162814,0.155016,0.25123867,-0.1554985,-0.16126972,0.9364681,-0.39558846,-0.25907946,0.2773147,-0.2982737,-0.17651698,-0.25475532,-1.0066394,0.13362926,0.15850037,0.56892335,0.18611279,-0.2502224,0.36513713,0.29976985,0.3597453,-0.22336027,0.32312965,0.2203474,0.63174117,0.3365382,-0.033956468,0.4508209,0.063254066,0.5525504,-0.20456733,0.13744944,-0.1394723,-0.037135698,0.0050673415,0.27074438,0.0628266,0.2319023,-0.39104643,0.120384604,-0.5244873,-0.055301897
OAS1_0067,0.60849744,0.27835038,1.3944489,-1.1881816,-0.40350327,1.3491982,0.033861265,-0.01803997,-0.8131459,-0.062310874,-1.1601771,-1.0185381,0.03094078,-0.17615259,-0.16287094,0.28015426,0.5067251,0.34555647,0.25327936,0.13364649,-0.12074509,-0.20606035,-0.097466946,1.1857537,0.06276854,0.31486875,-0.29943433,0.09512246,0.03811822,-0.56890106,0.45239848,-0.65946007,0.3674504,0.47890204,0.8704533,0.76723737,-0.3853188,0.11094097,0.28456172,0.45647916,0.5709998,0.5712283,0.62572587,-0.6033815,0.14120783,0.3471176,-0.45835656,0.3092757,0.25252345,0.8623228,0.5570683,0.5575153,-0.38091883,0.11366903,-0.05137365,-0.1053756,0.28433815,0.39840654,-0.46768987,-0.9758963,0.12361066,-1.0324404,0.08461644,-0.4431867,-0.4389527,-0.4443025,-0.49865532,-0.02388682,-0.6159481,-0.8976694,0.5517448,-0.35091045,0.10111665,0.44172335,0.53851664,-0.15324166,-0.10825209,-0.14317614,0.19754656,0.01404382,0.3688434,0.2446304,0.10541513,-0.06178004,0.42914993,0.010244661,0.2679491,0.5343524,0.15328714,-0.33002105,0.22441153,0.43480298,-0.1646698,-0.18713431,0.47815594,0.20097572,-0.42811513,0.39280185,0.6769427,0.28802568,0.17628066,0.44301337,0.06429716,0.2648708,-0.07006722,-0.15776989,0.083340146,0.03826529,-0.6145976,0.05215989
OAS1_0068,-0.48282486,0.07728931,-1.0119673,0.00028611542,0.77375954,0.22747064,-0.91760564,0.3627772,-0.322875,-0.96976507,-1.0157592,-0.5093777,-0.06292898,-0.38271976,0.7415571,0.11864591,0.4817631,0.05454606,-0.22821417,0.23690608,-0.26600596,0.3384265,-0.2970098,-0.20743322,-0.9269022,-0.79361075,-0.2255013,-0.37764075,-0.33734068,-0.763761,0.12435213,0.6214248,0.4845849,-0.57571906,-0.9350848,0.15036274,-0.062271968,-0.26214612,0.054100815,-0.77426946,-1.8015848,-0.7673603,0.16437653,-0.64033,-0.5686859,0.67308605,-0.35917404,0.009442726,-0.4493644,0.39291075,-0.14071319,-0.35225084,0.25553238,-0.0342233,-0.074318886,0.032903712,-1.0930179,-0.52656126,-0.25875032,0.6938531,0.72906524,0.2671212,-0.14488849,-0.41828057,-0.3061509,0.722545,0.37745664,-0.2838051,0.1198382,-0.028946694,-0.04804822,0.5330792,0.21874398,0.24879031,-0.21059376,-0.32239878,0.5601754,0.091801405,-0.021086315,0.15506716,0.2834862,0.01283868,-0.09508532,0.5630438,-0.3140714,-0.29744962,-0.40615183,0.32401133,-0.35448512,0.23496056,0.6885204,0.612027,-0.0274523,0.1357072,-0.18935293,0.15538387,0.30805427,0.16334815,0.30297008,-0.2350287,0.015977668,0.35265443,0.17338085,-0.111076474,0.22205918,-0.52687645,-0.021057794,0.40557477,0.5599886,-0.3866573
OAS1_0069,2.175242,0.26053604,0.9532197,-1.0405294,-0.007460387,-1.2712516,1.0422087,-0.80002475,-0.15511926,0.5270727,-0.24312381,0.4070098,0.83458525,0.7038147,-0.22481194,-0.17695966,-0.7865785,-0.31421524,0.40265673,-0.18924882,0.18086599,-0.3376589,-1.13277,-0.2908089,-0.5140664,-0.34143025,0.3938169,0.02838274,-0.6182513,0.36637163,-0.35572264,-0.36804157,0.59242105,0.13044193,0.07958514,-0.45373237,0.6902172,-0.47344738,0.59229124,-0.07994978,-0.06332544,-0.15248781,-0.35323712,-0.53759706,0.023965804,-0.680426,0.030499429,0.0056915334,0.25398174,-0.06086042,0.0847075,-0.4799967,0.17239268,-0.11877966,0.7362611,0.28152615,0.16072766,-0.32677495,0.41058007,0.37174624,-0.5041188,0.062174704,-0.85216695,-0.31137443,-0.41494042,0.3790019,0.20508161,0.093330294,-0.02180349,-0.40507194,0.22990413,-0.45058075,0.13384522,-0.35637474,-0.5987791,0.016227674,0.35500547,0.32288846,0.19057152,0.56284773,0.2721235,0.39254165,0.122568816,-0.19979642,-0.16201699,-0.35241905,-0.30320835,-0.35504073,-0.09688138,-0.37700304,0.030664647,-0.541488,-0.36378503,0.44563186,0.009433889,0.06617519,0.17437941,0.10375053,-0.44452146,-0.21695462,-0.2765775,-0.36938068,-0.45526,0.18215649,0.0942578,-0.2252417,-0.07841237,0.23850621,-0.3137991,-0.4755502
OAS1_0070,2.0203512,0.14840914,0.49162102,0.48539752,0.06353696,-0.7062102,-0.6367822,0.5906723,1.0818441,-0.42437008,0.083730295,-0.97143066,0.10177402,-0.34106788,0.109411694,0.33606726,-0.21236129,0.17983747,-0.036112852,-0.08686409,-0.47112453,0.5336215,0.047587514,0.10596097,-0.3710085,0.7742825,0.3401299,-0.2539993,0.4956519,-0.2372003,-0.5996239,0.66082084,-0.5824284,0.058927536,0.7309183,-0.7330737,-0.71621555,-0.41966832,0.016073206,-0.5945489,0.47852683,0.19138156,0.0792057,-0.172441,-0.741995,-0.16073807,-0.3690362,-0.161725,0.35418573,0.7420137,-0.13034575,0.3678778,-0.044616666,0.2669162,0.16839154,0.15888596,0.11382664,-0.3683476,-0.44346902,0.6325417,-0.17948224,0.43020245,0.009168923,0.121544406,0.18930627,0.38438314,0.31869507,-0.08554141,-0.37524384,0.14795679,0.5892857,0.28265896,0.13855395,0.4689093,0.24595962,0.22875251,0.38475695,0.17857958,0.52719575,0.39721256,0.07999433,0.21220213,0.17278486,0.7647683,0.31541538,-0.85221964,0.09191762,0.14312983,0.31444088,-0.539625,-0.72005385,0.11641839,0.11181758,0.22302455,-0.5810369,-0.28416875,-0.3622618,0.07545092,0.5388184,0.21154384,-0.4247471,0.0021628488,0.011425398,-0.1322579,-0.01769995,0.5663647,0.04409762,-0.40845406,-0.60097045,-0.26915103
OAS1_0071,1.0689154,-0.2643544,-1.4734808,-0.16793068,0.28892586,0.55272025,-0.87547123,1.1083205,-0.6979676,0.3031313,-0.012808411,0.12562628,-0.7091496,-0.14830603,0.5276942,0.5071091,-0.20446707,0.41789332,0.4637609,-0.51156217,0.2501371,-0.5019292,-0.36556235,0.10255762,0.45740664,-0.2000407,0.69367665,-0.18517749,-0.47847253,0.05646905,0.27162924,0.1537441,0.21032529,0.49284685,0.07387459,0.09436286,-0.3981733,0.029403176,-0.5914785,-0.15715536,0.67425454,-0.1514376,0.3219169,0.6165887,0.06734701,0.25424978,0.5271382,-0.20778054,-0.27254492,-0.12424976,0.6801095,0.23448028,-0.14862753,-0.17770253,0.56969315,-0.40178967,-0.11291327,-0.1328477,0.4354493,0.3707297,-0.2339595,-0.47718585,0.12942228,-0.22912924,0.28668544,0.22777437,-0.5033937,0.19654043,-0.23737621,0.34056818,0.46120375,0.0054619685,0.15342209,-0.24299112,0.18973516,0.14851514,0.3449955,0.07137739,0.2429959,-0.1799395,-0.42249796,0.17547515,-0.2670873,0.18733399,0.15111145,-0.51156443,-0.2737371,-0.059787404,-0.11593983,0.18594454,-0.1135604,0.14736636,-0.14007165,-0.19748461,-0.05312997,-0.13053378,-0.07482114,-0.13710064,-0.07757057,0.3364804,0.0505483,-0.41830692,-0.028036762,-0.58149904,-0.42292717,-0.36255386,0.11207473,-0.52020115,-0.5860649,-0.004776504
OAS1_0072,2.4580724,0.42473122,-0.46934295,0.3795073,-0.22952147,0.9206822,0.20590983,0.59861577,-0.7371549,0.12364249,0.03784681,-0.26929006,0.024172569,-0.30825847,-0.17966439,0.5269576,-0.16417861,0.4881672,0.17449073,0.14016132,0.036220443,0.8977678,-0.271773,0.6946472,0.4955348,0.6869781,-0.60304147,-0.39678857,0.2913683,0.19339196,0.25689134,-0.34728086,-0.047444373,-0.4815682,-0.34328714,-0.71555686,-0.9047447,-0.6814787,0.12347898,-0.0126078995,-0.26591432,-1.4904348,-0.19944584,-0.09571076,0.5536571,-0.28621098,-0.14233698,-0.23261209,0.18654647,-0.091615506,0.57991624,-0.13171038,-0.114738986,0.203727,-0.17166416,-0.23549342,0.5015639,-0.19687822,0.090487994,0.7838514,-0.17648093,0.10345112,0.11358039,0.3991901,-0.3025173,-0.30609044,0.71799636,0.0650669,0.15362015,-0.7638751,-0.07071675,-0.28223464,0.013836465,0.10681064,0.05998316,0.10522025,-0.10838683,0.056556832,-0.10980834,0.5958046,-0.28732756,0.08335276,0.04390474,-0.4279021,0.31959608,0.07537538,0.29407206,-0.17951815,0.36469072,0.09645492,-0.23837812,-0.2550873,0.18957585,-0.37164217,-0.12600753,-0.11134354,0.14165065,-0.14864822,0.2246835,0.08644126,-0.1287503,-0.48506078,-0.13117096,0.11727195,-0.4169256,0.3718815,0.35411084,-0.340384,-0.09061682,0.04280961
OAS1_0073,0.7936874,-1.1182923,2.0373213,-0.15175183,0.5739799,0.46402612,-0.5530962,1.7808164,0.026680456,0.2393847,0.9243919,0.36217394,-0.007884244,0.76017666,-0.2465802,-0.80225605,0.44431195,0.12233356,0.52964014,-0.38203517,-0.40500924,-0.22194114,0.18303078,-0.6798531,-0.24840729,-0.4824839,1.1553155,-0.27147445,0.92304635,0.41402873,-1.2476676,-0.66249645,-0.18872122,0.3992845,-0.8561555,0.17998496,0.16516931,-0.3068767,-0.0036641702,-0.20168208,-0.70304537,-0.4484015,0.41561076,-0.5819668,1.1321186,-0.038551632,-0.3257179,-0.48049682,0.09568051,0.34499466,-0.23112331,-0.017705375,-0.22290938,-0.50629187,0.6108359,0.14845754,-0.30998805,0.8686377,-0.48781154,0.23078886,0.06461811,-0.35735554,0.48656464,0.30475116,-0.01095217,0.4110963,0.59845364,-0.3296944,0.17997363,-0.5460214,0.32767257,-0.45281667,0.96333987,0.57758296,0.1545416,-0.6443673,-0.22692959,-0.19205533,0.16408795,-0.53935885,-0.09638842,0.06465846,0.23017521,-0.45428595,-0.29370722,0.08872865,-0.14754282,0.09607201,-0.4402779,0.37759128,-0.20818311,0.079221584,0.4599161,-0.75901103,-0.106290415,0.035835907,-0.2771746,-0.9344908,-0.24906021,-0.2905004,0.50833464,-0.54350555,0.013776814,0.22143956,0.19860624,0.5834063,-0.23686276,-0.22874264,0.012980204,-0.3420325
OAS1_0074,1.2000244,-0.7701122,-1.2886332,-0.26520807,0.4430387,0.08574888,0.7406388,-0.15025656,0.30114505,-1.0677723,-0.16594109,0.023744246,-0.08047084,-0.24397635,0.7891422,-0.18379346,0.37646833,-0.9580684,-1.1554185,-0.28600654,0.034768432,0.7982246,-1.1783929,-0.6065681,-0.24482523,0.2355819,-0.90390193,0.35808825,-0.0010159246,-0.6043167,-0.22076175,-0.38374624,-1.2177029,0.05610978,0.20710228,-0.37605125,-0.26730353,0.009853762,-0.30738285,-0.011306278,0.12188583,0.5771333,-0.2637819,0.40654877,0.31044048,-0.071076296,-0.373716,0.03573082,-0.12557715,0.7888523,-0.12491914,-0.26624435,-0.2532097,-0.4726934,-0.29693615,0.08248711,-0.11059994,-0.34643447,-0.080470204,0.7202131,0.08732184,-0.17627215,0.58487207,0.20874098,0.102310486,0.1007576,0.13188565,0.096563704,-0.098015,0.3112675,0.010042595,-0.44059688,-0.5748087,-0.17978856,-0.48487887,0.62935925,0.3589175,0.06063823,-0.07251173,-0.09643718,0.041206725,0.24488443,-0.0027375054,-0.46074268,0.12978987,-0.05250745,-0.5730883,0.36988714,0.02553089,0.116224036,-0.23776434,0.11186012,0.0358834,-0.3677753,0.2491456,0.06428601,-0.102259144,-0.10507906,-0.29857406,0.0014444013,0.3113586,0.11961266,0.23954618,-0.014757662,-0.49644148,0.009092752,-0.6425126,-0.0632012,-0.11518962,-0.063882984
OAS1_0075,0.9639854,-1.099842,1.2147478,-0.86841697,-0.588216,1.3792992,-1.0497291,0.5217902,-0.4671526,-0.6841408,0.37399924,0.6984741,0.45331198,-0.0073015876,0.5889779,0.46506512,0.9486132,0.49498203,0.15937904,-0.45585272,-0.063665494,0.24920008,0.29129985,0.10511885,0.5340447,1.3308665,0.060361017,-0.48089832,-0.7081003,0.25695482,-0.73487425,0.3601337,0.1872434,0.33837384,0.11950369,-0.42025176,0.04435452,0.8001321,0.93729585,-0.18982847,-0.7719505,0.31870744,0.06731633,-0.057987545,0.17285044,-0.33749208,-0.46060193,0.32300863,0.66342795,-0.44478473,0.122590795,-0.1495616,-0.24244758,-0.60083354,0.6327797,-0.60532147,0.025496535,0.67410594,-0.50138456,-0.43325266,0.35089937,0.21844934,-0.17387065,-0.09180264,-0.052340966,0.23320556,-0.48160908,-0.03930087,0.54326445,-0.07769339,-0.06001701,0.76549715,-0.4320117,-0.74488646,-0.020961342,0.436258,0.13353519,-0.6138552,-0.050279066,0.20449351,-0.05211896,0.15861493,-0.45253378,0.50175595,0.07923422,0.5624546,0.12973444,0.46489242,0.41473183,-0.43322593,0.047454882,-0.44655338,-0.5646096,0.30368048,0.040699348,-0.53616023,-0.09213716,-0.37312204,0.27975947,-0.04547057,0.3371617,0.20357573,0.37256968,0.4816125,-0.0468452,0.25408065,0.21777512,-0.697151,-0.54457045,0.59946996
OAS1_0076,1.4681983,-0.59600514,-0.8561757,0.33472523,-1.6041983,-0.7268185,0.22515005,-0.20427673,0.8794917,0.40680444,0.68325466,0.104342885,-0.3050319,0.14369445,-0.4274605,0.36396614,-0.21581973,0.9831825,0.034893848,0.42616707,-0.011873863,0.17988867,0.9763529,0.2531794,-0.25075567,0.19302562,0.37416774,0.031630605,0.808854,-0.8645391,-0.0331146,-0.4674809,-0.08770036,-0.10694465,0.5835142,-0.65353847,-0.05078202,0.43687764,0.041153595,0.2662348,-0.5352659,-0.6766548,0.20989127,0.047892172,0.08374491,0.34958524,-0.23027052,0.17996924,-0.90138006,-0.34056613,0.2531877,-0.34297425,0.17155913,0.07816945,-0.444049,0.15701582,0.24557681,-0.046283964,-0.32420582,0.0052395286,0.21108295,0.17443724,0.24252006,-0.6980231,-0.59855556,0.3517752,0.30985177,0.34905967,-0.28493342,0.41941372,0.032756973,-0.45837957,-0.021470191,0.12407793,-0.0011269423,0.15919313,0.43067098,-0.122918054,0.13613822,-0.10022836,-0.74816376,-0.6785449,-0.7775454,0.027069155,-0.44818062,-0.10611463,-0.00444567,0.4952414,0.022370607,0.35488066,-0.41307703,0.37824494,0.5148756,0.33976898,0.3540418,0.0022720837,0.045478854,-0.25339383,0.19603756,0.101728715,-0.19744402,-0.0831952,-0.39163262,-0.4298189,-0.20405942,-0.2573656,0.29642817,0.50638485,-0.020430591,0.5067765
OAS1_0077,-0.90838534,-0.577788,-1.972534,0.37530375,0.89504564,-0.19036217,-0.7650561,-0.86951846,-0.85705036,1.0378159,0.046587374,-0.8229546,0.76620865,-0.96643394,0.09051,0.22326484,0.28957054,0.62244713,0.21318588,0.20237409,0.5026911,-0.43189007,0.89859515,0.08527051,-0.19868255,0.32178584,0.6418208,0.8195017,0.16417708,-0.12060976,-0.44130054,-0.24621074,0.24612735,-0.997304,-0.13045391,0.17863773,-0.009371568,-0.39754105,-0.06306564,0.2592059,0.79254377,-0.53971785,-0.25711182,0.6589402,-0.4361203,-0.33439386,0.16119501,0.35937166,0.15779893,0.12681016,0.30002087,0.016119475,0.14377818,0.29796344,-0.21173547,0.36171803,0.2166037,-0.3981118,0.069586545,0.08848485,-0.6217711,0.020799773,0.2420346,-0.1622201,-0.5298573,0.30114388,0.28896615,-0.15999106,-0.10980349,0.75686836,-0.39252827,0.15448985,-0.01497753,0.12453687,-0.100333996,-0.3943069,0.35732216,-0.5280759,-0.48294792,0.09603701,0.12912267,-0.5162882,-0.069022134,0.79707724,-0.5273056,0.33252746,-0.15254933,-0.03368224,-0.2228043,-0.16964163,-0.3129323,0.043605253,0.3137101,-0.16133589,-0.05556012,0.15506536,-0.16167603,0.17044447,0.03846709,-0.16906756,-0.11191428,0.049521327,-0.08654588,-0.047878016,-0.30401248,0.19707043,-0.07640007,-0.24501325,-0.083343305,-0.09691111
OAS1_0078,2.0393116,-0.5402748,1.2710115,0.45444617,-1.0197408,0.18665421,0.9622773,0.12187944,0.13075387,1.399914,-0.05539292,-0.60490406,0.5826407,-0.029754141,0.23190942,0.25326452,-0.609959,0.40122947,0.01174761,0.76269835,-0.17959416,-0.12249716,0.14041103,0.60331607,0.19098292,-0.8732387,0.08626224,0.10934062,0.31618288,0.41757205,-0.07426134,-0.37356612,0.18255083,-0.5292712,-0.28331628,0.2529433,-0.5704842,-0.6320395,-0.5097644,0.08644708,-0.13338082,-0.7064424,-0.11972237,0.7523101,-0.65992624,-1.0838987,-0.7385954,0.09936628,0.15085553,-0.34411043,0.103727095,0.65518886,0.58594793,0.3213363,-0.62407136,-0.2780478,-0.27195582,1.1371752,-0.11444564,-0.24234481,0.18176651,0.6711505,0.004254124,-0.10993799,-0.6093782,-0.095348515,-0.77672225,0.26412964,0.22022401,0.258744,0.3893615,0.30867597,-0.42774746,-0.19863504,-0.43829036,0.47548485,0.102071315,0.3325585,-0.24744917,0.5951781,-0.3815538,0.21219265,-0.34220126,-0.063474126,0.3891651,-0.37188625,0.670672,-0.10935716,0.2653213,-0.5039882,0.21449152,0.58096206,-0.35656887,-0.49987522,-0.3686301,-0.051431444,-0.07644381,-0.6992739,-0.6046266,-0.8728615,-0.5678907,0.13414785,0.18888652,-0.069084175,0.38200906,-0.017480837,-0.21821055,-0.15991002,0.4842604,0.6210798
OAS1_0079,0.368094,0.17283505,-1.0587907,-1.2041085,-0.1537855,0.11779163,-0.21541525,0.3971833,-0.0902121,-0.54322016,0.5017414,0.27314082,-0.112671256,-0.33881646,-0.31124583,-0.010433081,-0.050415553,0.9698289,-0.23434734,-0.513924,0.93109906,-0.57434326,-0.0014608031,-0.77953535,0.21859366,-1.0632011,0.96196914,0.6365557,-0.112711184,0.89998657,0.24335964,0.34431618,0.10758165,0.52503943,0.17128478,-0.37615684,0.080040984,0.7976696,-0.23118542,0.12288577,0.18922356,0.7314422,-0.7934959,0.53747684,0.1309471,-0.0896346,-0.28794298,-0.27569008,-0.5024963,0.2501825,-0.43446198,0.054987706,-0.12919578,0.58714455,0.27361983,0.1100711,0.62932724,-0.43439785,0.4585205,0.033187434,0.15895687,-0.027506715,-0.15591979,-0.1497422,0.0005123897,-0.55508286,-0.04839212,-0.1882372,-0.4072071,-0.61344814,-0.29036802,0.09156008,-0.3695382,0.27911773,-0.88956285,-0.23742816,0.24927525,-0.33116588,-0.17079242,0.444523,0.15639132,-0.41970274,-0.37746024,0.4272711,-0.03588977,0.30043313,0.38238126,0.19117776,0.13941853,0.4334593,-0.29879665,0.39492467,-0.06991015,0.020897852,-0.5380539,0.22114147,0.10364895,0.0009541909,0.15571214,0.04328458,0.11408969,0.18336508,-0.045681737,0.19264632,0.25192952,-0.06712175,-0.33047444,-0.8185837,0.3312051,0.35925198
OAS1_0080,-0.3776837,-0.097943485,-2.550977,-0.92952293,-0.11445191,0.10789237,0.11374753,-0.1547013,-0.8239349,-0.16968265,-0.11761891,-0.75333333,0.5166572,0.58343965,0.4528702,0.50800216,0.13494624,-0.05775619,-0.0972251,-0.39130792,0.7349792,-0.75490654,-0.2995784,-0.64593416,0.02548962,0.76214045,0.22104692,0.54719216,0.45810133,-0.31274834,0.043160785,-0.88257474,-0.03573358,-0.5252874,-0.30311587,-0.15331116,-0.3409284,0.58574283,-0.5313676,0.0045563723,-0.020524869,-0.7446924,-0.113787636,-0.03871742,0.29901195,0.11454113,0.56565917,0.1783979,0.07104484,0.74835145,-0.44835234,-0.39558035,-0.2115642,-0.31497252,0.43311587,-0.2994432,-0.3934479,0.33260685,-0.76306987,0.038666032,0.044072036,-0.058458798,0.34157184,0.46087527,-0.4241497,0.03498187,0.1274687,0.31974542,-0.16321205,-0.0738068,0.12874275,0.7166071,0.5051882,-0.06372052,-0.39209524,-0.19048978,0.93968713,0.5986012,0.5823596,-0.3797814,0.43895498,-0.12238252,-0.7704547,0.09480416,0.113443084,-0.07743573,0.023055892,-0.3007655,-0.5402314,0.38717514,0.3009796,-0.24896333,0.19357549,-0.026061185,-0.023585275,-0.3949416,-0.34320673,-0.31126532,-0.12501684,0.38748458,0.16468665,-0.087700784,0.21742101,-0.4100378,-0.027206575,0.21470048,0.44933513,-0.67649406,0.019011663,0.26215315
OAS1_0081,-1.420383,1.2494748,-1.3922876,0.8144245,0.5167142,0.16934681,-0.54134977,-0.37258846,0.66176635,-0.803494,0.5828579,-0.18351069,0.6494819,-0.15993592,-0.105829656,-0.32854313,-0.34376708,-0.72992504,0.62806886,0.12985076,-0.17779075,-0.49226284,0.07578545,0.17726971,-0.31606454,0.354549,0.8963369,0.11596685,0.28224665,-0.1730798,-0.19587818,0.18654227,0.54806787,0.24283613,-0.38640425,0.08282675,0.016726872,0.36443555,0.5073847,-0.82428086,0.18735768,-0.06358637,0.16877897,-0.12543201,-0.4362705,0.3666104,0.31846625,0.2847034,-0.23458178,0.4983098,0.4700771,0.8079798,0.13864031,-0.34073743,0.22356379,-0.4769364,0.29991034,-0.10098383,-0.7284313,0.1468577,-0.29399627,-0.14911464,0.27954212,-0.31921655,0.15093216,-0.072692774,0.018129779,-0.16271423,-0.37582266,0.52702415,-0.5336537,0.056754623,0.086993076,0.3414033,-0.4044333,-0.7096027,0.10392741,-0.10444319,0.3192517,0.08539282,-0.058291696,-0.19685885,0.16702619,-0.24626052,0.10906597,0.25681105,-0.2858561,0.11338561,0.61025506,-0.4313181,0.14499015,-0.058869768,-0.20813748,-0.17161453,-0.14361839,-0.26311782,0.37385327,-0.21142687,0.027178692,0.19663323,-0.63633525,0.29346973,-0.30604038,-0.11371423,0.48791006,-0.8174136,0.1616767,-0.10554777,-0.19320352,0.00023801682
OAS1_0082,-0.5243799,0.8738211,1.5549147,0.31486368,-1.6183954,-1.6296924,-0.87220967,-1.6069752,-0.9630966,-0.41739184,0.09312348,0.029641286,-0.7550809,-0.26069042,0.80108476,0.7425739,0.7327217,-0.82548475,0.39654154,-0.57705575,0.6850951,-0.88240385,-0.008897458,-0.4248751,0.028569572,-0.63327223,-0.4493523,-0.38736054,0.17884654,-0.81655437,-0.1300942,-0.54196084,0.26139867,-0.9825156,-0.12619771,0.018736094,-1.1094029,-0.54836684,-0.7718782,0.29549655,0.027426736,0.3888113,-0.0036362493,-0.054444,-0.32693914,0.36529994,-0.03926524,-0.51619685,-0.72191924,0.20531657,-0.23974866,-0.34869668,0.24607868,0.023282547,-0.6465864,0.54615617,0.51715463,-0.7795865,-0.6061371,-0.63791734,0.0032494399,0.1602481,0.5194284,0.07533627,-0.04991241,-0.9368765,-0.22287461,0.97211385,-0.21780519,0.05106471,0.04159293,-0.70301455,0.45517397,-0.15267202,0.30159056,0.22605747,-0.099492125,-0.44239408,-0.34143677,0.18160851,-0.54257816,0.6100326,0.5718686,-0.27533916,-0.024744818,-0.69626176,0.13625291,0.5471663,0.44643474,-0.36417076,0.57760006,-0.27754858,0.47108242,-0.29100442,0.27395183,0.13296682,0.04429127,0.34169987,0.34054074,0.42732674,-0.0421483,-0.47046605,0.18367341,0.9052264,-0.031030674,-0.10646191,0.1338277,0.010741899,0.3936196,-0.4342852
OAS1_0083,0.110082604,-0.18055654,0.9961636,-1.321322,-0.5882911,0.7128406,-1.4804164,-1.2398622,-0.33238688,-0.47297546,0.25354317,0.5666013,-0.19312939,0.20264857,0.69901824,0.6182275,0.21341237,-0.33652353,-0.33232135,0.11152479,-0.3835763,0.06668558,0.4323489,0.35834596,1.1853067,0.31549367,0.4662275,0.5243436,0.4499761,-0.13522683,0.112828195,0.34104922,-0.4839243,0.46695152,0.21253881,-0.16375391,0.041534893,-0.40335697,-0.45401645,-0.26103663,-0.33894166,-1.2753743,-0.115164,0.60240793,-0.07674682,0.025096927,0.19521102,-0.11167415,-0.4364149,-0.69469273,-0.50121814,0.1743584,0.09795896,0.06456198,-0.17301217,-0.24596895,-0.41617233,0.20120043,-0.1254123,-0.34334806,-0.48920736,-0.5683513,-0.012257535,0.5801057,-0.6681019,1.1455648,0.43366557,0.07455771,-0.14915958,0.080031864,0.20396152,-0.10765394,-0.43677723,0.10015444,-0.42560214,-0.50883824,-0.052496016,0.08649922,0.088773556,-0.04508179,0.58908445,0.20823668,-0.24681795,0.46424246,-0.021409743,0.7510528,0.19336218,-0.3169071,0.13576947,-0.55126566,-0.09767654,-0.15324102,-0.007568947,-0.45812014,-0.139266,0.28848252,-0.0064414274,0.06688425,-0.54612607,-0.18508095,0.41705164,0.217454,0.1131314,-0.027551847,-0.5143965,-0.26563975,0.07688725,-0.24929519,0.4539651,-0.11912492
OAS1_0084,-0.09128132,-1.0159218,0.5462054,-0.044342138,1.1885369,0.12854542,-1.7483933,-0.03785246,0.23103069,-0.7270725,0.2497663,0.33692458,-0.23363382,0.991506,-0.10650919,-0.059901603,0.47395402,-0.68000036,-0.40135565,0.7769498,0.57520235,0.6989676,-0.21474157,0.41529486,-0.722016,-0.54292876,-0.3165639,-0.022027291,-0.18736696,0.23384829,-0.39373806,-0.12753034,0.79082125,0.4147141,-0.321219,0.05980498,-0.29974186,-0.025174377,0.07373583,0.51822376,0.15309726,0.44349378,-0.029528657,0.047636244,-0.033137802,0.34759855,-0.29086652,0.07016231,-0.3608473,0.25452745,0.39370704,-0.048885416,0.044330023,-0.070989996,0.43477958,0.19816557,-0.12341471,0.65721935,-0.7977855,-0.18040858,-0.20108494,0.27687097,0.34351313,0.5154078,-0.13217728,-0.19763781,-0.24714571,-0.064556725,0.31513315,0.24709079,0.24448784,0.5359219,0.49912727,-0.045687,-0.20289077,0.27866355,0.08177261,0.22030842,-0.9693444,0.61589396,0.41438198,-0.42522973,-0.011526449,-0.20606793,0.45103374,0.06690008,-0.050616283,-0.10175136,0.0900288,-0.12515779,0.21230131,0.59282887,0.017731018,0.021544987,-0.455511,-0.32143816,-0.006871691,0.01584104,0.09549996,-0.20446467,0.23994766,-0.10962041,-0.118530646,-0.29450488,-0.20200619,0.12046073,-0.18444878,0.4075163,-0.109392166,0.031794947
OAS1_0085,-0.83315986,0.38960463,-0.23941272,1.4836993,-0.61653954,0.38867247,-0.040612407,0.9250184,0.61989367,-0.10721132,-0.3581793,0.49711296,0.7308406,-0.065389484,0.08547183,1.0021011,0.11929654,-0.12384778,-1.0679754,-0.85893273,0.215752,-0.763761,-0.96690714,-0.050205674,-1.0399742,0.47382984,0.1264911,0.3371687,0.91982645,-0.6453958,-1.089428,0.20535068,-0.28871047,0.5125243,0.20184636,-0.12388643,0.09512097,-0.36741757,-0.16125576,0.7375873,0.13708098,0.5186479,0.54662925,-0.6907319,-0.13199677,0.46474537,0.09820329,0.41794288,-0.04107248,-0.6260363,-0.9110255,0.3141989,-0.2978536,0.2729446,0.24492344,0.5364253,-0.0069556814,-0.07395621,-0.2864196,0.41895628,0.17262684,0.7456356,-0.35151112,-0.26476735,-0.24833032,-0.2698772,-0.6162785,0.1741387,-0.3286075,0.2404099,-0.17676042,-0.57548726,0.21546404,-0.17222223,-0.9245973,-0.1103366,-0.08772739,0.2714827,0.22999252,0.1776386,0.36745298,-0.5135339,-0.18083748,-0.44358286,0.13573243,0.38594124,-0.54028916,0.15796457,-0.14483055,0.55026656,-0.37516502,0.36500934,0.37837908,0.15494424,0.2099285,0.055338025,0.74403226,-0.39953023,0.13159434,0.2559073,0.17212088,-0.055208012,-0.14070112,0.14998738,-0.151849,0.34715617,-0.24567673,-0.2267803,0.47345218,-0.4426692
OAS1_0086,1.5457473,-1.3463199,-1.1653295,0.74817175,-1.1251056,-1.2887309,-1.3349085,0.2359072,0.37128663,0.5528056,-0.19659644,-0.58878034,0.10660165,-0.058507312,-0.6594952,-0.8745792,-0.7309497,-0.07440993,0.15913801,0.8996702,-0.12645786,-0.5982402,0.017334316,0.70221984,-0.90964705,-0.3735085,0.3322289,-0.6870135,-0.43943858,-0.56911564,-0.59016114,-0.024797587,-0.21567576,0.11796929,-0.49021682,-0.5112693,0.85917103,0.06442831,-0.3043319,0.29436645,-0.118660346,0.15068243,-0.34690765,0.1750756,-0.09990682,-0.7805109,0.4529317,0.13922326,-0.048637368,0.46103403,-0.069963776,0.9668828,0.1827734,-0.14850552,-0.25435066,0.4153036,0.08311244,-0.39620256,0.5791013,-0.70032,-0.32373577,0.0919532,-0.022657689,0.5553421,0.4951693,0.7442181,-0.6346541,-0.66046995,-0.5729486,-0.4325045,0.28068352,0.15851419,-0.1093382,0.19424321,-0.031738527,-0.11123739,-0.11652545,-0.43821108,0.077272765,-0.1791301,0.36746594,-0.20698307,0.117971554,0.018764995,0.41470012,-0.4311226,-0.052492566,0.13498546,-0.028374832,0.62719154,0.3400222,0.37354976,0.34395528,0.02584794,-0.49941492,-0.6941214,-0.22823462,-0.15735272,-0.15866537,0.18810216,0.578471,-0.057135146,0.38984773,-0.18444203,0.21289149,-0.1998519,0.10939436,-0.5967372,-0.27387065,-0.0059208204
OAS1_0087,-0.8832586,1.3776032,-1.7874582,0.21119675,-0.20852172,0.66874593,-0.534353,-0.10632413,-0.72721833,0.14440483,0.006834867,-0.1178547,-1.4258226,0.14551036,0.44340652,-0.12223542,0.21905962,-0.4455034,0.010538502,0.98384225,0.14154401,-0.3602522,0.14133224,0.544944,-0.3925292,-0.17863229,0.12277143,1.1013,0.65610206,0.13928388,0.034466483,0.36140352,0.3526229,0.23841353,0.3685703,0.27896327,-0.57400095,0.59314954,-0.35793963,0.061453328,-0.86781687,-0.37649125,-0.122173674,-0.06790269,0.15221669,-0.2038647,-0.18525541,0.31969523,-0.00035392726,-0.14587657,-0.34270307,0.25966853,0.4387996,0.32328314,0.28727433,-0.07328247,0.08541274,-0.37680218,-0.12059012,-0.21052688,0.4836677,1.3857979,-0.8846082,-0.15715386,-0.32265416,-0.795737,0.6003107,0.15006334,0.24146959,-0.0405739,-0.29469362,-0.044167675,-0.010416059,-0.207256,0.3121176,-0.4903507,-0.1927951,0.13477781,0.0716985,-0.2081677,-0.11378751,0.047167942,0.23867667,-0.053260975,0.17740296,-0.010049193,-0.036412884,-0.31848335,0.36762208,-0.19939545,-0.09904518,0.004003806,0.033659466,-0.18410401,0.6526885,0.29196098,-0.076720566,0.1662849,-0.097898,-0.4100878,-0.30641586,-0.1025108,-0.5515085,0.47244623,0.20704313,0.5871723,0.34733984,-0.19262803,-0.3330677,-0.158839
OAS1_0088,1.4794205,-0.6695579,-0.95911753,-0.73783994,-0.7166781,-0.9765319,-0.35293263,0.34030163,0.63465446,0.21174468,0.8078163,1.4759498,0.20522375,0.106244266,-0.022181716,-0.4943827,-0.57710665,-0.45048547,-0.04557651,-0.64078087,-0.07328183,-0.18623784,-0.062130798,0.061066836,0.24058335,-0.23187461,0.47462058,-0.38881403,0.0122890435,0.11577498,0.4419942,0.04537374,0.100804016,-0.3918345,0.30849737,0.75755477,0.31089616,-0.531068,0.12070512,0.4562205,-0.43309414,0.19829762,0.5444246,-0.11422099,0.17907076,0.30374366,-0.00037544817,-0.14551099,0.4687257,-0.2819762,-0.23844984,-0.0630183,-0.10901526,0.11204685,-0.44959372,0.16216645,-0.060344394,-0.047246568,-0.06479367,-0.34241226,0.40613893,0.061693512,0.31590128,-0.124492094,0.65919054,0.34147003,0.5855613,0.045015424,-0.40896267,-0.15932114,-0.31982747,0.07968028,0.6135599,0.053369485,-0.6159917,0.29186648,-0.21858989,0.5948357,-0.084349975,0.34078622,0.07091938,-0.71994215,0.7020925,0.8355133,0.5951518,-0.16744204,-0.5101838,0.31725135,-0.120411985,-0.005221908,-0.011806696,0.6440423,-0.13519819,-0.31024894,0.017364496,-0.19136424,-0.3291565,0.20343265,0.45335644,-0.30606127,0.30875635,0.3201367,0.07324871,-0.47944334,-0.011358906,-0.008892826,-0.08780583,0.25442713,0.43548232,-0.38979185
OAS1_0090,1.0508382,-0.96013165,-2.0598025,-0.3263342,-0.009226724,-0.99746704,0.74310166,-0.85763484,0.5308358,0.47422814,0.47128737,0.15092672,0.0882348,-0.1332905,0.34183133,0.7545083,-0.6521078,-0.1807559,0.77561545,0.5013583,0.22245179,0.14411074,-0.1943988,0.07275022,0.06592873,-0.0013012895,-0.1778308,-0.59151256,0.23579969,0.085640326,-0.20156205,0.54358965,0.22803774,-0.0693515,-0.46371725,-0.15590225,0.28227758,-0.23078881,-0.54137295,0.6548727,0.12081783,-0.17176148,0.520531,-0.40068313,0.42874536,0.41000947,-0.30512702,-0.7469479,-0.22268617,-0.31171787,-0.15326706,-0.047059666,0.31624806,-0.25378925,0.07161232,0.05798471,0.30100986,0.21762928,0.070276275,-0.42228484,0.10864327,-0.1197617,-0.15260231,0.64459693,0.0846771,-0.11201576,0.33478656,-0.030766098,0.10139605,0.1661353,-0.22878124,0.54105437,-0.24962455,0.6131346,-0.20900069,-0.55493623,-0.3285752,-0.08790099,-0.31088546,-0.1750594,0.16924652,-0.01424086,0.2647604,-0.0031724449,0.14958327,-0.17553301,0.3383952,0.46854424,-0.42785412,0.06824346,0.14572182,0.28230512,0.15979101,0.5146375,0.4117923,0.17106827,0.15729608,-0.45261326,0.7073882,-0.10627794,-0.015785174,0.64238954,0.28435856,-0.26631933,-0.78934395,-0.23940097,0.14514329,0.12928845,-0.19633472,0.27158746
OAS1_0091,-0.18537532,-0.66247785,-2.1023724,-1.8418809,-1.537658,-0.60297036,-0.047448292,0.27808934,-0.34574077,0.97223127,0.21954328,-0.15793523,0.7213558,-0.2856771,0.2549724,0.0486703,0.014381162,-0.99642015,0.6097294,-0.6564185,-0.4286188,-0.44991824,0.032111626,0.052397974,-0.019843189,0.12858967,-0.16933028,-0.6058094,-0.48717275,0.39456236,0.85482186,1.0258214,-0.4469476,-0.3297047,-0.39344248,0.1002907,0.0461387,0.42819214,-0.4621417,0.8443793,0.59244406,0.1772918,0.56077796,-0.34042165,-0.33263394,0.2419393,-0.94559443,0.09652436,-0.4983,0.07647144,0.33614206,-0.44966525,-0.046927918,-0.1321138,0.219811,0.03621625,-0.22890462,0.5612764,-0.5098375,0.17256907,-0.35349542,0.2681751,0.17636834,-0.80185944,0.19341144,-0.4497419,0.56472576,0.3757459,0.6280811,0.22814836,0.19329946,0.19044231,0.20639262,-0.47007853,-0.5974874,0.0031968574,-0.19562812,-0.532165,0.17843825,0.055231787,0.43105617,0.20302387,-0.17576206,-0.6543648,-0.14452192,-0.19989048,-0.9238311,0.36755842,0.029067744,-0.6246732,-0.11281707,0.064478196,-0.12678151,0.2497269,-0.012116842,-0.14960134,0.28759563,0.527853,-0.5204488,-0.3994677,-0.12504977,-0.14701062,0.34764826,-0.2047334,-0.14643474,-0.4736016,0.15024675,0.08143887,-0.085947946,0.1538404
OAS1_0092,0.71315503,1.6031222,0.4891752,-1.743293,-0.034473862,-1.0142998,1.0434018,-0.9078181,-0.20347077,0.55012566,-0.443394,-0.88932306,1.0498389,0.8853039,0.23452373,-0.07703427,-0.31458738,0.015277873,0.61713237,-0.8462229,0.3684772,-0.7785723,-0.18630347,0.65707856,0.011084719,-1.6571016,-0.5334418,0.08777425,-0.1706491,-0.25316772,0.42871252,-0.5773055,0.3216111,-0.2768695,0.41613615,-0.40570924,-0.17799383,1.2791543,-0.31503704,0.04498781,0.4026892,0.29148605,-0.9247357,-0.2660994,0.5665091,0.8095446,0.22239347,-0.22853279,-0.19134943,0.4782312,0.4398709,-0.23663451,-0.57348293,0.5281826,0.95300686,-0.35832655,-0.062113643,0.42974842,0.09337567,-0.23470941,0.5032006,-0.026703019,-0.5648014,0.101241805,0.59551907,-0.17157133,0.1987025,0.10211336,0.46286634,4.545942e-05,-0.10295216,0.14791952,-0.5962507,0.07980609,-0.4280114,0.21658765,0.78205144,-1.1254392,0.46045136,-0.12990767,0.018998852,0.1302764,-0.1199651,0.06816601,0.14646561,0.7607507,0.084155865,0.25618958,0.10711617,-0.20489,-0.22433116,-0.14492184,0.07182894,-0.15246795,-0.2937484,-0.036866866,0.48964602,0.15159757,-0.025511209,-0.09446031,-0.0037722783,-0.293903,0.0023357994,-0.3938726,-0.20225021,0.3388726,-0.06213035,0.31841195,0.30056435,0.1977394
OAS1_0094,1.3783008,-1.9507053,-0.2874426,-0.18414973,-0.6139434,0.26180056,1.07164,0.42207712,0.48102182,0.19262303,0.060619786,0.523285,0.8690729,-0.6013736,0.03547284,-0.1287442,0.4076391,-0.4111552,0.36279866,-0.36285338,-0.592237,0.5720537,-1.3191317,-0.3920861,-0.27656937,-0.8063973,-0.36301085,0.40968508,0.07160626,-0.31971705,-0.7658526,-0.49648347,0.47737148,-0.4521508,-0.10972892,0.45161435,1.1184448,-0.4107464,-0.13440631,-0.92863995,0.6331764,-0.21195413,-0.6293879,-0.38404104,-0.42760184,0.3617648,0.28312594,-0.12385225,0.15111968,-0.46684036,0.86166275,-0.28151456,0.12822199,0.20950687,-0.63678104,-0.4209585,0.4056456,-0.42467675,0.22369845,0.005742692,0.21931475,0.19310556,-0.23015228,0.18933536,-0.05419558,0.22767267,0.0447706,-0.26938847,-0.17227906,0.27757663,0.1028323,-0.29430392,0.06602423,0.25362048,-0.28226942,-0.23355567,0.21863945,-0.25344118,0.1768872,0.5231813,0.21881181,0.28609842,-0.6018429,-0.17090315,0.42411605,0.3465495,0.18374126,-0.6110643,-0.042064015,-0.7266587,0.6365799,-0.115312465,-0.13773082,0.6684435,0.49399745,-0.56167,-0.043960128,-0.1472869,0.100106336,0.6562773,0.16125572,0.24183768,-0.1772906,0.31681207,0.12574822,0.40982473,-0.3862949,0.20960462,0.31361267,0.28004858
OAS1_0095,-0.7337956,1.9882116,0.17121099,0.13187367,0.42579308,-0.3590558,0.54943615,1.407681,0.3667655,0.4511791,0.2526693,0.7112249,1.0829974,0.045230903,0.28984168,0.7454527,0.34808537,-0.035243154,-0.13307056,-0.24967344,-0.1743685,0.9929434,0.4360551,0.45298374,-0.070880584,-0.00042243273,0.2535823,0.075737834,0.015101543,-0.21093568,0.20713475,0.3717197,0.83224577,0.42205888,0.6198251,-0.6508804,-0.8751043,-0.4665374,0.11243536,0.17254537,-0.6422704,-0.5653743,-0.23713374,0.27807984,0.3143049,0.041835114,0.3267427,0.064529374,-0.42039603,-0.47109598,-0.77946204,0.37085593,-0.055032477,0.26085606,0.034498002,0.97616273,0.2902684,0.16236056,0.23814309,-0.3097807,0.15993625,-0.60081786,-0.28657752,-0.20672771,-0.17933288,-0.21463697,0.26707608,-0.22483627,-0.50213164,0.14379355,0.16738366,0.1382,0.045364413,0.3239917,0.17032748,-0.32186186,-0.090814844,0.16537082,-0.20245923,-0.40088046,0.6521801,-0.09766605,0.014780224,-0.23546939,-0.48880965,-0.14277452,-0.1404269,0.23239346,-0.06779232,-0.25695476,0.4521332,-0.24116346,0.015022554,0.103160895,0.12101811,-0.19805734,-0.43211022,0.4307149,-0.2140142,0.082606494,0.21432552,-0.1363807,-0.16725293,0.21664344,0.2050423,0.31127438,0.028305257,0.016729807,-0.35887873,0.17879212
OAS1_0096,0.8036756,-0.9033034,-0.7994423,-0.4447135,-0.70914084,0.20613243,-1.8050817,0.5006485,-0.14560051,-0.19207984,0.5337272,0.9967296,-0.056563403,0.16256586,0.73168814,0.2541949,-1.0677623,-0.81503195,-0.27036634,0.23684378,-1.0290662,1.3834956,-0.07450689,-0.43538705,-0.7904053,-0.26052058,-0.33395457,-0.011059225,0.05773037,-0.033375226,-0.6929208,0.8477067,-0.1636827,-0.21906793,-0.39445823,-0.35275245,-0.15455304,-0.32378286,0.2420754,-0.04223257,0.18378478,0.029888403,-0.26021546,-0.38990137,0.37387332,-0.2039626,-0.05799583,0.31477275,0.18132903,-0.90368265,0.2835181,-0.8888882,-0.048038106,0.2384431,0.734352,0.03622687,0.21757586,0.611824,0.09740717,0.31603172,-0.19881028,-0.486413,0.024042942,-0.2001242,-0.3878908,-0.22925779,0.041041084,0.5373377,0.3150227,-0.04940251,0.8082818,0.029020667,0.26277822,0.020901343,-0.7348738,-0.30338064,-0.653371,-0.5776923,0.31880814,-0.4094082,0.12916921,-0.3092935,-0.1937187,1.0437554,-0.0035769006,0.11406675,0.3503799,-0.42480454,-0.17165692,0.110131815,0.049817614,-0.099593885,-0.275721,-0.5133164,0.018170971,-0.39069268,0.5131303,0.26407763,0.08997288,0.029374957,-0.24877976,0.28482926,-0.41610393,-0.053432107,-0.06317473,-0.7858007,-0.07295369,-0.27479511,0.48219857,-0.14695875
OAS1_0097,-0.16205828,0.8371473,-0.74086744,-0.67577684,0.99268067,-0.3851374,0.112225845,-0.7296928,0.3773012,-0.4326575,0.47298172,0.59086096,-0.60240436,0.33107686,-0.29000202,-0.0016041142,-0.03770846,0.6020555,0.27290133,0.13528636,0.5493692,-0.16532438,0.65999323,0.26453575,0.3684522,-0.29838452,0.8208697,-0.03531407,0.081121646,0.3610361,-0.30951673,0.30890366,-0.78823787,-0.44602168,0.32678208,0.076506995,0.22335486,-0.49964488,0.47928938,-0.061913475,-0.03354626,0.13811228,0.12335719,0.46214995,0.29967445,0.0046204496,0.35503983,-0.5315297,-0.19660129,-0.53700936,0.5948037,0.5329878,-0.08927797,0.031086419,-0.27682352,-0.33521646,0.05240157,0.09367306,-0.6475123,0.12711668,0.009903184,0.038029768,0.0895328,0.1538873,0.3861684,0.041171677,-0.43116358,0.58071744,0.16685656,0.45726126,0.07360432,-0.14239196,-0.08619151,-0.480315,-0.17415999,0.904561,-1.0061026,0.07142729,-0.15002884,0.4733437,-0.5525278,0.3056057,-0.4741987,-0.49494708,-0.46871495,0.6034803,0.24300477,0.3558062,-0.3718614,-0.28528595,-0.37430793,0.13107413,0.43679076,0.17534107,0.28836936,-0.004409662,-0.34879804,0.71629614,-0.30690792,-0.61960703,0.014333959,-0.42343423,-0.058304183,0.030363725,-0.17701988,0.09157329,0.08187173,0.21582352,0.26864755,-0.04671487
OAS1_0098,-3.0779948,-1.5171944,0.016000992,-0.45029965,0.28776753,-0.21429996,-1.236903,-0.614406,0.17703825,0.4154274,-0.51870894,-0.9561527,-0.46079132,-0.14296642,-0.6827826,0.10098233,0.2387253,0.25110254,-0.1708998,-0.17074516,-0.14809933,0.16302691,-0.0495027,0.65043586,-0.47321627,-0.33531514,1.0737475,-0.0028091501,-0.24008138,0.3973402,-0.7436376,0.29452738,0.7588603,-0.0051769125,-0.2861301,-0.5274325,-0.25548285,-0.12579317,0.14044893,0.07337344,-0.5646213,0.2549691,-0.063116506,0.030199165,0.40552297,-0.6163939,-0.5572794,0.21975334,0.006282763,-0.57527673,-0.5928468,-0.531503,-0.016208,0.04333667,-0.38890582,0.32233772,-0.046329003,0.23690577,-0.028298032,0.024792401,-0.02126592,-0.32860565,0.0827271,0.12555334,-0.16418163,-0.20111449,-0.04493838,0.5233513,0.3814989,-0.5100924,-0.7563552,-0.68915796,-0.26476547,-0.31042865,-0.52223045,0.338175,-0.50423485,-0.08691385,0.45718545,-0.2538892,0.12180705,0.408458,-0.6376534,-0.40429848,0.18915108,0.35993809,0.240155,-0.14620875,-0.33417028,-0.24737132,-0.45002958,-0.14823459,-0.13818623,0.18586348,-0.8318213,0.34276286,-0.15379857,-0.06449979,0.46865454,-0.19078995,0.27219778,-0.3239252,-0.20092349,-0.14348361,-0.004049767,-0.039881766,-0.26578274,-0.025229495,-0.085807815,-0.036645643
OAS1_0099,-0.39199072,1.3553376,-1.9317555,1.1122711,-0.45521548,0.22297543,0.10173987,1.1496716,-0.5091783,1.475528,-0.5028079,1.5833061,-0.62477934,0.18432486,0.12907621,-0.5183706,0.18052283,-0.17031552,0.30961782,-0.6096283,-0.7635844,-0.09290412,-0.407436,0.2974768,-0.95196164,0.70995027,0.2479549,-0.21154583,0.067063056,0.31734857,0.17952095,0.36153322,-0.028022142,0.07413159,0.74559134,-0.77630246,0.07720785,-0.05141398,-0.1683241,0.43847603,0.14490971,-0.22511055,0.13247782,0.61908096,0.13945498,0.6868008,-0.046716627,0.07484228,-0.20192066,0.24639219,-0.4140217,-0.6537322,0.0122836325,-0.37459216,0.5404019,-0.25233802,0.15880398,0.04145736,0.041453354,0.21120465,-0.047352057,0.6439095,-0.14580044,1.0294857,-0.60963553,-0.7347402,0.019404482,-0.27199236,0.3160795,-0.6507811,-0.29163012,-0.09913636,0.56498593,0.42725843,0.49734738,-0.0013068418,-0.26456574,-0.5801631,0.20445536,0.0503587,0.08032952,-0.083656006,0.035993923,0.55558413,-0.13328336,-0.3010169,-0.69634694,0.5411134,0.06967791,-0.54230696,0.35871,-0.6116448,0.37885317,0.66006577,-0.5818233,-0.37076512,-0.15863755,0.088511564,0.19378324,-0.11074921,0.62454027,0.39408398,-0.42590436,-0.19338033,-0.17360592,-0.002772049,-0.23917432,-0.19894165,0.6881139,0.5758251
OAS1_0101,2.1457996,0.13252226,-0.3680363,0.47929206,1.2204168,0.2341965,0.5855467,0.36120856,-0.16095957,0.47883433,0.556388,0.3030996,-0.46268478,-0.08334498,-0.006225246,0.18979667,-0.30155125,-0.15590453,0.036537662,0.37579423,0.270542,-0.085837625,0.07402964,-0.40613547,0.48879385,0.10065049,-1.0518763,-0.52254975,-0.598483,-0.28052136,-0.15844709,-0.26515824,0.39762744,-0.050600905,0.21737492,0.16838631,-0.14689541,0.5173426,0.86098135,-0.62497574,-0.014107893,-0.25954273,0.4820331,-0.42040184,0.069320425,0.26877967,-0.10417531,0.5133692,-0.095118046,0.094872124,-0.22247052,-0.45153332,0.5356923,-0.028192127,-0.47918227,0.20972969,0.18323283,-0.12545674,-0.42199197,0.19550776,0.22699909,0.2513992,-0.15573642,-0.4489308,0.15773049,0.0713603,-0.11713646,0.36963445,0.28846535,-0.052543025,0.22570331,0.41832802,0.13712429,-0.2435103,0.082760714,-0.40061274,0.25654018,0.3924515,0.52593356,0.28929242,0.5489721,-0.4232239,-0.36706188,0.23124386,0.19848965,0.096529186,0.2680521,-0.38709265,0.33638054,0.17532033,-0.084206365,-0.006039524,-0.6707782,0.43340898,0.024249982,0.2287668,0.5253542,-0.28241795,0.07419632,-0.12340427,0.058724206,0.42866775,0.27081758,0.40785766,0.46716973,0.06486872,-0.44642207,-0.14108779,0.15442552,-0.23111331
OAS1_0102,1.4798129,-1.1704096,-1.1323068,-0.3009773,-0.85667855,-0.94583976,1.3844515,-0.30541778,0.888841,0.35545248,-0.067706175,0.875083,0.13810478,-1.058709,0.26935473,0.23904608,-0.16449213,-0.83810514,0.5376515,0.3350929,-0.0312894,0.5059916,-0.28596357,0.40164766,-0.17312136,-0.33311236,0.14507535,-0.24371473,0.56221133,-0.1614063,0.015558287,-0.45470154,1.1859705,0.3438498,-0.24566075,-0.44436526,0.36753115,-0.19361474,0.015842738,-0.6426448,0.27504492,0.804034,-0.12128492,-0.11180596,0.15447368,0.38217294,0.3253196,-0.41580248,0.1842877,-0.43431348,-0.5134543,0.23119086,-0.36900732,-0.17926165,0.31640443,-0.06406533,-0.019006614,-0.38656765,0.41177678,-0.34468758,-0.30883902,-0.20270614,-0.22557148,0.36665627,0.17732286,-0.22634952,-0.37459642,0.6557796,-0.17411591,-0.34841558,0.2782443,-0.27277663,-0.12797415,0.09412868,0.08290284,-0.39245948,0.17127495,0.2765915,-0.16999221,-0.16235949,-0.34526715,-0.5626196,0.18183684,-0.076477595,-0.45626444,-0.18328878,0.26853648,0.3235849,0.47556224,0.48659328,-0.10370086,-0.18603492,0.09824471,0.032140393,0.33272493,-0.113410346,-0.1025574,-0.19919819,-0.36039084,0.087049335,0.40291262,-0.051033825,-0.42785564,0.49072832,-0.5116036,0.27176273,-0.2332272,-0.4020452,-0.31001154,0.08635404
OAS1_0103,1.851875,-1.2877425,-1.5412837,0.32064632,0.21425967,-0.64133054,0.19936386,0.4337041,0.3756149,0.647997,-0.5210246,-0.04012487,-0.44475496,-0.40006486,-0.06032153,0.39514104,0.53719336,0.11441343,0.38909036,0.1818315,0.715231,-0.2789273,-0.16433363,-0.08822984,0.39656043,-0.6346816,-0.5246704,0.5937508,0.21448812,0.0035024686,-0.4056867,0.34867495,0.20390415,-0.5127175,-0.19458948,0.25521818,0.16465876,-0.0509475,0.37556598,-0.16593477,-0.3131998,0.068363026,-0.0061569395,-0.66734934,-0.21732414,0.76795757,0.11807141,-0.5054096,-0.59550166,-0.42922664,0.057155494,0.105022766,0.04233863,0.15514496,0.1797208,0.050786797,0.6056206,0.07829782,-0.13416706,0.5383041,-0.16511191,-0.050350036,0.19055478,-0.35173905,0.33342624,-0.07597642,0.48939705,0.26065198,0.036378805,0.09530956,0.27065694,0.099907905,0.21573055,-0.29318163,-0.073115274,0.5727249,-0.076587215,-0.031047136,-0.19136418,-0.5014667,0.4725581,0.07046262,-0.041034915,-0.2568347,0.56229734,-0.109155335,-0.32270822,0.48247644,-0.48897877,0.31453264,-0.0867378,0.26838613,0.3393671,-0.31877807,0.19908877,0.5154531,-0.07428422,0.2580506,-0.20061561,-0.4210643,0.29985902,-0.23039566,-0.118218884,0.42413443,-0.16054997,-0.4825451,-0.4487323,0.11408392,-0.3946285,-0.06673175
OAS1_0104,-1.6696907,0.028970908,-1.7830279,0.4213889,0.19408704,0.7670112,-0.0013131122,0.27722535,-0.6931249,0.52208346,-0.1322457,-0.99762774,0.45896047,0.24420619,0.46561396,-0.19080137,0.022137044,-0.40727797,-0.8205545,0.23086941,-0.04553484,-0.08249403,0.054640725,-0.4686761,-0.24496023,0.7054895,0.15886326,-0.71818924,0.5305984,-0.19139645,0.66403353,-0.5452896,-0.15025856,-0.15653159,0.03520733,0.6449385,0.31835666,-0.3087782,0.42295116,-0.0127022285,0.54305375,0.24447344,-0.39446357,0.8841112,-0.7006379,0.21265413,0.18022968,-0.15264039,0.48837584,-0.08025097,-0.12450256,-0.21952976,0.1777218,0.7551939,-0.04503986,0.08438805,-0.48671293,0.036771428,-0.2638524,-0.78696847,0.4781742,-0.08588078,-0.49347243,0.24168597,-0.20280068,0.24022047,1.2299415,0.48051903,-0.30808255,-0.14494884,0.38378242,0.22365274,-0.512683,0.25369608,0.7921192,0.46201488,-0.13183202,-0.42077658,-0.21661194,-0.112105735,-0.80460954,0.22340827,0.37995484,-0.12103196,-0.009891664,-0.24627304,-0.16254808,0.27670294,0.49356407,0.06597427,0.38084915,0.33250624,-0.3142556,-0.08662973,-0.062529124,0.18545966,-0.026850214,0.11951835,0.36664224,-0.077316195,0.5397547,-0.057608753,0.6293028,-0.12484278,-0.4378146,-0.06211225,-0.445848,-0.39949006,-0.008473243,0.31392726
OAS1_0105,0.43959656,0.28011084,-1.4665922,-0.9895345,-0.1588573,0.28075218,1.0036958,-0.6749597,0.26431584,-0.5231549,0.1773519,0.66298497,-0.030851273,-0.6167535,0.73814976,0.31013405,0.14474179,-0.3390658,-0.26256937,0.308114,-0.20465481,-0.78528666,0.4732081,-0.39165258,0.990041,-0.1946411,0.29859158,-0.072634496,0.35508454,0.15591222,0.27159145,-0.45602754,-0.1358961,0.32990524,0.115877576,-0.29490978,-0.056245133,0.03188409,-0.28297734,0.06993009,0.40055516,0.28538388,-0.13181056,-0.31526637,-0.17958812,0.3303206,0.36723256,0.47783342,0.06075698,-0.20646818,-1.1203089,-0.307318,-0.06667521,0.24012628,0.34066254,0.2354159,0.12861603,-0.5700538,0.0060126726,0.24547008,0.10815021,-0.6089447,-0.31799033,-0.12046763,0.06740059,0.37167302,-0.3127064,-0.3037425,0.77686614,0.45417246,0.94391793,0.37214252,0.15116838,0.54286224,-0.18994984,0.52073807,-0.50704646,-0.089379124,0.097917765,-0.22504847,-1.1485635,0.7925271,-0.091773376,0.09844643,0.024908748,0.40985483,-0.14397584,0.44453922,-0.5437373,-0.5352303,-0.1432504,-0.540072,-0.19256449,0.472416,-0.022736857,-0.06756258,0.01631704,-0.030681973,-0.58138996,-0.3160529,0.29301584,-0.11805191,-0.18749087,-0.55781364,-0.05822722,0.020884978,-0.050527804,-0.5307911,0.012689279,0.48871857
OAS1_0106,-0.9572133,-0.7247831,-0.02005533,-0.9048591,-0.813677,0.31659657,-0.95259935,-1.2548516,0.9762741,-1.2370209,0.39424396,0.8468145,0.1412179,-0.15412454,0.09898007,0.49105918,0.39899024,-0.070453085,0.28017756,-0.48469195,-0.76755965,0.02472641,-0.18337397,-0.31467897,0.04116592,-0.3743601,-0.5951759,-0.18821321,0.7529181,-0.21307102,0.34704655,0.18250147,0.48661032,1.080446,-0.047747973,-0.12897952,-0.24586551,-1.2856055,0.22634286,-0.40316862,0.8737044,0.23407418,0.40029413,0.37909165,-0.7672025,-0.17255919,-0.32800528,-0.0733092,-0.19664076,-0.18003452,-0.5529653,-0.60538316,0.07577346,-0.3897244,-0.113910526,0.27861536,0.19573551,0.118258476,-0.043966886,-0.07460052,-0.441216,0.27486774,-0.56715107,0.048200674,-0.1657826,-0.18508229,0.48821363,-0.57978237,0.40477487,-0.1882972,0.39097422,-0.06945502,-0.4681912,0.39593682,0.116088524,0.4047421,0.50324416,0.009919027,-0.5905343,0.7079912,-0.12728842,0.10673103,0.2685986,-0.20927367,0.43758953,0.49430707,0.08093156,-0.53392327,-0.12037419,0.14284073,-0.032607514,0.024934897,0.0024616085,0.30065298,-0.17607379,-0.5832625,-0.46671665,0.12669647,0.20454678,0.27882862,0.26593843,0.5883886,0.027707633,0.015624683,0.269723,-0.22684334,-0.2516813,0.040566545,-0.09404073,-0.35355583
OAS1_0107,-0.2850246,0.8785908,-1.5714359,-0.9581838,0.4473501,-0.25559795,0.8566804,0.5483778,0.20136562,-0.7801455,0.12891148,0.34752402,-0.6648363,0.24692118,-0.9081292,-0.26879427,0.67690396,0.16958468,0.37179342,-0.19925441,-0.24834104,-0.1383517,-0.058178976,0.16097833,-0.3351074,-0.045405168,0.12978798,-0.2670664,-0.10394045,0.52018696,0.17562172,-0.095656104,0.2832051,0.44483188,-0.38001555,-0.17776889,0.14542957,-0.1563381,-0.03961787,-0.40266433,-0.42757654,-0.077669404,0.14055544,0.09051171,-0.6144511,0.49364248,0.08051749,-0.33531192,0.01822132,0.7742445,-0.42088702,-0.43083495,-0.325819,0.7296204,0.023013044,0.3634165,-0.077718824,0.31889528,-0.4172991,-0.44920594,-0.04106543,-0.27049562,0.10775223,-0.10318429,-0.1472895,-0.17418048,-0.54211825,-0.603973,0.66945386,-0.40372828,-0.19442748,-0.47738555,0.3495144,-0.2813244,0.70542765,0.21195422,-0.24710418,-0.44612554,-0.14109823,0.05203302,-0.17885663,-0.16805877,0.220205,-0.09209673,-0.56139916,-0.16046472,-0.23115997,0.015528519,-0.40593123,-0.13824639,0.034318693,-0.8130416,0.29320675,-0.54977065,0.35417962,0.48976064,-0.58481276,0.24206623,-0.20881137,0.016919916,-0.87831545,0.4763248,0.54560024,-0.13411982,0.076090336,0.27653977,0.019421233,-0.026187766,0.32477084,-0.028118985
OAS1_0108,-1.5648822,0.9393418,-0.9571841,-1.3205166,-0.33247674,-0.16139136,1.244861,0.4834363,0.5416743,-0.6456575,-0.34364244,-0.013493407,-0.14412647,0.27819043,-0.1591772,-0.30950937,0.5090269,-0.058094762,-0.989473,-0.09795811,-0.03621101,-0.26370245,0.5446056,-0.57457465,0.14077319,0.5137377,0.67170364,-0.83888304,-0.9688042,-0.15243946,0.23369487,-0.14700048,0.20676501,-0.32870376,-0.9971206,0.27873856,-0.75113565,-0.05541497,-0.24004453,0.018825538,-0.86062396,-0.37032145,0.3615369,0.4960861,0.16596676,0.016903328,0.31541988,-0.31763056,-0.5659697,0.18812269,0.10872087,0.55619425,-0.59746003,-0.23186503,0.35513467,0.0092312815,0.1289943,-0.14282359,-0.25683278,0.28981832,-0.30334556,0.003268667,-0.20007661,0.91911775,-0.6627561,-0.27229553,-0.089486,-0.310407,0.5209047,-0.32106528,0.05354312,0.11384685,-0.00964674,-0.70342594,0.50897634,-0.48104316,-0.13409318,-0.10400727,-0.026316984,-0.017429128,-0.23297177,-0.2634635,0.3763175,-0.01677635,0.36743486,-0.03543244,0.018599153,-0.18049017,0.0013155144,0.38418844,-0.20692146,-0.05259345,-0.33894166,-0.114034384,0.4072008,-0.026082,0.43432203,0.01534104,0.6205875,-0.16471228,-0.11056921,0.20640635,0.18418394,-0.04999129,0.19284886,0.09391727,-0.4654829,-0.34439567,0.18232533,-0.49154827
OAS1_0109,1.956052,-0.24194446,0.6072998,0.48590356,-0.32769138,0.113793306,-0.28835115,0.33857125,0.9313071,-0.362838,-0.07090956,0.081843026,0.20357177,-0.6591954,-0.049455326,-0.38234472,-0.6736769,0.16360049,-1.0244188,-0.406995,0.22731574,0.68508625,0.025462687,0.3226513,-0.28192052,0.002812329,0.22290373,-0.0033478541,-0.6151936,0.27341658,-0.033638436,0.57017905,0.18272218,0.4300069,-0.9631364,0.72016454,-0.053963553,0.5278979,-0.26864225,0.15311734,0.69382375,-0.78670037,0.35352385,-0.08037232,0.41071153,0.076464735,-0.44013143,0.57322407,-0.08887521,-0.4075515,-0.116453275,-0.2715026,0.22907831,0.31865293,-0.18125553,-0.19486764,0.20434198,0.19923241,0.1994206,-0.4271592,0.75999707,0.4176356,0.6377961,0.50015014,-0.14912067,-0.5224483,0.16404992,0.03975506,-0.20619605,-0.22247867,0.035268877,0.8895373,0.6340524,-0.38307333,-0.27661747,0.62635887,-0.13509388,-0.0726281,0.22106194,0.5244755,-0.15340146,0.5397315,0.5219151,-0.1953286,0.6461228,0.03407988,-0.22255501,-0.21020417,0.3078458,-0.4976737,-0.28054217,-0.34450206,-0.19201171,0.18813932,-0.049770374,0.54748064,0.13001421,-0.3300069,-0.42388195,0.05207858,0.010438384,0.19529727,-0.22466853,0.16436756,-0.486481,-0.758667,0.057228375,-0.4687724,0.32474533,-0.11682384
OAS1_0110,-1.7902386,1.9903988,2.4262192,-1.1099634,-0.96465546,-0.43585652,-0.31324318,-0.6938176,0.80183727,1.2620864,0.5865801,-0.39786792,-0.82959336,-0.046821833,-0.62038124,0.6834162,0.33351618,0.52976185,0.8552294,0.60003716,0.55900013,0.099582314,-1.1294061,-0.7342409,0.50003016,0.13775901,-0.57913786,-0.44687495,1.3487523,0.52380645,0.1367492,0.6348353,-0.50928324,-0.08614916,-0.28892338,0.5456574,0.41261613,-0.2615929,0.046390496,-0.07589007,0.29587165,-0.8565259,-0.97965837,0.020071018,0.016351057,0.24314934,0.045349695,0.9903237,0.77348626,0.78410625,0.679808,0.7745268,-0.65701777,-0.7046373,-0.4436619,-0.20012876,-0.1288623,-0.3277063,-0.014487531,0.33687028,0.35167602,0.48818043,0.19460677,0.12879519,0.30799073,-0.69300854,0.014731603,-0.2831046,0.3093806,-0.5996617,0.03619378,-0.44005114,0.41694406,-0.21906775,0.44854617,-0.7900179,0.24754617,0.56603956,0.1419481,-0.45480192,0.49686903,0.3612264,-0.29475704,0.1840625,-0.30054557,-0.36970612,0.16741456,0.20093672,-0.1782097,-0.58169913,-0.044912092,-0.1480287,0.117052086,0.1561531,-0.23747337,-0.01754522,0.2306626,-0.047477514,0.47248587,0.5646854,0.5345724,0.021129161,0.3739011,0.30295736,0.4807433,-0.41309172,0.49545735,-0.11287077,0.49879122,-0.28729707
OAS1_0111,-0.5369676,0.5574097,-1.5074838,0.8313029,1.4102811,-0.68129385,0.32166532,0.19181012,-0.34074712,0.44009942,-1.047176,-1.0972413,-0.8628733,-0.16322069,-0.719751,-0.30084622,-0.27572426,0.044331487,0.4185834,-0.15870976,-0.3554695,0.18289046,0.37363237,0.24285762,0.5183926,0.28365853,0.6046837,-0.06694923,0.7080817,0.5307418,-0.17246258,0.5784713,-0.6494954,-0.21276782,0.13246664,-0.060782373,0.31395236,0.30426136,-0.554488,0.14753143,-0.16973947,0.33992472,0.1472207,1.3454826,-0.17616957,0.39330083,-0.5444465,0.10671931,-0.63593197,0.70546776,-0.44682088,0.5495045,0.26395792,0.15926655,0.07149486,-0.14587188,0.09676327,0.108796485,0.3564979,-0.022910485,-0.1041074,0.27090293,-0.21566595,0.2220016,-0.019242786,0.37518227,0.18647118,0.011851702,-0.01313153,-0.2145326,-0.13694851,-0.27850428,-0.25551265,-0.19173881,-0.2710589,-0.382653,0.36068162,0.49082342,-0.06585826,0.02048015,0.020498699,0.82183546,0.026132043,-0.63200164,-0.10740415,0.24567941,-0.40308702,0.11348924,-0.2718595,0.07307033,0.6850992,-0.11448314,-0.2275596,0.36626533,0.5674978,0.0075332806,-0.2210108,-0.41887572,-0.36868742,0.2694485,-0.25339973,-0.105296485,0.19336744,0.30003574,-0.7607301,0.16512597,-0.4219949,-0.4995648,0.50211173,0.27524152
OAS1_0112,-1.0793009,-1.3475718,-0.33117768,-1.4633834,-0.31194928,-0.11783133,0.021117091,0.35284936,-0.40960747,-0.4043658,-1.8406503,-0.12614712,0.61961114,-0.29704642,0.034398567,-0.2809318,0.034853294,0.874258,-0.10684853,-0.29787728,-0.35996634,0.03526743,0.34078422,-0.18601088,-0.26581976,-0.3801611,-0.013003022,0.5063192,-0.3914671,0.32206756,1.5565257,-0.022743506,-0.20448613,-1.1875896,-0.043265544,0.8215903,-0.745126,-0.48574948,0.16127579,0.06557376,-0.49110657,-0.010070906,-0.67099035,-0.35216352,-0.6882459,0.56400615,-0.1392489,0.083428726,0.32799265,-0.22180893,-0.1614517,-0.114408486,0.19574192,0.10404027,-0.16376336,-0.37032562,-0.39043662,0.21542841,-0.41283083,0.46646264,0.112192996,0.4462449,-0.25861412,0.61084145,0.05154539,-0.3821968,-0.028388254,-0.1535439,0.4587198,-0.2702971,0.32303837,-0.81056,-0.081736445,-0.19084258,0.23931709,-0.11614642,-0.05641,0.6043795,0.12670879,0.08073721,-0.1191552,-0.18292439,0.6756769,0.5814279,-0.016420433,0.14532152,0.5729609,-0.102094,-0.12244308,-0.22960944,-0.0020892606,0.04656816,-0.28293592,0.26805353,0.11904822,-0.02533194,-0.12352637,-0.21570751,-0.232624,0.13392243,0.09400646,-0.08866133,0.12603085,-0.60956436,-0.6819045,-0.08353833,0.36489218,0.050444096,0.6908883,-0.5073729
OAS1_0113,0.004596152,-2.5795193,-0.32819238,-0.46347418,-0.27066404,1.083777,-0.8446554,0.3081515,-0.8325628,0.09950294,-0.07522432,0.14979437,0.35876155,0.44377717,-0.41000575,0.45389315,0.34741247,-0.016033983,1.0494566,0.29056662,-0.3241814,0.18126044,0.2735603,0.07999637,-0.08436629,-0.58507204,0.18821,-0.3238659,0.016498892,-0.06593221,0.9382049,0.053309575,-0.28326866,0.38615593,0.54121923,-0.047500946,0.16855952,0.14720803,0.2378445,-0.33343756,0.5222897,-0.29520795,0.49330372,0.3495348,0.09719301,-0.81651455,0.6645213,0.6048773,-0.108942166,0.3361785,-0.22588868,0.30082563,-0.35923058,0.64447534,0.19234018,-0.6108988,0.4200528,0.102328174,0.098428965,0.4426463,0.0338287,0.073439494,-0.6126951,0.0030820793,0.30832922,-0.7021973,-0.56053543,0.22037703,0.1206634,0.368758,-0.045393795,0.23154207,0.24033684,-0.08122658,0.16655044,-0.25406286,-0.5431581,0.13711378,-0.013642686,0.0071482495,-0.47731537,-0.2593034,0.3149187,-0.5322671,-0.35386387,0.92047906,0.28132677,-0.12808658,-0.25584278,0.19531639,0.032994863,-0.013459708,0.14318268,0.02692953,-0.005171384,-0.4716942,-0.06765237,0.03291413,0.4062631,0.014742002,-0.017889999,-0.07461853,-0.17970422,-0.26784754,0.16694053,-0.21178006,-0.4505701,-0.06141554,0.16372429,-0.35549834
OAS1_0114,-0.6678389,3.0365655,0.8294089,-1.1854618,-0.19570449,-0.83974415,-0.0903642,-0.5230807,0.75477374,-0.30474117,-0.0043667727,-0.71679586,-0.3062821,0.030237371,-0.5479054,-0.14707184,0.33866525,-0.5004996,0.8490078,-0.2698953,0.69843256,-0.07445713,-0.5917661,0.28872913,-0.7312215,0.41131714,-0.13599621,0.7655421,0.5046741,0.46222928,0.35744208,0.74643785,0.26462495,0.13107567,-0.29533184,-0.2603043,-0.20576905,-0.032313753,-0.14794052,-0.13298032,0.22641198,-0.1420931,-0.30965874,-0.6638366,-0.6857499,0.0018059537,0.48919475,-0.22574075,0.5081343,0.3947738,0.31713584,-0.80500245,0.7616806,-0.6931717,-0.52503484,-0.5382588,0.74009585,0.4395515,-0.061668232,0.61967385,0.38953218,-0.19263199,-0.13959548,0.6891274,-0.73077834,-0.026651444,-0.4562009,-0.20013922,0.2073269,0.301633,-0.32247907,0.79367983,-0.07230412,0.41871738,-0.023909066,0.07996976,-0.76753587,0.4615437,0.22490194,-0.29517972,-0.23371205,0.25167724,-0.0022561383,0.06888333,-0.39020652,-0.28210267,-0.5872309,0.14988944,-0.18076476,0.2702398,0.22062464,0.13120644,0.7521784,-0.23168243,0.26325873,-0.38949385,0.6526879,-0.4169894,0.2519195,0.005875591,0.21052596,-0.018477181,0.47337356,0.5037501,0.4577359,0.3545549,-0.5259321,0.25209764,0.138757,-0.737499
OAS1_0115,-1.8666899,-2.1732757,1.5055354,-0.8282445,0.97507757,-0.34147528,1.009023,-0.43048614,-0.51855993,1.0215542,-0.8623042,-0.5785958,0.044373877,-0.836757,-0.054024927,-0.87456304,0.3637663,-0.8920299,0.3540272,0.9503249,1.4280285,0.27252483,-0.008152109,-0.14654222,0.07790994,-0.22905514,1.1316261,-0.4342137,0.8579777,0.39468828,-0.13637727,0.611846,0.32469746,-0.034307886,0.4164427,0.030331464,0.374838,0.45305914,-0.93993723,-0.6941173,-0.602613,0.47587085,0.62158084,-0.2967525,0.68117404,0.6000798,-0.26853845,0.28003544,-0.020754373,0.45242792,-0.33204392,0.5415283,-0.11403851,-0.24828586,0.5788869,-0.6054813,-0.35584873,-0.022662168,-0.08318958,0.5564276,0.007832862,0.22813573,0.09010749,-0.6657159,-0.38305157,0.116649084,-0.15779081,-0.78164625,0.34578133,0.32593474,-0.48804995,0.005048817,0.015176621,0.08814284,0.18773708,0.010258388,0.34583646,0.31197605,0.3249767,0.28674453,-0.20081364,-0.17796896,0.5053985,0.5348987,-0.23125093,-0.28129932,0.6163243,-0.12741096,-0.27526778,-0.024781449,0.31323698,0.38144726,-0.36178938,0.2964113,-0.037174065,0.12269636,0.10280175,0.40744802,0.27016214,-0.15972807,-0.3255014,-0.3190986,-0.23060095,-0.4326666,0.63338417,-0.115711115,-0.20407052,-0.035262052,-0.2749449,-0.30468473
OAS1_0116,0.07552473,0.42074996,-0.51148057,0.026574593,0.69946206,0.8341546,-0.35081157,0.56916547,0.268715,-0.9120829,0.11347229,0.19372259,0.14098574,-0.6412788,-0.1726728,0.38008407,0.13466895,-0.6445218,0.37311345,-0.7343652,-0.06469374,-0.50339234,-0.22901413,-0.36961746,0.37162185,0.17508858,-0.25431243,0.5025608,-0.32763416,-0.25776553,0.37230706,0.13253908,-0.30000088,-0.68272436,-1.2140732,-1.1339549,0.77868533,0.37123066,-0.06730853,-0.021388127,-0.5073995,-0.6978516,0.67564124,-0.6717484,0.057634328,-0.4687909,-0.45601356,0.641085,-0.23889165,0.10356011,-0.0054632453,-0.2634622,-0.12639622,-0.02485723,0.31700152,-0.37080166,-0.1114385,-0.32382154,-0.1882935,0.24532719,0.5076957,-0.05250911,0.069284275,-0.9026316,0.36985022,-0.09721088,-0.060863227,-0.28741887,-0.13052781,0.0984708,0.29317895,0.22650564,0.53096956,-0.28454024,0.2934322,-0.0806153,0.22092485,-0.059015386,0.22130862,0.8584504,-0.20732762,-0.06616374,-0.07805991,-0.18713248,0.1613268,0.48137364,-0.39458898,-0.28938,0.2521902,-0.081266016,0.04473159,0.19322018,-0.28856006,0.20515758,-0.30971962,0.29181525,-0.5129548,-0.10136509,0.06462933,0.32136667,0.11203657,0.6007474,0.09651446,0.055174336,0.1862241,-0.21186128,-0.019078331,-0.31822264,-0.26496,0.06506715
OAS1_0117,-1.488719,0.06596342,-0.98495877,-1.4370028,0.7014347,-0.6613003,1.1371526,0.71084684,-0.0340979,0.07203814,-0.21126352,-0.6198398,0.011976704,-0.8074493,-0.25782788,0.052767497,0.45446393,0.64133155,0.14274073,-0.3129672,-0.5612987,-0.12611191,-0.29470968,-1.3499514,-0.80026716,0.0027806996,-0.31408107,-0.21584722,0.038129598,0.46027327,0.110632576,-0.0573805,0.42904252,0.34295186,-0.2375145,-0.3620009,0.30633876,0.17852843,-0.37763485,0.7163371,-0.13825639,0.54723907,-0.7478779,0.19180106,0.7190734,-0.101276845,0.22751953,-0.22562061,0.16088562,0.15531515,0.5905525,-0.5578036,-0.02150598,0.39255032,-0.17256886,0.18313716,0.34781677,0.21812771,-0.11651542,0.44858873,-0.41130942,0.5394248,-0.116746284,0.47997686,0.16304074,0.30085784,0.010923168,-0.1933661,-0.19111675,-0.1960292,0.3519192,-0.10554822,0.29219833,-0.0075564473,0.028241878,-0.02432943,-0.48566324,0.05430501,0.61435986,-0.16101083,0.2135951,-0.12847385,-0.27138218,-0.29266366,0.15655184,-0.20804654,-0.34519178,-0.14656387,-0.10480901,-0.045214694,0.05100024,0.4960259,-0.17623675,-0.37232152,0.5309078,0.37204823,0.47771803,-0.12859055,0.06562098,-0.36258462,-0.57306224,0.028686158,-0.11641392,-0.00092918123,-0.44286022,-0.30019152,-0.068773806,0.07649724,-0.21309103,-0.411847
OAS1_0119,0.47570646,-0.41095927,-1.4106132,-0.54168326,0.259225,0.490487,1.1135638,-0.55474657,0.057480693,-0.14529757,1.0804175,0.16830061,0.27606854,0.1687134,0.064400576,0.5491892,-0.374271,0.55542964,0.25846347,0.3477743,-0.7036428,0.08053887,-0.6132807,-0.08489834,-0.33259705,0.17567979,0.72367805,0.22933671,-0.12764949,-0.839538,-0.4400331,0.37420893,0.6747281,-0.69438,1.2290058,-0.40180248,0.35665405,0.36222205,-0.8758241,0.094358906,-0.011856335,-0.35889924,0.010586012,0.2103258,-0.33015925,-0.3893474,-0.62590444,-0.21407863,0.60835963,0.25608107,0.19727568,-0.17889199,-0.02793242,-0.64455044,-0.16714925,0.18972784,-0.7165768,0.051341064,-0.4276724,0.20959014,0.028898973,-0.22088477,0.41132772,-0.15111955,0.52654046,0.13472351,0.3626077,-0.2444586,0.50383914,0.10073854,-0.021972843,-0.053483594,0.31206656,-0.14280123,0.5066991,0.81165475,0.08089924,-0.13570045,-0.67900366,-0.603762,-0.21213758,0.014567866,0.07821682,-0.4381134,-0.27557486,-0.42871243,-0.048156552,0.47904807,-0.26307902,-0.17487937,-0.19806895,-0.19054669,0.49579716,-0.039051782,-0.10662345,0.25765204,-0.020351768,0.018200131,-0.32690218,0.096491665,0.31746465,-0.3100036,-0.12998952,0.15751843,0.8021137,0.18994418,0.21108755,-0.5404283,-0.25208676,-0.2491554
OAS1_0120,-0.806693,-1.6734128,1.4481784,-0.8439494,0.55546767,-0.7917816,-0.3825774,0.13658066,-0.7030949,-0.199088,-1.0675797,0.37542135,-0.37734717,0.7374823,-0.52753466,-0.9577703,-0.91479903,0.30851418,1.0728631,0.09251016,-0.100749716,-0.42882594,0.2338736,0.20212321,0.23620614,0.24088112,0.084663734,0.5224008,0.4580997,-1.0474777,-0.5676547,-0.2898118,-0.3391369,-0.26002082,0.011657941,0.41129062,0.090278804,0.5210872,-0.104965284,-0.42572588,0.33580846,0.6876626,-0.22404835,-0.6352811,-0.11727618,-0.50579166,0.071552835,0.36533195,-0.19534212,0.057440337,0.0074859937,-0.16416566,0.67719287,0.18629014,0.49037573,-0.13125946,-0.0651124,-0.28922954,-0.29675132,0.31563842,0.28808585,-0.70544624,-0.3087828,-0.33982906,-0.14512016,0.5333249,0.3697487,0.1020436,-0.7954731,-0.39705732,-0.0935089,-0.19255704,-0.01410293,-0.35998127,0.31382233,0.035734963,-0.5828403,0.48472825,-0.01962568,0.7529162,0.27737838,1.2663491,0.1935357,0.62786216,0.31372657,-0.5294451,-0.18893334,0.40304118,-0.23144054,-0.16541076,-0.13072243,0.05345373,-0.038744513,0.21232076,-0.08353285,0.21551198,-0.39046088,-0.12772952,0.03518667,0.04758502,-0.033051826,0.49506605,0.43478993,0.38603953,-0.38711646,0.38282675,0.014609625,-0.21507311,0.389348,0.41859075
OAS1_0121,0.051617242,0.6833326,-1.1249417,-0.31126046,-0.22878464,-0.3341725,1.2284592,-1.3489143,0.043709934,-0.38550195,0.55482036,-0.2653051,0.11593481,-0.122637756,0.36110622,1.4124594,-0.14117062,0.3891123,0.072316304,0.16913714,0.018755643,-0.3763916,0.93300015,-0.31627628,-0.3461495,-0.4456645,0.92647386,-1.0819073,-0.4721664,-0.13336284,0.7549046,-0.9012681,-0.86647993,0.18996467,0.17551136,-0.7478105,0.2704034,-0.06880333,-0.65419865,0.48129556,-0.11018581,0.00818336,-0.6107328,-0.07613288,0.071203806,-0.39719126,0.5776566,-0.21340857,0.8342971,-0.47648257,0.6263009,0.6195963,-0.11564609,-1.0037895,0.045778207,0.24903807,0.27046368,0.10198087,-0.2489656,0.057638023,-0.08539881,-0.013154211,0.013340275,0.27517986,-0.18243054,0.25815588,-0.59761006,-0.3096889,-0.3551032,-0.24503903,-0.36197677,-0.2358793,0.4725065,-0.19311227,0.049873672,0.4807497,0.27971154,0.024980891,0.48282853,-0.008050711,-0.2982399,0.36194465,0.19208637,0.41095036,-0.029907439,0.44739476,-0.33034793,0.2274572,-0.4193075,0.5140522,-0.44259885,0.15355034,-0.27298322,-0.11225962,0.07773497,0.09727692,-0.67922324,0.12722665,-0.062458284,-0.55334145,0.1717895,-0.40198416,-0.6353733,-0.011556119,0.6143822,-0.34152183,0.12466639,-0.42100757,0.03221341,-0.26888505
OAS1_0122,1.2061802,0.11634886,1.8683112,1.2912337,0.8416747,0.7848262,0.92722994,0.40784767,-0.6449704,0.7137843,0.5238203,-0.04329156,-0.016894843,-0.17162275,0.55402374,0.008706972,-0.3206367,0.25019476,-0.09245518,0.07459347,-1.137751,-0.95150065,-0.42039666,0.6243216,0.9857677,-0.6262102,-0.004218415,-0.047881857,-0.7470548,0.40016502,0.4811262,0.1477132,0.08657726,-0.00060217525,-0.7589243,-0.89598525,0.28370017,-0.34612957,0.76800305,0.41543308,-0.07833003,-0.41447896,0.52717143,1.2407503,-0.45687795,0.097198844,0.103273086,1.0308783,-0.39442247,-0.936553,0.85612,-0.45243546,0.54883814,-0.37108204,0.7173082,-0.7939976,0.07191195,0.35359332,0.15474425,-0.23243973,0.43436477,-0.17333746,-0.23787035,0.099767126,-0.5504299,0.033127733,0.23224723,0.4521607,0.32680124,-0.5232475,-0.8084835,-0.17500162,-0.026162807,0.071474016,-0.29969522,0.5088323,0.3552397,0.17938757,-0.56907946,-0.23423545,0.7069624,1.1101524,0.24160486,-0.16836725,0.07777234,-0.32139736,0.18800093,0.1340409,-0.30496466,0.38642508,0.091879144,-0.041766576,0.027366333,-0.57726705,0.2006139,-0.25797242,-0.061826803,0.5641617,0.5075121,0.2737659,0.45530733,-0.27875447,-0.04535927,0.25264418,-0.104958095,0.27669102,-0.13453197,-0.27477562,-0.3219782,-0.03444126
OAS1_0123,-0.35261536,-1.0925304,1.0964456,2.9055023,-1.52404,-1.0639479,0.7635935,-0.07136036,-0.6020899,-1.205009,-0.7604042,0.6258977,0.1304847,0.43031052,-0.634601,-0.41491875,0.065253295,0.413949,-0.1438492,1.2075151,-0.2874753,-0.505181,0.5891188,-0.36237723,-0.5242874,-0.5023062,-0.8131317,0.4111667,0.25345552,-0.004246532,0.41955513,-0.45471892,-0.14496382,-0.29861638,0.36047304,-0.40985394,0.14059548,0.11892529,-0.8204658,0.086814456,-0.2088452,-0.013588867,-0.5723665,0.0059008887,-0.66121095,0.096107066,0.3361482,0.59973204,-0.41470334,-0.44969928,0.8670601,-0.3233344,-0.23508097,0.70599765,0.19131796,-0.3438776,0.0074576745,0.44648227,-0.005798783,0.3485291,-0.10288108,-0.36502326,-0.07694069,-0.26256332,0.55415076,-0.018099245,-0.6457751,-0.05727186,0.33169132,0.14435014,-0.327057,-0.13290033,-0.052877575,0.34845603,0.13588388,0.66932464,0.4986024,-0.6192737,-0.5299778,0.11068961,0.33667943,-0.22872096,-0.06657234,-0.42730212,0.45562485,-0.43589494,-0.0071810647,-0.2698457,0.31763166,-0.2845075,-0.16072688,0.26708892,0.42519373,-0.2315591,0.2196667,-0.1404461,0.013790163,-0.23513357,0.24813683,0.42209944,0.21245463,-0.021261014,0.22972356,-0.41822794,1.2324624,-0.13191783,-0.31042004,-0.4285912,0.19133031,0.14359754
OAS1_0124,-0.22577283,-3.07076,-0.050602525,-0.02565359,0.45457566,-0.5157289,-0.21548787,-1.1448722,-1.2009507,0.9830321,0.23941906,0.47994494,0.19943513,0.3932173,-0.059626147,-0.8137346,-1.5881485,0.028333222,0.099170014,0.17180008,-0.049068365,0.25417185,-1.1579897,-0.3228743,-0.8931529,0.34413543,-0.29491767,0.11417819,-0.44573495,0.61807746,0.23736851,0.8552856,-0.71820575,0.7455508,0.02325189,0.27112225,-0.27618426,0.3403762,0.75143313,0.21616516,-0.52685225,-1.1534624,-0.85718596,-0.16127568,0.48321563,0.20965111,0.34992802,0.10286027,-0.19340165,0.30680636,-0.50962585,-0.6663528,0.63363975,0.01518257,0.16119188,-0.45581374,0.4610086,-0.35739875,0.21510895,-0.7823028,0.033339962,0.46582937,0.84038913,-0.18463442,-0.58872527,0.21880308,-0.6498099,-0.52369857,0.7289709,0.13704093,0.41598582,-0.082752585,0.1303722,0.22018377,-0.020432109,0.44146416,-0.18187839,-0.32187665,-0.010239167,-0.14656964,-0.10304199,0.13051377,0.029623907,0.088436596,-0.42794302,0.025213912,0.15913287,0.31670457,-0.07304312,0.18992986,0.32556233,0.20529449,0.26600775,0.07033848,-0.011314143,0.18523848,-0.28782243,-0.18712002,0.4340658,-0.14669925,0.40527692,0.017258655,-0.6267016,-0.1007085,-0.20176606,0.1297943,0.17332819,-0.26503327,-0.31535447,0.09063106
OAS1_0125,1.7481122,-0.8606794,-1.6631713,0.6314813,0.025148546,0.29988793,0.8093041,0.022266634,-0.03948594,0.1319902,-0.16524573,-0.24882407,0.32161644,0.08032844,-0.012885677,0.0020737732,0.49744034,-0.35093823,0.42504394,-0.41106054,0.3399151,0.6171067,-0.35823464,-0.20795095,0.77931565,0.043304913,-0.23744193,0.81147933,-0.094337314,0.8669404,-0.3759988,-0.1544999,-0.08302317,-0.27584526,-0.34376454,0.26811892,0.19747564,-0.17159936,0.08493681,0.0107670175,-0.07082641,0.05255059,0.2853472,-0.49722514,0.36584505,0.23117569,0.36058852,0.014956311,0.056299455,-0.031187823,0.25880742,-0.33099133,-0.37161323,0.14709613,-0.524375,-0.10969724,-0.039452855,0.21505138,0.12835637,0.04446227,0.8296579,0.38123295,0.36163017,0.4264309,-0.69304127,0.27197158,0.06184209,0.42397922,0.08843557,-0.6604924,-0.8189052,0.050687537,0.43718523,0.5178453,-0.2850736,0.18878317,-0.087230995,-0.34766856,-0.047464456,0.13381936,0.104926296,0.039845046,0.01106077,0.23438555,0.2417229,0.3619893,0.03786726,-0.18228248,0.3640428,0.30019823,0.5577327,-0.3046384,0.2669297,0.034941696,-0.014050857,-0.47559673,-0.30173987,0.15351664,-0.22071859,-0.56841457,-0.15021181,0.40277192,0.32730708,0.005430387,-0.15759078,0.1874425,-0.058129586,-0.1279475,0.011709256,-0.22083734
OAS1_0126,-0.26982868,0.8949445,-1.0521312,1.3628708,1.4395008,-0.06741486,1.1818117,0.00493709,0.18258634,0.31305894,-0.28206235,0.68893653,0.23806807,-0.15354832,-0.09684953,0.29548043,-0.289745,-0.090550095,-0.3593958,-0.27529997,-0.3001087,0.4408087,0.26088318,-0.22594394,-0.029348688,0.81827855,0.075621635,-0.24317254,0.82792574,-0.13486446,0.5982678,-0.053230044,-0.050383024,0.22922723,0.13687022,-0.087613314,0.6070512,0.14814204,-0.103070766,0.9189387,0.98903996,-0.17011848,0.34169197,0.034850292,0.09557296,0.18110465,-0.2941423,0.59835565,-0.3057567,-0.24866068,-0.42565617,-0.10825785,-0.5096515,0.5253496,-0.45934072,-0.2819758,0.1337014,0.19067955,-0.42342794,-0.5753252,0.1438635,0.20188376,-0.28539348,-0.28066215,-0.2528572,0.16191332,-0.34606767,-0.026758831,0.4115479,-0.48995727,-0.23833424,0.4904033,-0.28281575,-0.70311344,-0.23600931,0.5240976,0.6380921,0.23278992,0.090014786,0.51308995,0.010383966,-0.044153366,0.27043343,0.59515655,-0.006493056,0.18038125,0.6270625,0.15775886,-0.19126132,0.06097409,0.30195594,0.4916754,0.3290476,-0.21038711,0.0026269038,-0.098935045,-0.103981405,-0.5015675,-0.044902083,0.44695073,0.3383495,-0.56612366,-0.1439378,-0.19194642,-0.7196188,-0.35203788,0.22801596,0.10899638,-0.39580566,-0.597267
OAS1_0127,-0.9835741,0.9363742,-1.1849071,0.72998947,0.401426,1.0627083,0.019641185,-0.2599317,0.18939658,-0.6402583,0.13216676,0.8548127,0.38946098,0.062121637,-0.30513752,-0.19104056,-0.15443417,-0.29794973,0.25127742,0.18976459,-0.4043484,0.6053054,0.2808391,0.12958544,-0.48507044,-0.6855697,0.4112327,0.044182137,-0.11724897,0.61463124,-0.09415078,-0.88005644,-0.5946466,0.18960874,0.19950598,-0.3697822,0.6723839,-0.12961511,-0.4253878,0.61200345,0.40777805,0.2278269,0.36420378,-0.335661,0.24892996,-0.071194604,0.5166958,0.13358681,-0.04554615,-0.18285716,0.27399606,0.20591387,-0.09204788,0.3590285,-0.08006213,-0.34836638,-0.62550974,-0.30873367,0.6268543,-0.46169588,0.1017987,0.21436082,0.1781306,-0.27155876,0.19242975,0.46961147,0.007467276,0.17560326,-0.122272626,-0.04847191,-0.25737795,-0.0051181247,0.017236093,0.23028192,0.29753643,-0.2225034,0.09275216,-0.29020855,0.03898337,0.23520339,-0.14398162,0.1094036,0.5420335,0.5816895,-0.076014966,0.32001883,0.19551459,0.7539942,0.20307864,-0.17017028,-0.104705855,-0.37821147,0.36701223,0.15389937,0.29137865,-0.10007456,0.065507226,-0.40578705,0.0017430236,-0.27527064,0.17618226,-0.21707049,-0.14753807,-0.29310313,0.15264997,0.28120625,-0.39467794,0.016366223,-0.41369104,-0.8785297
OAS1_0129,-0.69031525,0.97221226,-1.1279018,1.05612,0.89471745,0.72949386,0.7088976,-1.4588403,-0.019816699,0.06400485,0.02799143,0.5412539,0.14296205,-0.054394957,0.118019655,-0.32311246,-1.3347179,-0.23155978,0.8966544,0.15980309,-0.21778767,0.400786,0.45751798,-0.4057604,0.7696711,-0.30074263,-0.2742665,0.38008133,-0.7109279,-0.05416622,-0.41248378,0.21521215,0.2824113,0.20854329,0.2753478,0.51311105,0.039893042,-0.42703614,-0.15184453,-0.76203024,0.68354154,-0.13708739,0.32635334,0.011071405,0.20082083,-0.17912231,0.9465093,-0.3520187,-0.4223544,-0.40628287,0.21024707,0.30167162,0.4852228,-0.11270191,0.10711155,0.39674005,0.0037055458,0.1414001,0.06774914,-0.114859276,0.24486004,0.06425894,0.5190691,0.16676456,-0.6433173,-0.0536491,0.14951596,-0.06490419,0.089575335,0.71621877,0.22663587,0.2075074,0.061543457,0.07515212,0.29289255,0.10569735,-0.35803905,-0.45774442,-0.1755502,-0.33669195,-0.07342065,0.19352771,0.026435258,-0.15999101,0.24042323,-0.1316737,0.082342364,0.16118437,0.24529925,0.4260851,-0.10827347,-0.30493888,0.00557468,-0.084061705,-0.39240018,-0.5662511,0.44072592,-0.022500617,0.29682788,0.087118074,-0.3255438,-0.14546698,0.16442469,0.579083,-0.12623024,0.5613724,0.4540317,-0.2767311,0.010357286,-0.1529063
OAS1_0130,2.3298738,-0.40256387,0.91716665,-0.3725566,-0.15241873,-0.6961478,0.29622868,-0.15678084,0.33789113,-0.0950239,-0.20422307,-0.13874811,1.0954448,0.9185551,0.86583,-0.4112358,0.8511566,0.41325697,-0.3685595,-0.25299013,-0.32177714,-0.13567294,0.23443143,0.1372362,0.27823016,-0.86346495,-0.6106416,0.11658815,-0.42746967,0.06363533,0.29268697,-0.33765754,-0.089209445,0.32849598,0.06975414,-0.79386586,0.13909014,-0.21592104,-0.27508906,0.1810346,-0.3148342,-0.15923806,-0.12267754,-0.370421,0.631229,-0.6898471,-0.1729251,-0.6326859,-0.53383553,0.29334214,0.9311723,0.41931278,0.16893119,0.083315365,-0.77405286,-0.22962241,0.05197335,-0.33177456,-0.5297514,-0.030327285,-0.33468574,0.2839792,0.26370108,0.36176383,-0.11392392,-0.6273433,0.45284185,0.09181266,0.38958007,-0.3841729,-0.49222624,0.11315173,-0.8136709,-0.11623276,0.69761723,-0.072996974,0.30450243,-0.1039914,-0.026772099,-0.02954709,-0.9607196,0.49876183,0.31929377,-0.008094169,0.3395704,0.48368022,-0.26765877,-0.060344573,-0.93235326,0.5331295,0.08788257,0.29048455,0.36496514,0.39000535,0.20640911,-0.3134918,-0.34065118,-0.06284328,-0.04123102,0.70038867,-0.20726618,0.6827444,0.15377344,0.01473786,-0.07301113,-0.26090282,0.027367149,0.16256113,-0.85914004,0.02933358
OAS1_0131,-0.95639,1.7327774,-0.486031,0.5519975,0.6066902,0.14907089,-0.011650145,-0.39017802,-0.013263156,0.30528632,-0.8439234,0.4265136,-0.30017033,0.26138186,-0.07308289,-0.003879745,0.7984305,-0.031924743,0.32195184,0.51193404,-0.66432047,0.8083434,0.561954,-0.2821586,0.049471453,-0.121966906,-0.2161675,-0.7737523,0.22280766,-0.76899487,0.47130704,0.58817023,-0.1712621,0.13994494,-0.21785381,0.08263804,-0.21437,0.1683875,0.45586947,0.5982671,0.07933446,-0.28842813,-0.021639258,-0.036859516,-0.31186736,0.24821785,-0.8526569,-0.51368964,0.29674187,-0.29653326,0.66986054,0.43129152,0.007017226,-0.012043081,-0.17228487,0.23925555,-0.6516703,-0.48487413,0.29330096,-0.08916675,-0.03769413,-0.5901944,-0.2689602,-0.13985462,0.074895486,0.6099484,-0.7066643,-0.28728774,-0.10968339,-0.48422304,0.2387867,0.24691471,-0.15555142,-0.22729564,-0.024953436,0.83613294,0.12420123,0.37722805,0.112717606,0.3449397,0.27960673,0.40639135,-0.12751284,-0.11775914,0.65936124,-0.05686748,0.32778963,0.31627908,0.31044608,0.77028674,0.06279992,-0.44976398,-0.04299151,-0.19973765,0.06260964,0.06792842,-0.40532592,-0.2827568,-0.19940925,0.013046628,-0.0081137195,-0.32948938,-0.41579276,-0.026676897,0.06523869,-0.07267906,-0.21244071,0.21686438,-0.043231558,0.21615896
OAS1_0132,1.0066172,-0.7220259,-1.3232524,-0.56420696,0.12900165,-0.6946902,0.30188853,-0.16811922,0.42402172,-0.021014925,0.36851603,0.33710286,-0.4502816,0.4962208,-0.24552062,0.562149,-0.8971033,-0.90629333,0.25303102,-0.039401814,-0.28915313,0.24037547,0.010536236,-0.5486729,0.19965242,0.19721258,0.9028374,-0.08699707,-0.20726146,-0.6483793,0.124168195,0.3544978,0.27568504,0.25375104,-0.18830985,0.12660003,0.21460955,-0.23838395,-0.5655767,0.25043002,0.1574745,0.5427498,-0.9361326,0.045484558,0.39738035,-0.5223117,-0.08302995,-0.3903292,0.55266374,0.09694797,0.24400531,-0.26549536,-0.15163982,-0.0666945,0.37589708,-0.22969534,-0.42406785,-0.39820528,-0.5899786,0.014745263,-0.15101491,-0.4324866,-0.20378977,-0.3238762,-0.39134023,0.18605646,0.17286222,0.1825491,0.37526247,0.4077078,-0.17980842,-0.2733495,-0.11696473,-0.065698564,-0.27222356,-0.092604086,-0.08450429,0.17520384,-0.08534828,-0.033019293,-0.3993226,-0.4819643,0.61161083,0.2515324,0.48569015,0.07976819,0.013868266,0.12552366,-0.30889052,-0.33720428,-0.13153158,-0.6499421,-0.17541657,0.1462741,0.39258695,-0.23596765,0.20997691,0.070028834,0.34767422,0.77086204,0.3760084,0.021031715,0.18198012,-0.0097902035,0.37814182,0.0452912,0.17074,0.38875172,0.11577611,0.16944417
OAS1_0133,3.3353264,-0.3495632,0.6913205,0.62101525,-0.96590227,-0.62617457,-0.017897863,0.19562289,0.39025992,0.38466808,-0.8634553,-1.1409731,0.10837867,0.09287821,0.06545328,-0.7911,-0.1703699,-1.0862936,-0.9124791,0.013335164,-0.27044398,-0.6274308,0.18705714,-0.5717348,0.07524309,-0.71591294,-0.42591846,0.07261294,-0.5507619,-0.0565297,0.46064374,-0.49725503,0.100432694,0.9364202,-0.44117755,0.27147472,0.2077589,-0.75723624,-0.28883308,-0.45208126,-0.022853091,0.0034755575,0.5444662,-0.33569464,0.17280574,-0.39893213,0.20688745,0.19680426,0.13184673,0.49055564,0.7502789,0.14874844,0.8397093,0.029952785,0.2095345,-0.041791737,0.110916466,-0.5890619,0.24591032,0.076977916,0.47973067,-0.181589,0.43613616,0.04782996,-0.19814141,0.28922567,-0.16566741,0.7347707,0.027578313,0.16230406,-0.15547651,-0.28352576,-0.29048723,-0.49883673,-0.063255996,0.08778935,0.4550858,0.042053636,-0.101742454,-0.27837497,0.6395613,-0.27065563,0.08480183,-0.20339212,-0.3911833,-0.17306826,-0.40691978,-0.094524175,-0.711291,-0.064438544,0.1823634,-0.46887907,0.39116663,-0.48327264,0.5996763,-0.004154897,-0.19104032,-0.22693719,-0.13005318,0.025792252,0.17014293,-0.5862938,0.088513434,-0.005355058,-0.124202795,-0.1661338,-0.04856057,-0.5584122,0.13880554,-0.4115563
OAS1_0134,-2.3191242,-1.547163,0.5453001,2.2039373,-1.3581256,-1.9632752,-0.15036114,-0.37316668,-1.3423412,-0.7036719,0.9330996,-0.18932766,-1.8911237,-0.48707733,1.5671824,-0.47375414,0.96758914,-0.41285673,-0.18346627,0.28445616,-0.64162713,0.582962,-0.28136015,0.6684349,-0.37300664,-0.30700225,0.80694175,-0.2819801,-0.7415739,0.18692285,-1.1820327,0.20308696,0.5889779,0.10154006,-0.26472515,0.8448559,0.28592336,-0.040731285,0.32227564,0.109447695,-0.020497557,-0.36724094,-0.7380528,-0.32618618,0.33659402,0.120358184,0.18256955,-0.34979194,-0.25679633,-0.11228975,-0.20632748,0.12592153,-1.052342,-0.23855971,0.29478264,0.4591369,-0.11695964,0.39112568,0.5787546,-0.39475188,0.13766983,-0.32264346,-0.33005407,-0.15206972,-0.32235926,-0.4223723,0.099010535,0.68097705,-0.20379847,0.36408982,-0.27476352,0.13856108,-0.028683685,0.78776157,-0.2237197,-0.46012014,0.046259906,-0.1539154,1.003237,0.032067303,-0.019223584,0.4229148,-0.19339219,0.17223811,0.06548081,0.70266736,-0.16656548,0.18830241,-0.26124683,0.4019616,-0.26904106,0.23495755,-0.7090978,-0.3548216,-0.73906547,0.0639606,-1.0318822,-0.20672078,0.24519227,0.20499195,0.7600523,-0.650976,0.54519874,-0.58828944,-0.43504474,0.29655856,0.38098434,-0.012683776,0.35267004,-0.70197546
OAS1_0135,1.5981519,0.1938011,0.47710985,-1.4617741,-0.0949156,0.57814336,0.508601,0.38676423,-0.3396119,-0.24314524,-0.36522722,0.7231418,-0.49714524,-0.6557496,0.0007243791,0.094121724,0.18552437,-0.22667472,-0.84587973,0.36110452,-0.33481294,0.76395565,-0.6669853,0.47760126,0.5556521,0.0995701,-1.3371745,-0.02032816,0.2805491,0.4533904,-0.46900305,-0.6014832,0.035064545,0.70848155,0.44307026,-0.119277276,0.53522307,-0.16077124,0.17219765,0.086552486,0.22503367,0.1745797,-0.121112816,0.87592125,0.32353193,-0.15288167,-0.31165794,0.4523649,-0.74493384,0.060112957,-0.23919216,0.36968395,0.080389984,-0.8697341,-0.014017276,-0.21145949,0.5302678,0.035493586,0.41813213,-0.037967633,0.6398634,-0.87728673,0.04732756,-0.4131219,0.11336572,0.55052745,0.0847723,-0.03110244,-0.1118442,0.91466945,-0.57510585,-0.2251644,-0.0059016338,-0.11112348,-0.19073476,0.24620903,0.13972281,-0.04524195,0.30010435,-0.28670135,-0.2911364,-0.23296574,0.51131177,-0.1348821,-0.31814072,-0.3946581,0.3970529,0.2216734,-0.38848734,0.64934444,-0.38722277,-0.1297874,0.22557099,0.46741655,-0.10553066,0.24462734,-0.29470202,0.028868757,0.37943062,-0.581445,-0.015725577,0.074946865,-0.20578189,0.2103452,0.07849582,-0.103004895,-0.3133736,0.75873965,0.7424063,0.5518208
OAS1_0136,0.35327774,1.8096148,-0.28000864,0.8594918,-0.3575465,0.5060035,-1.3028,-0.097106166,-1.310995,-0.78197753,-0.7438379,0.0259318,0.114176415,0.76543725,0.2695154,-0.6854005,-0.22536188,0.09217814,-0.06964747,0.058746047,0.30697718,1.0289637,0.29189578,-0.5436643,0.5439174,-0.5566085,-0.27310905,0.33205622,-0.09743217,0.63648015,-0.64552706,0.57667994,-0.16604747,-0.16913924,0.64610225,-0.26109347,0.018368736,0.7378518,-0.11832257,0.45046312,0.41349643,-0.03203132,-0.15206605,-0.4439884,-0.19789754,-0.050901584,-0.051531013,0.20256391,0.5634607,0.45599595,0.33409932,-0.8596647,-0.6783957,-0.24431562,-0.091661654,-0.05693326,-0.05545516,-0.18590264,-0.5319577,-0.23920894,0.2507498,-0.26472774,0.01894346,-0.34646505,0.34704766,0.667854,-0.09959699,0.45058167,-0.13236432,0.011883653,0.060506053,-0.42806342,-0.34660184,-0.006760628,-0.5296532,-0.3322214,0.279876,0.7890758,-0.33989027,-0.2683965,0.03996093,-0.08833809,0.16451456,-0.72072405,0.5321519,-0.16845079,-0.31833702,-0.36749163,0.75097,0.080460854,0.43471092,-0.015089557,-0.0005146624,0.19894801,0.15259306,0.09623398,-0.062206663,0.035900638,-0.22464035,-0.08776465,-0.19445817,-0.19563131,0.3727783,0.3358196,0.107633725,0.085101485,-0.33282667,-0.3410511,0.081557475,0.09299071
OAS1_0137,-3.4316943,-1.2483767,0.2651709,0.45452595,0.1764612,-0.7981906,-0.521618,-0.5633995,1.023673,0.23266327,-0.44588548,-0.3103144,-0.11102824,-0.9480291,-0.14766145,0.36873448,-0.552378,-0.0037102827,-0.38715258,0.17549245,0.40058658,0.13789587,-0.9584375,-0.13455398,-0.26864052,0.1061809,-0.3355092,0.042331945,-0.6831055,0.3962021,-0.0782766,-0.05573424,-0.06314356,0.16804203,-0.20681305,-0.40983927,0.35173553,-0.32941598,1.2348211,-0.48510203,0.33164263,-0.2740359,0.51887274,-0.62726676,-0.10862406,0.15763523,-0.13266219,0.14811811,-0.7884305,-0.088176645,0.044845313,0.19682448,-0.3985035,-0.07263746,-0.09767399,0.5829344,-0.26043227,-0.29281887,-0.30316946,-0.55285394,0.05770766,0.16685495,-0.2785423,-0.08083969,0.09890314,-0.16759486,-0.0038710579,0.20057555,-0.72820336,0.44163772,0.17974426,0.12359374,-0.12970334,0.6226391,0.69051456,0.16351755,-0.1084428,0.60098094,0.25363353,-0.26461723,0.013774795,0.6606056,-0.20789562,-0.27311018,-0.6106409,0.5794877,0.1360914,0.035868887,0.38813874,-0.5642181,-0.19525906,-0.22915585,0.0043084277,0.16640024,-0.2124965,0.031205663,0.35768387,0.31742713,-0.6308151,0.073255084,-0.28873423,0.088493176,0.45975536,-0.23669282,0.10030475,-0.017686917,0.09002063,0.34961727,0.18537846,0.08181337
OAS1_0138,-2.7634735,-0.7543217,0.828081,-0.027961865,1.0426217,-1.1862063,0.25794423,-0.7342923,0.07205693,1.5289749,0.6865346,-0.32649827,0.15826648,-1.2128458,0.038561385,1.085505,0.27648076,0.22083119,-0.49695262,-0.32116625,1.223579,-0.26109445,-0.47967297,-0.07949881,-0.011471313,0.2220411,-0.10423083,0.21781637,-0.033974778,0.5160497,0.03931626,-0.09154332,-0.6000212,-0.44208762,0.3416364,-1.0577803,-0.20893472,0.0040159114,0.111648746,-0.25535372,-0.11659688,-0.14954773,-0.71248484,0.09470357,1.3394362,-0.39033583,-0.08292246,0.6298505,0.6479206,-0.59897465,-0.30274576,-0.49630725,0.56463194,0.43811864,-0.14071022,0.067941,0.36099797,-0.22391649,-0.6459242,0.34023944,0.29802173,-0.42137486,-0.24792813,-0.16901065,-0.2950794,0.10859949,-0.31122267,-0.08189588,0.09407807,0.39676377,0.11109076,-0.17622742,-0.2128659,0.29138586,-0.38894063,0.26281247,-0.44516864,-0.10135689,0.19103159,-0.11095857,-0.9319912,-0.18294631,0.84454864,-0.2077708,0.22882116,0.02316242,-0.1002427,0.24629353,0.24414402,0.10104541,0.7305991,0.12585624,-0.096158065,0.08629444,-0.25327733,-0.3620368,-0.014383222,-0.5737935,0.6640736,0.18179452,-0.16705489,0.4580252,0.022430273,-0.036253847,0.11051711,-0.029220259,-0.13459946,0.43939012,-0.4459114,0.0021989734
OAS1_0139,1.3502636,-0.43140337,0.910885,-0.25250065,0.22131836,1.3378505,-0.025446227,0.9757709,-0.541248,-0.060742423,-0.026058469,0.44790122,0.04185882,0.81731236,-0.09121788,0.5489399,0.46555966,-0.22725536,-1.3490809,0.009828684,-0.4082187,0.22739273,-0.5075843,-0.48136967,0.6128298,-1.0140536,-0.80977696,-0.47541085,-0.08833251,0.05842004,-0.05546006,-0.42845622,-0.03809411,0.54224724,1.1533785,0.18335931,-0.29761052,0.013152372,-0.5020476,-0.30514437,0.2962414,0.5069879,-0.67329353,0.38929197,0.18200879,-0.46758205,0.0011824969,-0.6725226,0.0950148,-0.24617393,-0.42935526,0.11137967,0.399846,0.12713099,-0.032625552,0.014907894,0.69315225,0.4452196,-0.12787446,0.35692626,0.40463266,0.16625491,-0.27287653,-0.018782143,0.061040916,-0.31196815,-0.0152951,-0.023482082,0.16460663,-0.15779778,0.095063485,1.1042938,0.10797417,0.39670408,0.12483738,-0.24605647,-0.34534112,0.24108584,0.20018907,-0.44176978,0.37080264,-0.37867728,-0.16601674,-0.4934967,0.13525273,-0.018563999,0.29118162,0.48273805,0.07775354,-0.45555,-0.6145366,-0.30066338,0.23022933,0.11688618,0.09350279,0.18071158,-0.65041333,-0.31533125,0.13026188,-0.047875643,-0.2202608,-0.043890912,-0.39905334,-0.21831411,0.16537519,-0.4101637,0.66107285,-0.56658506,0.17197335,-0.5965001
OAS1_0140,-0.91839266,3.2269251,0.6106981,-0.7445244,-1.1443912,-0.90148616,-0.23856847,0.03913554,0.2860985,0.34035796,0.07437797,0.4396582,-0.046872217,-0.27954915,-0.24978285,-0.569912,0.14934824,1.4162029,0.24203205,0.20080128,1.0918461,0.5606265,-0.33935687,0.17121412,0.4938465,0.63360953,0.09829762,0.26803297,0.3151704,0.6329583,0.45159468,0.41295582,-0.027141547,0.27457544,0.24495678,0.080990106,0.7251531,-0.46285686,-0.16196507,0.07996875,-0.10294656,-0.1266968,-0.5267044,0.10507439,-0.14443015,0.060632598,0.6601764,-0.71637696,0.12080579,0.16216706,-0.063923545,0.47369742,0.6611169,-0.04788123,0.27229476,-0.5331118,-0.03976634,-0.052534945,-0.010931139,-0.34231633,-0.023161843,0.017496744,0.5991012,-0.21390273,0.22302215,0.4612116,0.19364874,-0.40234166,0.07336666,-0.32928625,0.13839102,0.33547762,-0.13895704,0.29410258,0.6794577,-0.22644754,-0.28194216,-0.08789845,-0.028016262,-0.36817452,0.25040707,-0.6033496,0.034583032,-0.14637403,0.7485232,-0.28399467,-0.7451652,-0.44576633,-0.06906814,-0.27894005,-0.027964393,0.71479756,0.3864013,-0.013911613,-0.22532788,-0.506483,0.38745233,-0.26248634,0.05560305,0.48098937,-0.09237942,-0.041920044,0.07801446,-0.025897563,-0.27054182,0.1449563,0.024340495,-0.010658449,-0.08332105,0.29018357
OAS1_0141,0.19939357,1.4159378,-1.1071573,1.136493,0.18833576,1.3478377,0.43563372,0.11170943,-0.27111116,-0.06814208,0.35982475,-0.044035506,0.57010615,0.2417153,0.019739991,-0.23620984,0.37284333,-0.08800726,0.2896285,0.810727,-0.32944235,1.0006576,0.6278489,0.041341376,0.19592384,0.5318342,0.20427443,-0.7297322,-0.6826925,0.40770322,0.13068381,0.36101738,-0.096488975,0.016559964,-0.022422927,-0.86157066,0.1881738,0.08659592,0.07075566,0.22246881,-0.36393264,0.077730365,-0.78862125,-0.5450576,-0.30995685,0.50165576,0.3075335,-0.127931,-0.36122245,0.34436744,-0.30280998,-0.10082776,0.32714215,0.4618452,0.35229415,-0.15900326,0.07133981,-0.10767302,-0.0050064763,0.21007176,-0.06066683,0.21764936,-0.71386206,-0.5296262,-0.08957585,0.2381883,-0.37894145,-0.43343356,0.23207454,-0.3174108,0.004067564,0.2007378,-0.044535372,0.031741973,0.15015109,-0.022959149,0.08874298,0.42207825,0.0928153,0.25286207,0.33424369,-0.1441425,0.3656426,-0.010061843,0.36950594,0.3460423,-0.32037294,0.3874923,0.3702424,0.38525462,0.6881907,-0.5065895,-0.020593679,-0.13882585,-0.21520938,0.056286626,-0.11827336,-0.24179791,0.66375285,-0.20837408,-0.54043114,-0.23709613,-0.408827,0.45396432,0.1936833,0.38057154,0.10801665,-0.46107486,0.098297074,-0.3192358
OAS1_0142,-1.1665238,-0.6118535,1.1574346,-0.2732403,1.0682217,0.62896276,0.7588239,-0.75619745,0.5066169,-0.379455,-0.40498632,1.1060735,-0.28628343,0.3208055,0.04128658,0.19229028,-0.16981913,0.21439879,0.3550025,-0.05161815,0.71771735,-0.34030128,0.14659832,0.004167139,-0.40293124,-1.3989577,0.718635,0.034066036,-0.2854891,-0.47463858,-0.97730887,1.0258752,-0.5254452,0.13226807,-0.2535229,-0.50054455,0.16620639,0.5246555,-0.094511114,-0.061424922,-0.40474927,-0.53054553,-0.038997382,0.62561685,-0.31351793,0.44023794,0.34888157,0.8658998,0.029846456,-0.05153758,-0.11789372,0.11367159,-0.7655184,0.6038718,-0.9565051,-0.890485,0.07628119,0.066617005,0.3471184,-0.18723673,0.20773004,0.23841639,0.087075144,0.08343626,0.38980466,-0.5410712,1.016993,0.32301107,0.2705407,-0.3951058,0.20502336,-0.027758945,-0.33728006,-0.7385094,0.40163943,0.19620639,-0.2538801,0.59868103,0.20830195,-0.61379963,-0.06112774,-0.0056326203,0.077704005,0.43491,0.39857465,0.2823541,-0.057469387,0.29541266,-0.24784414,0.38971516,0.012097845,-0.39603373,-0.046028007,-0.38579348,-0.15767099,0.22371283,-0.04595061,0.16447736,0.22366829,-0.16885604,-0.1015152,0.17092656,-0.16819789,0.17444524,-0.12498566,0.121542,0.32065123,0.20269965,0.02702558,0.023712331
OAS1_0143,2.1524594,0.18176876,1.0704486,0.6017041,1.1946092,-0.4805546,0.9347952,0.11471538,0.5277506,0.3249382,1.3660622,0.07948055,0.2266269,1.2612431,-0.081115834,0.46161738,0.27338585,-0.07638279,0.13317944,-0.093807064,-0.090980284,-0.97229964,0.52973133,-0.45030728,-0.8852937,0.88682884,-0.8676967,0.77237374,-0.5620117,0.19100739,0.024992729,-0.46160138,-0.39507267,0.008658737,-0.03653053,0.6826987,-0.38549283,0.42442048,0.48431557,-0.08838146,0.002259112,-0.2899346,-0.32671747,0.10928053,-0.922248,-0.33499694,-0.78221714,0.13241817,-0.22986756,0.52107525,-0.051544696,-0.082606755,-0.08748596,0.18891679,-0.12648982,0.42731884,0.4294118,-0.5078158,-0.24607942,-0.8429603,0.24424534,0.5667342,-0.094800964,-0.2044127,-0.044991683,-0.17120658,0.9180523,0.16954577,-0.7821691,-0.66665375,0.38041335,-0.59236634,-0.2939947,-0.08911674,-0.4653318,0.118811876,0.11791794,0.21790895,0.59381014,-0.3996701,0.08635124,0.22762884,0.14499983,0.5617163,0.34265792,0.46196008,0.06958237,0.2374741,-0.34480542,-0.14108013,0.4359286,-0.6810195,-0.07515532,0.5498504,-0.5015161,-0.66769797,0.021153018,0.04311882,-0.628312,0.20621163,0.026945313,-0.33268753,-0.064162634,-0.17316036,-0.3228011,-0.45509598,-0.30546492,-0.054148965,-0.02028469,0.1580778
OAS1_0144,0.5546574,-0.5019242,-0.99818903,-1.4440782,0.36485764,-1.2424219,0.7860725,0.48902836,-0.3737105,-0.34569922,-1.0812287,0.048338197,-0.46273398,0.49819946,-0.5899564,0.030552993,-0.23767382,1.197083,0.33658674,-0.9947536,0.19250269,0.3587861,-0.2602368,0.48082003,0.025028858,-0.32573318,0.33584666,-0.14445564,1.1050013,-0.21155831,-0.2707546,-0.3016914,-0.09887191,0.3210891,-0.27047837,-0.17715748,0.35106122,-0.2958695,0.09189826,-0.2746496,0.47481644,0.2465235,0.041545074,0.19338654,0.1999999,0.71004695,-0.25465694,0.31091923,-0.47618923,-0.13483344,0.9079438,-0.45492703,0.0743635,0.15545723,0.12377954,-0.1577614,-0.42057696,-0.29306304,0.40577683,0.05414947,-0.34472898,-0.42983633,0.10774901,0.52761436,0.040854417,0.056470353,-0.067892246,0.5197297,-0.118532665,0.32877842,0.029555818,-0.13551456,-0.013954752,0.38293737,0.21754637,0.27007282,-0.04293894,-0.3387552,-0.116505444,0.017213434,0.46778613,-0.0072048525,0.14037202,0.075176515,0.079633266,-0.39173263,-0.07889859,-0.044682518,-0.28613433,-0.2642051,0.25623366,-0.06460069,-0.33098784,0.78941303,-0.014385707,-0.08335765,-0.06377636,-0.45521075,-0.18137634,-0.079742216,-0.47856054,0.5103322,0.09408409,0.024932597,-0.5084151,0.03312255,0.24608053,-0.42470515,-0.048740163,-0.12662207
OAS1_0145,0.11231044,0.23492043,-0.68430316,-0.056356646,1.0875416,-1.0482818,-0.4356918,0.85198385,-0.6414165,0.31594294,-1.1611148,-0.8032436,-1.0296836,-0.0423727,-0.66671443,-0.0562114,0.74654335,0.040674936,0.16487932,0.15008205,-0.21284619,0.6363674,0.31298572,0.18902701,0.20028773,0.38916087,-0.26171443,0.44800705,-0.28407493,-0.39524767,0.42252705,0.061036367,0.64244837,0.3835427,-0.13270128,-0.050599642,-0.0019547162,-0.06785536,-0.08976237,-0.13311635,0.4489698,0.0002574289,0.39128152,0.54724574,-0.16732326,-0.16311647,-0.110348366,0.27575797,-0.0794523,-0.20204568,-0.14351465,0.36231798,-0.26674077,0.037977356,-0.0013624894,0.38717672,1.1635661,-0.15474571,0.5415184,0.21052581,-0.6253113,0.78830725,-0.23951088,0.092718005,0.18975803,0.15076031,0.12416936,-0.08856772,-0.47269845,0.0065005952,-0.21296348,-0.10543934,-0.2990451,0.017947065,-0.46860605,0.35429487,-0.33398846,0.046554886,-0.0058350195,0.21131311,0.17256264,0.45413685,0.5879402,-0.16088209,-0.24164972,-0.05157608,-0.115732834,-0.06104117,0.18144149,0.35297403,-0.0810782,-0.5416409,0.17111942,-0.3041249,0.38857886,0.124437034,0.6311756,-0.18552406,-0.09099149,-0.9316123,0.33205855,-0.08772513,0.22199723,0.08030598,0.0626928,0.13722304,0.35602435,0.1893496,-0.3998739,-0.34803653
OAS1_0146,-0.170613,0.5916002,1.6554328,-0.76137555,-0.9519698,1.4816674,-0.8661598,-0.22554544,0.08871462,0.1912854,-0.23366903,-0.08116488,-0.51482445,-0.42092013,-0.7415974,-0.89529586,0.88458604,-1.3427674,0.23429476,-0.49963495,0.6442442,-0.03227678,0.51879615,-0.2217376,0.86444527,0.86590195,1.4543687,-0.9509749,-0.116287485,-1.0010664,0.06628966,-0.34879312,-0.21421835,0.32563654,-0.14986826,0.21174106,0.05574211,-0.37400663,-0.5732845,0.6775856,0.7636843,-0.117951214,-0.07747925,-0.45211664,0.4429945,-0.4178142,-0.347582,-0.18034706,-0.14578824,-0.03436654,-0.18744375,0.023437798,-0.2856734,-0.5328025,-0.42562956,0.44938764,0.106508166,0.56805754,0.4474727,-0.42025957,0.17141464,0.23965773,-0.39518744,0.6435095,-0.678326,0.7381318,-0.19308765,-0.05049655,-0.02213317,0.21379021,0.36466303,-0.20586492,-0.22632125,-0.46176982,0.07060083,0.51351166,-0.004217218,-0.17154507,0.4624993,-0.26459453,0.6195381,-0.72048897,-0.24449672,0.1637734,-0.046816844,0.13540784,-0.061337624,-0.051507328,0.24949983,-0.2643795,-0.0054875105,-0.012196877,0.11344577,-0.0061285296,-0.07596724,0.029810876,0.57393634,-0.02050908,-0.18611793,0.4658682,-0.03442322,-0.0126894135,0.1539122,0.21249801,-0.021043226,0.55880016,0.17258519,0.18185225,0.17470242,0.019370351
OAS1_0147,1.7710102,-0.40081748,-1.3829739,0.5540545,-1.8032761,0.027952531,0.44599554,0.64114136,0.70379245,1.0279523,0.16232237,-0.43525097,-0.06938365,0.3539939,-0.4058364,0.7786718,-0.114342,0.0843658,-0.081180066,-0.15177307,0.58155626,0.7589554,0.36085683,0.31882414,-0.888844,-0.0032850082,-0.12408238,-0.010189499,0.3776619,0.0064121597,0.020485738,-0.051744107,-0.7293386,-0.36206558,0.4269026,0.54109764,0.266766,0.16307546,-0.1330178,-0.62719005,0.31925437,-0.44015262,0.085287794,-0.12399847,0.21681839,-0.17975925,0.57088536,-0.06951004,0.4313614,-0.15987481,-0.16088144,-0.9250084,-0.15982087,-0.061850324,0.049315754,0.41494283,0.44936275,-0.08184405,0.55380267,-0.99218607,-0.2150594,-0.024518998,-0.6323858,-0.1902607,-0.20001839,0.12725031,-0.2725277,-0.23320305,-0.17124748,-0.1750442,-0.2557789,0.0909973,0.019897623,0.23671217,0.20897697,-0.33623233,-0.08983968,0.9336318,0.1661245,0.49853885,-0.6740176,0.30000257,-0.34764826,-0.8183679,-0.04131241,0.27198288,-0.13086152,-0.53608584,-0.031083783,-0.55687356,-0.2965443,0.21321222,-0.40948328,-0.2417918,-0.26765916,-0.80503446,0.16885571,-0.20247917,-0.0049473853,-0.40117088,0.021521222,0.27328062,-0.53265536,0.4823557,0.30991215,-0.047615808,-0.2706794,-0.21119027,0.226322,-0.1217206
OAS1_0148,-1.1393609,1.7543614,0.4557137,1.3396139,-1.1016666,-2.0164018,2.3046768,0.2819684,-1.3684852,-0.6372875,1.5231751,-0.3998116,-0.6766031,0.06905052,0.8858142,0.4632928,0.23860694,-0.27526358,0.3212896,-0.055577047,0.09741163,0.30795383,0.8945466,-0.01867053,-0.8722357,-0.23380172,0.45567092,-0.6685082,-0.89457613,-0.9287884,-0.8873662,0.6736646,-0.47535273,0.6575611,0.8427214,-0.05494509,-0.06680799,-0.6397069,0.44855314,-0.67607516,-0.07873359,0.51782817,0.16665766,-0.1401234,0.1757993,0.022507751,0.11061278,-0.30000833,0.54591405,-0.08972663,-0.25550216,-0.19679283,0.9747552,0.33816218,-0.44473565,-0.13133533,-0.0221017,-0.21291171,-0.28430972,0.37592015,0.004847313,-0.88017106,-0.3256812,-0.31620225,-0.22818807,-0.42816675,0.34378964,-0.699013,-0.08034169,-0.04248993,0.16522007,-0.11608853,0.53249675,0.61372495,0.6512702,0.4821356,0.79348344,0.5839819,0.10081278,0.64092207,0.75666124,0.4430068,0.33329597,-0.7286238,0.099906504,0.50994074,0.06538858,0.0711957,-0.21124838,-0.22282186,0.1127829,0.40273133,-0.3734694,-0.4224849,-0.26018107,-0.45707864,0.769748,-0.27232677,0.0018806688,0.019819451,-0.40919203,-0.21464224,0.00138316,-0.52397734,-0.37688604,-0.38798305,0.08817874,-0.41993162,0.26647505,0.5147516
OAS1_0150,-1.8288754,0.53214157,-1.9869616,0.19358946,-0.82141054,0.87240714,0.18323724,-0.13747172,0.5567801,-0.22225411,-0.30215532,0.7484822,0.07490879,0.32846922,0.378295,-1.2533845,0.2234881,-0.2240676,-1.0924069,-0.3452656,0.44965765,-0.57913274,-0.18621628,0.5616226,-0.46206245,-0.3065508,0.6706142,0.034219034,-0.121078916,0.065593615,0.4925866,-0.5710311,-0.009083676,0.15482989,0.47245035,-0.27922055,-0.534765,0.31522423,0.3647563,-0.5912275,0.2333475,0.83249176,1.0069618,-0.6854646,0.35347295,-0.005734951,-0.13878866,-0.51168215,-0.16137879,0.2360503,-0.04910741,0.50668687,0.34062168,0.99284434,-0.06470291,-0.7080756,0.08631798,0.6086738,0.32920814,-0.33527014,0.24067469,0.7334672,-0.551223,0.31167504,-0.0058431393,-0.07206203,-0.65122896,-0.25655344,0.22065265,0.33423844,-0.44003037,-0.20862968,-0.043523043,-0.09359228,0.3900509,-0.2532068,0.33231583,-0.13118401,-0.20116162,0.057289876,0.7604076,0.20736687,-0.37598646,0.49969152,0.5945021,-0.2798649,0.6077177,0.21626563,-0.2777758,0.3606335,-0.2197791,-0.5510918,-0.06445902,-0.66007054,0.027564574,0.14173801,0.006007674,0.08355402,-0.4540277,-0.3389565,0.85506815,-0.19406745,-0.48750043,0.022535164,-0.054928545,-0.25362152,-0.3024449,0.3252483,0.15789653,0.22388682
OAS1_0151,1.4825989,-0.6185781,-1.8057339,0.09594506,-1.5609113,-0.62539107,-0.28180376,0.06670072,0.87800914,0.62800366,-0.031878963,-0.5839787,-0.065129675,-0.034019433,-0.3081989,0.49543306,-0.32368702,-1.2288946,0.54114914,-0.11963429,-0.3073326,0.13197562,0.21223263,-0.1347508,0.4201147,-0.48557556,-0.05590295,0.39961055,0.293187,0.09592004,0.33382457,0.04285611,-0.6144051,-0.96655375,0.64876,0.20509169,0.24247353,0.30647317,-0.14771275,0.06648388,0.254874,-0.4573156,-0.114842646,-0.5559045,0.6464901,-0.60551214,-0.014393164,-0.11379989,-0.09339049,0.060948163,-0.1431356,0.6148421,-0.15175784,-0.46340936,-0.03345931,0.49377048,-0.41622826,0.46892962,-0.040198687,-0.043081153,-0.44325754,-0.33943596,-0.13925242,0.34313568,0.20603053,-0.31800497,0.087263055,-0.12931448,0.11879416,0.3749054,-0.66500235,-0.55280036,0.35638836,-0.56387186,-0.17852683,0.20325057,0.2714262,0.2858569,-0.0031296248,0.019218594,0.087324075,0.62701833,0.8856604,-0.1958627,0.20220815,0.42960876,0.31283152,0.017951153,0.047996916,0.38028502,0.10437504,0.87442094,-0.4046083,0.8708078,-0.975795,0.053188607,-0.116827644,0.5325232,-0.22500435,-0.062575996,-0.4753635,0.28598776,-0.28959972,0.33544505,-0.1383733,-0.19662394,-0.22510906,-0.24523734,0.27430496,-9.238665e-06
OAS1_0152,-0.5294685,1.1968373,-0.7560039,-0.87313086,-0.054500867,1.5189891,0.7246179,-0.13822298,-0.43906948,-0.36564282,0.335618,0.2160414,-0.1817742,-0.60411257,-0.09536164,0.021126226,-0.5688729,-0.03887448,-0.1465716,0.29285347,-0.46593186,-0.38430363,0.701852,-0.8359104,0.26783454,-0.6564808,0.038654156,0.33602345,-0.3600771,-0.2606124,-0.71899736,0.049597222,-0.13739133,-0.102516145,-0.40253156,-0.3211053,0.0573729,0.08961796,-0.87367654,-0.5529101,0.096744366,-0.60175866,-0.6356848,0.01647924,-0.57535404,-0.58295447,-0.16843607,-0.105416976,-0.078297704,0.27750534,0.26166892,-0.62280166,-0.13433185,0.12789531,0.1765015,-0.12201257,0.05488214,-0.13168815,-0.16371614,-0.27478763,0.30774868,0.80944705,-0.18899272,-0.36375204,-0.45151314,-0.38483682,-0.049618643,0.56940377,-0.12882714,-0.3963798,0.5096211,0.086157605,-0.26424134,0.551693,0.05890687,-0.3629283,-0.0035319796,-0.09527267,-0.22032021,-0.03374713,0.12568149,0.33646876,-0.36755866,-0.032999493,0.28755736,0.5834582,-0.2724584,0.23503156,-0.26299417,0.32210794,-0.027452663,0.28071064,0.3198332,-0.43740973,0.0049670236,0.25388834,-0.2987119,0.22936848,0.004330687,0.048823062,-0.0010291842,0.13318457,-0.13991955,0.077141695,0.18952557,-0.19043802,-0.038355306,-0.0689345,-0.068894334,0.36152568
OAS1_0153,0.8157051,0.23821424,-0.79846066,-1.5382684,-0.12501061,-0.27439204,0.588089,1.1427449,0.023983616,-0.69090164,-0.3463179,-0.3181933,0.17848551,0.27359372,0.053352658,0.036101285,-0.22932065,0.30744663,-0.23117293,-0.9121648,-0.29625306,0.32362327,-0.7639052,-0.5160464,-0.39367318,-0.13229483,0.37815976,-0.3030191,0.10507466,0.34993088,-0.08475561,-0.10014867,-0.54913044,-0.5316701,0.1439057,-0.07797198,0.038616594,-0.098947905,-0.1495383,-0.15050465,-0.70591253,-0.4946996,-0.57791054,-0.088237025,0.1390995,0.33173096,-0.6190223,0.36581585,-0.53540605,0.11200612,0.002350681,-0.022090552,0.8123775,0.15268144,-0.45262334,0.009730619,0.7577499,0.14876227,0.39088184,0.19873112,0.16851392,0.06121027,-0.061812263,-0.21873443,0.08436882,-0.19579805,0.011742893,-0.33320943,0.07514508,-0.1117909,-0.12793222,0.36575493,-0.1795246,0.49762422,0.21307604,0.42221454,-0.39292157,-0.2903093,-0.40715697,-0.021516312,0.26014897,-0.6638892,0.35051608,-0.29273957,0.13286614,-0.15520668,0.7350473,0.29039708,0.16123353,-0.714303,0.89247674,0.0132570295,-0.5170733,0.022573479,0.03978696,0.1682695,0.2522657,0.4130482,0.024194853,0.068190925,0.2515769,-0.12622258,0.2212014,-0.058596652,0.038508754,-0.029698187,-0.206825,-0.16802572,-0.27535993,-0.0033357225
OAS1_0155,-0.54008263,1.0588157,1.3247565,-0.05785764,0.9065621,1.0640862,0.1646547,0.42276794,0.3740461,-1.2247978,0.47197345,0.39152414,0.40499896,-0.69088256,-0.67911804,-0.25492847,0.21862441,-0.7023822,-0.5896591,-0.47431526,0.25797224,-0.671881,-0.14326254,0.23917161,-0.6008914,-0.12716159,-0.08752798,-0.13898933,0.85970366,1.0109547,-0.042678244,-0.282371,0.07576448,-0.212574,-1.1014656,0.027416883,-0.15116,0.40385386,0.96577644,-0.16390894,0.3933992,-0.16881223,0.13600598,0.085673496,0.52488357,0.08228675,0.15652725,-0.14339666,-0.06642186,0.24155644,0.75325125,0.6684031,0.022089345,0.5857134,0.100691326,-0.15616922,-0.26230747,-0.05846687,0.04903545,0.2472074,-0.6509145,0.060627583,-0.27121553,-0.21927659,0.27352664,0.77863175,-0.51809305,0.12776184,0.25866836,-0.33333096,0.39966178,0.27515754,0.175072,0.40231264,0.12368672,0.3148422,-0.652162,-0.32366362,-0.31152615,0.6412943,0.0754434,-0.41647995,0.55353886,-0.14425947,0.18006854,0.05584178,-0.22704099,0.31081164,-0.42495653,-0.29201198,-0.21326154,0.20017432,-0.17591877,0.2949904,0.3412438,-0.24216686,-0.037457913,-0.34619915,0.09668984,-0.4304384,0.23793845,-0.29479262,0.17590891,-0.35569927,0.10793348,0.34746093,-0.38947237,0.108475,0.20597212,0.064000525
OAS1_0156,0.6660324,-0.582345,-1.7053411,-0.7834534,-0.5329283,0.27916455,-0.3978104,0.53704286,-0.38702974,0.12892391,0.6578307,0.95283216,-0.72777927,0.32216313,0.3431112,-0.4020204,-0.4121759,0.3616253,-0.6547865,-0.76022744,0.34701622,-0.15131992,0.4658137,-0.016170805,-0.3250881,0.4838703,0.18803684,0.037988562,0.37893373,-0.8402021,-0.08252307,0.1400601,0.2422304,-0.63018525,-0.24978632,-0.7629913,0.14796147,-0.09443898,0.61029166,-0.1382503,0.4994833,0.0028038593,-0.16874711,0.09157064,0.04601854,-0.2383903,-0.7587933,0.8066732,-0.03510245,0.12880608,0.7349276,0.5411737,-0.5852793,-0.030996684,0.2888055,-0.15186018,0.10034124,0.20823212,-0.12511276,0.5781556,0.15356949,-0.16758037,-0.5286958,-0.29670754,0.12615271,-0.36493546,0.25094363,0.52818936,0.787594,0.23968562,0.31911772,0.2655871,-0.09300397,-0.12920429,0.16413473,0.13080603,-0.6610272,0.092238374,0.36486286,-0.27403846,-0.38426828,-0.27100497,-0.11784364,-0.096359484,-0.20487632,-0.07253598,0.07778265,-0.20881842,0.8671758,-0.09126011,0.04124368,0.29456022,0.1372718,-0.2011742,-0.1281015,-0.06183543,-0.43045288,0.16988027,0.031218141,0.3097953,-0.13269174,-0.65428376,-0.21264598,0.3300441,-0.43813086,0.25895298,-0.107028686,-0.04469788,0.20236093,-0.38306737
OAS1_0157,-1.2046646,1.0695614,0.8594765,0.5072332,-1.0072341,-0.38944533,0.045295693,0.61129725,0.9007159,-0.841145,-0.7162749,0.28290278,0.43487027,0.2876948,0.6251916,-0.2673301,-1.5064058,0.33334902,0.16960059,-0.8818291,0.60037076,0.19371045,-1.2667109,0.73952186,0.20731509,-0.5152519,-0.23790964,0.038641874,0.12889254,-0.8409318,0.021535883,-0.26877213,0.6978735,0.24007428,0.13265534,0.5025595,-0.19165654,0.13535267,1.050813,1.5933222,0.34471703,0.11450073,-0.03071213,0.5303179,-0.357443,-0.86268824,0.023701686,-0.13725398,0.29675478,0.47516403,0.07205453,-0.08848488,0.165771,-0.40786737,-0.14906192,-0.100404665,0.17808127,0.09931571,-0.27282047,-0.12026311,0.06160263,-0.2469632,-0.39515236,0.5041995,-0.93101954,0.60699785,0.2614446,-0.17727424,0.23432556,-0.060465027,-0.06290867,0.4096939,-0.20715944,0.11374422,0.24977067,0.3201147,0.31042448,-0.34639433,0.61136127,-0.6431448,0.07670054,-0.27535912,0.05910309,0.12355463,-0.19643642,0.4964021,-0.65793747,-0.054331556,0.117352314,0.32302102,0.31742647,-0.066424295,-0.18073806,0.065799475,-0.28112912,-0.2759626,-0.43045178,-0.14606427,0.30418628,-0.24470371,-0.38141835,-0.84555346,0.050529983,-0.30048206,0.22389114,0.096378334,-0.21873592,-0.1653843,-0.2538463,-0.14705987
OAS1_0158,-0.6736612,-1.6315955,1.0473197,0.46970898,1.3865949,-0.37125334,-0.3366453,-0.75767326,0.41396984,0.0489187,0.34255642,1.2469515,-0.17160678,-0.69193846,-0.30484843,-0.23244216,0.90866756,0.2775646,-1.0582013,0.48847264,-0.38268417,-0.4042918,0.4389951,0.770386,1.2302692,-0.51481044,0.0072900583,-0.33328715,-0.0066874847,-0.31402043,-0.45235708,-0.20566049,-0.14591272,0.1899777,-0.23437195,-0.37500545,-0.20830081,0.31960523,-0.23981188,0.7823139,0.27871612,-0.13235041,-0.16370639,-0.24665888,0.4811487,-0.26064014,0.46460423,0.00036441034,0.04795822,0.37777406,0.24777067,-0.63702756,0.24431796,0.0008673922,0.06343834,-0.32938573,0.53577644,-0.08656785,-0.7231819,-0.058190618,-0.38762888,0.37712646,0.16059889,0.15729189,0.5276915,-0.3411274,-0.40999624,0.30402836,0.23807468,-0.15741535,0.19690284,0.57883626,0.103030056,-0.46165842,-0.055451702,-0.6130058,0.7789767,0.3389138,0.38360146,0.011149429,0.17396887,0.2035771,0.2118809,-0.43007213,-0.11861775,0.024344176,0.34095666,0.25268814,0.2210925,-0.4022137,0.1686521,0.13866834,-0.036733728,-0.031037027,0.95502996,-0.4699144,-0.110295534,0.19636945,0.06446277,-0.014382268,0.07165689,-0.45534417,0.023174437,-0.35034978,-0.47137365,0.16496551,0.5084487,0.164293,-0.105776705,0.009389831
OAS1_0159,2.612642,-0.37423956,-0.19471729,0.10745249,-0.6527561,-0.90010554,-0.23772834,0.3707947,0.4462508,0.30104142,-0.8346607,0.0005825922,-0.305518,0.75097936,0.19154374,-0.8685639,0.38100624,0.39590046,0.074348226,-0.51903474,0.46656525,-0.320392,0.110743426,-0.5154335,0.30302873,0.28091037,-0.7757404,-0.26687726,0.29416636,0.4855177,-0.79263234,0.7268107,0.5471111,0.5959864,0.3971026,-0.60340387,-0.40999246,-0.006543694,-0.2036256,-0.20246752,-0.4697349,0.6068392,0.19170836,0.36229414,0.38802165,0.39865282,0.31201157,0.3443431,0.12948954,0.11066332,0.24655826,1.0838567,0.10628175,0.16922408,0.15129647,-0.32040834,-0.2592606,0.14826892,-0.56610787,-0.13612802,-0.37859493,0.073430315,0.0041994657,-0.025011547,0.03162979,0.09162173,-0.16147101,-0.20581591,-0.19423361,-0.010221551,-0.18998969,0.06609496,-0.3591343,0.2704574,0.06009728,0.1768209,-0.08498781,-0.0742234,-0.14528704,0.8731582,-0.46120694,-0.4198278,-0.3266886,0.12090387,-0.40791017,0.32944357,-0.5334787,-0.14969304,0.5724112,-0.5023214,-0.10462774,-0.2796754,0.09564081,-0.0087238895,0.3445914,-0.20278594,-0.27817574,0.08672827,-0.25367564,0.1651866,-0.5411908,-0.1930994,-0.050365105,-0.4003516,-0.37827006,-0.16853361,0.00727995,0.13352548,0.1312423,-0.23724739
OAS1_0160,-2.1510596,0.9671824,-0.08134285,0.0002659705,-0.4837903,-1.3009115,-0.6240562,0.8406648,1.424335,-0.21141312,0.8085209,0.1407494,0.4661091,-0.07710778,-0.7209932,0.40633318,-0.36630073,0.17554675,0.0742854,0.78062326,1.0616398,-0.25100896,-0.46705142,0.4497013,0.2607193,0.05940169,0.09318115,0.80770737,-0.83250684,-0.5871948,-0.0047799572,0.30363944,-0.46294808,-0.006290679,-1.0245423,-0.89422244,0.0027523402,-0.31809992,-0.1026253,0.41274056,0.2618307,0.18012491,-0.43736866,-0.20560707,-0.0584632,0.6204434,0.38446945,0.82317996,-0.31993043,0.4554169,-0.6820361,0.7118062,0.053592455,-0.8301839,0.05388562,0.059066787,-0.016789325,0.10313483,0.15998511,0.51191044,-0.26951253,-0.20134056,-0.030209891,-0.56927973,-0.14024897,0.0295785,0.043629535,0.13716084,0.13061318,-0.9309557,-0.61214864,-0.087530136,0.2950448,0.0697303,-0.04900457,0.0029013213,0.16766028,-0.07754426,-0.1516954,0.28975067,-0.028641522,0.10311601,-0.8299753,-0.33003852,0.28827152,-0.17613381,0.5062045,0.024950413,0.48807177,-0.53795457,0.03218581,-0.3134338,-0.113046855,-0.041410048,0.5564225,-0.13659552,0.13880436,-0.084116384,-0.60148007,-0.67486477,0.020156493,0.1926118,-0.07819274,-0.24392898,-0.35136992,-0.04457987,0.61892784,0.20120162,-0.04620775,0.6522695
OAS1_0161,-0.15250683,-1.5270016,-0.03765881,-0.18440679,-0.451013,0.9674375,0.104195334,-0.768722,1.0478997,-0.7794596,0.6367277,0.053033944,0.04247859,0.6184376,0.4777838,0.48954844,-0.3134115,0.11020934,-0.7846656,-0.5087135,0.24780007,-0.2246986,0.21821602,-0.26151502,-0.5592665,-0.91684335,0.027120862,0.37569758,-0.87816316,0.73734117,0.5999648,-0.37816787,-0.70185053,-0.11290711,-0.23234059,0.2176652,-0.05681958,0.17933762,0.41088796,0.23332001,0.5505327,0.63494647,-0.43519175,0.038950685,-0.19048443,0.16290317,-0.3048388,0.40525478,-0.974445,-0.369548,-0.64409137,-0.25987056,0.6087063,-0.39177787,0.07336092,-0.32320663,0.7890947,-0.07814061,-0.5853233,-0.19503398,0.024302263,0.5252812,0.7096653,0.022461163,-0.23749545,-0.061442137,0.06403799,-0.12847205,-0.28566054,-0.026905041,-0.16184936,-0.1020607,0.5504705,-0.20787266,0.9597606,-0.41764086,0.17821756,-0.08591631,0.6545142,0.20323938,0.095520005,0.44328532,0.30092388,-0.20615931,0.43124902,-0.55699927,-0.880386,0.0822828,-0.26409164,0.6827242,-0.6993516,-0.24333173,0.21609235,0.46986872,-0.40692726,0.23424704,0.26739082,-0.16557577,0.12879005,0.28970566,0.11853441,-0.4596981,-0.18201111,0.23668091,0.29160598,0.60084945,0.27510935,0.22030862,0.27393237,0.21089652
OAS1_0162,1.8040643,1.1594511,0.1341137,-0.5327956,0.62003046,-0.552302,-0.47983915,-1.0572547,-0.70946276,-0.3030517,-0.9683463,-0.7368325,0.07392935,-0.32781658,0.70022243,-0.2205157,-0.6850776,0.56352043,-0.4980237,0.60856843,-0.3848565,-0.048145123,0.105834104,-0.2895087,0.096065104,-0.22320095,-0.39976403,-0.10650985,-0.78293014,-0.1479616,0.25294217,-0.9067616,-0.23759641,-0.36446565,0.7978169,-0.1356618,-0.057201326,0.53693074,-0.22794572,-0.33819097,0.3394155,-0.16026622,0.7874443,0.24799478,0.27497464,0.3956937,-0.33283183,-0.3378619,-0.10377065,0.5350109,-0.25325707,0.23362826,0.139757,0.06134275,0.016710619,-0.35807768,-0.18170576,-0.060644925,0.3268579,-0.10917549,-0.82486135,0.25322872,-0.110323444,-0.20466225,-0.24788493,0.1401289,-0.046690945,-0.3315627,0.08423999,-0.19672367,0.5290354,-0.8912064,0.4848198,-0.24805908,-0.11388983,0.3919369,-0.5564135,0.34498268,-0.38294724,0.1878174,-0.12599288,-0.43019882,-0.063321784,1.1861347,-0.0016720059,0.060694728,-0.72867787,0.034803785,-0.42268062,0.15211979,0.17801891,0.21384412,-0.19810809,-0.0036752701,0.32800063,-0.5386628,0.23749185,0.09424528,0.06323978,0.39290583,-0.019782595,0.24725765,-0.28074363,0.4503292,0.32090667,-0.0075271535,0.32115778,-0.10411004,-0.21030375,-0.13103338
OAS1_0163,-2.1626813,0.49585128,-1.9980656,-0.07546986,-0.9838515,0.18577422,-0.12520435,0.9261647,-0.6775697,0.9647143,0.09203831,-0.25701085,0.81501305,1.3423532,0.67451817,-0.2821028,0.40013674,-0.02708192,-0.0032672677,0.5304887,-0.2643922,-0.45024505,-0.2928406,-0.59016657,0.015933035,-0.37745535,0.10156474,0.4752435,0.2348758,-0.17549898,-0.2846799,0.45372397,0.01738132,0.40987343,-0.41405135,0.05767744,-0.18680336,-0.02673165,0.18917874,-0.30781522,-0.40972495,-0.3156004,0.44555914,0.47937077,0.15579966,-0.31769517,-0.27613306,-0.005521857,-0.016077273,-0.38817027,0.35789242,-0.7256724,-0.55822235,-0.2862229,-0.9903531,-0.10651125,-0.28431258,0.45965478,0.36565033,-0.34454653,-0.072410874,-0.19608682,-0.056813546,0.12892881,0.63141525,0.051881146,-0.33709097,-0.518863,0.6078082,0.2867569,-0.43393815,0.009891534,-0.2853531,0.3828897,0.37684298,0.22201586,-0.35141954,0.1879488,0.19729257,0.0806015,0.635623,0.35058898,-0.60161984,-0.00546361,-0.3779468,0.24350996,0.49209553,-0.017567907,-0.14657089,-0.011486236,0.08849353,0.19638431,-0.40645078,-0.2990595,0.19902971,-0.091327965,0.38648036,0.2864584,-0.15494545,-0.12846139,-0.57641363,0.15320449,0.116281725,0.20782265,0.56378716,-0.016424349,0.5563841,0.1332868,-0.059876658,-0.061599042
OAS1_0164,0.006335605,-2.14158,-0.1189504,-0.5316089,-0.31481078,1.2112976,-0.72238517,-0.60109675,-0.04283919,-0.8384566,-0.021841183,0.39036706,0.07601805,0.3599048,-0.35401753,0.07777729,0.40671328,-0.6195916,0.79508317,0.53165793,-0.65870804,0.0048332564,0.43454325,0.24879146,0.4277385,0.33703378,0.10854156,-0.21884288,-0.49507785,0.26798934,0.13752608,1.1193401,0.37622863,-0.09384898,0.3859987,0.50593406,-0.4547773,0.13234523,0.2914182,0.42206082,0.5232117,-0.17636979,-0.30439293,0.019740112,0.71725553,-0.14798784,0.11707223,-0.05349396,0.47176716,0.2307853,0.794135,0.43781972,0.51305014,0.37821412,-0.01378178,0.06611082,0.35659993,0.1404349,0.038336802,0.73898154,-0.52775604,-0.13862024,-0.11548051,-0.18438359,0.41702098,-0.28272334,-0.18572453,0.4804119,-0.25346398,-0.10637912,-0.6411391,0.18561389,0.4653125,-0.048003763,0.25863424,0.1939896,-0.5046195,0.1059062,0.26594517,-0.15873165,-0.20869996,0.11911899,-0.1439307,-0.20985222,0.15528615,-0.034148138,-0.44742924,0.66330534,0.2592418,0.28324077,0.38672963,0.43010974,-0.12342193,0.5479676,0.19947174,0.29566857,0.32228115,0.45548108,-0.79429245,-0.2716678,0.7709839,-0.03504874,-0.042109888,0.64558744,0.012064433,0.16479525,-0.055333965,-0.35671392,0.21283177,-0.41232386
OAS1_0165,1.3767866,0.69221914,0.75298727,-1.5882689,-0.58204615,0.21328142,-0.8765,-0.14099173,-0.77251154,0.56430304,1.0883744,0.69679433,0.15978752,-0.338732,0.09505148,0.49715418,0.49942198,0.17281568,-0.6112946,0.13877241,-0.6444875,0.2186754,0.6033181,-0.53884774,0.7777011,-0.19670367,0.6246908,0.61624616,0.028422173,0.67659587,-0.029613938,0.49857798,-0.9369927,-0.5260462,0.1397086,-0.46590567,-0.017835725,0.36315605,0.7210808,0.24985762,0.4214159,0.16818288,0.43131736,0.45419815,-0.38981286,0.18126471,-0.03669716,0.04446061,-0.5113152,0.13075906,-0.2797104,-0.4502081,0.15715346,-0.41902503,-0.48978904,0.14815862,-0.033416413,0.011809431,0.1809597,-0.3734157,-0.37096,-0.0020312525,-0.05171528,-0.117922455,0.45858917,-0.1210418,-0.04277502,0.18576266,0.14557044,0.13541362,-0.023368098,0.52039576,-0.21251856,0.5010108,-0.20646405,-0.016506799,0.27457958,-0.4554114,-0.1751329,-0.037727825,-0.15550078,0.033667743,0.14224046,0.08369841,0.15231591,-0.53748846,-0.5242042,-0.07672764,-0.022874018,0.40112507,0.18727297,0.20857012,-0.006082424,-0.28867853,-0.42743042,-0.1825125,0.63954186,0.23121196,-0.11724505,0.21836703,0.1149891,0.40571025,0.13007036,-0.1780866,-0.08649506,0.42506355,-0.20967391,-0.5703528,-0.45160732,-0.84223306
OAS1_0166,-3.282856,-1.0305835,0.33181763,0.3543196,-0.50361395,-0.66159564,-1.1221712,-0.060695156,0.38015383,0.14774607,0.015394605,-0.38455805,1.1005689,0.5250753,0.63436586,-0.5526127,0.36724186,-0.3138546,-0.9204449,0.43545178,0.7347804,0.68013227,-0.38208556,0.46430296,-0.22623566,0.15983886,-0.17592171,-0.1886588,-0.62142813,1.4099872,-0.3701069,0.22194944,-0.78414065,-0.38831404,-0.38157544,0.047241747,-0.71418625,-1.101072,-0.54779667,0.02515854,0.31030235,-0.4691601,0.39608836,-0.8540465,-0.11600849,-0.6845277,-0.14262424,0.9123569,-0.33514383,-0.25728753,-0.30870998,0.11478981,-0.29586434,0.37914696,0.7197848,-0.20411968,-0.181246,-1.3555937,-0.7729422,0.17242871,-0.2003654,-0.41744497,-0.450641,-0.038562648,0.09312501,-0.47498512,-0.064794146,0.13039641,-0.4337103,-0.25967103,0.18169136,0.17987622,0.035835817,0.16061579,0.5867232,0.25037622,0.11598895,-0.3156755,-0.57332367,-0.14761642,-0.12523915,-0.29908782,0.20176594,-0.0004355743,0.5454962,-0.32241377,-0.8533193,0.06865807,0.07387923,0.5960253,-0.19856675,-0.4089753,-0.67960393,0.07213208,1.0050536,-0.36727336,-0.09253827,-0.57131505,-0.052501824,-0.24010596,0.3689843,0.3840664,-0.57102466,0.30938864,0.11218243,-0.15773103,0.40095195,0.036035262,0.615332,0.15135713
OAS1_0167,0.69905764,0.48857066,-0.47827718,-1.4558934,-0.14514072,-0.36186782,-0.9053053,0.6272715,-0.50415224,0.27927956,0.55720264,-0.2887575,-0.5956752,0.051505134,0.118702225,-0.47039205,-1.1636869,-0.5155624,-0.62448305,-0.81038165,-0.0013261262,1.0247837,1.0289636,0.50917184,0.36274454,-0.16013502,0.17191564,0.012894308,0.09671024,0.18165657,0.033817075,-0.09378268,-0.28079608,-0.038559746,0.8756488,0.43001172,0.5132473,-0.6539426,-0.25028995,0.12309041,-0.1630282,-0.5092168,-0.11919154,-0.10278279,-0.23682311,0.45533666,0.5288248,0.4706024,-0.5258281,-0.52200073,1.0403155,0.025662486,-0.09599826,0.16058886,-0.17735478,0.5772532,0.28871328,0.31223872,-0.2696906,-0.36461765,0.14770244,0.30281508,0.38238668,0.09902456,-0.8193648,-0.26980513,-0.5220729,-0.60676295,-0.3417066,-0.020632863,-0.42361426,-0.30564213,0.30464265,-0.123856686,-0.41521034,0.0072731995,0.13291071,-0.872689,-0.32567,-0.029370219,0.21614227,0.2628367,-0.5884893,-0.08773052,0.6528993,0.4210277,-0.22401273,0.30885845,-0.18030837,0.20507717,0.19907594,-0.28981718,0.32173726,-0.066012904,-0.010125814,-0.43756184,0.2724514,0.03581655,0.7775258,-0.20304783,-0.8215108,0.48597333,0.2304169,0.11323963,-0.24307325,0.17252716,-0.049073648,-0.05338813,0.44500834,-0.21960814
OAS1_0168,1.0414445,0.12459054,-0.79139847,-0.8904985,0.107597895,0.44493887,-0.20766884,0.9648829,-0.46742302,0.11616773,0.50767845,-0.19977853,-0.24870008,-0.3223543,1.0410348,1.488691,-0.7267952,0.30814126,-0.43899342,-0.49133408,0.21723655,0.4231404,0.5209636,0.060545366,-0.021794962,-0.4054314,-0.22564723,0.7686075,0.024869395,0.35366616,-0.47244695,0.31923196,0.045041166,0.32179594,0.19787197,0.5035875,0.3484231,0.9003232,-0.30291328,-0.54985046,0.08677219,0.20144184,0.14183392,-0.20678854,-0.7096135,0.31871274,0.12594758,0.018430915,0.38241613,-0.32816747,-0.6822257,0.40369406,-0.6235679,-0.4030761,-0.06898156,-0.05397088,0.52365077,-0.40312675,0.47640452,0.09536104,0.27095738,0.11934948,-0.22613542,-0.06207884,0.07903862,0.49675533,-0.1966785,0.2199462,0.241261,0.4614335,-0.15047759,-0.16157818,0.0889593,-0.29513568,0.5152108,0.07452167,0.13324861,0.31362227,-0.5502158,0.061531205,-0.10625722,0.054750394,-0.051994655,0.00094357587,0.18653014,-0.69819796,0.10887307,0.2587637,0.0010121684,0.028649593,-0.107482985,-0.111095786,-0.29327857,-0.2190476,0.41628647,0.37196216,-0.010092607,0.086765945,0.27779105,0.12571356,-0.21706142,-0.67685294,0.33291572,-0.19181754,0.02465469,0.105808884,0.17806584,0.08096497,-0.41188562,-0.28397343
OAS1_0169,-1.3026054,-0.8339905,1.2318916,-0.33269137,-0.39591557,0.20801283,1.0699085,-0.7760506,-0.42469102,0.56838524,-0.70944375,-1.1381806,0.5592486,0.062448632,0.6502879,0.27156496,0.24666758,-0.6273512,0.8259121,-0.19988447,0.5759201,0.22599538,0.6216398,0.6077489,-0.058177747,0.27104375,-0.65987587,0.68927765,0.5486531,1.1566073,-0.37712583,-0.522034,-0.6269893,1.3339883,-0.460465,0.94865286,0.33292538,0.1799551,-0.13085435,0.5198101,-0.14639889,-0.27459967,0.34308663,-0.28897133,-0.06622526,0.6071114,0.71752894,-0.120185204,0.65596837,-0.10088097,0.17722434,0.038409613,-0.56561553,-0.39973637,-0.3446729,0.072241984,0.7268493,-0.39212638,-0.6095233,-0.04762401,0.17074226,-0.279815,-0.54123396,-0.092036806,-0.04417197,-0.35978746,0.043892235,-0.0026781016,0.18016768,0.71176136,0.3766373,-0.25170425,-0.1811599,-0.61151487,0.3613796,0.4737039,-1.2383627,-0.31617367,0.7801826,0.26392904,0.67734367,-0.58436066,-0.02243206,-0.30265045,0.4501742,-0.25539216,-0.17234068,-0.5603035,-0.3570628,0.23659281,-0.05183243,0.008180078,0.45037442,-0.7068576,-0.6622141,0.1255999,-0.6341453,-0.28602666,0.09407076,0.7661319,-0.07291636,0.7514203,1.0091287,0.4870432,-0.41816944,-0.20745799,-0.55955315,-0.19909522,-0.13347737,0.21086262
OAS1_0170,-0.73927635,-0.16244917,1.8998483,-2.0299327,0.3778298,0.04465898,0.86259806,0.2882071,-0.49422705,-0.4435869,-0.7791601,0.01929717,-0.5176189,-0.47673813,0.482226,-0.67236763,-0.038947016,1.0366821,0.6873007,0.3083282,-0.76576686,-0.014876585,0.69256574,-0.93599296,-0.30735272,0.44792095,0.179891,0.11182487,-0.25780362,-0.15795301,-0.074325286,-0.86324567,0.06854904,0.5231616,0.36333284,0.41691273,0.062069725,0.6385061,0.16769391,-0.39543355,-0.22550978,0.0944202,-0.11366028,-0.3295088,0.53433,0.07309836,-0.26733363,-0.009286979,-0.3598325,0.011702975,-0.10129634,-0.8254018,-0.07944148,-0.14279516,-0.39255598,0.3029087,0.4001175,1.0423046,0.13956426,-0.047030006,0.1691523,0.05175818,0.30997583,-0.13124041,-0.4470748,-0.40394068,0.02722541,0.5088994,0.038750738,0.08697969,-0.5212371,-0.023818746,-0.055688024,0.5644982,0.038783204,0.3241894,0.08053679,-0.34621686,-0.1372257,-0.02817873,-0.33457616,-0.34842646,0.32744035,-0.5348732,-0.16174826,-0.58531535,-0.18377559,-0.2745994,0.46229938,-0.061252657,-0.088934705,-0.30517116,-0.20737356,-0.056333005,-0.2177034,-0.54751223,0.16511424,-0.35815236,-0.30952725,-0.087765686,0.07974763,0.04718542,0.1194585,0.2208788,-0.5198627,-0.55409586,-0.08207929,-0.22457173,0.34607404,-0.63289714
OAS1_0173,-0.001987759,2.159457,1.395889,-0.7836952,0.6211859,-0.16088814,0.52753323,-0.35651687,-0.7251594,1.4218513,0.8307821,0.5207817,0.8658636,-0.67794985,-0.47653538,0.21555458,0.41227055,0.48906115,0.68577677,0.5497541,-0.48456094,0.074427955,0.47462577,0.21363512,-0.3339569,-0.43542188,-0.13065906,0.41709098,-0.3596063,-0.109749354,-0.20899674,-0.11673656,-0.76182824,-0.44803056,-0.31139484,0.32447076,-0.3826811,-0.6663131,-0.099181965,-0.65775746,-0.23021352,-0.25217417,0.3426981,-0.4171911,0.5069751,0.5208968,-0.7147254,-0.21382385,0.41153705,0.92761767,0.037896834,0.028299758,-0.50079226,-0.32935506,0.7019265,0.11071638,0.6400803,-0.60270417,-0.40194702,0.12883113,0.5321891,0.83528996,-0.35105807,0.16145204,0.5211623,0.7865239,-0.07622404,0.7498233,0.7468794,-0.13431597,-0.066342466,-0.635069,0.04349894,0.19146688,0.28204814,0.5253789,-0.04956493,-0.51192135,0.038493525,-0.25411353,-0.155856,-0.5910771,0.22752193,-0.30882117,-0.23620392,-0.16848555,-0.8555356,-0.83593464,0.33679587,-0.06696888,-0.1626167,0.5990043,-0.10259737,-0.048553634,-0.37525752,0.26364017,-0.4850697,-0.009815899,0.25000286,0.34523463,0.031207792,-0.71531016,-0.35038096,0.48818895,0.0027229264,-0.22622712,-0.24310197,0.053052843,0.20339227,0.42530864
OAS1_0174,-0.57764953,2.185801,-0.6007179,-1.0244578,-0.09630307,-0.11106345,0.21832462,-0.92514056,0.1614455,-0.44402227,0.48972508,0.2957613,0.2351313,-0.2173019,0.076086916,-0.19346397,-0.012175454,-0.36560777,0.21845366,-0.18796143,-0.35445118,0.31167823,-0.5611882,0.59188163,-0.51289314,0.34650186,-0.1676171,1.1664642,0.5030542,-0.1584805,-0.9948077,-0.15554214,0.4104434,0.5007189,-0.34995738,-0.23190579,-0.23599711,0.8037377,-0.4703706,0.22239508,-0.7029989,0.2719322,0.20842755,-0.112364784,-0.1124163,-0.43030873,0.94619,0.4510006,0.2124289,-0.33004397,-0.28839716,0.042652205,-0.46464655,0.25488317,-0.018144507,-0.37431452,-0.48239118,0.06090627,0.5768709,-0.09951987,-0.6673183,0.73849,0.28296578,-0.16889964,-0.6700642,-0.5083151,-0.03977678,-0.024797464,-0.6694943,-0.4215849,-0.44445944,0.5231933,0.37945595,-0.34127775,-0.28879103,0.82365465,-0.36081684,0.6371267,0.66803837,-0.1406224,-0.36271197,-0.22683504,0.4461837,0.3501404,-0.27518478,0.18580271,-0.119377434,1.0414838,0.27043742,-0.13099219,-0.6366668,-0.06931923,0.5472843,-0.31788495,0.080047205,0.41658166,0.42646116,-0.47329068,-0.68421924,0.39154214,0.32197845,-0.17952694,0.04902002,0.8968036,0.3510299,-0.58243984,0.04892069,-0.088420294,0.08566851,-0.0908395
OAS1_0176,-0.8779507,0.25652608,1.8552688,-0.5258621,0.018978104,1.6040802,-0.17234278,0.3856643,-0.45576763,0.35010922,-0.21999024,-0.9000448,-0.20368876,-0.20777401,-0.050339773,0.18893346,-0.20128484,-0.595488,1.273075,0.13944222,1.0355537,0.14683585,-0.36857346,0.14662142,-0.2296895,-0.2617993,0.57241285,-0.16146627,-0.19275117,0.11058495,-0.28640157,-0.52846843,0.30220863,0.33224854,0.35828903,-0.6616953,-0.07923039,0.18506825,0.8255845,-0.23086753,0.48570678,0.058181092,-0.09583011,0.3836248,-0.5154116,0.009646801,0.47116834,-0.1255702,-0.5116527,-0.31702185,-0.18187162,-0.12471376,-0.25162002,0.0068744645,-0.48113084,0.5064902,-0.1017006,0.5042208,0.03149192,0.015740123,0.5727065,-0.008244183,0.21757384,0.11854299,0.04913862,0.6062349,0.3146625,0.63691336,0.46530885,-0.29465,-0.49630165,0.5772427,-0.049741697,-0.030147478,-0.31705108,0.21115345,-0.5405785,0.40266228,-0.562927,0.0064063985,0.048300803,-0.16410238,-0.16442145,-0.07564001,-0.01878273,-0.45334348,-0.3467762,0.44436213,0.04602694,0.36076808,0.16673411,0.28377682,-0.010617695,-0.14503248,-0.041705176,-0.4596331,0.040213615,-0.2322887,-0.15027013,0.90626746,-0.5355546,0.18015948,-0.27045372,-0.5889449,0.6445552,-0.16351497,0.70732194,-0.20644698,-0.24092062,-0.09188661
OAS1_0177,1.4470191,-0.41664714,-1.5516261,-0.43280828,-0.037360728,-0.19970065,-0.55289245,0.77461725,-0.3883483,0.8649306,-0.027653446,0.44424105,-0.5698691,0.56851625,0.044297155,0.76523024,-1.458014,0.41969764,0.3960178,-0.10604162,0.33120573,0.026359407,0.6974381,0.6745933,-0.035981156,0.069628745,-0.16199946,0.57085246,-0.20363739,0.26776227,0.060909666,0.42516235,-0.48686856,-0.11106366,-0.070070006,0.01071141,0.18028225,-0.54352325,0.07258051,-0.024636354,0.009988073,0.1367596,0.44070083,0.35533732,-0.07764427,0.20907472,-0.5068816,-0.2679069,0.15469116,0.029316317,0.42233294,0.07327184,-0.32075778,-0.6636681,0.49202564,-0.54416543,-0.20319676,-0.3141082,-0.27866095,-0.049280535,0.10824136,-0.43389872,0.08778132,0.6213893,-0.12773697,-0.23946154,-0.41787565,0.461848,-0.530138,0.0066025797,0.33342746,0.3625499,0.19221418,0.38377374,0.76185936,0.11838164,0.04503087,0.099980205,0.48721662,-0.32759124,0.059154242,0.009111321,-0.40132654,-0.13603482,-0.06632214,0.20973939,0.045303825,-0.43704927,-0.37449962,0.09150073,0.2817892,0.062506214,-0.04176112,-0.40581456,-0.562897,0.026049858,0.1052068,0.40965948,0.1606609,-0.25880265,-0.00999618,-0.04915462,-0.5159168,0.19733314,0.23393759,-0.35224044,0.01636127,-0.012419934,-0.04520307,0.04847524
OAS1_0178,-0.6605217,1.9073412,-0.14202547,1.3040092,-0.7078662,-0.8602916,-1.3118622,0.7544066,-0.09943643,0.20248774,-0.21353988,0.83969307,0.5214904,0.039323296,0.056805983,-0.028030887,-0.24636845,0.30861774,0.6250435,-0.08711951,0.68963456,-0.14039998,-0.5611245,-0.31469133,0.15480131,0.15874472,0.08305888,0.10544985,-0.3433823,0.3936854,0.017922308,-0.19608505,0.36554182,0.2645428,-0.0600212,-0.33975473,-0.47177112,-0.20108753,-0.16129926,0.8303145,0.10415578,-0.10404771,0.13633306,0.33094352,-0.33851042,0.95098305,-0.28669053,-0.060806736,-0.39576042,-0.7465474,0.08673219,-0.060197305,-0.0073649,-0.23687488,0.31244835,0.09910278,0.07949935,0.22715908,0.05107383,0.73103017,-0.5828189,-0.0706727,0.51939803,0.28088066,0.09670373,-0.22877565,0.42515832,0.47434267,-0.7056859,-0.07830678,0.14509179,-0.553773,0.26661935,-0.04839118,0.8943359,-0.0066450993,-0.5341883,0.3557922,0.67147833,-0.30231687,0.16787282,0.33915603,0.11062448,0.19911167,0.34201944,-0.24428125,0.2838679,-0.5976924,0.11860539,0.28104302,-0.15397619,0.07460841,-0.035294846,0.19600753,0.08863631,-0.28827468,-0.43912756,0.08898486,0.46650535,-0.17431718,-0.17992847,-0.30962515,-0.6904613,-0.31002146,0.42432365,-0.36726722,-0.634651,0.052820623,0.019239288,0.5593597
OAS1_0179,-1.8846183,0.6177029,0.7235547,0.39559573,-0.25974363,-0.5567689,-1.382798,1.6703894,0.4272545,0.38877615,1.1635785,0.11772818,-0.11893848,0.29207173,0.6685001,-0.21129438,-0.18971524,0.017627522,0.41698477,0.6789981,-0.22772926,-0.7013438,-0.13190977,-0.8092507,0.6900029,-0.088622645,-0.20617162,0.73593944,0.5495704,-0.5109714,0.9519609,0.46104062,0.5669756,0.0078678625,0.62501985,-0.26895043,0.268931,0.34533882,-0.074449584,0.6245843,-0.34945908,0.082583524,0.12309351,0.05690893,0.61895,0.06330382,0.16419743,-1.2050126,0.045957334,-0.49825,-0.4002559,-0.031331733,0.23961526,-0.22000359,0.3648671,-0.39046404,-0.31954023,-0.018132837,0.32129326,-0.5759861,0.12277716,0.29187444,-0.80929345,-0.06372146,0.15691948,0.90770984,-0.8403522,-0.20479888,0.4796849,0.4027608,-0.61438173,0.25544387,0.06961115,-0.25604078,0.10960002,0.15477774,1.0209556,-0.18354084,0.17956531,-0.35980192,0.016326372,0.79164803,0.04800861,0.039838623,0.35064274,-0.40823296,-0.014832163,0.26911554,0.10892811,-0.023197077,0.18458335,0.49071303,0.69725233,0.30140316,0.27206755,-0.87339604,0.079976864,0.28630513,0.036345646,0.24115385,-0.10738143,0.33345616,0.11414303,0.20269676,0.21806078,0.13363644,-0.07406739,0.24572496,0.4272381,-0.21495077
OAS1_0180,-0.95323926,-0.55819726,0.7738239,0.74716306,-1.2411298,1.586001,0.8208013,0.3425062,1.0724324,-0.20715484,-0.20923385,-0.025001587,-0.6153116,1.1765752,-0.067067675,-0.43464205,0.26608548,0.24342237,-0.09512701,-1.3529766,0.19762316,-0.21357071,0.6571212,0.243888,-0.16422288,-0.058141463,0.06031979,-0.75698966,0.27014738,0.030115753,-0.02823039,-0.28176773,-0.024346886,0.19931799,-0.6439407,0.48443258,-0.14508589,0.13283385,-0.18462825,0.14743641,0.26758522,0.5093587,-0.32076582,-0.058547843,0.24645653,0.16188492,0.16094123,-0.09585957,0.0067989826,0.49884495,0.4779668,-0.7120181,-0.13076054,-0.23079062,0.08076799,-0.5244049,-0.25785896,-0.47351232,0.44003722,-0.15740804,-0.52611876,-0.071481965,-0.5473886,-0.62179786,-0.42559212,0.080517545,-0.12830304,-0.76151884,-0.13032608,-0.6203585,0.3887924,0.25976917,-0.3066537,0.4109217,-0.46017694,-0.15842824,-0.13088699,0.06465494,-0.13601151,-0.36831194,-0.09486823,0.80716026,-0.30020225,0.27973732,0.2660886,-0.9391077,0.43785408,0.45903072,0.31695017,-0.50267845,-0.39035642,0.506287,-0.5576034,0.00866033,0.030750122,0.51559126,0.6373113,0.093268126,0.41774377,-0.26656157,-0.3414734,-0.27230677,-0.04357412,-0.12730475,0.017820932,0.24011804,0.040779132,0.5691497,0.06615336,-0.7507946
OAS1_0181,0.16275953,0.23522784,-0.83100146,-1.0136418,-0.8832607,0.37756515,-0.6597466,0.00019205314,-0.17965864,-0.98936576,0.12956145,0.30883372,-0.13697755,-0.42546406,-0.49778727,1.2177014,0.4759869,0.9294114,-0.306191,-0.18004018,-0.02595408,0.24024217,-0.0477558,0.88671595,0.01156379,0.68477565,0.029161204,-0.7651234,-0.13150907,-0.113872476,0.32949498,-0.71121407,-0.4673036,0.8323558,-0.16261938,0.6642609,1.0488435,0.6941203,-0.14067428,-0.13803537,0.29311,-0.21629313,-0.06985659,-0.49157256,0.14514238,-0.14921053,0.06673123,-0.070237115,0.0015638149,-0.923295,-0.18947011,-0.33122173,0.06049362,-0.1578742,-0.07192317,-0.2582115,0.8520465,-0.18917166,-0.17640299,0.16417065,0.039608393,0.32509452,-0.009661713,-0.70224404,-0.21713845,0.83962107,0.6971407,-0.63383067,0.074873805,0.11302546,-0.17487542,-1.0132517,-0.41866,0.31331638,-0.15999761,0.032084648,0.37808463,0.323053,-0.47471836,-0.007533211,-0.27196276,0.10729571,-0.23102346,-0.06285224,-0.40317127,0.061427917,0.1715867,0.16194446,0.36866477,-0.2966553,-0.06909537,0.8749002,-0.44034716,-0.2596155,-0.0019803771,0.028890302,-0.25374317,-0.04756157,-0.3891166,-0.45201078,-0.50801325,0.3271157,-0.50362533,-0.29106995,-0.22199464,0.62786055,-0.29479027,0.1311111,0.04397988,-0.58135825
OAS1_0182,-0.10901372,1.1541457,0.2536667,-0.75549203,0.59906226,0.04061417,0.60980165,0.32329598,-0.51130056,0.32289866,-0.08853831,0.42265114,-0.60311323,-0.53922653,-0.014189911,-0.35217276,0.18462732,-0.24782422,0.15498158,-0.5170137,0.22075945,0.37172356,0.6109683,0.109713286,-0.15665479,-0.75463754,-0.7336408,-0.17149742,0.2092705,-0.4567471,0.13043433,-1.1449267,-0.5842676,0.42874014,1.1928252,-0.5372956,0.026185354,-0.48677152,0.7646251,0.26739195,-0.574452,-0.12667295,-0.38774937,-0.5373781,-0.6353109,0.072062954,0.199209,-0.13281259,0.8987986,-0.47160757,-0.6659833,0.7888148,-0.5715011,0.35448697,0.665004,0.18550014,-0.19546309,-0.28464743,0.06365832,0.02756954,-0.5478914,0.618761,0.5692479,0.2961375,-0.4397627,0.07134104,0.34822214,-0.37555984,-0.39352846,-0.044077437,-0.18354405,0.80407727,0.17707475,-0.3237474,-1.0310792,-0.5657299,-0.3924587,0.04698155,-0.61671984,-0.0076309303,-0.24780382,0.018429838,-0.29481164,0.38153931,0.26137644,0.28166693,-0.49723858,-0.8713191,-0.25994244,0.021434717,-0.035243966,-0.012051113,0.01655507,0.25334337,0.26888233,-0.12219163,-0.02709279,-0.20948075,0.11153398,0.40562114,0.649001,-0.036060333,0.5169753,-0.40797052,-0.17048533,-0.078058265,0.087704495,-0.20803407,-0.2615876,0.08971692
OAS1_0183,-2.2664464,-0.50137866,-0.8142368,-0.029300528,0.76657957,-0.85912913,0.053722553,0.4684587,0.32827953,1.2262776,0.03725494,0.032102425,-0.61840135,-0.312156,-0.42221016,-0.14897633,-0.2122289,-0.50895095,-1.0522826,-0.1706351,-0.67303956,0.05939462,-0.29371268,0.03606624,0.028769262,-0.07871863,-0.45747522,-0.48243722,-0.5971599,-0.096862644,0.4171335,-0.26648536,0.62487113,-0.340785,-0.003667898,0.20355459,0.2687789,0.26839495,0.23245181,-0.2975706,-0.47810212,0.7435473,-0.5776782,0.09262226,-0.020175977,0.6862859,0.4119556,0.4633313,0.5082605,0.74110705,-0.29748043,0.29303104,0.46787757,0.5399257,-0.08139349,0.5087604,0.035321888,0.39989138,-0.31448683,-0.29252627,-0.54236156,-0.4372708,-0.67691094,0.23095725,0.3240979,-0.09727444,-0.37399453,1.0980338,-0.522297,0.26365545,0.05839862,0.87214446,0.32217273,-0.1625284,0.32515442,0.018945472,-0.11626779,-0.24634008,-0.4225708,-0.09461473,-0.21802367,0.63499177,0.14883687,0.029062796,0.086330846,-0.3080214,0.06687195,-0.77336586,-0.33247676,-0.024152547,-0.1632078,-0.18441767,0.028660167,-0.4588192,0.1571758,-0.18574105,0.22538118,0.5509872,0.22302662,0.21685827,-0.1792575,0.0833967,-0.22109164,0.15956002,0.29546013,0.11421833,0.3032422,0.15192124,0.20334297,-0.6369715
OAS1_0184,-1.107416,0.30682555,2.177106,-0.038579065,-0.20098984,0.53369856,-0.7379961,1.0091187,0.18278885,1.0457804,0.053861387,-0.17898543,-0.33299848,-1.5665807,0.15665656,0.22163263,-0.5999185,-0.8585039,-0.26049516,0.94996756,0.10424283,0.5255569,-0.4523712,0.45426837,1.0383233,-0.15512519,0.8830953,-0.06778645,0.31284067,-0.5550919,-0.2494606,-0.21385662,-0.06896867,-0.76528597,-0.073537625,-0.100883,0.29020265,0.9530771,0.0046418076,-0.6479725,-0.27371827,0.70852464,0.043224074,0.6855558,-0.09546456,0.06806243,0.56529665,0.1092533,-0.06661813,-0.32188073,-0.07757338,0.5779022,0.0991545,0.6760354,-0.14971296,-0.2651027,1.0749254,0.49714386,-0.35514238,0.28385866,-0.13209622,-0.22703445,0.69250107,0.26730913,0.20902069,-0.24959391,0.21876392,-0.11208136,0.18466572,-0.17626834,0.717302,-0.36310303,0.6030395,-0.027123524,-0.478551,-0.3247652,0.12921217,-0.3777491,-0.21004468,0.37097937,-0.41471058,-0.04852842,-0.577321,-0.049200185,-0.05037215,-0.2712528,-0.09522713,0.20864883,-0.1380096,-0.3093611,-0.29738417,-0.43706942,-0.557297,0.10376839,-0.036267992,0.1969283,-0.20295908,-0.33980498,0.34825283,0.07370294,-0.071368724,-0.22409394,0.30535728,-0.13179256,0.07621468,0.009273917,-0.07994524,0.121008344,-0.07653407,-0.16080874
OAS1_0185,1.6939194,0.73843735,1.0896991,0.8153252,-0.52709186,0.6229687,-0.4468601,-0.5178282,0.55743533,0.72996515,0.74341995,-1.2633262,-0.4928226,0.38742343,0.0616406,-0.7256355,-0.24684611,-0.5016461,0.31993836,-0.22783582,-0.39403108,0.4976431,-0.7974972,0.41766554,-0.16545509,-0.11879979,-0.2593289,-0.22571026,0.23069657,0.11199477,0.22144425,0.31673318,-0.06401466,0.09058569,0.33241084,-0.6640809,-0.5158494,-0.78471035,-0.23829174,-0.20271353,0.10482681,0.16948469,-0.45524088,0.3021877,-0.49030727,0.18823835,0.36649963,-0.31322727,0.11748676,-0.8006145,-0.47255164,-0.47761524,-0.28139716,0.1791085,0.9038664,-0.070811376,-0.50199515,-0.14016216,-0.5221615,0.7741567,-0.41789174,0.3906547,0.21153319,0.28018346,0.3621685,-0.13765132,0.14347555,0.5394259,0.2683131,0.11415684,0.5348788,0.2251559,0.7883883,0.2654469,-0.2257272,0.23776777,0.6609464,-0.3726665,0.37437335,0.31603286,0.3242512,0.026525011,0.24572243,0.022117259,0.02706404,0.5530955,0.21632107,-0.14376609,-0.11633984,0.10997348,-0.40016273,0.3611263,-0.052989766,-0.66088337,0.17088269,0.43951127,0.7149048,-0.14367509,0.31011686,0.24662748,-0.035285003,0.03736854,-0.035452064,-0.18306436,-0.066183284,-0.09439118,0.14003727,0.5399826,0.5455922,0.11278453
OAS1_0186,-1.1204183,-2.1817985,1.3543553,-0.780549,0.8257267,-0.27965906,0.5660977,-1.6330216,-1.3359942,0.9148721,1.4478421,0.050537076,0.9986231,0.57555073,0.09334934,-2.2379231,0.07986636,-0.48954707,-0.2617299,-0.26794818,0.5802782,0.49759048,0.30649364,0.3818826,0.24270615,0.33416754,-0.1073467,-0.38331547,0.10018162,-0.98781127,0.43691704,0.742553,0.53106284,-0.2994466,-0.46145087,0.33876947,-0.045894265,0.56637925,-0.82219565,0.39436713,1.1658034,-0.1990733,-0.49678436,-0.099642925,0.04842082,0.26424897,0.44689304,0.77369684,0.21563256,0.19934501,0.070790365,0.70320827,0.12654674,-0.12387128,-0.46003115,0.10972554,1.0162135,-0.054885715,-0.57220346,0.24529214,0.044555876,-0.4224795,-0.26267344,-0.36331466,-0.30833772,-0.50965464,-0.13399161,-1.4685524,-0.06945126,0.054576356,0.5389058,-0.27433148,-0.20042434,-0.5359715,-0.2806582,-0.15746543,0.24990714,0.36685354,-0.56911254,0.4366705,0.0050706915,0.2613844,-0.07191434,0.36035994,0.0018073756,0.3288246,-0.19187133,-0.09212102,-0.36110392,0.24104758,-0.23214835,-0.6479094,0.49124843,-0.5366109,-0.045579433,0.20934379,-0.77561724,-0.24994878,0.061042268,-0.5898483,-0.12494738,-0.059394166,0.42535648,-0.64132094,0.6162796,-0.1890906,-0.025347196,-0.051971775,0.07747201,-0.15501815
OAS1_0188,0.17597024,0.98012584,1.125507,-0.93290067,1.1366149,-0.9039321,-0.30572015,0.7595137,-0.013045107,-0.67313457,-0.80870605,-1.357308,0.061999254,0.123685494,0.70570225,0.025316162,-0.09857239,-0.032375954,-0.4533452,-0.32157907,-0.20608911,-0.52309775,0.26710227,0.3317843,0.0380109,0.72260696,-0.3352936,-0.012947554,-0.4788211,0.033188302,0.20665659,0.24325113,-0.039284483,-0.21151212,-0.4413364,0.23129377,0.23508929,0.11917311,-0.18686879,-0.48382112,0.48032597,-0.6499111,-0.46783045,-0.5860491,0.88380027,-0.09631227,0.6461105,0.33248457,0.70934844,-0.27062172,-0.5749051,0.23202282,0.57650733,-0.13098775,0.044493396,-0.3431285,-0.25001898,0.03068077,0.2209079,0.35083732,0.30276212,-0.23268887,-0.13876139,-0.108180106,0.24951522,0.17277877,-0.0070365467,0.1638691,0.124601886,-0.05599691,0.38422814,-0.10378433,-0.20070077,0.27838308,0.32941636,0.1972996,-0.10767891,-0.025532745,-0.4008178,-0.2684804,-0.5556201,-0.45678425,-0.06992988,0.35570014,0.14683291,-0.1523736,-0.60401994,-0.52330106,-0.5886926,-0.27949777,0.12399524,0.052041136,0.14873779,-0.0032919294,-0.07456504,-0.22456472,0.40547612,0.44551936,-0.30868304,-0.30486774,-0.1306465,-0.26268652,-0.15702939,0.3209776,0.16253158,0.004924439,-0.043838236,0.042638376,0.13575076,0.26088738
OAS1_0189,0.4876984,-0.34611204,-1.3171542,-1.4331893,0.16793188,-0.6701659,1.0102236,-0.86177367,0.38543567,-0.28215942,-0.17806956,1.2499223,-0.060939845,-0.24922872,-0.22356497,1.0661588,-0.61895955,0.5380747,-0.13303506,-0.7168197,0.12208109,0.4303243,-0.031021401,-0.15910095,-0.5392592,0.7276903,0.48034045,-0.009563813,-0.31628546,0.17345472,-0.2243945,0.4716799,0.700076,-0.10108884,-0.10840472,-0.1383569,0.32582122,0.29911438,0.21607187,0.29184455,0.2575561,-0.5001899,0.016109828,-0.08362115,-0.05462826,-0.10071691,-0.56932217,-0.4413149,-0.11752851,-0.32286426,0.52784646,-0.085389964,-0.15824008,-0.69697446,0.47508076,-0.68873066,-0.2734772,-0.25032473,0.26687518,0.4245741,-0.5826257,-0.005499112,-0.13056284,0.48763695,-0.5560717,-0.24222197,-0.29471526,0.43106,0.051149003,0.33506972,0.6432673,0.07974651,0.3131576,-0.22105044,-0.05892642,0.2274186,0.41200486,0.01016784,0.47177237,-0.0029051367,-0.2986704,-0.16917592,0.076603085,-0.2392519,-0.2592071,-0.02731216,0.19851437,0.3704892,-0.48938426,0.47982532,0.49204993,0.010937338,-0.34866804,0.23933448,0.2953261,-0.07221857,-0.89861494,0.04135872,-0.006514957,0.3814226,0.43501726,-0.072596714,0.5073751,-0.100982554,0.07454432,-0.072340965,0.23956098,0.3085213,0.22956291,-0.40313116
OAS1_0190,-0.23517506,0.87720805,-0.2832037,-2.061456,-0.026779007,-0.4462708,0.61905575,0.6480178,-0.08648145,0.3460755,-0.16553317,0.27460226,-0.5993263,-0.28152373,0.43603122,-0.20566215,-0.3998082,-0.018066607,0.1412883,-1.2473798,-0.24545649,-0.5046233,-0.36589387,0.4083396,0.25402084,-0.0069028954,-0.5277892,-0.9119032,0.11400476,0.96975553,0.6316228,-0.3514539,0.21201916,0.048752833,-0.06356986,-0.4058484,-0.37504104,0.2457209,-0.022192607,0.16341972,0.18828732,0.51886505,0.7133361,-0.5704406,-0.6090639,0.27557063,-0.1350874,0.47176856,-1.0397425,-0.3649581,-0.3821156,-0.537086,-0.35086286,0.027308732,-0.59624827,0.0586703,0.12829112,-0.35932335,-0.18349391,-0.053207614,-0.007307137,0.04900101,0.3973051,0.12125082,-0.10955999,0.5972826,0.016767107,-0.071509026,0.15858947,0.06577252,-0.40948552,-0.46167114,0.33728796,0.63966584,0.11135252,-0.123136126,0.4564577,0.25004655,0.04323225,-0.18286705,-0.42010695,-0.14711206,0.49667275,0.23946069,0.07536736,-0.13770124,0.28791538,-0.47093633,0.049674757,0.012877907,-0.29223147,-0.21268307,-0.03964851,-0.40600258,-0.6210193,-0.2868439,-0.27044564,0.12994502,-0.75867563,0.08786201,-0.03622136,0.3418655,0.27472705,0.7035504,0.29883996,-0.7728709,0.27526957,-0.20436706,0.19808967,-0.6918671
OAS1_0191,0.9255222,-1.4218316,-1.5111405,0.42408815,-0.9156502,-0.63225836,-0.66515285,-0.23955029,1.3981018,-0.48678187,0.562786,0.09864139,1.0590874,0.4889053,-0.482358,-0.23232582,0.09626484,-0.79685456,-0.28844023,0.38164964,0.19867125,0.10857497,-0.06046688,0.106535085,0.3509485,-0.25447327,0.62766653,-0.61157393,-0.35478058,-0.6085906,-0.4354967,-0.19604844,0.6242161,0.51397896,-0.4981424,-0.2886671,0.678724,-0.04540726,-0.5869369,-0.33614364,0.26849404,-0.660269,0.21347983,-0.5136773,-0.5052262,0.50882107,0.09686539,-0.042850323,-0.087657064,0.4375063,-0.14672896,0.026892906,0.053934254,0.11243318,-0.13195723,0.1947823,0.046066847,0.56851476,0.15844092,-0.0012797283,0.4310622,0.56241727,-0.28019667,0.21068831,-0.15156195,-0.19535492,-0.36305532,-0.10938069,0.36688483,0.44267103,0.30577752,-0.8752935,0.11840424,0.22498186,0.6677385,0.42452544,-0.295962,-0.09303587,-0.44369313,-0.22116344,0.15512618,-0.1204834,-0.15777597,-0.16409837,0.43052435,0.94738185,0.010347272,-0.33480322,0.45855394,-0.18735144,0.018936625,0.29717,-0.23398364,0.51836896,-0.13464949,-0.18137872,-0.15968187,-0.018570108,0.26981995,0.40569514,0.10059891,0.71427673,-0.039867602,-0.07253174,-0.6244264,-0.06340643,0.17953746,0.30547726,-0.64971215,0.083347484
OAS1_0192,0.8938659,0.36964345,-1.3014312,1.0017527,0.19876717,1.1632451,0.37593028,0.2499979,-0.34563017,-0.021166718,0.35815442,-0.5212437,-0.39974493,-0.30055055,0.59062856,-0.48266,-0.014072972,0.6594887,0.83262146,0.6728121,0.6507724,-0.54247016,-0.3624358,-0.05056755,0.360595,-0.2562009,-0.016115548,-0.3154735,-0.40504673,-0.3378926,0.0574712,0.37665817,0.07555994,-0.06988348,-0.49985757,0.2687846,0.47492516,-0.13718808,-0.08830307,-0.38135913,0.90180635,-0.21845467,0.2066421,-0.60137063,0.2131037,-0.36363354,-0.061429393,-0.08826506,-0.10982733,-0.0034771122,-0.58543336,-0.24621426,0.04408511,0.4162532,-0.6204671,0.7366834,-0.36460102,-0.12001471,0.33562845,1.3633164,0.012538055,-0.8885896,-0.33218253,0.5122248,-0.10480858,-0.6890009,-0.37465388,-0.07763995,-0.46903658,0.1301734,0.29625025,0.18863557,-0.23835978,-0.51845086,-0.08001553,0.20956786,0.69409055,-0.072847016,0.117417514,-0.008378489,0.07057944,0.05214287,0.118764535,-0.06373151,-0.4811072,0.071156956,-0.8674757,0.33330646,-0.07240753,-0.337465,0.07087176,-0.047199648,0.40814963,0.1348368,-0.032825045,0.34043452,0.3435956,0.55995405,0.23476015,-0.19609483,-0.0664189,-0.37815216,0.2268756,-0.22486782,0.24668248,0.18306871,0.330182,-0.024395503,0.04044806,-0.17190568
OAS1_0193,-1.7920554,1.3927159,-1.1676661,-0.46926245,-0.43639743,-0.24818125,-0.15448016,0.7645696,0.75901026,-0.41470167,0.61663294,-0.49556595,0.035097755,-0.17469054,-0.29829493,-0.57210916,-0.25739437,1.2238787,0.23455144,0.4821435,1.4103215,-0.4222891,-0.24943571,-0.7357659,-0.0060178908,-0.2511031,0.4914678,1.1482791,-0.5028352,1.0809923,0.7808167,0.30403167,0.60108364,0.6776294,-0.24881935,0.100004554,0.043058924,0.6238443,0.10169076,0.19053347,-0.010979732,0.4294239,-0.8420409,0.36943933,0.29796878,-0.02279722,-0.0826708,-1.0591774,-0.37168488,0.010642712,-0.038945466,0.029872337,0.11032034,0.21166027,0.13327362,0.44555414,0.6335162,-0.21906261,0.19918129,-0.19336253,0.11509448,0.29059926,0.08226952,0.13442647,-0.21638817,-0.0571679,0.24650134,-0.29847613,-0.19216837,-0.28767416,-0.15376861,-0.0692621,-0.23055641,-0.18743274,-1.0092963,-0.52952176,0.33752418,-0.41613957,-0.34278145,0.50378186,-0.063506745,-0.5477453,-0.26502642,0.4371493,0.14754114,0.23015317,0.63785684,0.061447203,0.13213937,0.026887883,0.14859247,0.44265345,-0.13669997,-0.29074174,-0.31155935,0.19760764,0.4093817,0.442168,-0.2421394,0.22244067,0.11132691,0.094937585,-0.27203465,0.36099118,0.22313479,-0.22724189,-0.20859963,-0.78605705,0.16064587,-0.09426094
OAS1_0195,1.5141383,-0.35778576,1.1282802,-1.1547301,-0.16305885,0.6416943,-0.24450919,0.44193897,-0.28597942,-0.51532316,-0.3375345,-0.05046577,-0.25000662,-0.6354981,0.36749604,-0.82892376,0.119040966,-1.2088915,-1.1074929,-0.37752977,-0.50684524,0.15897511,-0.094580285,-0.41003814,0.16015509,0.009592414,0.024163172,-0.3372696,0.58701444,-0.13774562,-0.027094984,0.1637485,-1.0657556,0.13194469,-0.4572439,-0.0066982456,0.28437528,0.15048093,-0.34605315,0.41962928,0.08826447,0.3646069,-0.5754878,0.38618395,-0.52754,0.4822552,-0.3436865,0.49090528,-0.6848014,0.3026079,-0.31877965,0.8058786,-0.23545957,0.32223678,0.063930176,-0.23317845,0.35493192,-0.22767009,0.7364891,0.090836786,0.24903467,-0.454947,0.23598096,-0.68547595,0.063279346,0.035340805,0.2611644,-0.19985044,0.260937,0.3760408,0.13377017,0.18512559,-0.037199054,-0.15460682,0.3311725,-0.09873287,-0.22986847,-0.122779906,0.47838432,-0.12238046,0.6784447,-0.4544877,-0.44856358,-0.60842884,0.14404018,0.00514529,0.41479096,0.14843015,0.20312694,0.021023063,0.07653677,0.19287595,0.09656982,0.1900524,-0.16217093,-0.42038354,0.8841506,-0.5195007,-0.07113542,-0.015016494,-0.16206442,-0.32275683,-0.17188063,0.25809246,-0.015869657,0.51006186,0.2064667,-0.5888878,0.032556795,-0.3640887
OAS1_0197,0.9163514,-0.22136454,1.8736883,-0.44980854,-1.1702082,-0.21191542,-0.61308557,-0.4174379,0.58244693,-0.19335335,0.14482129,0.07051789,0.5817383,-1.0431331,-0.7634771,-0.043713063,-0.15779881,0.49081108,0.2663012,-0.3282528,-0.2752122,-0.16116607,0.32602075,1.093148,-0.73264843,0.41387272,0.6158104,-0.07992947,0.52273405,-0.014049191,0.6553441,-0.036929358,0.023262117,0.08034056,-0.3820976,-0.24727364,-0.07893059,0.7038921,0.10112499,-0.48499164,0.5833808,-0.6154293,0.09651108,0.2538026,0.14832625,0.22598052,0.16033925,-0.29178995,0.026168797,-0.2747894,-0.25350615,0.12573871,-0.79212886,0.08400506,0.0098403385,-0.1653453,0.013213901,0.13941771,0.1149391,0.62479514,0.4743181,0.34997866,0.042785395,-0.63793826,-0.20121542,0.12261566,-0.6506749,0.53114945,-0.49152797,-0.10203607,-0.5814839,0.67756236,-0.16653875,-0.3979343,0.04156902,0.16814353,0.22108008,-0.521643,-0.51171374,-0.17944565,-0.10546257,0.6576782,0.115959845,-0.53347313,0.044638883,0.3565765,-0.85933757,-0.8345033,0.28995895,0.6220342,0.6702807,-0.8935422,-0.49561638,0.0012463988,-0.13886048,-0.01194225,0.58327216,0.28565505,-0.4158291,0.35627645,-0.5471835,0.0358221,0.6328291,-0.47872257,0.13382348,0.28138876,0.068650216,0.18401122,0.37275395,0.044840883
OAS1_0198,-1.1237062,1.8843254,-1.2241364,0.88555694,0.6638061,0.19695227,-0.9466834,1.1401339,-0.17934808,0.11347574,0.5940952,0.0008975891,0.19074391,-0.67459977,0.15309422,-0.43644732,-0.114990756,-0.076479755,0.7843462,0.07411185,-0.5377135,0.013222106,0.03474878,-0.24587098,-0.8492073,-0.17565005,0.19634129,0.18127002,-1.03332,-0.43123785,-0.07917334,-0.06666748,-0.41982046,0.25487116,0.3331281,0.7949488,0.46832418,-0.4350965,-0.16585018,-0.015842669,0.76116407,0.13359262,-0.5338244,0.113959484,0.22333409,0.19214022,0.105958626,-0.00055304077,-0.48217195,-0.36242485,-0.0495834,0.19848251,0.4675908,-0.678043,0.025702048,0.18661277,-1.0096322,0.038241576,0.095020756,0.0059904023,0.7738104,0.258658,-0.35388616,-0.6597345,-0.50500685,0.0419836,-0.44039136,0.18065232,0.38958764,-0.7041968,0.05552569,-0.08975802,0.41202796,0.176405,0.5391388,0.17593047,-0.040087387,-0.021291746,0.13661501,-0.20275071,-0.41424304,-0.5171431,-0.24395953,0.7398855,-0.05565086,0.52366704,0.13928585,-0.2945902,-0.34176248,-0.08391138,0.14722228,0.030966973,-0.1819985,0.1686317,0.048454523,0.090319805,0.13368702,0.12363001,0.11081978,0.16171925,0.19586118,-0.43224105,0.15704899,-0.29139787,0.058232203,0.17190927,-0.010751671,0.22377187,0.14264166,-0.025155457
OAS1_0199,-1.2843367,0.338843,1.603386,-2.271682,-0.88743335,0.04805873,0.07652271,0.42781177,0.2511089,-0.6327396,0.48899055,0.59059983,0.69618535,-0.92844045,0.09981304,-0.71891093,-0.080130644,0.12807915,-0.41620052,0.051124558,-0.23313883,-0.27692387,-0.09242126,0.036814924,-0.45434996,0.5299371,-0.9378535,-0.37340268,-0.08457973,-0.83609,0.2542228,0.56176275,0.07754747,-1.145822,0.19146687,0.10062574,-0.2981359,0.7259273,-0.22097595,0.23247327,0.54171276,-0.28338692,0.088832565,0.27869102,0.6292647,-0.6267632,0.13528767,-0.14751588,-0.22507413,-0.4969025,0.5486446,0.16978683,-0.20526801,-0.1557225,0.25490302,0.19477516,-0.37503707,0.034061447,0.86704195,-0.020201983,-0.04627508,-0.59365183,0.33277687,-0.07681318,-0.32385257,0.31303552,0.6688582,0.12804466,-0.18145683,-0.0669701,-0.41021562,-0.030016776,0.38246298,0.6698297,-0.046887904,-0.38836423,-0.22453123,-0.09520772,-0.21411048,-0.6489023,-0.3204971,-0.058907468,0.07490392,-0.14882655,0.43471965,0.4743782,-0.06512126,-0.52075446,0.05046544,-0.12170436,-0.43116733,0.0399157,0.16154988,-0.36833373,-0.12959649,0.97573686,-0.09118505,-0.059590794,-0.12203208,0.44179943,-0.352716,-0.37140813,-0.33259374,0.10147371,-0.055420022,-0.524779,-0.019782491,0.6709449,-0.22686121,0.19999546
OAS1_0200,1.1327962,0.17184086,0.6553626,-1.7746124,-0.44808635,0.6744032,-0.3410335,-0.0825287,-0.3044612,0.004277009,0.5482905,0.78285795,0.5027905,-0.68136585,0.53592676,0.41305906,1.1107293,-0.45501423,-0.26122993,0.84820616,-0.07990719,0.4832739,-0.11420763,0.55403054,-0.32855424,-0.48873764,-0.060124204,-0.6249208,-0.12048591,0.2230923,0.12655258,-0.17564906,-0.5264194,-0.26396558,-0.7931644,0.6340693,0.15621826,-0.17495406,0.60588527,0.8727734,-0.1599487,0.25663656,-0.18106344,0.85242456,0.5323965,0.013261314,-0.4037792,0.22568509,0.07683789,-0.25430405,0.8408504,0.10952386,0.24615857,-0.1296061,-0.7960479,-0.1309822,-0.00010709758,-0.006315143,-0.30491105,-0.05919207,0.6290676,-0.00012024176,-0.69001365,-0.25372598,-0.5855251,-0.19231622,-0.20719224,-0.08404118,-0.67158604,0.58162624,0.08834227,0.5787282,0.17670561,0.24181017,0.36901847,-0.3263418,-0.17237541,0.175032,0.12891817,0.09658464,0.122879095,0.13252811,0.086596705,-0.25648355,-0.09216403,-0.09699301,0.41135085,0.06776074,0.17761232,-0.94988805,-0.39649922,0.9581673,0.5623066,0.41932905,-0.06053,0.04258703,-0.0991196,-0.3080895,-0.12663502,-0.13495106,-0.23672535,-0.20492885,-0.38771966,0.0003458834,0.17987897,-0.38528997,-0.026849695,-0.11246572,0.29605123,0.008794102
OAS1_0201,-1.3630185,0.87809616,0.834656,1.6831454,-0.1416881,1.0927716,0.013962548,0.7205641,0.39501908,0.32795322,-0.8279431,0.7952357,1.0860527,0.3061655,0.9041796,0.16507585,-0.0003047173,-0.5603876,-0.58209884,0.34769693,-0.5236886,0.093678385,0.43433076,-0.14803919,-0.63621795,0.8036271,-0.38801906,-0.35143682,-0.28069332,-0.6507321,0.20100744,0.08376413,0.20572707,-0.57139325,-0.37663314,-0.4991258,0.85883045,0.73409164,-0.30310956,0.3490882,0.40726048,-0.04784965,-0.61170495,0.013076209,0.33304176,0.4093531,-0.2617098,-0.5770649,0.3259434,0.091155574,-0.28406793,0.6995095,-0.094716534,0.13381785,-0.17487726,0.23111294,1.1892352,0.17368253,-0.49154735,-0.13267967,-0.3855157,0.7790187,0.4815571,-0.2961575,-0.56663114,-0.07884331,0.5304059,-0.0520566,0.727176,0.021995906,-0.49063233,-0.3629736,0.02425314,-0.0188133,0.27545646,0.1286124,-0.2762612,0.08889838,0.4588304,-0.058791053,-0.27380747,-0.047840565,-0.18683541,0.61975306,-1.0553054,-0.51932424,-0.083341576,0.15327418,-0.2520556,-0.023775466,0.19387466,-0.39574236,-0.3456096,0.41937718,0.35391524,0.3249102,0.34255743,0.544626,0.6966902,-0.030575033,-0.035456892,0.21086347,0.072153725,0.39326262,0.36346546,-0.35608253,-0.22333574,-0.5284698,0.19054843,0.27469635
OAS1_0202,-0.26578647,-1.3549902,-2.7002733,-0.5745695,0.21292976,-0.13611494,-0.48142633,-0.89800197,-0.94792736,0.3396951,0.73325175,-0.8792219,0.49843353,0.044664677,0.08414228,0.35042915,-1.0991592,0.40529782,-0.3374711,0.24392764,0.39647517,-0.22247626,0.037049923,0.13237028,0.15343036,0.15375343,0.050712336,-0.5237476,0.33189303,0.0864374,-0.23717444,-0.432814,0.30338377,-0.77501005,0.118836656,0.07677729,0.025701124,-0.40274292,-0.03426928,0.16441898,0.32077077,-0.06608497,0.50793606,0.4879356,-0.16993137,-0.062304225,0.08289469,-0.13386247,-0.014788562,-0.029629592,0.39106977,0.13863565,-0.3364797,-0.29122072,0.11816624,0.069542654,-0.035194118,0.0027150433,0.39220646,0.10403572,-0.015987683,-0.37302297,-0.20807685,-0.27473587,0.0155299585,0.39900878,0.50658315,0.14593224,0.25222522,-0.3055315,0.17266737,0.7567485,0.09355472,0.43336898,0.3352308,-0.28428912,0.07949032,0.037879884,0.04713954,-0.19917737,0.21815753,-0.5309656,-0.58425367,0.032455523,0.15177076,0.9022085,0.055022758,0.008165604,0.03002059,0.27697194,0.115106046,-0.11394726,-0.045631785,0.098486185,0.049370483,-0.4170713,-0.43126583,0.0038783872,0.32573432,-0.054629352,-0.2944601,-0.06196068,0.1297748,0.21449704,0.10560811,0.3234447,-0.19102165,0.4429813,0.29858676,0.16169785
OAS1_0203,0.8930557,-1.8106027,-0.22833762,0.5610591,0.1329748,0.428908,-0.6339852,-0.039906174,0.4261185,-0.7202529,0.036984168,-0.37125528,0.24339838,-0.08590205,-0.4769594,0.9146104,0.985362,0.4627175,-0.92477906,0.90205616,-0.35617992,-0.018664017,-0.12663567,0.45759866,0.16359323,0.34661344,0.37058914,-0.31619444,-0.19452919,0.058778282,0.1190601,0.7632245,0.19254883,0.15040313,0.29799148,0.16042401,0.8911635,-0.11889014,-0.7007292,-0.18191494,-0.24453607,0.17332646,-0.392502,-0.13844144,-0.419378,0.32173225,-0.02099912,-0.07242093,-0.5092041,0.36612904,0.24490066,-0.35009307,0.20807712,-0.3300764,0.04755848,0.28708988,0.059675984,0.27155918,0.34408858,-0.25098816,0.18845482,-0.5874321,0.38491312,0.44722527,0.25132436,0.040081978,0.010695679,0.9793583,-0.34620515,0.46988347,-0.53812546,0.11083589,0.18945411,-0.3780826,0.184479,-0.10301878,-0.52636504,0.7747399,-0.18545076,0.5567273,-0.0063306415,-0.38378206,0.058561716,0.3394649,-0.033134427,-0.1393247,-0.07818293,0.10418271,-0.22206551,0.1140252,0.15752661,0.20509371,-0.13154441,-0.24605373,0.19454227,-0.06585666,-0.17852886,-0.31732476,-0.11198815,0.03938943,-0.55327106,-0.6174124,-0.14308676,0.22560953,0.3344364,0.37254634,-0.4723514,0.1280218,0.022722522,0.60788816
OAS1_0204,0.80213207,1.1821749,0.59544504,1.1949342,1.9099475,0.080200024,0.78002656,0.523488,-0.15365148,0.28617084,-0.7305792,0.5934685,0.5822204,-0.523018,0.018185314,0.19826287,0.2999133,-0.0473269,0.18306457,-0.11412399,-0.14095849,0.13538249,0.11971819,-0.8534552,-0.26581177,0.58788395,-1.1210307,0.5605782,-0.10308523,-1.0544003,-0.7950605,0.43371853,-0.05882989,0.06765409,0.2552644,-0.029610025,-0.15371805,0.14020692,-0.05280585,0.47408512,0.120805256,-0.121702194,0.019491237,-0.32280695,0.15615022,0.28905815,0.17184204,0.7158979,0.06219025,-0.8371969,-0.45422366,0.6535103,0.16940734,-0.06381544,-0.25731435,0.23534524,-0.35390636,-0.18750691,0.078998595,-0.35441265,0.28505698,-0.0132395625,-0.13322231,0.099841975,0.02648509,-0.17197102,-0.08661311,-0.08117206,-0.04839655,0.2037541,-0.18835716,-0.21005107,0.6775734,0.1772338,-0.0032837319,0.001513315,0.13458173,-0.068633065,-0.62465125,-0.19374989,-0.43383047,-0.60671914,-0.4944402,0.020313112,0.6147375,-0.7420219,0.42620754,-0.57758546,-0.3180155,-0.37850967,-0.35549676,0.30325863,-0.30473992,-0.39369893,-0.7835778,-0.6190535,-0.41107368,0.23971401,-0.20418747,0.0040140767,0.4480947,0.119664855,0.19040437,0.021807231,-0.47581702,0.20328782,0.5605519,0.21116316,0.278514,0.095969506
OAS1_0205,-1.9229833,-1.8059078,1.2369138,-1.7815474,-0.1285593,-0.5874881,0.8241841,-0.4037991,-0.3298921,0.26869792,-0.07527587,-1.2044704,0.42281172,0.6862098,-0.01088605,-0.6823052,0.109085836,0.23939084,1.3953435,0.51489395,-0.37989128,0.7315672,0.046094235,-1.0145354,0.07996145,0.45761576,0.08777394,-0.54078496,-0.48250914,0.32558957,0.72342944,0.0018871264,0.16036074,-0.23096438,-0.5644709,-0.0695236,0.45281053,1.4427848,0.6005032,0.22236374,0.54276,0.24284513,1.1817088,0.23339671,-0.030097555,-0.1963131,0.0668882,0.0023879444,0.088933185,-0.56335515,-0.29745585,-0.10256093,-0.4645106,-0.7279462,0.45207033,0.108254835,-0.14513947,-0.16649285,-1.2284353,0.38159278,0.17277291,0.40226367,0.40467927,-0.63202286,-0.16211733,-0.11465642,0.43405002,0.15818058,-0.27975953,0.015740644,0.045610406,0.03135891,-0.82496864,0.7131051,0.5951853,0.27727437,-0.08775303,-0.015210164,0.24109478,0.50401974,0.17619047,-1.0958354,0.07103246,0.30748588,0.7538818,0.051342674,0.514692,0.1321153,0.13835253,0.151045,0.38112086,0.027765512,0.37315804,0.040876094,0.2843691,0.39265358,0.16487446,-0.33183694,0.0038495571,0.022048065,1.0610478,-0.12859568,-0.020396417,-0.5198807,-0.14339752,0.5241473,-0.36986536,-0.18285175,-0.081457414,0.20886825
OAS1_0206,1.989388,0.389656,2.0653505,1.0550126,-0.23165102,0.09896677,-0.58305,-0.68305206,1.1003474,-0.17676418,0.6868586,-1.3572165,0.14823517,0.0495806,-0.8422387,-0.049600974,-0.51176023,0.4860369,0.08291867,-0.29118466,0.062273636,-0.56529677,-0.32403642,0.10744521,0.10639861,0.5002086,-0.79925984,-0.71386206,-0.77629346,-0.19049217,-0.6831293,0.51097083,0.23225716,0.43331113,0.046323553,0.6452824,0.84596354,-0.4312588,-0.4031983,0.105553105,-0.41103095,-0.23203933,0.52240694,0.609497,0.110034764,0.10533412,0.29035836,-0.04947553,-0.15200618,-0.07947298,-0.6259385,-0.12658533,-0.76242286,0.56635106,0.3958197,-0.6320589,0.14389646,0.82992345,0.010755354,-0.448393,-0.35306236,0.19522734,0.19230418,0.019062007,-0.23088306,-0.19989114,0.39860517,0.76798874,0.065257005,0.35553205,0.53294384,0.41341397,-0.49673942,0.4870206,-0.026700664,0.20018037,0.3641579,0.46240532,0.17451723,0.4873898,0.29140267,-0.13940695,0.99044937,0.08812992,-0.10022748,0.14476785,-0.882501,0.8324223,0.30116794,-0.10091294,-0.042107116,-0.15347879,0.5659453,0.43856293,0.30291823,0.73319805,0.0473425,0.077508606,-0.18622066,-0.5758783,-0.38339794,0.5230938,-0.15847492,-0.098192185,0.0019445709,-0.17704484,-0.033465706,0.3494407,-0.22108622,0.24611785
OAS1_0207,0.075112015,0.9328609,-0.41448855,-0.7379818,1.4395444,-1.324511,0.60477054,1.0043225,-0.11487722,0.3753695,-0.7078159,-0.49842158,-0.13408014,-0.453132,0.31432268,0.12457896,-0.9993718,-0.20790008,0.1800361,0.20156902,0.24666895,-0.8743064,1.5406241,0.25388134,0.0013439951,0.18357284,0.19661258,0.07379271,-0.1615259,0.4760002,-0.4756684,0.5989294,-0.68751913,0.8329825,-0.29491243,0.006799577,0.20891866,0.048652783,0.07750848,0.23685627,-0.27716357,0.27771318,-0.53252673,0.3932455,-0.35037965,0.6796148,0.087775804,-0.21457009,0.21855143,-0.3440047,-0.35457218,-0.03403257,0.013654511,-0.64318216,0.4478693,0.05271121,-0.3649814,-0.06476681,-0.42792898,-0.4571066,0.10663854,0.9115156,-0.35470578,0.38746715,-0.40304065,-0.29797807,0.20951253,-0.6480317,0.010584123,0.19237284,-0.8097937,0.85299975,0.69288313,-0.17208128,0.22838075,-0.27111158,0.015474864,-0.024542201,0.42473003,0.6249261,0.09897863,0.19616227,0.16410384,-0.48416612,-0.21604401,-0.3143314,0.37906638,-0.25466442,-0.0090603065,0.017337022,-0.18455431,0.14751154,-0.46601978,0.2099584,0.24565294,0.35245577,0.10617999,0.47982943,0.7716839,-0.17785046,0.086068355,-0.08724612,0.18649064,0.32358736,-0.1383924,1.0056584,-0.41178542,0.55280733,-0.16894531,-0.100879945
OAS1_0208,1.7483289,0.22403903,-0.66171247,0.8765895,0.8054139,-0.19464386,-1.0939987,0.5785558,-0.33077294,0.26968452,0.5171628,-0.9210555,-0.71161807,0.19933024,-0.33460093,-0.086885825,-0.47025388,0.34715402,-0.87530875,-0.78431755,0.4965893,-0.0719975,-0.10728807,-0.061910383,0.23205258,0.5467884,-0.050727837,-0.5865328,0.21164542,-0.05473105,0.41931707,-0.050773114,-0.31602946,0.027350442,0.15411797,-0.029221818,0.44620404,0.40393522,0.3766584,-0.1340164,-0.77772415,0.15185931,0.38390994,-0.04046213,-0.022726169,0.17105532,-0.24365523,-0.18052004,0.15222736,-0.18194337,-0.17117253,-0.34791446,-0.01820642,-0.7426692,-0.07865241,0.026018955,-0.16781285,-0.24647824,0.23837222,0.6143637,-0.49170217,0.42349932,0.03825866,-0.6144489,0.09458211,0.036917746,0.073266655,-0.30597198,0.43200487,-0.4371142,-0.5731226,0.6953807,0.23782858,-0.25368643,0.13979924,0.16034849,-0.45632157,0.3376108,0.107306376,-0.1830717,-0.23158988,-0.17808934,-0.25139314,-0.32392955,-0.45524442,-0.06688125,-0.06220551,-0.085143015,-0.53164303,-0.12236659,-0.15247667,-0.10150833,0.3216813,-0.30835778,-0.14614783,-0.18615517,-0.41654846,-0.46056938,-0.4165968,-0.033789758,0.16801277,0.15398078,0.48814932,-0.09351891,-0.04811907,0.12858523,0.4395814,-0.0011388683,0.29296094,0.14695549
OAS1_0209,1.7423921,-0.5515905,-1.2413175,1.0940721,-0.54654765,0.043207143,0.7981959,0.5983328,0.6737756,0.14930786,-0.15906246,-0.52966106,-0.22720635,-0.5314835,0.3058808,-0.29382688,1.2618071,0.44113356,-0.1377415,0.76262474,0.5439095,-0.36760566,-0.9386316,-0.27022,0.022066312,-0.3825725,-0.5227926,-0.20316829,0.28345674,0.089380756,-0.40874115,0.1938364,-0.26142588,-0.407789,0.67148125,-0.3695855,-0.48568007,0.114941366,0.06833703,0.522011,0.23997647,-0.54098576,0.36279562,0.34838292,-0.42619365,0.050033674,0.46051487,-0.2829074,-0.9042721,0.35405752,-0.2584308,0.19514236,-0.40648448,-0.7762356,0.02676549,0.12874523,0.38172218,-0.8044407,0.29331258,0.443933,-0.3825837,-0.33654022,0.042423073,0.72039413,0.16110517,0.11435211,-0.4740624,0.02901433,-0.426606,0.10812845,0.18290024,-0.30410716,-0.22227645,0.31712782,-0.52948004,0.6158017,0.040462602,-0.06334132,0.03600639,0.66283554,-0.10956424,-0.55521363,-0.4404387,0.26715282,-0.6140462,0.2894603,-0.10841969,-0.2860401,0.31998554,-0.32470283,-0.29362127,-0.060982287,0.09231283,-0.29845047,-0.31056696,0.58095276,-0.10018141,0.009593265,-0.2816509,0.11523078,0.38118312,0.48609856,-0.13178293,0.45518747,0.20862466,0.32844937,-0.19184723,0.42159182,-0.1693294,-0.18357435
OAS1_0210,-0.89743304,-1.7844176,0.4544824,0.057661064,0.3360944,1.6208351,-0.11597063,0.052288678,-0.30738884,0.17195618,-1.3434623,0.3296047,-0.4524647,-1.1578982,-0.73079413,0.21291232,-1.0685228,0.1809157,0.18333527,0.03251645,0.13471334,0.11441918,0.1710123,-0.8709853,-0.2589326,0.06149104,-0.10897681,-0.44709063,-0.47327533,-0.6768609,0.09846282,-0.37932834,0.057328757,0.5200582,0.24324532,0.46768278,0.110334046,-0.2688836,0.0059188283,-0.29897296,0.027537473,0.39109814,0.08282039,-0.85337925,-0.24636365,-0.8889312,0.389202,0.08565669,0.0040010735,0.3097331,-0.29459408,-0.13229387,-0.25308403,-0.23214701,-0.039877374,-0.8834364,0.25216925,0.40137926,0.13333556,0.33759078,0.61804324,0.44256824,-0.086308196,-0.21073923,0.31928098,-0.12873994,0.3129638,0.08157154,-0.054548442,-0.37647474,-0.2566785,-0.15129925,0.073503606,0.019897602,0.2950206,0.13243274,0.6134782,0.19796005,0.20086055,-0.79836345,-0.26163265,0.14908716,-0.20540573,-0.28841785,0.21511987,0.20173402,0.20772734,-0.39838842,0.6119304,-0.48940083,0.40803927,0.02094247,0.7656475,-0.13865799,-0.047764257,0.23635268,0.2647887,-0.011943444,0.23057753,-0.44423145,-0.25045845,0.011987706,-0.29044002,0.06527692,0.0015296526,0.19555138,0.1692399,-0.36120757,-0.31822643,0.623406
OAS1_0211,-0.32753158,0.30639628,0.36295402,-1.9928564,0.13728838,-1.2159611,0.4592535,1.1661421,-0.56973803,0.51617455,-0.49285164,-0.16857955,0.044024557,0.11738493,0.36709252,0.06514556,0.85477245,0.6466073,-0.747878,0.15318285,0.23741125,0.03978605,0.3706546,-0.30724928,0.07121126,0.10769145,-0.5991158,-0.45172292,0.20617619,-0.34347984,-0.12311362,0.6124696,0.1017583,-0.7862183,1.1452262,0.45657834,-0.39432707,0.5416868,0.4280932,-0.54211485,0.38552406,-0.053707037,-0.57524115,-0.16109289,-0.034677707,-0.2548306,0.18099415,-0.6357719,-0.52237874,-0.5059366,0.35737696,0.31176546,0.6568326,-0.30828094,0.57281095,-0.29100755,-0.14161494,-0.5353602,-0.19415434,-0.35954982,0.0022022955,-0.034331936,0.3925972,-0.7599147,0.5072354,-0.35912573,-0.64593256,0.45207298,0.06288319,-0.106282726,-0.050523587,0.033654984,-0.4536607,0.8020478,-0.032003578,0.12378584,-1.00813,0.016499778,0.27525824,0.26742136,-0.23297656,0.17261556,0.33748734,-0.58030236,-0.44490388,0.7258346,-0.019344712,-0.14821042,-0.31271437,0.27313218,-0.33554152,-0.16934592,0.052016106,-0.34517652,0.1876632,0.062872365,0.75353765,0.1957841,-0.20001198,-0.3734807,0.09599339,0.5079245,-0.005905206,-0.2852998,-0.6422639,-0.6232414,-0.259203,-0.013398581,0.014285783,-0.05023088
OAS1_0212,-1.967965,-2.0178545,0.13953604,0.7616006,0.96211606,0.06627704,-0.43099305,-1.008955,-0.047794748,1.3740168,-1.0295147,0.21233745,0.51896024,-0.70826286,-1.0930313,0.0852783,-0.4097575,0.06712807,0.19353247,0.21484001,0.077594206,-0.63816315,-0.3683882,-0.34330338,1.0235668,-0.43400982,-0.31456506,-0.77896315,-0.6247723,0.31021854,0.61280537,0.57422346,0.090372205,0.32096577,0.29940835,0.064955294,0.10096384,-0.8465214,-0.4717377,0.19090457,-0.78600955,-0.1570642,0.20896609,-0.19520184,0.23175734,-0.36682215,-0.7768734,-0.039019927,0.12135725,-0.36923364,0.16668645,-0.27499232,0.06708512,0.22066878,0.043597925,-0.13933645,0.17795691,-0.51304466,0.033158842,-0.021067651,0.35753605,0.34749398,0.31180182,-0.18692091,-0.47731382,0.3319134,-0.14695066,-0.4254973,0.1291404,-0.13317057,0.6059204,0.3060469,0.6006752,0.8043025,-0.087828,-0.13917337,-0.09926746,0.327599,0.18772742,-0.090507425,0.0010803638,0.22886111,-0.091589585,0.39838287,-0.2843295,-0.18957163,0.73093694,-0.09099975,0.6542906,-0.23435725,-0.31937316,0.5568729,-0.24266429,-0.93600184,-0.21177295,-0.56005275,0.15312049,0.4521986,0.048176482,0.59853506,0.1423357,0.37936532,0.25223994,-0.069701456,-0.023105664,0.5377736,-0.43700543,0.10230752,-0.2470832,-0.13198149
OAS1_0213,1.6070397,1.8369671,0.95097613,0.3876957,-0.28408337,0.3792524,0.57602286,-1.6839266,-0.2668618,0.96678907,-0.09649418,-0.14568345,-0.4613629,0.014512243,-0.2708614,-0.3129986,-0.5913534,0.6632271,-0.52272105,0.6635428,-0.2375173,-0.30356863,-0.9789105,-0.40336543,0.0675489,0.5858695,0.78321505,-0.55845326,0.56923604,0.13265733,-0.15828477,0.6968232,0.56302565,0.23306853,0.14362799,-0.56759363,0.5920572,-0.14743656,0.038964726,0.3041743,0.038387377,0.1656981,0.81370056,-1.1076001,-0.28387025,0.17667754,0.15779297,0.32047868,0.4121673,0.3645548,-0.031333912,-0.0516358,0.11262131,-0.12790029,-0.039686408,0.56652325,0.4564661,0.3198178,0.05337098,0.057614166,-0.06502881,0.18453498,-0.72168165,-0.42645448,0.030945739,0.24083547,-0.012538938,0.06771769,-0.60769105,0.16267633,-0.3394268,-0.28817162,0.31172943,-0.06337473,0.57870984,-0.34635198,0.23263775,-0.044988185,-0.03824359,0.52384484,0.1009969,0.09014674,-0.11316329,-0.1887603,0.1296852,-0.11100651,-0.23449448,0.69849813,-0.83965755,-0.11219283,-0.045681775,-0.17592832,0.2624981,-0.5146527,-0.32639584,0.18009657,0.4656261,0.30339128,-0.115950264,0.023946168,-0.29584834,0.15757318,-0.08129728,0.5283514,-0.4928925,-0.20814785,0.12121854,-0.0799519,-0.67832655,0.3147189
OAS1_0214,-1.1753616,1.9724813,-0.60691696,-0.6360982,0.6175347,0.19762826,1.4934607,0.7033391,0.45495275,-0.059767157,0.46672064,-0.27338332,-0.097066276,0.17769271,-0.3557461,-0.44357345,0.15455025,0.17974755,0.07149628,-0.9789523,-0.5292733,0.7670663,0.3723183,-0.43371215,-0.3938923,-0.46228194,0.29706737,0.25267845,0.37167966,0.3451463,0.64845043,-0.34781793,-0.052449152,0.87511975,-0.14540228,-0.11963749,-0.409356,-0.060938127,0.39688605,-0.24785155,0.017267827,0.30548993,0.17849387,-0.14221239,0.116687775,-0.59037703,-0.3431263,0.24839903,-0.5823427,0.2602246,-0.24792422,0.4236479,-0.0877536,-0.035701953,-0.8690688,-0.0466454,-0.4600452,-0.39592814,0.073577896,0.11934533,-0.0044179843,-0.19037135,0.548041,0.5654674,0.027757674,0.1971315,-0.11642495,0.81586814,-0.020830184,0.560937,0.6638061,0.0985541,0.054168787,-0.4528207,0.24698873,0.19212317,0.24331881,-0.024740748,-0.089330494,0.08850388,-0.46615008,-0.16445789,-0.72524625,0.11762165,-0.18674798,-0.21343188,0.3301407,0.08009809,0.340599,0.03103416,0.16836351,0.3078412,0.21980849,-0.12315246,-0.16714107,-0.28476653,0.14277491,-0.24957477,0.6849911,-1.0082294,0.3099346,0.19701768,0.093083106,0.21270508,-0.40266928,0.37478554,-0.59516114,-0.22235522,-0.77992743,-0.07491784
OAS1_0216,1.2447166,1.6033345,0.5019107,1.0924989,0.31460088,0.37575313,0.4200224,-0.13564911,-0.4724157,0.6593409,-2.0751982,0.13399431,-0.053255145,0.81634027,-0.45346957,0.26174694,-1.0937586,0.5906156,-0.56740355,-0.5840592,-0.04411319,-0.5159776,-0.21023217,-0.08962927,0.25584945,-0.66397613,0.03290029,0.092175946,-0.122875765,-0.007562664,-0.2901256,-0.33330315,-0.20249552,0.67410076,0.31164014,0.5469981,0.10198469,0.32731283,0.08236633,-0.13015606,-0.057277404,-0.13511626,0.24146487,-0.26746127,0.009494425,-0.43993232,0.09654443,-0.5371859,0.7009527,0.1468888,0.09640654,-0.3629202,-0.07025598,0.28514957,0.43639627,0.040459767,-0.16399851,0.13457604,0.2636992,0.62172055,-0.083092414,-0.26569796,0.7268759,-0.46453673,0.1893042,-0.6652072,-0.008193864,-0.17078774,0.58571213,0.98514533,0.064829074,0.4049695,0.2412864,-0.39873892,0.16524278,-0.038966533,0.07553417,-0.08323676,0.06731652,0.18324238,-0.14627944,0.053056825,-0.28090557,-0.04860944,0.4571887,0.2433131,-0.40763512,0.056694657,0.19518487,-0.6989452,-0.6123903,0.14925726,-0.2188295,-0.2707202,-0.42818162,-0.28024465,-0.16120386,-0.08549776,-0.15352534,-0.22844706,-0.2361593,-0.25825465,0.4055145,0.15564832,-0.23931749,0.100319214,0.023064476,0.28982612,-0.045339335,0.54106194
OAS1_0217,-1.8409301,-1.0868584,0.56836545,-1.1682891,0.06565088,0.054618273,-0.9665996,1.2246375,-0.104309924,-0.9969767,-0.4579946,-0.18343015,0.36579767,-0.8028709,-0.30470544,-0.19562069,-0.2604599,0.34662056,0.14770356,-0.1106751,-0.6096576,-0.94305754,0.14378138,-0.15743108,-0.4526763,0.08813316,-0.11757753,-0.2493888,0.7835134,-0.04696577,0.20287283,0.23336308,-0.0355889,-0.29144695,0.049795333,-0.38498345,-0.4136794,-0.78114045,0.20252039,-0.30419284,-0.40073073,0.49528354,-0.14853156,0.27470854,-0.3884883,-0.5491248,0.4201228,-0.54125,0.16650032,0.4525894,0.19688055,0.23144133,0.10474773,0.76445216,-0.43995646,-0.19144924,0.210994,0.7531606,-0.17941308,0.5642398,-0.20457736,0.26221544,-0.15230735,0.08434539,-0.30865857,0.2736691,0.085912794,-0.29428583,-0.035109002,0.27364057,-0.37534282,0.29411507,-0.12870286,0.24207686,-0.0326419,-0.3711632,0.37587968,0.18335564,-0.12653592,-0.29713422,-0.15967703,0.3874507,-0.14668429,-0.15734796,0.48700792,0.22933166,-0.38556275,-0.202599,0.12557976,-0.15749194,0.02182871,-0.058351856,0.39184242,0.45566353,-0.2923246,-0.120919734,-0.08413971,0.25531667,0.07994972,-0.083825834,-0.009296417,0.23853506,0.063433506,-0.19376229,-0.17600164,-0.23331207,-0.1480749,0.09238506,0.20916852,-0.054628655
OAS1_0218,0.38961333,0.754947,-1.0487202,-0.032584276,1.1771996,-0.55199206,-0.71329856,0.62585896,-0.4650969,-0.4005044,0.3248509,-1.1313637,0.30189955,0.18701349,-0.22182308,0.47577125,-0.93306386,-0.08952642,-0.7648354,-1.0525473,-1.0277123,0.7036278,0.014112171,0.04695492,-0.3345239,0.21114537,0.037419975,0.35434428,-0.020172784,0.058777366,0.9665481,-0.6477878,-0.67289144,-0.8210968,-0.4823716,-0.14841883,0.21327876,0.3988112,-0.5358845,-0.64420104,0.14556974,0.24807125,0.23132609,-0.060170595,0.8013923,0.36630866,1.0239452,-0.26847634,-0.41995394,-0.32605442,0.90934724,-0.44186226,-0.45890427,-0.20071657,0.4095263,0.791705,-0.5659846,-0.23838413,0.047750577,0.09207411,-0.051530924,-0.7634244,-0.08697256,-0.606055,0.2337668,-0.4715493,0.38860822,0.1404376,-0.05431831,-0.26903826,0.2664555,0.047702383,-0.38706326,0.40843186,0.22697453,-0.22392845,-0.0747059,0.37117752,0.1271697,0.038874038,0.06903857,0.22886443,-0.22947633,-0.07190254,0.7357368,0.16499512,0.066272564,0.5355923,0.5403033,-0.29071254,-0.1127892,-0.20797493,0.56481284,0.070381686,-0.04857528,0.37085417,-0.073187605,-0.3253313,0.43174478,-0.23004603,0.024673384,-0.18007898,0.2891767,0.34720552,0.7272781,0.16652744,-0.1362012,0.369839,0.14619742,0.02979839
OAS1_0220,-0.015824081,-2.033163,-0.49766585,0.44917104,0.35801023,0.47772646,-0.27528667,-0.806683,-0.08514256,-0.69259965,0.82884353,-0.107731834,0.68612,-0.356769,-0.6411896,-0.088696875,-0.49307686,0.14138313,-0.08182963,0.13184404,-0.1259703,0.40228724,0.44854802,0.2650897,-0.20312916,0.12266449,-0.4564151,0.42652628,-0.02786547,0.35197648,0.77514213,0.26120347,0.21812677,-0.14039668,0.56282854,0.13474835,-0.009037667,-0.22188443,-0.19582851,0.5251234,-0.19353707,1.1222229,-0.5110163,0.10145858,0.056198888,0.21113221,-0.7582036,-0.13139336,0.19712766,-0.21835187,0.56672406,0.07479199,-0.18886241,0.45079064,0.6103026,0.098417334,-0.3949129,0.08762969,-0.06779719,0.41646463,-0.10139378,-0.41246992,0.38637957,0.38593432,0.42188993,-0.3397032,0.78381914,-0.20081517,-0.74119544,0.07386557,0.26119864,-0.49271554,0.23298776,0.3068295,0.7713524,0.1178971,-0.175009,0.20938207,-0.06429812,0.2199055,0.2682782,0.3868387,-0.9519141,0.15599692,-0.044805296,-0.21294674,-0.30562875,-0.07521661,0.21411207,0.26396358,-0.21530718,0.33967206,0.4336786,0.117701955,-0.0310177,0.49625257,-0.11934362,0.4288367,0.0507515,0.17506672,0.12098475,-0.094139226,0.34471512,0.4574637,0.40141332,0.12203458,-0.06451587,-0.4699921,0.047443498,-0.19061291
OAS1_0221,0.8371291,-1.1166054,1.4203066,0.8495596,0.006115985,1.5163018,1.2446023,-0.08479977,0.7160154,-0.2149898,-0.82970953,-1.2316822,-0.1630566,0.66736627,0.16535737,-0.46278417,0.6763898,0.60409504,0.7683562,0.5224868,0.27234337,0.059049524,0.4743307,-0.08825432,-0.79501903,-0.13323984,-0.18949312,0.54841775,0.39177066,0.23729558,-0.27119538,0.08768706,0.005468828,-0.73146874,-0.6854619,0.48486814,-0.19094892,-0.72316146,0.56320703,0.66587603,-0.26215068,-0.08965329,0.27001628,0.0877047,0.122628056,0.2901627,0.26843616,0.7791538,0.26724267,-0.7483454,-0.7383429,-0.55551,0.18086638,0.44054517,-0.2756281,0.03402487,0.28328055,0.7721563,0.5227898,-0.3055878,-1.3071172,-0.2718169,0.10205342,-0.48496777,0.16450194,0.3511884,0.106194355,0.053831853,-0.26621804,-0.18088615,-0.22188585,-0.82536125,0.25772247,-0.033046898,-0.3879765,-0.38292605,0.6761531,-0.20831646,0.36274377,0.3568971,-0.00017606518,0.25287023,0.22484396,0.2209451,0.80226386,-0.09183373,-0.052919384,0.28362745,-0.36188045,-0.21895683,0.64077425,0.2558347,0.11618295,0.35198882,0.09353337,-0.1217934,-0.27862906,0.5839303,-0.029887544,-0.17341013,-0.311281,-0.5185201,-0.8017017,-0.08729685,0.123367175,0.0709942,-0.4103535,-0.47477996,-0.44232112,-0.20716134
OAS1_0222,1.0339043,2.1174877,1.0404732,1.020461,0.8103417,-0.8641202,-1.543432,-0.8109904,-0.41734242,1.1450751,0.8246407,-0.54363334,0.18513973,-0.6517468,-0.25973123,-0.34676623,-0.27314788,0.26316303,0.23530754,-1.0134963,0.9574373,0.26172876,0.28752664,-0.45845643,-0.6782444,0.2846332,-0.2713501,-0.16177204,-0.36697388,-1.3299065,-0.5212737,-0.49758554,-0.62894,0.23920052,0.039558824,0.21954054,0.57416993,0.6322622,-0.78865075,-0.3900464,0.21488869,-0.39885458,0.5953954,0.7581982,-0.13263412,-0.39727524,0.35769063,-0.41046298,-0.5203956,0.3065837,-0.44957882,-0.47792593,0.2823273,0.31142157,0.40286258,-0.82035524,-0.60794026,0.28446624,-0.30733007,0.20418619,0.263441,-0.14830808,0.3295713,0.43311676,-0.16386384,-0.5677168,0.10872647,-0.23867679,0.031047653,0.077745736,-0.39225808,-0.43004876,-0.25031644,-0.005763073,-0.2201456,0.13167201,-0.20893578,-0.26393017,0.14267242,0.09747509,-0.33376873,0.77609557,-0.3634033,0.18098417,0.205295,-0.5167901,0.7142247,0.30315754,-0.4823268,0.060685366,0.051663656,-0.020559065,-0.37606624,-0.011336679,0.057324614,0.17079073,-0.36862653,0.36069748,-0.27884218,0.2745871,0.08359985,-0.29487714,-0.6023218,-0.0530561,-0.072363265,0.35053205,0.10326813,0.24417312,-0.21212941,-0.8402388
OAS1_0223,-2.369685,-0.6693833,1.6564642,0.12143968,0.5251759,-0.77511966,0.20229156,0.46814343,1.2227533,-0.06808648,-0.7318006,-0.080902174,-0.3425871,-0.27243462,-0.094925314,0.4120861,0.5187224,0.03864206,0.37354806,0.40313423,0.62257564,0.51122546,-0.40679064,0.8411494,1.0243294,-0.30816257,-0.034991182,-0.018407853,-0.52803224,-0.35476875,0.25685576,-0.52295107,-0.34014687,-0.65073895,0.69274205,0.5080403,0.5801,0.24394982,0.034749717,-0.20784965,-0.21578537,-0.08127083,0.2480315,0.25131765,-0.03470707,0.36528182,0.28171146,0.23023877,0.47734544,0.42027065,0.22846457,0.18763801,0.5120989,-0.16753303,0.24235757,0.4041388,-0.43828687,0.46294308,0.31789172,-0.4115304,0.08233785,0.43865892,-0.8488448,0.09324939,0.18085968,-0.21102956,0.60394317,0.23369619,0.1892016,-0.2759419,0.016398538,0.19737853,-0.08559245,0.06398615,-0.05829365,-0.076690495,-0.07226572,-0.18272187,0.45305058,-0.5062887,-0.41000265,-0.474778,-0.4255145,-0.11236196,0.30854386,-0.03243163,-0.9257591,0.11256671,-0.3364677,-0.08484944,-0.39991456,0.02775714,0.10481065,-0.39696205,0.12994033,-0.4761172,-0.4587951,0.0027531742,-0.33780652,-0.28149188,-0.061997235,-0.20790614,-0.08875047,-0.5390372,0.034017768,0.026729617,-0.4967127,-0.5330622,0.18695244,0.014516917
OAS1_0224,2.199098,-0.10763616,-0.4534903,0.44053787,-1.1445727,-0.043797333,0.62949634,0.7039187,1.1767647,-0.06870491,-0.4814629,-0.658364,0.3225878,-0.6932384,0.028467042,-0.044988118,-0.5139278,0.41936192,0.30342406,0.5870258,-0.46043888,0.3900802,0.6140422,-0.42528144,-0.19744356,0.34991482,0.11789289,-0.26183295,0.026414974,0.35061884,-0.04022753,0.14640245,-0.21558762,-0.30732974,-0.28867358,0.1450261,-0.7286562,0.3695327,-0.44234803,0.774019,-0.19487384,0.13641143,-0.41745377,-0.45470873,-0.97289366,0.019414231,-0.09346952,-0.03742956,-0.64786595,0.51061076,0.39177668,-0.113814466,0.10406085,-0.25191978,-0.13104202,0.052148715,0.12218429,0.5524432,-0.0771797,-0.29247427,0.34992224,-0.26166487,0.22285487,0.10304829,0.09696079,0.06432078,-0.010776647,0.42271057,0.50253856,-0.032030404,1.0195467,0.7480162,-0.37308857,0.85142606,0.059224144,-0.64276046,0.50062907,-0.06381369,-0.2548196,0.30050498,-0.28814316,0.525971,-0.42793632,0.25593302,-0.60248387,-0.22983256,-0.0001458754,0.2544829,0.20974283,0.18434957,-0.08533179,0.1424422,0.1583127,0.39581984,0.25633416,-0.49419054,-0.11032818,-0.27223408,-0.61886483,0.18850498,0.0014142017,-0.065963276,0.12769054,0.26988724,0.16461617,-0.10519935,0.16647847,-0.028314289,0.5521277,0.19612719
OAS1_0226,-1.5684274,-0.48222634,1.7392776,-1.7956871,-0.11305299,0.25455406,0.90515894,1.1774478,0.34766063,0.20979747,0.32487142,-0.01631931,-0.3630292,0.3439921,-0.32120502,-0.83236307,0.18160069,-0.15939622,-0.057156477,0.625346,0.019510025,-0.44527256,0.69737816,-0.25542367,-0.28288656,0.19542468,0.053854916,0.11459169,0.26497495,0.31435215,0.34502146,-0.41620407,0.82305557,-0.24317612,0.46903926,-0.50009054,0.42486146,-0.50967854,0.6909474,-0.021548642,0.35857305,-0.32177955,0.017902814,-0.20784767,-0.41985223,0.67685497,0.49865374,-0.59701115,-0.33651415,0.2529403,-0.20969379,-0.64008516,-0.6860491,-0.14347774,0.10805916,-0.03561516,0.37139904,-0.18447173,0.14271326,0.86051756,0.43824363,-0.691338,1.016092,0.014777897,-0.53049105,-0.15794069,0.23926693,-0.13455659,-0.14187187,0.17469288,0.63210917,0.22145998,0.10319257,-0.09486897,-0.4481327,-0.11577127,0.4306786,0.06310998,0.12526633,-0.41088876,0.32514867,0.12597078,0.080249496,-0.20309474,-0.12763324,0.12719682,0.1732661,-0.1432193,0.24915028,-0.28840125,0.20261644,0.003658791,-0.05093651,0.63684773,0.2387117,0.010777842,-0.31057766,0.3579144,-0.07665587,-0.03228483,-0.2554577,-0.16226527,-0.023849338,-0.7870171,-0.20147815,0.08444659,-0.105018355,0.31653866,-0.13558437,0.06393181
OAS1_0227,1.1147331,1.2392048,0.4059219,-2.1082876,-0.69650495,-0.61413455,-0.9185473,-1.2247695,-0.47430435,-0.3155933,-0.38815936,-0.45200327,-0.12910388,-1.0909493,0.021725599,0.6662661,-0.0455984,0.045886107,-0.57392627,0.03321757,0.62233293,0.4956317,-0.5700273,0.44881713,0.27856362,0.48421562,-0.009509542,0.07374497,-0.07091864,-0.9403096,-0.58681333,0.84481806,-0.009938768,-0.12721154,0.38678995,-0.9061663,-0.38999206,-0.0024840112,-0.07200361,-0.3492186,-0.38673708,0.47248036,0.029426685,0.08767157,0.0013013056,0.6293049,-0.035328966,-0.41930857,-0.04517293,0.09621713,0.5698763,-0.67319477,0.9201579,-0.111649066,0.29979637,0.0037480886,0.111656554,0.81943226,0.31903985,-0.69142306,0.05893568,0.36578777,-0.31392902,-0.068344414,0.41325793,-0.47723347,0.034312516,-0.2520398,-0.48076895,-0.2405206,0.38253096,-0.23572482,-0.5545268,-0.47493446,-0.078041516,-0.61085695,0.0024973538,0.13957773,-0.12869324,-0.0119092455,-0.06285263,-0.22284816,0.5151326,-0.46114132,-0.099845886,-0.23431319,-0.262387,-0.5571457,-0.4779867,-0.15020303,0.06321489,0.484772,-0.32350305,-0.073829025,-0.09236276,-0.18299963,-0.060621165,0.26095098,0.13251038,-0.580179,0.55251825,-0.15733014,-0.3363115,-0.240418,0.5770147,-0.06354486,-0.114210285,-0.3211273,0.17290854,0.19905356
OAS1_0228,-0.644278,-0.4757114,0.35455143,1.0471989,0.21147113,0.25112104,0.109688826,1.1318967,0.044344533,0.34495065,-0.6623401,0.53141713,1.8975191,0.19404371,-0.3376428,0.77146214,0.030289894,-0.46471336,-0.20194077,-0.6811771,-0.8443886,-0.497825,-0.23138653,-0.27800944,-0.61707044,-0.13593851,-0.16393608,-0.17669973,-0.2289194,-0.554193,0.7900193,0.19576752,0.24203287,-0.53779864,0.3987969,0.266397,0.25832742,-0.13952202,0.537869,0.0862452,-0.19019538,-0.34290203,-0.040482327,0.16493094,0.26249185,0.30603623,0.07478224,-0.51441073,-0.4674024,0.5354601,-0.63940483,0.47964695,-0.62301457,-0.22954229,0.5632754,-0.87178475,0.42343435,0.3251098,0.40512925,0.12391726,0.036317285,-0.0073867,-0.22783862,0.89236236,0.094750956,-0.4863473,-0.5388264,0.09431555,-0.4603681,-0.2676602,0.75382537,0.23971556,-0.48340213,0.47702968,-0.2487602,-0.13986406,0.38808703,0.12536888,-0.41043052,0.41041178,-0.58594227,-0.33879375,0.57742125,-0.12640658,0.35339424,-0.03831888,-0.045982648,0.24780566,-0.32403138,-0.34957525,-0.09208928,0.29980788,0.389463,0.14825656,0.07648725,-0.14883757,-0.03289858,0.55079347,-0.118213266,-0.22507586,-0.060595088,0.17046462,0.36702815,0.03491669,0.38409004,0.9341857,0.7631732,-0.25421992,0.2575941,-0.06859474
OAS1_0229,1.0091457,0.17480278,0.32297608,-0.6778511,0.27876863,-1.4332438,-1.8462815,-0.21923085,-0.1950541,-0.10837284,-0.3052546,0.73547226,0.21377194,0.7493812,0.4100395,-0.32940638,0.36811486,0.0804183,-0.9305447,0.29035032,0.53588206,0.85179365,0.95967436,-0.16899237,-0.6552712,-0.66772443,0.04080976,-0.15812352,-0.105590664,0.17708364,0.079832554,-0.3683237,-0.09917516,-0.40846497,0.70834863,-0.30854642,0.30954695,0.04183039,0.31825924,0.29118705,0.44061115,0.23850352,-0.6224442,-0.19736148,-0.1834642,0.24350187,-0.0796588,-0.21758673,0.5350632,-0.33571678,-0.17482817,-0.524322,-0.10635138,-0.4348526,0.067062646,0.46616125,-0.5303282,-0.16674949,-0.16480267,0.04980625,-0.34908456,0.03536011,-0.5474629,-0.33393762,0.6863568,-0.15288503,-0.29314935,0.22201103,0.5703208,0.2458634,0.094247624,-0.61988664,0.73364687,0.57585335,-0.18471435,-0.061851133,0.20345306,-0.061119474,0.07344747,-0.2711762,0.010510587,0.23775294,-0.34946993,0.39208078,-0.38156444,-0.34540474,0.102730855,0.3153139,0.12304303,-0.363731,0.22155479,-0.7700691,0.05231512,-0.06935584,0.23474026,0.46812844,0.2097419,-0.62778896,-0.5105173,0.40613884,0.17766267,-0.17375338,0.27754053,-0.5609249,-0.20422223,-0.07663638,-0.5387227,-0.5144039,-0.9165588,0.41432703
OAS1_0230,1.5512311,-1.0019395,-1.0983471,-0.5667365,-1.3285279,-0.78400415,0.41097477,0.09820626,0.5369519,0.21130551,0.11163481,0.49162048,0.798743,-0.13042015,0.89202124,-0.7418274,0.23604476,-0.015005586,0.61164975,-0.41291213,0.089416124,0.13315654,0.35928836,0.63766426,0.029854346,0.7818875,0.49156106,0.13940638,-0.08062541,-0.20104729,-0.33052066,-0.81724477,0.10402223,-0.67598706,-0.7817878,0.2495309,0.61771375,0.5751263,-0.72979546,-0.009225682,0.009968014,-0.26588872,-0.2282604,-0.21749127,-1.0104994,-0.27018422,0.20439273,-0.015279315,-0.0034943244,-0.04420978,-0.42316967,0.8265451,-0.09627327,-0.33486223,-0.4998868,-0.31054962,0.36370525,-0.1760319,-0.065087035,-0.4452488,0.18096028,-0.15395741,-0.4391672,-0.14726813,0.69067657,-0.016957585,-0.21150143,-0.19089256,-0.39443147,0.083582915,-0.04887149,0.38601887,-0.0729436,0.045836885,0.0006466169,-0.07545516,-0.29112235,0.33395997,-0.14175443,0.24778557,-0.012196349,0.5104102,0.259985,0.17309134,0.22391023,-0.22080061,0.12428923,-0.18429625,0.25280124,-0.21378596,-0.30231804,0.4066126,0.8147983,-0.22065012,-0.070408314,-0.66444767,0.1501908,-0.07881201,-0.05042661,-0.23679304,0.035216834,-0.544606,-0.35134447,-0.041685924,0.018855082,0.42017037,0.525499,0.007926858,-0.42444488,0.3521591
OAS1_0231,-0.5888775,1.048888,0.07363684,1.6304592,-1.9466537,-1.0556346,1.131196,1.392887,-1.8405895,-1.159799,0.7960858,-0.1208827,-0.1951741,-0.16772826,-0.910833,-0.47831804,-0.44556683,0.383671,0.1330878,-0.30434743,0.8564116,0.9562903,0.7078768,-0.5358474,0.2895093,-0.20841403,-0.76364917,0.07073569,-0.47599015,0.07915521,-0.5677363,0.13879687,-0.04713495,0.05128855,-0.46036237,-0.325657,-0.14974396,0.09885948,0.45900863,0.16359246,-0.5969806,0.49128875,0.49555665,0.5273869,-0.2401541,0.5512648,-1.4218361,-0.14565974,-0.40404963,0.9658309,0.27030256,0.32134202,0.1620661,0.5572401,-0.13408913,-0.015644431,0.028199445,-0.30536178,-0.30164173,-0.63850164,0.4380432,-0.24896331,-0.07499879,-0.19338995,-0.013126855,-0.19543925,0.24141401,-0.12336047,0.6529872,0.9881192,0.49614108,-0.671885,-0.25083533,-0.0962781,0.09087503,-0.12412171,-0.24980438,0.34963235,0.40270153,-0.12903339,-0.31563908,0.0010022147,-0.32606906,0.22351567,-0.446557,0.4831109,-0.10711341,-0.062378924,-0.2527533,-0.1720138,0.46442768,-0.12941787,-0.026608208,0.4152722,0.31058317,0.1081347,-0.10790289,-0.5038917,0.38673446,0.011994501,-0.052258212,-0.40349516,-0.2506999,0.1195127,0.16521463,-0.25348902,-0.040790364,-0.108565904,-0.03920558,-0.30387387
OAS1_0232,-0.8406959,-0.4839985,-1.2178941,0.884243,1.7868237,-0.4247964,0.2140134,-0.38682094,-0.2057829,0.6364907,1.5627955,0.38854688,0.5157288,-0.8590753,-0.7107023,-0.6483722,0.3048906,0.3189733,-0.28277037,-0.80798787,-1.001728,0.052643016,-0.015594159,0.85452056,0.3294998,0.11641323,-0.053056948,0.271972,0.1560347,-0.48056364,0.380889,0.00451123,0.39709863,0.6321396,-0.29136595,0.40071806,-0.5218272,0.44018948,0.13806483,0.15993941,-0.73785275,0.18660659,0.14731282,0.35607913,0.4918023,0.76447,0.34128475,-0.22662418,0.21204373,-0.037857264,0.8211949,0.19017647,-0.16143996,0.4591025,-0.07428252,0.36299828,0.35873055,0.60291046,-0.36838657,0.28979152,-0.19379967,0.044647574,0.098361656,0.21559703,-0.13504781,0.1799115,0.03853131,0.39319322,-0.094222,0.2572218,0.34698144,-0.16148004,-0.5168445,0.48830208,-0.1557258,-0.15781276,-0.35098404,0.30624473,-0.4155477,0.0064582354,-0.27100265,-0.011464071,-0.038942393,0.60140663,0.5980691,-0.5069802,0.13480878,0.40651146,0.048384625,-0.25360382,-0.2658391,-0.0467746,-0.4426585,-0.052441783,0.20123458,0.4704993,0.1301641,0.06767596,0.14223875,0.23955542,0.5426217,-0.40351802,0.18171585,0.018564483,0.2246268,-0.13757272,0.334104,0.13988222,-0.0947942,-0.03054444
OAS1_0233,-1.410552,-0.675033,-0.08599949,1.0263094,0.47647956,0.8759406,-0.22948162,0.5827179,-0.084962904,0.4718301,-0.9510698,-0.15849592,-0.20225327,-0.30401936,-0.35282463,-0.13628758,-0.015861021,-1.2599111,0.9073423,-0.038874045,-0.16397019,-0.15307197,-0.038875643,-0.109564126,-0.5014858,-0.07928975,0.018432282,-0.121456996,0.34916815,0.62387925,0.7379265,-1.0781714,0.570724,0.28541368,0.009668593,-0.5802807,0.399094,0.3415523,0.6592345,0.2647915,0.3321884,-0.1902079,-0.95062345,0.21834737,0.700654,-0.14581971,-0.5348968,-0.78788984,-0.28917596,0.09552526,0.10565772,0.29339367,0.18243375,-0.05465239,0.020167373,-0.43015268,-0.2927575,-0.48139855,-0.37984562,0.3092758,0.061176687,0.13873506,0.0567964,-0.77997553,0.37968144,0.54819614,0.11495926,0.42303154,0.23097463,-0.052963935,-0.4643081,-0.11555745,0.13791233,-0.17458779,-0.18513674,-0.17277353,0.19622672,0.41097924,-0.47967362,0.27912775,-0.39166674,0.25881702,0.15536642,-0.024178365,0.18514481,0.28435618,-0.22893466,0.32298017,-0.264014,0.0030092518,-0.16255683,0.48723137,-0.32226124,-0.19810756,0.6705571,0.14529563,-0.092235625,0.25642812,-0.1858701,0.08799991,-0.48339635,0.42274752,0.09740828,-0.19082001,-0.34028438,-0.03612152,0.31155592,0.040775288,0.2743743,0.075010695
OAS1_0234,0.3474283,0.22382784,1.6872603,-0.8267403,0.2164662,0.15263131,-1.0765351,0.7588773,-0.72029096,1.5137593,1.0068581,0.9669203,0.836389,0.009957642,-0.3474373,0.8447139,0.5765082,-0.47350153,0.5517232,-0.3700898,-0.08058977,-0.47555518,1.1238292,-0.0617039,0.54753804,0.23059636,0.06507773,0.0689896,0.14770064,0.294927,-0.026500475,0.5820023,-1.3057102,0.81038815,-0.6984569,-0.20769772,0.19881597,0.1732235,0.21911511,-0.028458446,0.0018652073,0.47414124,0.3574138,-0.22625048,0.21052888,-0.093067445,-0.37302473,-0.41042817,0.2948113,0.7719942,-0.30744,-0.10583373,-0.26411226,0.63349354,-0.14483395,0.24562192,-0.24801737,0.19471845,0.74664396,-0.3365394,0.0019879017,0.08248319,0.9664098,-0.60339427,-0.09706281,0.12521264,-1.0533446,0.48468977,-0.809101,0.2083644,0.28397265,0.31563836,0.2422476,0.20442007,0.7148772,-0.3452699,0.48918393,-0.012843553,-0.72986555,0.04824096,0.09982464,-0.4407715,-0.64515454,0.6078158,0.08157842,0.63398886,0.029316202,-0.05799421,-0.27399307,0.15598896,-0.0128535,-0.50247985,0.20448045,0.12085109,0.33559805,0.33116987,-0.2094622,0.019322604,-0.003813947,-0.08568076,0.21577573,-0.3233692,-0.03002797,0.21644118,0.49641755,-0.18766549,0.23309061,0.22881201,-0.08221972,-0.04660991
OAS1_0235,1.2773633,-0.47602797,-0.8119848,0.35665017,1.3253614,-0.9361694,1.13485,-1.1057693,0.09767078,-0.17168477,-0.4070886,0.24113901,-0.6758185,-0.301142,0.40372497,0.09715352,-0.43458116,0.4719112,0.17435497,0.2785099,0.2522286,0.18070553,-0.4847646,0.27002588,-0.18169351,0.21561392,-0.41641846,0.37450632,-0.42599568,-0.42112646,-0.063799955,0.85233414,0.2554981,-0.37992138,-0.08051122,0.05549784,0.04817783,-0.8655011,0.16998163,0.021171464,0.13163751,-0.15244056,0.2770796,0.4077026,0.32392082,0.3534271,-0.107451804,-0.45250916,0.055850342,-0.3706609,-0.14481263,0.6463915,-0.06694775,0.20177191,-0.5704678,0.23497948,-0.27945712,-0.18121181,-0.04795493,0.070916995,-0.01359195,0.3317047,-0.17030579,0.039610002,-0.26284915,0.17713813,-0.18792954,-0.27491757,-0.0050997087,0.03394312,-0.29837677,0.07968356,0.12299208,-0.42265737,0.31941321,-0.52357644,0.18615706,-0.07850638,-0.144301,-0.014080592,-0.105890095,-0.15491372,0.10063216,0.06787072,0.15016437,-0.1669708,-0.046250097,0.18026194,0.59156126,0.38320562,0.52081114,0.029402927,0.21452911,-0.48728967,-0.05045894,-0.15637745,0.1765027,-0.3144868,-0.14559467,-0.496493,-0.29521704,-0.7658526,-0.25969803,-0.6043412,-0.09986455,-0.40094125,0.09036495,-0.15294513,-0.12684874,0.10460634
OAS1_0236,2.2691302,0.11032159,-0.8238162,0.40736288,-0.80650216,-0.31180415,0.063449495,0.21766575,1.1187496,-0.59267217,-0.93627703,-0.6832713,-0.043796435,-0.9242739,-0.68456686,0.26604006,0.06662845,-0.091594465,-0.011388653,-0.48192152,0.1522957,-0.531644,0.34469798,-0.89486367,-0.5054963,-0.36748758,0.37563714,-0.23352894,0.3156867,0.3316589,-0.21154384,0.37576315,0.22672276,-0.011626114,0.39658535,-0.12312944,-0.9094013,0.70779306,0.2141784,0.36112002,-0.033569925,-1.0749062,0.19522649,-0.015126842,0.31699267,-0.6667755,-0.14268616,0.49558067,0.112626135,0.2799204,0.2724351,0.5152271,0.34418023,-0.3218089,-0.13973168,0.35756797,-0.11455192,-0.30730644,0.1506659,0.12093635,0.98063165,-0.19049369,0.41820082,-0.7403013,0.26016024,-0.23644817,-0.39624876,-0.46057144,0.14705335,-0.14832322,0.40077248,0.059405956,-0.22397268,0.25994685,0.17804508,-0.035533354,-0.2080469,-0.14221582,-0.44669724,-0.13403377,0.3086748,0.240638,0.7693081,0.082720935,-0.33749822,-0.24920161,-0.28561494,0.1605324,0.26777473,-0.3381311,0.2251932,0.25498864,-0.0039210073,-0.1913222,0.41218862,0.35452572,-0.19089171,0.19644885,0.32188377,0.363729,0.11694765,0.009730076,0.4243326,0.07819259,-0.12258124,-0.19921573,0.030632414,-0.25742403,0.5362174,-0.328362
OAS1_0237,0.28565565,0.5243399,-0.120640434,1.7424778,1.5369425,-0.101406015,-0.30173102,0.038233977,0.11436201,-0.15667169,-0.7741072,-0.12923424,-0.9535078,-0.17925847,-0.028608192,-0.20411812,0.69690865,0.8973991,0.22743802,-0.9756933,-0.7519475,0.7888919,-0.55093366,0.09343511,0.038150426,-0.06936802,0.32008925,1.1482633,-0.5052326,-0.25265604,1.2015944,-0.23182055,-0.31645083,0.17141475,0.5186889,0.62008476,1.264979,0.059519883,-0.13415378,-0.47112048,-0.017108174,0.59171456,-0.22892936,-0.15708983,-0.21036008,-0.30709314,-0.1267049,0.37230036,-0.20037499,-0.023445135,0.21964377,-0.10147113,0.7040396,0.5394946,0.22056979,-0.26684842,-0.24316572,0.26972428,-0.2625312,-0.3329387,0.07333358,-0.50888133,0.29261956,0.28509757,-0.1996269,0.0063843257,0.3008933,-0.12831242,0.45083436,0.01893844,0.2971883,0.30249667,0.49729434,-0.49272746,-0.50802314,-0.3981101,-0.8164607,0.09445594,-0.01787283,0.6754268,0.2534018,-0.08521347,-1.0213072,0.59034073,-0.5017962,-0.106342286,0.22295591,-0.97268134,0.18035328,0.5329885,0.6432365,0.54887956,0.21820296,0.008416353,0.047731988,0.21357842,-0.30426702,-0.08669186,0.00044451244,0.80670065,0.6094128,-0.5896533,-0.1923523,0.23554312,0.15109296,-0.2424608,0.010307991,0.29580444,0.23899175,0.23315972
OAS1_0238,0.7192782,-1.1947001,-0.10815274,-0.87582874,-0.12743427,0.8144144,-0.8035396,0.5653679,-0.39467758,-0.1569598,0.57399243,0.90201205,-0.3079686,-0.24465117,1.831348,0.24569012,-0.2783322,0.23730811,0.23135547,0.6072665,0.03800559,-0.5167451,-0.079937175,-0.50170887,-0.36386117,0.6674336,0.06143108,-0.19055367,-0.32577312,-0.057504397,0.22294061,0.14946547,-0.3152244,0.42343915,-0.6546395,-0.89286715,0.08525221,0.022031948,-0.21600772,-0.037656296,-0.17094193,0.43197516,-0.11411838,0.27501982,0.34814116,-0.025114799,0.3601534,0.103912234,-0.36313134,0.29211247,0.045817174,-0.30406862,-0.13101518,0.9591784,0.20654254,0.3991376,-0.17427188,-0.12780118,0.14960147,0.36139572,0.31494942,0.9084927,0.59697413,0.14938587,-0.09835677,-0.25336972,-0.6556773,-0.1814465,-0.26799807,0.3161942,0.040704112,0.5525688,-0.66623455,-0.2373694,0.06359634,0.670794,-0.12184873,0.53621453,0.51711494,-0.27753913,0.22651136,0.18424585,-0.1845837,-0.048096426,0.14028628,-0.22378407,0.048783213,-0.096420474,-0.18646483,-0.2938743,-0.045918927,0.5077691,-0.17527251,-0.30396968,-0.40531847,-0.19327305,-0.12967396,-0.33263555,-0.030556334,0.26454407,-0.37793088,-0.16131562,0.1897622,-0.0680822,0.35367745,0.17364125,-0.042763405,0.20056671,-0.15584032,-0.04867156
OAS1_0239,1.9832985,-0.4672336,-0.33169538,-0.7999694,-0.78726506,0.3553086,0.26947948,1.4141814,-0.323077,0.8375409,0.30844352,-0.8204316,0.16293846,0.7813964,0.04122752,-0.050910093,0.108481236,0.59259766,0.72567296,-1.40821,0.7847579,0.1412774,-0.059551954,-0.026044913,0.48872328,0.009318452,0.32397768,0.37905937,-0.44135633,-0.15314773,-0.5584806,0.044035845,-0.22829802,0.31667757,0.22413287,-0.48169398,-0.29983634,0.23800963,-0.71054786,-0.56044257,-0.41323832,-0.5712005,-0.31149504,-0.2803134,-0.14324237,-0.109825075,-0.09814208,0.1786757,-0.0040917937,-0.44527227,-0.04107713,0.12895375,0.6006753,0.19023652,0.1658592,0.27884963,-0.45701107,0.18045136,0.14356476,-0.31905124,-0.22769368,-0.38898528,0.039689664,0.3117961,0.1367935,0.076482646,-0.31301865,0.043128133,-0.08402164,0.17399442,-0.12809351,-0.68866915,-0.62072086,-0.03303182,-0.14473638,-0.027846675,-0.07190566,-0.03712691,0.11337625,0.28579977,-0.24238987,0.44492376,0.36997414,-0.079900354,0.35905972,0.91948164,-0.011003096,-0.2542523,-0.09231612,-0.78587496,-0.68550956,0.65595436,0.10575098,0.7076027,0.3335867,0.20128071,0.14564088,0.31099015,0.31892824,0.26485243,0.50518185,-0.3915068,0.42511338,-0.2077294,0.57374555,0.16414584,-0.108439796,0.25797185,0.36386827,-0.19829707
OAS1_0240,1.5179546,0.76229584,1.8153849,-0.5243218,0.31176057,0.24164651,0.37630928,-0.98724765,-0.2313742,0.6661086,0.9193491,-0.6704499,-0.1827895,0.2567911,-0.013709159,0.20075728,0.56128883,1.2405437,-0.54058236,0.10814316,-0.69532615,0.1491325,-0.46061915,0.3013887,0.6676682,0.07297345,0.927614,1.1141075,-0.4053488,-0.10578811,-0.11540488,-0.7051332,-0.02821234,-0.8566207,-0.9114025,-0.6036693,0.60649645,-0.29475003,-0.012648914,0.27660635,0.3351926,0.8212379,0.7090188,-1.2010959,-0.25716928,0.15648723,0.14329688,0.058550164,-0.8268495,1.2544188,-0.44306114,0.36849007,-0.003653315,-0.16139527,-0.27467754,-0.73164225,-0.24850819,-0.5519425,0.18761344,-0.1968833,0.72399765,0.17047854,0.47011092,-0.6552918,0.397788,0.15644133,0.41936672,-0.37672812,-0.14864846,0.5107196,0.02151856,0.6271342,0.54066414,1.2616537,-0.70332026,0.006597728,-0.70604104,0.012053385,-0.027400495,0.23616889,-0.15893045,0.4673799,0.19953103,-0.06875339,0.05746138,-0.06638972,-0.09547941,-0.25277176,-0.08436865,0.74730027,0.0019357067,-0.003889245,-0.42241663,-0.3669135,0.1938351,-0.21207324,-0.56258917,0.378227,0.37851673,-0.16771641,-0.054604877,0.45112082,-0.28355962,-0.08096059,-0.21612681,-0.42807293,-0.6617988,0.0748729,0.38006282,-0.17837508
OAS1_0241,-0.3490505,0.26912063,0.0043635406,0.44509634,0.52652913,1.3141912,-0.5882907,-0.013811964,-0.406056,-0.6840681,0.09444352,-0.07539151,0.2743347,0.67342645,-0.8299189,1.1891024,0.13636594,0.077771805,0.7619239,0.30742085,-0.52478564,-0.06465911,-0.5321187,0.3083407,-0.017035356,0.16150439,-0.1375119,0.1804675,0.27381158,0.20842016,0.36419058,-0.3456631,-0.40423846,-0.6887126,0.10929967,-0.3354216,1.0481262,-0.22346966,0.31608382,-0.3626204,-0.05735339,0.23859604,0.94805837,-0.16065587,0.43428808,0.80584437,0.20525348,-0.017025443,0.87222147,-0.49774808,0.6294284,0.45652193,0.21823032,0.11713965,0.27135104,-0.25076133,0.21553834,-0.54211134,-0.30875257,-0.66897374,-0.38777947,0.26515925,-0.14319673,-0.1260164,-0.4370195,-0.34952733,0.6273945,-0.6134731,-0.009164623,0.18465,0.47318974,0.24009678,-0.42948788,0.16783872,-0.3988078,0.84338206,0.3703211,-0.41255143,0.121795215,-0.27161053,-0.12800373,-0.12334282,-0.06475474,-0.91535753,-0.26012638,-0.3682749,0.49943134,0.27682397,-0.09640456,0.7532058,-0.6872186,-0.21366479,-0.3656929,0.2921348,-0.2606795,-0.53321147,0.18976389,0.20408188,-0.51611114,0.20513245,-0.054651164,-0.54952013,-0.014556269,-0.021345688,0.07107195,-0.05282739,-0.06506856,-0.3367351,0.42855385,-0.18533021
OAS1_0243,0.6756816,-0.6037534,1.4274173,-0.82220083,0.68757284,-0.06584321,0.34028092,0.17476591,-0.18012354,-0.60726106,-0.0032034465,0.75545716,0.2833953,0.76215357,-0.63708746,-0.14376211,-0.46754864,0.8855731,0.21076071,-0.069341995,-0.5127875,1.2785771,-0.17948079,0.36504948,0.2575923,-0.8113556,0.71454,0.45401445,-0.34101534,-0.98105246,-0.8518461,-0.89906865,-0.36945245,-0.37816253,0.46473068,-0.22930932,0.18304892,-0.39446867,0.16659293,-0.51480246,-0.022214606,-0.4411664,0.62429416,0.33134013,0.260844,0.019135037,-0.48752615,-0.17736949,0.30984753,-0.4065038,0.32942483,0.5573895,0.45997578,-0.42805913,-0.74332577,-0.17478311,0.3932981,-0.11741741,-0.38411865,0.6938318,-0.35976034,0.06814515,-0.2503094,0.60579675,0.5427343,-0.45478845,-0.54548514,0.042849462,0.32967606,-0.056440406,-0.3926636,0.925261,0.3384049,0.31046352,0.09590772,-0.8881122,0.078630045,-0.009809607,0.7424467,0.14918621,-0.048590105,-0.33769864,0.0075703557,0.6867669,0.25941253,-0.03936596,-0.11176639,0.42567828,0.21489437,-0.15598872,0.014849418,-0.46634632,0.3857185,0.68553376,0.65506387,-0.09856817,0.5448499,0.021973222,0.4514019,-0.14198127,-0.2968567,0.26651332,0.038299598,-0.14214815,-0.4117163,0.031298775,-0.026926726,-0.4593466,0.2609154,0.30180332
OAS1_0244,0.26670077,-0.42638418,0.53209144,0.39419016,0.7055352,1.3888083,-0.06642916,0.053455207,-0.21617569,-0.10932645,-0.20635371,0.1433589,-0.6541531,-1.1725174,0.15891409,-0.033578303,-1.0001103,0.06575889,-0.23751253,0.36739612,0.21141522,0.18296203,0.11498124,0.16248456,-0.2856143,-0.3772347,-0.2999787,-0.08634526,-0.9303604,0.7255837,0.2911239,-0.14351368,-0.3198545,-0.25764173,-0.17598417,0.49602708,-0.5614289,0.5223305,-0.6635819,0.30678955,0.025485912,0.5040566,0.50083303,-0.30585513,0.22353461,-0.058648907,0.5402766,0.5293469,0.19450253,0.10729264,0.06696546,0.18252741,0.65650064,-0.00321001,0.26150337,0.47755063,0.44869256,0.21825314,-0.57188696,-0.43136197,-0.5190906,-0.7355754,-0.15636756,1.0512902,1.1116,-0.25816965,0.1800758,-0.3540351,0.40779504,1.0107939,-0.09569874,-0.021092512,-0.68659794,0.17413835,-0.153932,-0.14315066,0.115195125,0.46638155,-0.046631437,-0.8426956,0.026346784,-0.26231784,-0.6006056,-0.3169034,0.21342584,0.28630492,-0.18546298,0.016589632,-0.39023027,-0.34519514,0.19442868,-0.24145173,-0.5412923,0.15569162,-0.047413837,0.2731095,0.20174661,-0.1283007,-0.22143587,0.46574008,0.10951735,0.08750167,-0.38662186,-0.0712403,0.41783836,0.052438002,-0.13059397,-0.13066088,-0.22737108,0.06169455
OAS1_0246,-0.13679913,1.6410415,0.15832686,-1.2389159,0.21853085,0.43889457,0.6685105,1.187845,-0.23532131,0.87078255,0.50907457,-0.040458445,-0.656633,-1.2683781,0.11170711,-0.42073938,-0.038168542,-0.0035310492,-0.2748257,-0.87164074,0.46186358,-0.540227,-0.21750906,-0.06726473,0.39499474,0.0625041,-0.26683277,-0.5912757,-0.0678234,0.13168858,-0.15256205,-0.53632545,0.18306713,-0.66745406,0.41207758,0.06670935,0.6205167,-0.25548863,-0.2585369,-0.94531184,-0.18889242,-0.29460266,-0.36174607,-0.3383204,0.1647311,-0.5759307,-0.09092317,0.47524,0.22576767,-0.365427,-0.24873699,-0.16920367,-0.3670993,0.7082588,0.11016552,0.13618937,0.14192665,-0.019030264,-0.3029547,-0.31874418,-0.36980578,-0.09841949,-0.114891835,0.3383225,-0.67684686,0.19875251,-0.2933859,0.33086085,-0.3737284,0.6819232,-0.2512213,-0.42224398,-0.086839564,0.41856828,0.8424225,0.06613192,-0.21693279,-0.38665837,-0.08543513,0.38150018,0.25138015,0.4716179,-0.39457715,0.20990096,-0.12374851,-0.8801477,0.31840998,0.2998768,-0.31804186,0.36937952,-0.09081382,0.12692888,-0.24352951,0.5539162,0.26548314,-0.51926523,-0.104120836,-0.71237195,-0.3835036,0.44573107,-0.30722517,0.17760484,0.105508365,-0.3369889,0.14502525,-0.28491098,-0.023330448,0.011053941,-0.47123465,0.50929314
OAS1_0247,-0.5422817,-0.47627586,1.7225223,0.7489961,1.8405337,0.4102067,-0.32456005,0.37160793,-0.18305402,-0.3804708,-0.124962136,0.6738907,0.48573384,-1.043141,-0.41235462,0.061039824,-0.7173538,-0.12928723,-0.18783823,0.37394026,0.76678467,-0.18605857,0.44236252,-0.24145164,-0.6729411,-0.19040304,0.08197999,-0.42124936,0.38841894,-0.40595427,-0.47746173,-0.6743326,0.03179801,0.21313395,0.54852784,0.21720283,0.26803935,0.64897275,-0.5000158,0.39118493,0.28512016,-0.91805303,-0.22090468,0.20430216,0.07999506,0.30083835,-0.5956377,0.39951587,-0.8050683,-0.43956444,0.14150551,-0.040237427,0.10865636,0.52237964,0.20721298,0.8233027,-0.14819662,1.0936073,-0.5082693,0.25338656,-0.07040607,-0.07811964,-0.23206913,-0.57497084,0.031112384,-0.04917941,0.7089305,0.3679746,0.6109537,-0.19485001,-0.34516445,0.6657322,0.8273977,-0.009234926,0.41315213,-0.43220833,0.015204347,-0.11684084,0.2548699,0.05183082,-0.4802963,0.35980853,0.09366092,0.05980723,0.7307986,-0.463528,-0.21901424,-0.44183242,0.041110247,0.26919246,-0.2870273,0.21488973,0.19176567,-0.075523704,0.2969713,-0.46359995,-0.18399858,-0.24204932,0.03268506,-0.006829094,0.06891975,0.25828654,-0.32511908,0.29690439,-0.23048526,0.057247836,-0.78267163,0.7193217,-0.08775407,-0.27360922
OAS1_0249,1.5868102,-0.50179,-0.22773111,0.035214882,-1.2916431,0.31250256,0.731322,0.25759423,1.4390609,-0.1396041,-0.027868742,-0.8869073,0.05613455,-0.098733425,-0.16966487,-0.055368528,-0.06309996,0.30222753,-0.26786628,-1.2662666,0.3895149,-0.53541994,0.65593123,0.34502968,-0.6476833,-1.2131016,0.5693907,0.57272947,-0.46559668,0.94883513,-0.24558192,0.515615,0.15612642,0.06998699,0.6591208,-0.45316324,0.19688582,0.38611698,-0.45049423,-0.083001524,0.37267134,-0.64455175,0.3802876,0.11121426,0.36753476,0.26106328,-0.3654102,0.19703738,1.1686556,0.21185836,-0.2467274,0.3767498,0.3058816,-0.17993562,-0.38635677,0.24841025,0.027345711,-0.23506366,0.2839435,0.15717763,-0.048967827,0.24486549,0.075463094,0.13594721,0.16235901,0.5009126,-0.48299533,-0.08880919,-0.26774028,0.07935759,0.4017075,0.28540215,0.25991443,-0.76370555,0.40973377,-0.25147152,-0.21167831,-0.7996187,-0.085955024,-0.4550186,-0.17809619,0.10892532,0.17971945,-0.19115499,0.013655976,0.22120966,0.87341785,-0.41804728,-0.4192931,0.08450387,0.27972445,-0.13206734,0.008020485,0.009581807,0.4833822,-0.14100665,0.34911028,0.16291739,-0.05755239,0.15003465,0.4202743,-0.54202783,0.08688566,-0.057214692,-0.25159475,-0.26077384,0.36687133,0.46213448,0.34434703,-0.11093698
OAS1_0250,0.0027306369,2.2394571,-0.0740069,0.15604188,0.53893036,0.20939784,1.3726779,-0.895702,-0.15811665,0.58830124,-0.7735494,-0.55429775,0.28670225,0.13409226,-0.80282634,0.0738334,-0.21354046,0.031386804,-0.60069555,0.3500601,-0.484741,-0.22700195,-0.5647454,1.2519168,0.42992365,0.27659208,-0.30033138,0.047529627,-0.45879236,1.0293149,0.42335045,0.7042899,-0.38305116,-0.07270735,0.39794108,-0.034226045,0.48983836,0.5242982,0.93525,-0.13316078,-0.6876126,0.37512252,0.24473023,-0.32935223,0.21668841,-0.20419994,0.03599522,-0.49460974,-0.34088942,-0.08429502,0.14502679,0.13987598,0.10404203,0.509387,-0.31794173,-0.09991874,0.040019035,0.47962892,-0.70833033,-0.1537655,-0.43984008,0.024408264,-0.20299092,-0.07556007,-0.600071,0.029787978,0.23751973,0.095878646,-0.2948116,-0.072107024,0.45610496,-0.29307622,-0.06328919,-0.095823556,0.22876707,-0.4641552,0.21776223,0.06725355,0.51585835,-0.47666934,0.10568401,0.51379675,-0.012622329,0.017422056,-0.055674188,-0.012474788,0.34186602,-0.18328147,0.33878985,-0.29315937,-0.21615593,-0.13718186,0.6964937,0.046967424,0.057278395,-0.06546632,0.16496061,-0.5575922,-0.19985075,-0.15719484,0.20784265,0.13513295,-0.12848763,-0.09635384,0.5725188,0.26857096,-0.17924604,0.44516432,0.77226216,-0.45113662
OAS1_0253,-1.5527256,-0.24750164,-1.8998066,-0.8564524,0.08411317,-0.5801662,-0.54009503,0.04491078,-0.52991676,0.02911747,-0.35506484,-0.6974376,-0.7673638,-0.13780914,-0.24559101,0.64201975,0.8019002,0.92822456,-1.088205,0.023104373,-0.19084363,0.033573825,0.6960129,0.86217195,-0.11566216,1.0030162,-0.9603057,0.030944617,-0.23797128,0.098163754,-0.43478453,-0.42364162,1.4871083,-0.3004442,0.19766106,0.09970854,-0.1882076,0.6071164,0.030057076,-0.23428768,0.09166237,-0.11654421,-0.3182459,0.08149345,-0.2349451,-0.3101178,0.309138,-0.52048665,0.14222847,0.42476133,-0.52720994,-0.8028437,-0.6531141,-0.45357326,-0.1346456,0.2921076,0.10927623,0.16047241,-0.017066866,-0.5065792,0.2441028,-0.6280687,-0.044423025,-0.054948565,-0.16578607,0.046449844,-0.41149792,-0.04768449,-0.00214959,-0.18459103,-0.037282884,-0.100145794,0.43521106,0.0026494584,-0.120187275,-0.26482403,0.81066126,0.24043207,0.08096834,0.14591952,0.058339376,-0.52211094,-0.109905384,-0.3382267,0.9083096,-0.10022083,0.31063285,-0.016960928,-0.19371767,0.030101651,0.18369246,0.14484616,-0.42421407,-0.010507082,0.5152152,-0.030575497,0.57468605,0.3259202,0.14413537,-0.40082484,-0.21391451,-0.15281467,-0.24819802,0.31726423,-0.31633824,0.36086327,0.16363141,-0.08394754,0.39972296,-0.18631996
OAS1_0254,-1.632206,-0.5192208,1.1413819,2.2002864,-1.8767292,-0.26049522,0.9910762,0.021115668,-1.9689308,-2.154079,-0.35614088,0.4969007,0.93858784,-0.51077765,-0.521807,0.7277798,-0.22535402,0.16451119,0.41298383,-0.31498453,0.07648391,0.23684023,0.8852156,-0.2951945,0.9890288,-0.49064696,-0.8657154,-0.27583137,0.4956458,0.27087098,0.6541613,-0.12190634,0.17822868,-0.061975833,0.23405048,-0.3893032,-0.018259447,0.07345869,-0.51420736,-0.7155951,-0.011357524,-0.27941436,-0.09212225,-1.0494398,-0.2053455,-0.23147058,-0.2481868,-0.03898543,-0.75029063,0.26336977,-0.031814326,0.08384136,-0.4107168,-0.1506504,-0.6338612,-0.033801753,-0.58427227,-0.011908748,0.012444987,-0.4997879,0.050603673,0.64259714,-0.33517516,0.60465807,0.12293115,-0.539898,-0.24772911,0.41371408,-0.08668558,-0.11434885,0.04122303,0.33036026,0.15129323,-0.11594228,-0.44222343,-0.7316706,-0.7344848,-0.39242366,-0.17259394,0.13471457,0.06105478,-0.08743818,0.18671596,-0.010091034,-1.025183,0.2819953,-0.45314953,-0.23552485,-0.2500954,0.06434189,0.18080339,0.07215929,-0.13364385,-0.5881892,-0.46039948,0.06118598,-0.15542892,0.18282533,0.25529397,0.093215965,-0.19718437,-0.09053378,-0.73303646,-0.055711713,-0.18530007,0.43618628,0.2176463,-0.2807592,-0.30405992,0.10888134
OAS1_0255,0.48846698,-1.0768515,-0.25591725,0.83360374,0.7183814,-0.3310501,-0.93578005,0.32555538,-0.43279254,-0.118861385,-0.32933322,-0.82063776,-1.4694896,1.2218052,-0.26175678,0.21267097,1.1000739,0.60737014,0.09595835,-0.3154966,0.7367368,-0.34297323,-0.6138042,-0.09925593,-0.006325334,0.049090095,0.32981405,0.17480887,0.5141043,-0.21504956,0.74903524,0.075350665,0.08139504,-0.33550313,-0.13126075,-0.7271584,0.41422728,-0.16721524,-0.21806581,-0.06084099,0.20731626,0.5479069,-0.59032816,0.02042908,0.08714432,-1.1328117,-0.88840365,0.2695822,0.38717285,-0.30341062,-0.6081974,0.2533285,-0.90615255,0.04856876,0.15941264,0.9641628,0.6789737,0.5054348,0.16838892,0.09459886,-0.13387048,-0.29282776,-0.3296593,0.31195197,-0.056203946,0.2021653,0.3413528,-0.090990186,0.5097965,-0.33342668,0.22969696,-0.080960386,-0.42420655,0.49621338,0.27477297,-0.011590982,-0.013529118,-0.057973612,-0.12379295,0.19102569,-0.014486084,0.053399168,0.34127444,0.23592654,-0.06736254,0.12044732,-0.3993073,0.05578627,0.14095011,0.31154373,-0.63081455,0.21152224,0.21622258,-0.41184407,-0.23875226,-0.038828727,0.3848805,0.32343695,-0.13337716,0.26565135,-0.19922163,0.15648909,0.32749504,-0.13121739,-0.3361631,0.4105945,-0.015302401,0.23849624,0.4449417,0.08578798
OAS1_0256,-1.084217,-1.2129967,0.48585072,-0.16087237,1.3778961,-0.35940576,-0.318352,-0.8555719,-0.104951605,0.12580855,-0.8334132,0.9019593,0.29694727,-0.12357251,-0.87925935,-0.2546978,0.571533,0.3362838,-0.4376428,-0.22519277,0.15591337,-0.036070496,-0.23582508,-0.038521506,-0.12014102,-0.8705846,-0.12690529,0.33936504,-0.46260673,-0.2528369,0.0354356,0.665011,-0.34388924,-0.66654176,0.32339665,0.48458716,-0.13771953,-0.01617898,-0.46047333,-0.3043573,0.44590074,-0.5963355,0.22847071,-0.07922,-0.15456724,0.34781295,-0.01125435,0.031424887,-0.58135045,-0.49776596,0.10924528,-0.1500762,0.28393933,0.16724525,-0.96187073,0.44941473,0.43133503,-0.23007771,0.1871458,-0.21945426,0.043861255,0.26921502,-0.061379824,0.28720403,-0.40665722,-0.1104764,0.34391698,0.16158544,-0.022883313,0.35812166,-0.09701518,-0.1631789,0.5112639,0.065384276,-0.16788046,-0.14620735,-0.031764034,0.39776024,-0.072651125,-0.20295605,-0.33713165,-0.23010717,0.09383125,-0.21259066,-0.32601634,0.3478199,0.26480675,0.7391109,0.056589406,-0.29536766,0.38248998,-0.02578223,0.46374717,-0.12527296,-0.0973711,-0.0053685997,-0.3030956,0.58376336,0.03211381,0.23825924,0.5246558,-0.05405083,0.32987294,-0.037584335,0.18314016,0.32962504,-0.004104995,-0.36483946,0.071881615,0.73029286
OAS1_0258,-0.62896746,0.49990058,-1.720315,0.25383472,-0.09453895,1.1694983,0.54841375,-0.37302056,0.11142233,-0.71920615,-0.046963006,-0.2252098,-0.15045564,-0.15705489,0.06821696,-0.8604989,-0.46990278,0.07055757,0.30233693,0.18025142,0.5936768,-0.17479947,-0.17538418,1.5090208,-0.5967509,0.91644,-0.026860978,-0.59524614,-0.390546,0.42950198,-0.030204505,0.19649369,-0.0005768932,-0.22455475,0.42802978,0.44360757,-0.3327652,-0.41154522,0.37181425,-0.6179487,0.8079258,-0.6363087,0.150161,0.75906265,0.042427476,-0.17764027,0.37110525,-0.4831778,-0.38821813,0.5013181,-0.27394152,0.13486457,-0.09264358,-0.13906938,-0.121833436,-0.4794608,-0.27642837,-0.007910333,0.08965577,-0.39738685,0.08779976,-0.06424223,0.1745836,0.16089092,0.27145416,-0.43502846,0.028884083,-0.38657635,0.056723412,0.1941448,-0.04999621,-0.032041818,0.8053006,-0.14849482,-0.4813775,-0.0016218207,-0.158887,0.2333809,-0.311976,-0.15553857,0.2849542,-0.1384618,0.08246288,0.11975999,-0.3136993,-0.17873825,0.39787516,-0.08657546,-0.17326742,0.38294956,-0.4217853,-0.030330323,0.05262962,0.2911309,-0.053031605,0.012615819,0.4454023,-0.3073085,0.1081287,0.08115963,-0.10008547,0.09483901,0.2203767,0.2053232,-0.3307274,-0.20715332,0.34585983,0.1420285,0.2213066,0.10515035
OAS1_0259,-1.3534479,1.5973634,0.012110124,-0.42367694,-0.2995527,1.193789,-1.0478454,-0.40361208,0.49718466,-0.8399165,0.18866684,-0.57540005,0.63947767,0.39191192,-0.9763218,0.26781604,0.35189694,0.23542634,1.1879984,-0.124924384,-0.92938167,-0.39410216,-0.12465657,-0.039016962,-1.2259946,-0.23063466,0.56632054,0.13292111,-0.7727141,-0.21260644,0.45659405,0.5691105,0.09036851,0.026184471,0.57714957,0.7225614,0.21838483,0.2653731,-0.37638637,-0.3768844,-0.25183257,-0.031273432,-0.31002632,-0.54921234,-0.033730574,0.2843175,-0.636382,-0.17874254,-0.23617329,-0.029308198,-0.31129545,0.4439515,0.9045695,-0.53824514,-0.12961777,0.020197514,0.69547725,-0.26683125,0.14575748,-0.012580603,-0.30931288,-0.83263427,0.28389812,-0.5026469,0.0873621,-0.63463014,0.20562635,-0.24231254,-0.11414996,-0.17939892,-0.6074434,-0.09845749,-0.13885388,0.55449104,-0.2720922,0.51195747,0.43503183,-0.5132904,-0.0030560568,0.05916923,-0.22404085,0.59860146,-0.3177872,-0.20188528,-0.12869762,0.11740492,0.6417901,0.28757936,0.57314587,0.62075156,-0.53692156,0.05795384,-0.40538722,0.08404586,-0.06965754,0.123256944,-0.02724738,-0.5352601,0.08448156,0.043183956,-0.25603905,0.12565884,-0.2049641,-0.06685819,-0.34696186,-0.037615858,0.4119521,-0.04780725,-0.3411092,-0.3574672
OAS1_0260,-2.8110626,-1.285775,1.159876,-0.5447589,0.22039737,-0.58731216,0.5918632,-0.81663966,0.4560399,0.12621422,0.8323033,-0.69929916,0.89438194,0.4222553,-0.9654272,-0.5428998,-0.73715186,-0.7940027,-0.53636575,0.3040122,0.037317146,0.84640247,0.15967499,0.45105925,-0.18980968,0.26841095,0.10520943,-0.28744966,-0.67272794,0.426644,-1.155314,0.10199135,-0.12547551,0.15029617,0.60372114,0.42861804,-0.4524513,-0.16520408,-0.11927375,0.33955592,-0.63759243,-0.17935011,0.34227878,0.022302438,0.2164061,0.68159074,-0.27232718,0.6220927,-0.22752585,-0.6479166,-0.7229863,0.20823933,-0.27789426,0.72745675,0.2608232,-0.25774878,0.33908322,-0.6438922,0.11747772,0.6968541,1.0804578,-0.12575833,-0.20760289,0.015404955,0.34526515,0.0047315164,-1.2429012,-0.22894238,0.19839327,-0.17319117,-0.55194014,0.9028648,-1.0230883,0.0011208837,-0.3068039,0.21787794,0.33327335,-0.47817168,0.5296959,-0.3958039,-0.39690286,0.35395885,-0.31502712,0.23575535,-0.452672,-0.14285026,-0.5752392,-0.591943,0.23097609,-0.39764765,-0.4567026,0.1507056,-0.0027853467,0.091700554,0.1603313,0.5016848,-0.81376964,0.2545508,-0.26952374,0.7314693,0.4568996,0.29846904,-0.23337536,0.40622693,-0.11279797,0.2695287,-0.45344698,-0.8610191,-0.13814189,-0.698061
OAS1_0261,1.3136499,1.3829212,0.54206806,-0.2654971,0.9460367,-0.72756416,-0.3670981,-1.7373884,0.0602129,-0.989771,-0.7255965,-0.2515576,0.30280802,0.31161174,0.25545534,-0.01746297,0.24196988,-0.1571926,-0.009145023,-0.29331347,1.0735885,0.55881387,0.248871,-0.3392331,0.47818026,0.10074667,-0.18517937,-0.020240938,0.63072747,-0.23156926,0.91458607,-0.45884395,-0.20211832,0.100497134,-0.52508795,0.03716783,-0.67788017,-0.62083405,-0.07855152,-0.7737366,0.38911334,-0.80429494,0.6503528,-0.08287133,-0.08536278,-0.00021488582,0.64066523,-0.051952932,-0.23342325,0.2869758,-0.19567466,-0.34197038,0.429321,-0.03675094,0.47698408,0.03799657,0.42308125,0.3153399,-0.23111975,0.22247076,-0.5343809,-0.355304,0.17377104,0.21096443,-0.5334359,0.040810153,0.062250014,0.6627128,-0.33394745,-0.45875514,-0.70942736,0.08155785,-0.081062324,0.208155,-0.41506454,0.31305382,-0.26173517,-0.4694059,-0.0044341236,-0.16162162,-0.12307623,-0.61158186,-0.26920703,-0.30306527,-0.11277856,0.23579611,0.8535887,0.65281075,-0.18674076,-0.28742853,-0.25222138,-0.05665426,-0.20866428,-0.3353824,-0.52001625,-0.08993196,0.072007835,0.27800828,-0.29997268,0.18779664,-0.16379648,-0.27910617,-0.33723488,0.15657912,0.42431277,0.58170956,0.2216425,-0.162182,0.6407917,-0.35647547
OAS1_0262,-1.3655486,-0.47552887,-0.9436046,-1.6318386,0.47599384,-0.35039198,-0.22911662,0.40004492,-0.24291515,-0.34216607,-0.20709758,0.7540097,-0.29058602,-0.33233905,-0.16078015,-0.27454972,0.25665802,0.4224965,0.10705939,0.19779181,-0.58754814,-0.7310968,0.33933222,0.7721237,-0.30042168,0.051864333,-1.0459799,-0.23052332,0.13575074,-0.18863067,-0.34517208,-0.26020318,0.42585236,0.5472715,-0.37185162,-0.71173877,0.7089903,-0.3832297,-0.37289774,-0.12322641,0.45370272,0.51147133,-0.13328595,-0.20824456,-0.7069044,-0.041701034,-0.06852942,-0.25858977,0.046035424,-0.05094548,0.682687,0.40848985,0.7137753,-0.4494693,0.093283266,0.2136226,0.121871725,0.29706565,0.03090561,-0.076327205,-0.16660145,-0.026521023,0.011801845,0.29925913,-0.19434758,-0.22113752,0.04871572,-0.14517568,-0.35998827,0.05889587,0.114616476,0.03011483,0.15117128,0.29169726,-0.107833825,0.10075998,0.21039377,0.0716355,0.39950553,0.39856565,0.38458434,-0.62594384,0.3064143,-0.22295573,0.032495793,-0.41153422,-0.5960119,-0.31348923,-0.11128165,-0.24560268,0.07119248,-0.35937175,-0.17436954,-0.21734674,-0.19226849,0.052556206,-0.09828361,0.17867708,-0.31298706,0.05026082,-0.13215058,-0.35876775,-0.2891686,0.12837373,-0.19340031,-0.0093993405,0.0075467173,-0.11461749,0.21255879,-0.37229076
OAS1_0263,-2.68161,-0.040159106,1.1500579,-1.3772345,-0.9818655,-0.40984884,-1.2624751,-0.09049386,0.651851,0.3197989,0.54088444,0.61644506,0.1863091,0.2900261,-0.9663103,-0.06052894,-0.3547677,0.8991707,0.15831254,0.31236497,-0.07509014,0.043538705,0.6295391,-0.19145958,-0.053500727,0.04805776,-0.21841034,0.0008466567,-0.31187966,-0.7381152,0.09987616,-0.42958006,-0.07368741,-0.028706564,-0.20630342,-0.16553414,0.17194553,0.2877196,-0.1648463,-0.059860464,-0.36420453,-0.105415314,0.109114334,-0.0927107,0.2898437,0.33701736,0.19435596,-0.030669458,0.08174234,-0.8151333,0.11156261,0.103362255,-0.32469168,0.75253844,-0.70059806,0.18545428,0.21745604,-0.5209128,0.49340147,0.044714514,-0.013087444,-0.07838199,0.21700978,0.04098448,-0.24550487,0.18373993,0.11913908,0.12589587,0.17502853,-0.50835645,0.24884757,-0.30172244,-0.13031104,-0.3074125,0.11532506,-0.40121734,0.752921,0.055279586,-0.054796655,-0.21530257,0.42059866,0.22747509,0.32233495,-0.4131753,-0.45377606,-0.11278631,-0.117767096,-0.26268634,0.11064132,0.2811904,-0.054381844,-0.2250304,0.26238298,-0.2449433,-1.2069429,-0.19966698,0.19071576,0.10746989,0.22129631,-0.25490966,0.28072983,0.07423603,0.17976338,0.1566497,0.20484121,-0.3769817,-0.28650582,-0.08877483,-0.35792276,0.22618404
OAS1_0264,-0.806714,2.15869,-0.77618146,-0.7262433,0.12282517,-0.14262983,0.44796875,-0.6111408,0.5267061,-0.7359377,-0.08600684,-0.7723567,-0.6753073,0.81828624,-0.35933825,0.3568411,-0.32308868,-0.6151626,0.80688196,0.4172069,-0.1392911,-0.37115046,-0.0007891145,-0.14284508,-0.23750347,0.48044398,0.50364226,0.022532856,-0.06820414,0.264791,0.38619295,-0.20721681,0.22343403,0.19442642,-0.4573376,-0.039875545,-0.290222,0.2160717,-0.7679043,-0.60370815,-0.4682943,8.714328e-06,-0.45047104,-0.49283433,-0.05961994,0.37485912,0.3518978,-0.39748895,0.36729804,-0.56562847,0.3888883,0.5175048,-0.33867308,-0.63960385,-0.23285753,0.17868617,-0.2294718,0.05755904,0.37741056,0.3827874,-0.21925716,-0.07255442,-0.1856428,-0.009264419,0.23347418,-0.053649586,-0.37720692,-0.07224311,-0.09843389,0.25201297,-0.13334452,0.37828228,-0.12066553,0.107132,-0.19969152,-0.18579264,-0.098148964,0.043576464,-0.16217582,0.26417202,-0.30758741,0.55590516,-0.3532263,-0.4279459,-0.3350439,0.053459812,-0.35962975,-0.24137466,0.5433347,0.031072078,0.18329133,-0.09145021,0.11796025,0.33556145,0.09553104,0.33741322,-0.33527946,-0.30091065,0.6751929,0.4032771,0.5877456,0.1913223,-0.39269078,-0.2750313,-0.119485565,-0.008655836,-0.55367786,0.49428943,-0.24230097,0.28789625
OAS1_0265,-0.9718155,0.76967144,-1.0118338,0.78933996,0.92457646,0.037258063,-1.2593145,0.56651807,-0.10507684,-0.07794967,-0.2894457,0.27007228,0.16198513,0.7156321,-0.058492985,0.49723157,0.348461,-0.45294875,-0.32215467,0.66821575,0.017466215,-0.10167132,-0.37346095,-0.33501977,-0.3147271,-0.9068205,-0.5361287,0.4844641,-0.024578042,-0.037059575,0.6983403,-0.39186344,0.15811116,0.53934526,-0.048779476,-0.046969924,-0.35067928,-0.23171425,-0.6980831,-0.16811901,-0.119293205,-0.085638955,-0.34402198,-0.018365795,0.92926896,-0.19595812,0.08398668,0.5025549,0.2724696,-0.07798337,0.21206181,-0.022995688,0.14038652,-0.32197464,0.04446901,-0.28387496,-0.13056774,0.3726199,-0.27832755,-0.7136633,0.736117,-0.91673523,0.40962198,-0.11015431,-0.74122113,-0.5250723,0.20614102,-0.1561272,-0.43601254,-0.25950995,-0.1503092,-0.0908929,-0.18899232,0.38739794,-0.18292357,0.5513994,-0.43185478,0.2225814,0.08628501,0.14248952,-0.04294691,0.108981855,-0.07768573,-0.21354848,-0.47973415,0.21877375,-0.4301687,0.17350824,-0.012319593,-0.18282488,0.27032664,0.6488689,0.022696164,0.33421615,0.18794554,-0.61504203,-0.11243529,-0.31692806,0.5082132,-0.40814283,0.16663727,-0.23447508,0.019292945,0.072988,-0.15828696,0.009975173,0.3558485,0.0072104693,-0.26551357,-0.58007705
OAS1_0266,0.6625611,-0.8860919,-0.3785707,-1.6503422,-0.17646095,0.26558462,0.96644145,0.1561602,-0.1472785,-0.21655193,-0.96991485,0.23667549,-1.1984376,0.70834273,-0.21522403,-0.4581589,-1.2645327,-0.99985254,-0.48391455,-0.38064605,-0.104449056,0.49977028,-0.42824864,0.59165597,0.27346805,0.057276458,-0.09376598,-0.80880904,-0.16534552,-0.28074974,-0.2713398,-0.6306417,-0.49078175,-0.19514419,0.21125574,-0.6924271,0.15937108,-0.3018292,0.10445232,-0.17590179,-0.019679224,0.031233462,0.42839813,0.4083521,-0.027554851,0.48382106,0.1537289,-0.0741669,-0.8931305,-0.44425863,0.2948874,0.24634503,0.16290699,-0.39578894,-0.26664934,0.4167848,0.4045793,-0.031458676,0.44175944,0.30818957,0.053460747,-0.43148512,0.2295799,-0.29484996,0.16157477,-0.2134242,-0.059071828,-0.534648,-0.54591167,-0.6775698,0.10112964,0.3465232,-0.40283498,-0.27634436,0.011885953,0.062350705,0.015799604,-0.05881419,-0.5336243,-0.16315314,0.1008476,-0.104480565,-0.15550256,-0.01923448,-0.21175776,0.31258374,0.0051486637,-0.20408578,0.25090498,-0.10421393,0.6523019,0.06648197,-0.24279056,0.49835774,-0.3540075,0.32338277,0.2668848,0.1315208,0.13807997,-0.046161536,-0.053040177,-0.5217727,-0.16195437,0.15420926,0.35417634,0.19911365,-0.47032416,-0.004426263,-0.6246574,-0.22702445
OAS1_0267,-1.7516891,-0.3839588,0.38647136,1.1193026,1.0765134,0.8559614,0.4172681,-1.2573445,-0.0053039426,-0.17403358,-1.1247253,0.6759724,-0.3390712,-0.9554962,1.2909057,-0.18877515,0.23692957,0.016024876,0.022061493,-0.6625544,-0.029419253,0.6472769,-0.07277226,0.106036335,-0.27640802,0.3055944,-0.7788218,0.06713806,0.6850753,0.83708024,-0.44583026,0.069227375,-0.14747111,-0.24205959,-0.303775,-0.5185632,0.73227525,-0.5904951,-0.8172203,-0.73304653,-0.2275176,0.46242118,-0.4075127,-0.14956482,-0.7503665,0.2984404,-0.9336825,-0.16472036,-0.12501056,-0.17605056,0.61300796,0.6684467,-0.3192191,-0.62752867,0.5091856,0.12957257,0.092961214,-0.0983178,0.7001021,0.63257,0.34277308,0.07937271,-0.6501251,0.47403213,0.3793892,0.16378812,-0.088501565,-0.30428782,-0.44532412,-1.1905199,-0.012845228,-0.29274014,-0.19248685,-0.68544596,0.6432537,-0.14181168,-0.09975119,-0.28104237,-0.19467668,-0.15803285,-0.4429009,0.019220795,-0.37732902,-0.60592103,-0.09541763,-0.068558745,0.028273644,0.29486576,0.6456378,-0.10414198,0.23275307,0.42191607,0.5032506,-0.62016624,-0.16997382,0.32060525,0.06983756,-0.5969626,0.013644634,0.04489876,0.08613605,0.50610435,0.35449108,-0.5544017,0.3426153,-0.21886241,0.65441597,0.25591797,-0.01716695,0.0021781498
OAS1_0268,-1.1067683,-0.5493946,1.6010367,-1.1753249,-0.009796647,-0.25578916,-0.022509271,1.2767096,-0.48022172,0.23411542,0.2771483,0.72396445,-0.5135224,0.14566357,-0.4300147,-1.1793166,-0.27834702,-0.8386443,-0.12236394,0.54236805,-0.37577704,-0.62837654,0.14612372,-0.12972543,-0.29966074,-0.21398109,0.008567412,1.0943753,0.53088754,0.3303465,0.51028067,0.2608855,-0.08911686,0.3691477,0.35436854,-0.17952614,0.04559631,0.64307886,-0.23836635,-0.36983892,0.5334393,-0.32741854,0.34154412,0.21102956,0.23112871,0.5289264,0.15388316,0.79303247,0.7037668,0.23014545,-0.44591722,-0.76289797,-0.0035225332,-0.44045675,-0.7153016,0.12033894,0.1471936,-0.54375064,-0.55522466,0.6427758,0.5322843,-0.3347598,-0.2456908,-0.043482885,-0.6015968,-0.44756642,0.23399629,-0.016073188,0.27615872,-0.4360001,0.47749034,0.020066338,-0.6660403,-0.20531276,-0.17264272,0.087682575,0.0040232223,0.45576864,-0.7565906,0.2635603,-0.20733449,-0.43690526,-0.124301046,0.23367758,0.6455276,0.23951522,-0.42542583,-0.1563939,-0.3887313,-0.18210979,-0.29534933,-0.76499116,0.15980673,-0.106646925,-0.28569096,-0.6911762,-0.30980885,0.25315633,-0.13117811,-0.5016607,-0.6452035,-0.512109,-0.27875835,0.5014535,0.18894283,-0.05756007,0.0879339,0.60880125,-0.29310647,0.42927366
OAS1_0269,-0.5706978,-0.42782697,0.27170303,0.3731244,0.1886733,0.0510761,-0.25631723,1.1414102,-1.2669433,0.04339285,0.14815287,-0.2329975,-0.50007665,0.12277747,-0.8157599,1.1186192,-0.25187078,-0.04528908,-0.28178227,0.17283218,-0.5021093,-0.5392178,0.23125818,0.08266656,-0.5332745,-0.21651538,0.6588873,0.32115403,0.35943863,0.21872221,0.09529887,-0.07785066,-0.00592947,-0.27550772,0.31204745,0.27340508,-0.35564905,-0.690551,-0.2974208,0.3336834,-0.45781022,-1.0205647,0.21339627,0.35965633,-0.99756545,0.4796353,0.40777352,-0.20455523,0.19605489,0.07795915,-0.9989859,-0.07090847,0.57262284,-0.09487761,-0.33155426,-0.8247839,0.3679247,1.4380847,0.107314296,0.33086044,0.705561,-0.2691155,0.3741627,-0.02568824,0.46069282,-0.17620689,-0.30497912,0.31492013,-0.648939,-0.43709096,0.27446443,-0.35104156,-0.47105765,0.029585157,-0.006136745,0.7479379,-0.2320502,-0.1965366,-0.033517245,-0.08330845,-0.1690866,-0.15398261,0.5464046,0.49221,-0.12863822,-0.16146886,0.32397336,-0.06528087,0.37454572,0.18660358,-0.3226917,0.392192,0.27682245,-0.1832132,0.45409283,0.53666127,-0.3164941,-0.39247674,-0.45679703,0.14206158,-0.0068389247,0.5848031,-0.03390926,-0.21931413,0.43946606,-0.25505108,0.10622708,0.13080522,0.028516823,0.02231333
OAS1_0270,-0.08331773,-1.1566062,0.07837772,2.239886,0.044016745,0.09533066,-1.2535454,-0.54923934,0.33571735,-0.023782182,1.2151902,-0.76619154,-0.85100347,1.192987,-0.26716024,-1.2328558,-0.20118773,0.5105157,-0.13281886,0.9961944,-0.41587546,-0.69681644,-0.99793875,0.47970164,-0.17049597,-0.41313496,-0.6650139,-0.4661214,0.7863263,-0.6630816,0.07336107,0.035467807,-0.37252378,0.7340016,-0.21969059,-0.23076807,0.4285754,1.0212271,-0.048274424,-0.62105864,-0.39339826,0.21342552,-0.5138488,0.41612113,-0.5535434,-0.05639965,-0.5749308,-0.6182264,-0.18181534,-0.18957181,-0.24087015,-0.02179505,-0.48755577,-0.040094983,-0.3349289,0.6122615,0.45606178,-0.64513004,0.061101235,-0.5519847,-0.30571336,-0.08716822,1.0087669,0.28829184,-0.4562954,-0.0144331725,-0.17281583,0.08894144,0.20360498,0.052626163,-0.1417666,0.18171544,0.4474929,-0.026562532,-0.10540438,0.121665634,-0.9183576,-0.060052413,0.14497203,-0.23162454,0.11471796,-0.16900484,0.2999041,-0.14169206,0.51691574,0.24027818,-0.27339375,-0.14209437,-0.2587753,0.11200687,0.4571762,-0.036448468,0.0019001479,0.061783448,0.1888256,-0.4360989,-0.2610658,0.9214605,0.21637006,0.09607897,-0.010928339,-0.1925033,0.1524248,0.05987719,0.028683627,-0.22290221,0.22577193,-0.4488359,0.10968791,-0.16448621
OAS1_0271,0.21526645,1.7796497,1.0722706,-0.20124565,0.48868957,0.5722999,-0.24107234,0.49239537,-0.70099837,0.5286027,0.3796031,-1.6081645,0.4401488,-0.38624418,-0.58242667,-0.37876433,-0.23601496,-0.024119196,0.14301462,0.10957785,-0.41233334,-0.60835826,-0.53208196,0.9948016,0.5020567,-0.16516551,0.552773,1.2884883,-0.1424491,-0.06618056,-0.40163773,-0.31419283,-0.39024052,-0.020554198,0.48514757,-0.06637135,-0.21951562,-0.51463395,-0.33734682,0.46782875,0.18686853,0.14914815,-0.64052325,-0.46615177,0.14536035,0.0064394856,-0.12078642,0.3274282,-0.5463906,-0.1514882,-0.5774087,0.7216439,-0.099626504,-0.8260791,0.11847383,0.19353199,-0.002637345,0.3587412,0.52188575,0.28997564,-0.014978078,0.1810192,0.16689005,0.18311921,0.1045211,-1.4211794,0.02699799,-0.4749847,-0.53277457,0.11467957,0.4898806,-0.19112809,-0.5216563,-0.40139773,-0.0030640294,0.33132046,0.23457217,-0.29750833,-0.4521115,-0.17757276,0.38465056,-0.09355956,-0.03243623,0.25500754,-0.08950723,-0.30622816,0.033253036,-0.07705501,-0.020633234,0.22087389,-0.063469164,-0.52965885,-0.6006616,0.31743866,-0.24521717,-0.13352655,-0.1116619,-0.35690942,0.41270554,-0.302583,0.22035585,0.02634318,-0.19422655,-0.4265023,-0.59922177,-0.20118374,-0.18754193,0.17530076,-0.10053024,-0.30308563
OAS1_0272,0.6353881,-1.9302489,0.8245873,0.6289938,0.8884046,0.6054049,0.42216733,-0.26762468,0.30084062,-0.44468728,0.460287,0.18608613,0.6084146,-0.17849055,-0.6475417,0.41573563,-0.27258638,0.5227113,0.13354948,-0.39296627,-0.06259956,1.1720566,-0.04740878,-0.14679952,-0.035076752,0.9626105,0.13921823,0.539883,0.38300037,0.18149523,0.262627,0.017091516,0.18628365,-0.458206,-0.51046556,-0.2528314,0.22501417,-0.45392823,-0.10055836,-0.25812078,-0.8128959,0.43001354,0.14603716,0.24092644,-0.3633851,-0.2721883,0.114525996,-0.049761295,-0.11386875,-0.4225458,-0.49391925,0.590413,0.093509644,-0.63194597,-0.43652326,-0.22468826,0.06590864,0.12042862,0.17232983,0.15614675,0.07716444,-0.19528317,-0.2613905,0.12849125,0.2605774,0.18127027,-0.360443,0.007751552,0.57093024,-0.2115663,0.08996102,-0.33701518,0.28448114,0.33939162,0.30653912,-0.3632264,-0.008761548,-0.71140397,-0.03313561,-0.13206686,-0.095407955,0.23950431,-0.23700716,0.24591826,0.20597912,0.39945114,-0.08928559,0.37905154,0.013260348,-0.21950656,0.011720239,0.2967658,0.2725181,0.32410443,0.08350589,-0.16328649,0.4056821,0.48612142,0.0027898191,0.21525405,-0.49973008,-0.50021386,-0.09821172,0.47779813,-0.15179504,-0.49771452,-0.56806886,0.4847155,-0.013205068,-0.0043458985
OAS1_0273,0.5973238,0.66330516,1.6180676,0.38303465,0.65773386,0.98613226,-0.15336475,0.48994318,-0.9977119,1.1439439,-0.53407323,0.492396,-0.76537216,-0.58192533,-0.06771968,-0.5407643,0.18563196,0.13029003,-0.66906947,0.65347713,-0.17486817,0.019482847,0.9028872,-0.22255576,0.040783234,-0.18827479,0.6037859,-0.10979621,-0.43943617,0.096988305,-0.27518094,-0.6317828,-0.6506254,0.20259191,-0.8226348,-0.012276131,-0.0891127,-0.68756753,0.119987234,0.9593333,0.25182456,-0.46154225,-0.55444837,-0.19930303,-0.1808956,0.9077932,-0.09773273,0.056905642,0.38398755,0.5672711,-0.14566693,0.1224116,-0.0028285775,-0.7532718,0.48727915,0.02925131,0.06408018,0.105917774,0.20089643,-0.555943,0.14256342,-0.17004348,-0.50064224,0.312399,-0.64362454,0.03404614,0.16310263,-0.12473784,0.74210155,-0.01986638,-0.08141738,-0.84670913,-0.48054686,-0.38392577,-0.43393126,-0.14717382,0.2734905,-0.4416732,0.33946565,-0.0016250351,0.56492543,-0.28938946,0.017255489,-0.07893735,-0.0067647556,0.055156678,-0.21006389,0.56187457,0.4546641,-0.28823492,-0.77285117,0.59761083,0.19830236,0.11022764,-0.016052075,0.16851309,0.4967795,1.0949404,-0.092392094,-0.10611908,-0.23548411,0.26374605,0.24540633,-0.019476479,0.77333623,-0.07992548,0.27251163,0.24216396,-0.30351534,0.6547882
OAS1_0274,2.7384574,-0.21307623,0.31029007,0.8333893,0.006291354,0.96688825,0.5803826,1.1250879,0.09570558,0.4464188,0.61848736,-0.9041789,0.13083734,0.19300291,-0.29702866,-0.27938122,-0.27637765,1.0662115,-0.034241106,0.48327464,0.066589154,0.02525615,0.10338007,-0.21327831,0.32354596,-0.59380513,0.07081557,-0.5190152,-0.018492762,-0.011592332,0.22643028,-0.0031810226,0.5822753,-0.3555844,-0.11863762,0.404532,-0.48068205,-0.05547123,-0.09574982,-0.385686,0.040656537,-0.30593845,-0.64853185,-0.12225438,-0.08394598,0.39016467,-0.3049665,0.37586522,-0.027213598,-0.58890605,-0.69289464,0.26844057,0.12237581,0.69060373,-0.37282434,-0.04298104,0.25416616,-0.28993455,0.44963363,-0.16735873,0.36507162,-0.030171527,0.07349504,-0.21317376,0.086453214,0.05179517,0.60096186,0.26906407,0.18165499,0.36393136,0.32107648,-0.6537755,0.030473582,-0.47336257,0.23874202,-0.21136285,0.3898633,0.18630773,0.6933099,0.4169305,0.45556968,-0.52261156,-0.029562421,-0.12701233,-0.13248616,0.14089926,-0.07067585,0.42861295,-0.5235514,0.30315408,-0.63635415,0.18807703,-0.051322356,0.33097765,0.53978956,-0.067537054,-0.23696811,-0.27067372,-0.11054952,0.46055222,0.2118744,0.08010274,-0.3656011,-0.15764894,0.041275725,0.10252483,0.24416375,0.16691904,-0.11980152,0.0111282095
OAS1_0275,-2.2605712,-0.15121038,-1.4660115,0.10379362,0.9851785,-0.58866864,-0.39559606,-0.5214472,-0.27720642,1.2899151,0.03508089,0.0058690165,-0.69324595,0.5511601,-0.28440943,0.8310468,-0.13637786,0.30151913,-0.2807969,0.44603994,0.016754009,0.27674237,0.050658837,0.22054802,-0.8532834,0.0477624,-0.08161753,0.38894472,-0.9880537,-0.035487115,-0.09204147,-0.63318706,-0.07487022,0.060944304,-0.19566831,-0.6599461,-0.8575484,-0.49291632,0.03006875,-0.1817451,0.6537975,-0.41553342,-0.3259578,0.012152207,-0.5620045,-0.09538315,-0.6452646,0.26401106,-0.12601954,0.0067948247,-0.2544908,0.4900597,-0.013157175,-0.11566198,-0.97391725,0.35537645,-0.41937318,0.0024223872,-0.062074564,-0.53875184,-0.20599043,0.55168015,-0.19370271,-0.52176696,0.28989616,0.28555608,-0.4340388,-0.17150538,0.28208408,-1.27392,0.43477264,0.723886,-0.3156449,0.018790035,-0.09913346,0.37673715,-0.06290828,0.2228651,0.29629803,0.13572606,0.30491695,-0.38724908,-0.25864577,-0.21237421,0.1585373,0.101245955,0.017594704,-0.17833601,-0.03772976,-0.16984984,0.37054962,0.20521042,0.12941146,0.1555271,-0.09234438,0.037276905,0.04435898,-0.10614709,0.22216496,-0.24456765,0.19988178,0.113685966,0.15485147,0.07551857,0.044861004,0.08613541,-0.25647604,0.3279247,-0.48387018,-0.461582
OAS1_0277,-2.0868988,0.97238296,-1.4385128,0.12948634,0.31497824,-1.257138,-0.21543847,0.6651718,0.59037,1.2967023,0.2275238,-0.39702716,-0.45027316,0.28759843,-0.11213801,0.089611486,-0.044713583,-0.5026134,0.11508463,0.16178627,-0.28853318,0.037073057,-0.39767933,-0.20110886,0.78144795,0.14994042,-0.49843097,0.538865,0.066447355,0.28106925,-0.030947138,0.35397184,0.12806642,0.129408,-0.22078083,-0.30678433,0.48623008,-0.11841958,0.44339558,0.03927123,0.16132712,-0.48711935,-0.37361687,-0.010114029,0.28095278,-0.013988523,0.45631984,-0.28553033,0.12896164,-0.27018166,0.44832268,0.369208,-0.19765913,0.065653704,0.38820162,0.6427716,0.60480565,0.20652759,-0.17793436,-0.3954679,0.62782884,-0.19203897,0.10700785,-0.1769611,0.41027206,0.3318161,0.4649078,-0.22299613,-0.51014906,0.30906978,0.44989336,0.07873224,-0.051329236,0.13454093,0.3224705,0.3194435,-0.11088768,0.16975555,0.20789525,-0.31842613,-0.09388227,-0.3174266,0.70146483,0.17878045,-0.14922254,0.048850827,0.33002782,-0.35222095,-0.6434615,0.23763138,-0.18638654,0.47368792,0.32664925,0.46692452,0.20756446,0.7205528,0.042062115,-0.096186645,0.28706682,-0.34532014,-0.591663,-0.1696564,-0.023180366,0.31482917,-0.2853571,0.096257426,0.48335525,-0.0070382077,-0.1164689,0.22589384
OAS1_0278,-0.65540606,-0.8757184,1.2900566,0.85297203,-1.3293278,1.2879382,-0.2956463,0.12788819,1.6869645,0.091211,0.03478623,0.7983528,-1.1247711,-0.46201348,-0.37061986,0.36394283,-0.69904983,0.18043597,0.24414758,-0.28093803,0.19546576,-0.19364202,0.49833006,0.040847752,0.74084496,0.23422632,0.5525406,0.15349169,-0.8121277,-0.40845585,0.0750259,0.05386707,0.1553005,0.32759234,-0.4662729,0.019459935,-0.49626818,0.34474933,-0.100307606,0.01365575,0.25232106,0.9967123,-0.28924957,-0.07012686,-0.2703392,0.028412012,-0.59063256,0.08129564,-0.2682416,-0.07927181,-0.15763845,-0.71611863,0.15154094,0.66412,0.059331607,0.05222615,-0.17104909,-0.05858825,-0.12369832,0.0783748,-0.3396552,0.31521678,-0.66452205,0.023487214,-0.06907971,-0.5233178,-0.24247843,-0.41571805,-0.39937422,-0.45473358,-0.09286551,-0.69816875,-0.1355027,1.2426708,-0.08966564,-0.37107465,-0.010787886,0.26917142,-0.17608391,0.020491276,-0.4350727,-0.9671598,-0.12724283,-0.08573056,-1.1393698,-0.24252582,-0.4640489,0.14831273,-0.5034917,0.15725748,0.034029808,0.039307006,-0.5359645,0.27304325,-0.27843946,-0.12806073,-0.6184185,-0.5075424,0.35139167,-0.32276952,-0.31348738,-0.009143005,0.55193555,-0.19389662,-0.059824258,-0.49810123,0.18137369,0.2693549,0.2223645,0.11127871
OAS1_0279,-1.3641526,-0.9135869,0.82290316,1.6358634,-1.6365839,-0.9647674,0.15584432,0.9560033,-1.551862,-2.0724466,-0.18951622,-0.38855428,-0.64796454,-0.34640855,-1.0112853,-0.3886435,1.0846324,-0.30620256,0.04618459,0.29684532,0.024395207,-0.42907202,-0.43209392,-0.12561756,0.19078298,-0.30806553,0.31043622,0.62436783,0.40697297,-0.5615856,-0.45093262,0.26175183,0.2989959,-0.6415118,0.022303006,0.24502555,1.451116,0.027973995,0.05559706,0.6317678,0.7471679,-0.0761499,0.09308282,0.27080894,0.62160665,0.23087268,-0.08339376,-0.5373897,-0.13402636,-0.054331437,0.5355942,0.022413855,-0.8773198,0.306609,-0.25704068,-0.12832856,0.040585183,0.10459786,0.5629434,-0.3747095,-1.3220478,0.30603853,-0.22570801,-0.8166326,-0.8088315,0.4290577,-0.2916151,-0.28894812,0.5023634,0.42297515,0.4251011,0.04383475,-0.1502866,-0.2846624,0.44822484,-0.032325007,0.37329882,0.08540732,0.015932245,-0.015915502,-0.397384,-0.09003263,0.2024063,-0.3052322,-0.4609304,-0.38213107,0.17977396,-0.55188966,-0.24749811,-0.36158714,-0.06432482,-0.298089,-0.31046328,-0.20251882,0.28191307,-0.33736712,-0.27038062,-0.5709093,-0.0010889252,-0.3852994,0.35753816,0.19310375,-0.77732235,0.091478676,0.2553577,-0.018474454,0.28089648,-0.19606236,0.12448803,-0.023921248
OAS1_0280,-0.55576545,-2.1133454,0.67197406,1.4122908,-0.09706578,0.7680663,-0.09893015,0.5760868,0.7298534,1.2114098,-0.23518483,0.18967876,-0.74383867,-0.29597908,-0.12029877,0.04404371,-0.90183836,-0.22864017,0.019006055,-1.1940252,0.7494457,0.115799434,-0.72890794,-0.3693745,-0.46259877,-0.49751565,0.22138445,0.018218575,-0.26456833,-0.3159208,0.31126052,-0.24271362,-0.61225474,0.22832194,0.124530256,0.19487374,0.3809156,0.16267632,0.7488244,0.10707064,-1.3288287,0.26284483,-0.1253363,0.5745882,0.4563064,-0.2891927,0.5600819,-0.37266594,0.6037322,0.6574933,0.051281676,-0.97637457,-0.25505623,-0.55944526,-0.28886616,-0.926333,-0.28457463,0.19567145,0.05171967,-0.14549358,-0.6690291,-0.27645203,-0.53363407,-0.079369254,0.27441642,-0.39157224,-0.1719402,-0.6927553,-0.60569936,0.24374361,0.18074894,0.24275719,0.5367202,0.07071064,-0.02258824,0.118212186,0.18167722,0.0009839725,-0.9632905,0.2742494,-0.13604513,-0.09317687,-0.18501769,-0.1643603,0.0008098828,0.3506577,-0.40005055,0.05513957,0.16923173,0.16575187,0.08892025,0.06112445,0.82836515,0.02186609,0.22200926,0.11619569,-0.032240454,0.41492948,0.09928184,0.117967136,-0.26788473,-0.006330885,-0.37093955,0.021171179,-0.40812764,-0.32908404,0.2546532,0.06580124,-0.10276649,-0.019648222
OAS1_0281,-1.1390026,1.0777259,-0.42243972,-0.2374518,0.91065806,0.030826325,0.4566896,-0.052772835,-0.08817005,-0.43174738,-0.009198635,-0.006560819,-0.2677338,-0.81392556,-0.11530218,-0.38349053,0.26963547,0.6129084,0.15135612,0.5848879,0.31244197,0.6387739,-0.35124716,0.46773842,-1.0603765,-0.17933433,-0.18040621,0.117359094,0.10181922,0.26311144,-0.38946897,-0.14244023,1.147015,0.33581752,-0.22084023,0.68621224,0.31817904,0.2976883,-0.40694135,0.23987712,0.4114531,0.30229032,-0.5168368,-0.313704,0.5095525,-0.423669,0.23763455,0.26725563,0.12301021,0.09148017,0.33779842,-0.18580632,-0.13381866,0.34257177,0.24038085,0.32582122,-0.65959126,0.24147485,-0.08895201,-0.053428236,0.41726193,0.48556027,0.036940575,-0.1184959,0.714182,-0.22015113,-0.63011545,0.010881487,0.21702449,0.17329685,0.27329892,0.1507175,-0.21433087,0.052001454,-0.34730318,0.7516952,0.19363981,0.5569489,-0.47837982,-0.2115826,0.17615244,-0.0050638155,-0.38550833,-0.05386597,0.2519031,-0.2528958,-0.1932679,0.17772539,-0.13271956,0.58689946,-0.5037344,-0.07765464,-0.15440273,0.33151427,-0.7190379,-0.30427888,0.104444735,0.74644446,-0.040992796,0.11541974,-0.32788664,-0.22248565,0.08229462,0.45615044,0.07010714,-0.27513105,0.22267088,0.1253776,0.12307494,0.12693934
OAS1_0282,-0.7105501,1.8431344,0.31662628,-0.007039305,-0.7903895,0.8588176,-0.6145535,-0.26825467,-0.48850945,1.1957493,-0.13122366,0.36052537,0.35089445,0.94261503,-0.19230476,-0.6822505,0.7727291,-0.5027798,-0.44991627,-0.58765185,0.9631882,0.5183714,1.0125394,0.867988,-0.15350148,-0.030345505,0.029970227,-0.24211574,0.109707735,0.20169547,0.5215409,-0.21492092,0.22659804,-0.28309858,-0.093494006,0.5617109,0.14058399,-0.5134342,-0.18020146,0.3644132,-0.3935838,0.57472104,-0.019270431,0.44353124,0.5084414,0.29464084,-0.13744321,0.15351927,0.19058524,-0.056064155,0.21925095,0.3105209,-0.2806304,0.07897512,-0.53462607,0.08568242,0.5132509,-0.31209788,0.77056426,0.4570851,-0.46967456,-0.27465224,0.17472889,-0.2931287,0.4389545,0.16606739,0.113067724,0.46515787,-0.14836949,-0.45864996,0.5023091,0.4727571,-0.5550191,0.3824076,-0.1669195,0.23374698,0.37324083,0.0099142,0.26283398,-0.28029275,-0.3978875,0.17118739,-0.2840526,0.18449473,-0.104176775,-0.20072393,-0.19855042,0.48571306,-0.06490551,0.35813943,0.13625588,0.83287853,-0.2160373,-0.011960209,0.08029121,0.034796968,0.27136192,0.026644787,-0.51810676,0.5372059,-0.008822849,0.36670363,-0.03125211,0.18210055,-0.9254002,-0.33557263,0.31797028,-0.3421296,-0.097299285,0.1556734
OAS1_0283,0.22078358,-0.20190008,-2.0677729,-0.38268724,-0.15635672,0.7985253,-0.2856181,-0.2752017,-0.513187,-0.6649488,0.19969574,-0.7151124,0.26537406,0.5112908,-0.30652472,0.3252446,-0.1433049,-0.5991083,0.24285674,0.001420308,0.14880505,-0.74542964,-0.10906198,-0.04292038,0.9707474,0.6979642,-0.12354241,-0.0418558,0.0043638395,-0.36104408,-0.18256202,0.05361431,0.3561511,0.0047016474,-0.23784027,-0.26646748,0.16169581,0.17956226,0.48417056,0.44572648,-0.14771873,0.08417559,-0.016406447,0.37036324,0.4995554,0.47616035,0.84935635,0.510857,-0.5775775,0.0050531207,0.20720574,-0.5791372,0.8880375,0.03882526,0.053872056,-0.10506969,-0.4525369,0.1270286,0.2998061,0.08861801,0.20946147,0.42827109,0.04891187,-0.41836113,-0.36304343,0.083329074,0.121988095,0.5093295,0.31977555,0.02828536,-0.00991467,-0.09494748,0.16548987,-0.047936223,0.06870797,0.06854855,0.0061752074,0.19339888,-0.43532294,-0.33099577,-0.42896977,-0.27879202,-0.033266462,-0.22728814,-0.44789097,0.12029084,-0.16170749,-0.3248024,-0.17848752,0.225577,-0.5820348,-0.23514532,0.60676014,0.024090702,0.25174534,-0.6260011,-0.1930866,-0.097656265,0.5005452,0.39431536,-0.23635636,0.47209212,0.5565541,0.11350194,-0.036426563,-0.14772893,-0.09325384,-0.062376812,-0.6454313,0.0031219712
OAS1_0284,-2.6112258,-1.1193581,0.19629432,-0.47156498,-1.5336325,0.55983007,0.19729912,1.3491157,0.6263665,0.4886423,0.4750024,0.10938509,0.94704866,0.8862218,0.18193929,0.557776,-0.049998593,-0.1579307,-0.535458,0.2742273,0.6969633,0.060848907,-0.4315917,-0.8228529,-0.04780295,1.0055242,0.3558343,0.15097243,-0.6088964,-0.2186145,-0.27428424,-0.35203058,-0.44149852,0.62333,0.20472553,-0.36573774,0.13414115,-0.2918418,-0.20322576,-0.01946202,-0.097001515,0.030334061,-0.22020963,0.41640806,0.028760001,-0.029993583,-0.117646515,-0.09131785,0.017996196,-0.105769455,0.6585919,-0.2782964,-0.5473355,-0.060068846,0.27850056,0.017254539,0.27251434,0.045556135,0.36593273,-0.37735707,-0.55826783,-0.42044064,-0.3716308,-0.41086113,-0.15322465,0.0696917,0.59343845,0.15020296,-0.12949355,0.04476865,-0.1944953,0.20318636,0.2856223,-0.80889904,-0.25432304,-0.030322613,0.3134557,-0.18597333,-1.0856316,0.44467428,-0.1706846,0.025972335,0.20201568,0.4691989,-0.48079392,-0.57765085,-0.011798405,-0.10730599,0.3327513,0.38371,0.511024,-0.3440927,0.021249505,0.30960763,-0.3504368,0.52736735,0.279115,-0.03786326,-0.60809654,-0.11812426,-0.02813121,-0.024379225,-0.0887092,0.280871,-0.5256325,-0.058375712,0.2518958,0.41041043,0.047948707,-0.49063918
OAS1_0285,-0.48448017,2.3319387,-0.2786847,0.06653641,0.26869392,-0.14569637,0.7341032,-0.83247095,0.41919586,-0.27952242,0.2333832,0.15418486,0.088617146,0.28335464,0.17809859,-0.21201429,-0.10034342,-1.0378221,0.8063643,0.7005287,0.14133282,-0.13907681,0.34629542,-0.030555692,-0.0056339605,0.061417826,0.29955208,0.15558994,-0.2251884,-0.047251888,0.4349883,0.22949722,-0.08770845,0.42555863,0.09265878,-0.35389215,0.29727694,-0.22289631,-0.63018906,-0.67079926,-0.668731,-0.38417608,-0.26770175,0.07439235,0.3198843,0.16662335,-0.33195427,0.7249526,-0.47557998,0.15298796,-0.07250724,-0.58325595,-0.6642739,0.1506419,-0.39553237,-0.13055405,0.19800039,-0.03180303,-0.044136945,-0.113745674,-0.66973114,0.43676484,0.22330402,-0.12727553,0.82857597,-0.10074575,0.4977641,0.15722406,0.410657,0.0851652,-0.12723216,0.4176426,-0.5687731,0.047606573,0.058524605,0.0063100955,-0.056807566,0.3189373,0.17675734,0.41722816,0.7461923,0.12898064,-0.6165074,0.12229936,-0.1021944,-0.14893518,-0.46955818,0.20305343,0.35346255,-0.08622626,-0.16086829,0.17450036,-0.33080554,0.04611057,0.42825004,-0.22300154,0.34246448,-0.09432046,0.018591778,-0.12147069,0.31423867,-0.2812315,-0.33232433,-0.6396275,-0.38511616,-0.30270875,-0.20722178,0.032444004,0.509605,0.13666947
OAS1_0286,-0.21947102,-2.0729957,-0.16275725,-0.30695868,0.05238084,1.0095617,0.29838878,-1.4800287,-0.1524353,-0.80306804,0.23864287,-0.4393641,-0.4748715,0.85771567,-0.7809812,0.23815586,-0.21257679,0.5580906,-0.8876692,-0.37751302,0.16013333,-0.089420654,0.008889019,0.44299597,-0.37355694,0.8962507,-0.5029469,0.6818703,0.34068137,0.060532574,0.37937576,0.52670395,0.28981343,0.46959823,-0.28209734,0.12511995,-0.38606054,0.2916517,0.4267723,0.35086963,0.45394742,-0.8724824,-0.5402285,0.24887739,0.12407477,0.061814614,0.5324874,-0.26757526,-0.21332473,0.22949931,-0.2746666,0.4815235,0.43633455,0.014589048,-0.19941872,-0.4719816,-0.7204388,-0.23369972,-0.3297026,0.057359032,-0.44915155,-0.03400459,-0.20623374,0.27127492,0.13175434,0.41675618,0.4136249,-0.4692,0.38970843,0.8547489,-0.5710464,-0.29774106,-0.4785168,0.17110988,0.20462047,0.14676769,0.30224878,-0.82041824,-0.5636999,0.21107128,0.3803029,-0.19830784,-3.2665162e-06,0.0489056,0.031872362,-0.21942079,-0.45187986,-0.31808823,-0.10311008,-0.19646081,-0.442672,0.58405364,-0.54929316,-0.32714882,-0.007949449,0.070075005,-0.23036452,-0.46103978,-0.10153567,0.52376086,0.5720248,-0.20800832,-0.0037917004,0.45165083,0.0033473517,-0.22122635,-0.37990493,0.4601324,0.1495564,0.33369172
OAS1_0287,0.3214126,1.1646639,1.3020841,-1.067636,-0.5835925,1.3516573,-1.0642596,-0.8073986,-0.8607978,0.2753823,0.23034717,0.10181869,-0.21149462,-0.6971961,-0.34385857,-0.041908167,0.09700727,0.50316685,-0.7608442,0.99974334,0.9211059,1.4443748,0.06262532,-0.4904249,-0.80533254,-0.8306743,0.7640681,0.30294377,1.091443,-0.10471781,0.2577471,0.76707643,-0.4429228,-0.16578078,-0.087929025,-0.37455338,0.32173613,-0.268518,0.45244732,-0.11489846,0.9056213,0.18310295,-0.35539007,-0.5791707,-0.39252177,-0.13786855,-0.12980224,0.15061343,0.08281447,-0.17954326,-0.10350563,-0.60498923,-0.11685544,-0.056306165,0.22152694,0.27835023,-0.9758175,0.15763593,-0.8943794,-0.60516393,-0.052134883,-0.46424013,0.038969554,0.78008205,-0.06409064,0.6364856,0.035956394,-0.49450046,0.29320228,-0.33855975,0.7707722,0.65552664,-0.093382955,-0.7553712,-0.1746543,-0.57093996,0.4050923,-0.09335587,-0.35875598,0.36691403,0.16381681,0.59498775,0.6451435,-0.7877254,-0.4399768,-0.38613653,-0.16283798,0.17195214,-0.2616913,0.036088284,-0.17470084,-0.0021975823,0.04946437,0.3080484,0.5723282,0.55029106,-0.07137051,0.009048546,0.59263843,-0.29965246,0.20525952,0.44416332,-0.17124711,0.47362357,-0.17264776,-0.19510874,0.32896048,-0.031757087,-0.13517536,0.003915766
OAS1_0288,1.208089,0.30424008,1.4357822,-0.10072681,1.5703728,0.5545781,0.34275332,0.28979006,0.13033454,-0.11695061,0.7510302,-0.25437832,-0.5210346,0.032162033,1.0858098,0.40045556,-0.005033906,0.34744796,-0.08576715,-0.51808524,0.87701726,-1.2068808,-0.032934934,0.2045905,0.19769132,-0.27806497,-0.052335612,-0.33886203,0.49880403,-0.5430448,-0.23982553,1.1657882,0.57021445,0.08023981,0.47341606,-0.2659284,0.032065637,0.2550178,-0.08471897,0.38385424,0.9380147,-0.722855,0.09044842,-0.19335616,0.010050847,-0.46503377,-0.09156331,0.5518601,-0.26508814,0.5101766,0.019701023,-0.5375063,-0.40609473,-0.22611958,-0.3333133,-0.34943885,-0.006149981,0.41612455,0.1543328,-0.5006733,-0.23056959,-0.049359743,0.27972552,0.34222862,0.70027363,-0.14899606,-0.26351205,0.61168885,0.27296945,-0.5834608,-0.13813145,-0.47510839,-0.3532573,-0.1495946,0.5128436,0.5491645,0.10492692,-0.18814026,-0.23808815,0.1409305,0.48626077,-0.6014206,0.23591568,0.28969938,-0.018496804,0.023300087,0.7437013,-0.5866738,0.7726837,0.092598006,0.32474658,-0.1829388,0.17332332,0.70569533,-0.20400076,-0.060237464,-0.5436854,-0.21827343,-0.09803225,-0.04658839,0.01672877,-0.027966296,0.03989532,-0.0054659112,-0.12414102,-0.043848608,-0.9156475,-0.18753067,-0.12440946,-0.34134305
OAS1_0289,0.45740238,-1.34801,-1.1779763,-0.27577162,-0.36389834,0.86302614,0.3778942,-0.43026784,0.17424096,-0.8104277,-0.8467982,-0.036228504,0.036233906,-0.06622056,0.11626953,0.44827622,-0.2245524,-0.088583715,-0.05162256,-0.038859423,0.19110417,0.34119293,0.31597698,-0.04388032,0.15478137,0.048205253,0.24074136,0.44886598,-0.4609426,-0.25960627,1.0114077,0.7221439,0.2609504,-0.12734458,-0.7957779,0.07492552,-0.14683084,-0.21400382,0.7138897,-0.3953543,0.6065934,0.23594962,-0.037146088,-0.3760175,-0.0127899395,0.041511696,-0.6545813,-0.063627645,0.30120304,-0.071014814,-0.3136954,0.32420775,-0.08964926,0.014996311,-0.07877596,0.551423,0.08540952,-0.18246308,-0.23131962,0.14653021,0.17057776,0.05064685,0.22027242,0.190053,-0.84338844,-0.3263636,-0.48565665,0.19214031,-0.4057786,0.1357437,-0.40989086,0.42252603,0.05196652,-0.3396921,-0.17510732,0.2971605,0.23094729,0.28665745,-0.31806198,0.0029562712,0.05208097,-0.23141786,-0.18515047,-0.10239652,-0.33778816,-0.42411715,-0.23998052,0.4486155,-0.44988552,-0.29079407,-0.76540816,-0.14826745,0.5771263,-0.09204596,0.22421637,-0.105376355,-0.1996512,-0.20168154,0.10087088,-0.3056605,0.44206533,0.13235594,-0.02796738,0.078991726,-0.39053947,-0.14425904,-0.18111126,0.39629522,-0.024005907,-0.060474344
OAS1_0290,-1.8488461,-1.018922,1.1517472,-1.8760957,-0.6011362,-0.0068545877,0.9254468,0.72910255,-0.24434109,0.32982817,-0.29941958,0.012823394,0.41030565,1.078329,-0.7469565,-0.9918587,0.052482795,0.102001786,0.42698744,0.0134656355,0.17945208,0.15250874,0.25423595,-0.34846482,0.22747895,0.35124084,-0.17926906,-0.14122336,-0.58935267,-0.71402204,0.20139879,0.53744936,-0.567593,-0.75507087,-0.037591185,-0.4553551,-0.43234742,0.69600284,0.15440094,-0.22973306,0.657382,0.286696,-0.031414855,-0.053800113,0.048416603,0.06558149,0.46103027,-0.095304735,0.58834666,-0.3542163,-0.34666145,-0.16637799,-0.08376339,-0.5570953,-0.38992205,-0.10841929,-0.024677211,-0.2526773,0.3419414,-0.43296036,-0.85707384,0.18641365,0.78220284,0.5894997,-0.35261574,-0.27073154,-0.45211226,-0.20436442,0.049312547,-0.08147858,0.046611812,-0.46825612,0.53179395,0.2677036,-0.069822155,0.078351185,-0.2115242,-0.06799817,0.8365312,0.21535017,0.2813779,-0.13863142,0.34944934,0.0107195405,0.50885147,0.071172416,0.11766723,-0.15279312,0.73529303,0.4998499,0.41455936,0.41252837,-0.036462184,-0.58766377,0.23390912,0.24778219,-0.6918439,-0.33856353,-0.056434512,0.05918899,0.21936257,0.22107863,-0.011163427,-0.25001067,0.12357489,-0.091535866,0.6533414,0.6279895,0.067112565,-0.22396837
OAS1_0291,1.1491578,1.0004092,1.638528,-0.05802191,-1.3783737,-0.2944971,0.68271816,-1.5591677,0.8291172,1.4037457,0.7265326,-0.6300181,-1.8474402,0.9988267,-0.706279,0.8316639,-0.07784435,0.57802755,-0.42501903,-0.9731764,-0.5757025,-0.8976648,-0.030510452,-1.0716176,0.22359367,-0.7536023,0.3800624,0.16811384,0.72763515,-0.76949936,0.648343,0.12735555,0.88379496,-0.663086,-0.84802455,-0.032763716,0.2670696,-0.48673454,0.12517047,0.018363988,0.10169115,-0.006446129,-0.7099338,0.04466545,0.6680759,0.70345765,-0.12309082,-0.12510578,-1.4058923,-0.7342619,0.7802934,0.27517736,-0.22357824,0.9909115,0.85467094,0.04274849,-0.79873735,-0.5055961,-0.44213578,-0.43171892,0.66125464,0.90340394,-0.2925375,0.5759684,0.008662896,-0.1172346,-0.33991775,-0.50602263,-0.12321314,-0.1681906,0.44982466,-0.5823673,0.3946359,-0.317015,0.011682362,0.05253096,-0.57728934,0.45023125,-0.5749582,-0.9505896,-0.22641656,-0.3463165,-0.45541516,-0.0067685004,0.61458147,0.1432632,-0.4576951,0.05637192,0.28199607,-0.17461905,0.22516692,-0.32815364,-0.70971155,0.27973813,0.08215829,-0.41803408,0.24582784,-0.51422024,-0.8098127,-0.13531224,-0.2849896,0.100726396,-0.09052041,0.18031959,0.051412567,0.60800797,0.09113671,-0.4113221,-0.6208682,0.10574051
OAS1_0292,2.7414484,-0.20262933,0.6647507,-0.8938484,-1.0049583,-0.15832503,-0.36387244,0.011365072,-0.44573432,0.90625846,-0.4493824,-0.2187935,0.17446469,-0.6660369,0.18695183,0.44608146,0.0025740815,0.10424952,-0.3408888,0.618555,-0.2698357,-0.6058066,-0.20691997,-0.50684446,0.031250827,0.84363085,0.26838633,0.6176021,-0.6942414,0.7246664,-0.51896685,-0.6082211,0.17462501,0.08602307,-0.017031796,0.12698813,0.49293467,0.097576186,0.25912791,-0.6916451,0.003840391,0.35671157,0.22060817,-0.034583412,-0.3588543,-0.2877032,-0.28151652,-0.63022566,-0.56732005,0.61785746,0.39552367,0.50218827,-0.11081209,0.4286444,-0.4134306,0.17847076,-0.30383348,0.3092967,-0.017640637,0.70053405,-0.43182057,-0.04092327,-0.12311447,-0.37430155,-0.31210503,-0.06897836,0.3113332,-0.11398756,0.5097728,-0.23456416,-0.09451282,-0.21623302,0.07342822,-0.640757,-0.08011487,-0.0134750195,0.0034922485,0.07086251,0.8172784,0.26204818,-0.05850304,0.40484494,0.4899002,0.20398635,-0.055568796,0.37478015,0.22945593,-0.6141595,0.33547926,0.33181354,-0.0008029425,-0.14295821,0.4239405,-0.58749616,-0.02001873,-0.37181216,-0.3334618,0.527197,0.07156192,0.30659744,0.532199,0.029337194,0.006807484,-0.40995237,0.26375213,0.07144341,0.084443375,0.32826108,-0.1938154,-0.6040032
OAS1_0293,0.28509948,-1.2392535,-0.5716009,1.265362,-1.495303,0.06246467,1.2655293,-0.4769148,0.81191885,-0.31259486,-0.36668766,-0.10299259,0.2406303,0.28760913,-0.6849845,0.44008753,0.022427015,0.39328617,0.19361712,-0.6675504,0.69624853,-0.598585,0.6096149,0.5436473,-0.57573897,0.17916672,-0.42996582,0.27050576,-0.21275166,0.33075598,0.29197156,-0.67919385,-0.17542356,-0.18739378,0.46796075,-1.2801999,0.21082503,-0.4309678,-0.48759085,0.68839234,-0.2517177,0.564092,0.25208095,0.49684024,-0.9352878,0.4070785,0.8284823,-0.10429882,0.2772281,-0.34753364,0.42674008,-0.6595779,0.19181105,-0.30103418,-0.42315423,-0.020199079,0.36978152,0.40190935,-0.20373774,-0.16766691,0.61796695,-0.32730857,0.3571817,-0.14189862,-0.02933226,1.124308,0.30362624,0.2977603,-0.35073164,-0.060094137,0.013927713,0.23812018,-0.46832767,-0.21344928,0.1368798,0.4739067,-0.26365894,0.37340832,0.16513336,0.5028848,0.1281103,-0.29675084,0.482288,0.50341463,0.112275355,-0.45411792,-0.46214223,-0.41190225,0.16424048,-0.5152578,-0.104199044,-0.70791376,-1.1126268,0.25429785,-0.02203878,0.30783096,-0.0102248425,0.6327054,0.31408077,-0.10233202,0.38998082,0.20540887,0.045464933,0.021788735,0.31399727,0.06311013,0.3701722,-0.266644,0.23580484,-0.15098664
OAS1_0294,-0.7008695,-0.3800869,-1.9626161,0.41073042,0.28891033,0.9453935,0.1824621,-0.10093224,-0.31639087,0.1936913,0.20129214,0.30075118,0.7967095,-0.4447426,-0.5257168,-0.5089857,-0.48766497,0.26574677,-0.28562802,0.0051193316,0.06961042,-0.06310457,-0.48724654,0.09394617,0.1986816,-0.3728637,0.011367168,-0.48746735,-0.4206931,0.32414976,0.3791094,-0.782633,0.3289117,-0.087561235,-0.19229251,0.017043987,-0.1952264,-0.28764233,0.32962745,-0.58535916,0.8194593,-0.07078233,0.54437083,0.4505484,-0.09499964,0.10483524,-0.07681035,-0.1620096,-0.6732063,-0.28651634,-0.016272109,-0.154535,0.2603872,-0.124833666,-0.54456353,-0.3517348,-0.5070517,0.21904363,0.1893646,0.6986428,-0.04715475,0.5280845,-0.06565828,-0.15611145,0.7210478,0.75449663,0.4823383,0.17921476,-0.3254756,-0.19524315,-0.37033606,-0.23476584,-0.52841794,-0.17842026,0.18256015,-0.6497921,-0.3077431,-0.041658077,0.06145369,0.14275098,-0.35441336,0.40292993,0.44152197,-0.20857014,-0.31085742,-0.106447324,-0.41563043,0.19516495,-0.026777212,0.0635471,-0.22279784,-0.33262798,0.2972033,0.09275979,-0.30554754,-0.17469248,-0.27232563,0.7395233,0.14973295,0.22523738,0.07684523,-0.3847479,-0.029944353,-0.18087752,0.3413845,0.07884912,0.303262,-0.2830927,-0.06641777,-0.22869407
OAS1_0295,0.050669063,0.21976466,-2.0574102,0.25497887,-0.74688023,1.6324842,0.3686701,0.29128388,-0.36492202,-0.029154608,0.58863604,-0.29772338,0.040501732,-0.48558205,0.7792066,-1.454827,0.44642326,0.15900864,0.27532607,-0.31849673,-0.6838635,0.23857053,0.0067046606,-0.5174718,-0.1628218,-0.073430695,0.019714868,0.44927105,0.023047693,-0.7327815,-0.11457619,-0.3131762,-1.1574854,0.4351837,-0.037825204,-0.09514319,-0.3597249,0.06929873,0.60154116,-0.14658971,0.12546805,0.07179101,0.0068008616,-0.46031538,-0.30324525,-0.12653899,0.5186338,-0.40741244,0.21906134,0.6491693,-0.17707382,0.23158135,-0.20674005,0.45369905,0.34988678,0.7775578,-0.52362484,0.089134045,0.8258916,0.32107398,-0.13133048,0.04181819,-0.44168907,0.27540573,0.19611593,-0.5054433,0.519229,-0.34022087,-0.17948604,-0.23422253,-0.21972685,0.14749631,0.10575112,-0.07691898,0.6246221,0.22660401,0.020846006,-0.109073505,0.029971752,-0.42259872,-0.06875104,-0.053783555,0.13464503,0.009112957,-0.56967276,-0.34414434,0.1688225,0.082950465,-0.05030132,-0.17634316,-0.38542673,-0.0443575,-0.40742502,0.68387264,-0.0050861132,0.15334094,-0.31620556,0.24002175,-0.07219403,0.11670662,0.33810648,0.77709097,0.011204313,0.30914035,0.28115466,-0.002418734,0.0075020813,0.259683,0.32091606,-0.03513871
OAS1_0296,1.9697226,-0.4984781,-1.0082315,0.23426126,-0.71226716,-0.07180814,-1.2741016,0.7422882,0.11176167,0.21076396,0.21758482,-0.52064973,-0.7538291,0.19286036,0.6275507,0.036774572,0.03211651,0.40346476,0.17634393,0.634587,-0.15218206,0.15263264,0.6238859,0.5740013,0.018033657,-0.28006506,-0.23809132,-0.26239106,0.26876563,-0.154442,-0.6900823,0.8189309,-0.24188256,-0.20801155,0.3971758,-0.21242389,0.05779797,-0.33978838,-0.19129473,0.18821564,0.036823656,-0.15734793,-0.17438515,-0.72124326,0.8377913,-0.20371766,-0.3092431,0.25394568,-0.26715776,0.36382034,0.56361634,-0.11822453,-0.36424664,0.39257193,-0.1486594,0.08462808,-0.08645814,-0.010849535,0.35119274,-0.13333449,0.62860745,0.32271734,0.1750049,0.2780894,-0.018456431,-0.049621195,0.1620228,0.29990134,-0.28471506,0.564254,-0.503264,0.26464826,-0.26684546,-0.06996156,-0.64671755,-0.33690336,-0.5021655,-0.32436404,0.33638442,0.36591816,-0.46829182,0.32142854,0.45251614,-0.16706544,-0.20356207,0.019597517,0.5156193,-0.061912313,0.24154276,0.25721627,0.31926265,-0.41018218,0.1695294,0.053451866,-0.19088322,0.74440426,-0.047643553,-0.7214098,0.03685118,0.04515614,0.3216588,-0.321329,0.32886285,-0.22061132,0.6671443,0.0917727,-0.21763636,0.104861446,0.054471616,0.47130924
OAS1_0298,0.3640967,-0.1471587,-0.19722348,-0.11440579,0.80560344,1.5370032,0.47922674,0.71569055,-0.34846085,-0.4687497,1.6164032,-0.023251222,0.20299369,-0.4585907,0.41905284,0.094943345,0.30975527,-0.08135976,-0.45847166,-0.5699394,-0.6828838,-0.18439633,-0.3140111,-0.034254454,-0.5410637,-0.3369252,-0.052291833,0.5029567,0.6690279,0.39998224,0.079729296,0.15437469,-0.13402313,0.44056576,-0.2703758,0.21885158,-0.19125436,-0.12085347,-0.14805338,0.26732913,-0.97980064,-0.9805018,0.5075656,-0.43069053,-0.3558905,0.5299559,-0.094151594,-0.4121553,0.9564691,0.7932937,0.6338281,0.82032007,0.5667698,0.16398734,0.38534686,0.81189567,0.54562503,-0.27252454,-0.041907463,-0.1655015,-0.46330848,-0.83142364,0.4583222,0.11258932,0.2837319,-0.124014094,0.2372852,0.5349683,0.6282774,-0.73167974,-0.42198136,-0.11695469,-0.07158026,0.0634071,-0.084024444,0.07146204,-0.120069765,0.42706347,-0.07192056,0.0027719738,-0.6970775,-0.011411301,-0.31000662,0.12702513,0.2828132,0.11096507,-0.6059911,-0.14764345,0.6708573,0.28112,0.3790112,-0.17362906,0.046981696,0.101778306,-0.6026402,-0.34161475,0.2057802,0.012956338,-0.2635169,-0.32190147,0.22953333,0.24954663,-0.42325652,-0.8135612,-0.076881245,0.22414312,-0.030957086,0.18396053,-0.005447101,0.08597334
OAS1_0299,-1.5117232,-0.80770296,0.93760324,0.45568696,-0.118058145,2.012814,0.95469046,-0.73107624,0.5777287,-0.18482614,0.20771462,-0.11945472,0.8164187,0.7937756,0.36467108,0.75040907,0.92038023,0.12816763,-0.013815606,-0.19041419,0.94589233,0.3779255,0.10610488,-0.39131248,0.91043675,-1.039464,-0.092209995,-0.9522985,0.44782466,1.1157007,-1.201533,-0.07553784,-0.29295975,0.30478945,-0.21199872,-0.049134675,1.0161746,1.0380557,-0.1679982,-0.5748411,0.31233332,-0.110543974,-0.23947167,1.0294477,0.048169002,0.39816707,-0.29895824,-0.54211026,0.32861006,0.37988058,0.70667964,0.020633563,0.35810277,0.2976559,0.18904816,0.3996561,0.00080133876,0.028447317,-0.12592961,0.2490456,0.30493534,0.18721415,-0.24602996,0.5356118,0.06326607,-0.45395955,0.1193224,0.21947904,-0.34092107,-0.068051375,-0.413135,-0.14042976,0.8197451,0.48354656,-0.07911279,0.74726856,0.40689382,0.34344614,0.18505579,-0.23658852,-0.2799143,0.3205469,0.6821813,1.1354867,-0.22795399,-0.34387004,-0.37427095,-0.45163888,-0.31835386,-0.5816418,-0.18297935,0.6009273,-0.5604908,-0.27000564,-0.5386449,0.14205879,0.31126735,0.08653246,-0.31520858,-0.57713693,0.23547877,-0.009036277,0.13212286,-0.2687112,-0.10058616,0.28754458,0.16985905,0.27305955,-0.25608453,-0.1054373
OAS1_0300,-0.36420244,-1.6799703,0.6684703,0.8204998,1.5378608,-2.2184649,-0.7417261,-0.67908466,-0.75736374,1.4352666,0.5113364,0.04402671,-0.24320026,-0.054928757,0.06688413,0.3216968,0.49573308,0.16032362,0.17311051,-0.08788915,0.33458543,-0.4328832,0.33446142,-0.58934647,-0.7057701,-0.2532526,-0.15543471,-0.9184055,-0.30568284,0.49125034,0.34998628,-0.25051117,-0.23970091,0.49860126,-0.28139642,-0.10579784,0.2304067,0.0844194,0.35565487,0.57077295,-0.95728064,0.6728368,-0.2897985,-1.1431496,-1.7998717,-0.5211193,0.39756653,0.87126553,-0.4816459,-0.6654134,0.4194702,0.44632453,0.2871238,0.048339963,0.59411126,-0.7404418,0.47221443,0.012222525,0.3241931,0.078211054,-0.4569405,-0.5616009,0.17519562,0.96363,0.09051634,0.3391203,-0.24851762,0.0567762,0.071415864,0.4516049,-0.31237346,0.2552533,-0.17735074,-0.692978,-0.13522686,0.4745845,0.17160854,0.20513885,0.20641825,-0.8024583,-0.12728345,-0.34085706,0.50275236,0.2629989,-0.22174513,0.14603809,0.052072868,0.24147591,0.41101998,-0.24328259,-0.3490374,-0.043619037,-0.12277266,0.44963357,-0.0862079,-0.45832753,0.31444788,0.0036836483,0.707655,-0.17122094,0.044159833,0.06961298,-0.53492904,-0.34609967,0.18881784,0.10665729,-0.24337585,-0.34786204,0.3538091,0.13211304
OAS1_0301,-2.114692,-0.45998624,0.92502433,1.0250236,-2.5099282,-0.27492726,0.8349965,0.08782159,-1.830103,-1.8503237,0.28212637,0.46486512,0.2563437,-0.112704806,0.60721374,0.24808644,0.002626377,-0.2605567,0.6624966,-0.22531539,0.15532246,-0.51722014,0.123559535,0.8459984,0.080416,0.026512569,-0.33812097,-0.45721406,-0.7305714,0.5916495,-0.29589385,-0.23650791,-0.9365845,-0.5126103,-0.20399874,-0.4267467,0.14652292,-0.5107566,-0.5189932,-0.14828312,-0.47519317,-0.24283148,0.42905802,0.1410568,0.35179618,-0.65081483,-0.050187208,-0.15360518,-0.14680937,0.14871056,-0.7306293,0.22216196,-0.19108436,-0.22416045,0.16943279,0.10296201,-0.30109408,-0.08519841,0.3791367,-0.09811395,0.0032634644,0.14127572,-0.47104582,0.530067,-0.27182853,0.33298633,1.1801205,-0.7022046,0.6616553,0.30868262,0.40450606,-0.07993249,0.22657481,0.15971267,-0.93143684,0.5280973,-0.20316677,0.546222,-0.7653591,-0.55575275,0.1208092,0.3045295,0.36510307,-0.05286981,0.4758366,-0.32377547,0.42979872,-0.42112407,0.68149334,0.6352661,0.2876932,-0.19513237,0.3573396,0.040459562,0.49382722,-0.034324396,0.8107597,-0.00040195926,-0.03530009,-0.29547718,0.09208485,-0.32998365,0.031679004,0.40097585,-0.079303816,-0.21171807,-0.6997133,0.17242089,-0.38029,-0.310145
OAS1_0302,0.10580693,2.1614568,0.9075976,1.1183515,0.8267328,0.35610595,0.74676317,-0.7650131,-0.14918527,0.8175433,0.2847282,0.47666827,0.7490549,0.60275,0.51380026,0.20243756,-0.49148753,0.41666785,-0.10748932,0.59822917,0.35305977,-0.107693866,0.05349627,0.1218391,-0.09036873,-0.009375871,0.50115633,0.12161045,0.5995569,0.30566692,0.12545797,-0.26765162,-0.10279699,0.3264094,0.57700175,-0.40816882,-0.61600494,0.7494641,-1.0881742,-0.28174433,-0.102538764,0.17783733,0.07361772,-0.57639563,-0.4568246,0.13212365,-0.66632295,-0.28559875,-0.44185764,-0.08976775,0.21996433,0.06451001,0.26258758,-0.028098132,0.19874732,-0.62457794,0.03252863,0.41096506,0.8034533,-0.15986586,-0.13637248,-0.47771558,-1.129311,-0.09213187,0.19770555,-0.14374848,-0.06312237,0.559867,-0.18162563,-0.19714952,0.3059695,-0.43220848,0.27125013,-0.6764219,-0.10282074,-0.100151055,-0.3371211,0.34688383,-0.11265194,0.10122839,0.2990329,-0.10557522,0.34962058,-0.40124863,0.24955711,-0.0011594406,-0.41862655,0.19200383,0.46109453,0.14328697,-0.3676366,-0.36680686,0.1822806,0.3378445,0.15838951,-0.69017065,0.17971785,-0.16422841,-0.10299431,-0.24318391,0.31328112,0.6525458,0.70569813,-0.21996656,-0.5295047,-0.06498642,0.08215852,0.49177742,0.0873589,-0.17984644
OAS1_0303,2.0987628,0.6144338,0.2836497,0.30525997,-0.019109022,0.8321868,0.5058079,-0.2176157,0.102703266,-0.26566392,-0.9316347,-0.45816687,0.38998958,-1.0569174,-0.4368744,0.53848237,-0.6591832,0.08227299,-0.5799023,0.9601924,-0.19614166,0.8140727,-0.39392343,-0.3663075,0.4697622,-0.27173713,-0.9044274,0.29469368,-0.014927234,0.7522704,-0.6881934,-0.78511137,0.42325732,0.05874074,-0.13247134,0.2061757,-0.15975231,0.30370036,0.0007196919,0.24169254,0.40657282,-0.06829623,-0.449138,0.055155985,0.24795085,0.23355013,-0.42764866,0.09711223,0.5581868,0.15164019,-0.483263,0.40819147,-0.45802674,-0.053163506,0.48573324,-0.7480525,-0.2159242,-0.42156255,-0.060638234,-0.22843483,0.4104021,-0.13650465,0.43053648,-0.22428782,0.07356799,0.65309286,0.0043107667,-0.46039498,-0.32185873,-0.29739407,-0.007979589,0.12677701,0.106095895,-0.41232085,-0.15792286,-0.5624411,-0.38387772,-0.33623362,-0.26858473,0.5182606,0.619994,0.54020727,0.57299674,-0.031603202,0.37316492,0.3934826,0.21580279,-0.46234947,0.031974208,0.24811523,-0.031738736,0.08766628,-0.13782912,0.01695136,-0.27989042,-0.27472976,0.013084399,0.5579195,0.20606023,-0.2568982,0.6117239,0.1838545,0.27522373,-0.38159728,0.22780122,-0.16578521,0.732123,-0.06924072,0.2878796,0.14895521
OAS1_0304,-2.1317942,-0.9744826,0.32866266,0.03867093,0.9871499,-0.7387901,0.005998866,0.93577105,0.46646234,0.23120874,0.100265466,-0.38273606,0.3912592,-0.14749135,-0.9802465,-0.17468981,0.070311,-0.11217759,-0.23256448,0.70552915,0.49007747,-0.095421515,-0.23138122,-0.1565134,0.018801507,0.5617907,-0.22871222,0.26815915,0.20710023,-0.32671282,0.38710955,-0.23695473,-0.44571006,0.71772224,-0.44137403,-0.5332958,0.3268754,-0.19033375,-0.16492194,-1.0845262,0.012863307,-0.35647961,0.46882942,0.65700704,-0.07250597,0.7973022,-0.25625718,0.34506756,0.16810663,-0.03363233,0.46932444,0.3377662,0.03745117,0.043907557,-0.007332002,-0.23130539,-0.14845987,0.28855503,0.72134024,0.111547954,-0.41426244,-0.053222477,-0.19207141,-0.42085376,-0.12895784,0.07822683,-0.06975889,-0.18927687,0.46947676,0.56182635,0.52642775,-0.5224256,0.18726398,0.04300196,0.15918331,-0.18817039,0.14814657,-0.62011474,0.29495898,-0.55172306,0.04915569,-0.17124145,0.25066587,-0.33317176,0.3039325,0.5488215,-0.076730415,0.69440615,0.0017577542,0.022830773,0.45863584,0.33142182,0.00088775187,-0.6473026,-0.13200979,0.6495175,0.13038565,-0.18048887,0.5654422,-0.006338791,0.13347533,-0.331714,-0.0725041,0.28947753,-0.5323898,0.14632842,-0.20945233,-0.42901054,0.6330708,0.093232185
OAS1_0305,-0.42211068,1.7050033,-0.2861091,0.3805386,1.0791225,-0.07767482,-0.27376708,-0.9982697,0.06489241,-0.27271995,-0.68601465,0.70039326,-0.27284396,0.98152,0.6947424,-0.48160198,-0.2316986,0.31069937,-0.09113272,0.2899251,-0.52843326,0.5679218,0.14597331,-0.4977216,0.18506972,-1.160058,0.30605122,1.1618795,-0.37464738,0.6571012,0.17561656,0.49323803,0.1357604,0.059660055,-0.14893296,-0.12968913,-0.73746186,1.1759844,0.044962633,0.16294508,0.07690818,-0.4617597,0.05982373,0.15362158,0.15669169,-0.27871096,0.6850726,-0.47908118,-0.024371067,0.24165411,0.3359278,0.3057326,-0.6438944,0.2641601,-0.7386094,0.044217028,-0.08764094,-0.07157683,0.2204443,-0.3223559,-0.6047324,-0.2786859,0.18943836,0.117702074,0.09514727,0.11461313,0.16031794,0.23228462,-0.40837398,-0.28607547,0.49069273,0.5875637,-0.39289698,0.12872356,0.40710828,0.14111498,0.27849683,0.6640414,0.19000043,-0.2691682,0.012781277,0.5085096,0.26829457,0.23091495,-0.17487344,0.42787603,0.018764598,-0.4368201,-0.24809223,-0.17112522,-0.4225969,-0.1534192,-0.21281192,-0.024485327,0.45345435,0.19042675,0.33964437,-0.21400706,0.18928464,0.6766839,-0.35369536,-0.06173585,-0.09173051,0.047838174,-0.093941376,0.02299643,-0.11000609,-0.29547176,0.23627442,-0.003878234
OAS1_0307,2.0816586,-1.0887009,0.6286569,0.47502762,1.0436507,-0.50476325,-0.32140738,0.8140991,-0.41152164,0.45348996,0.561711,0.3649644,-0.495282,0.59845805,-0.17572042,-0.22589327,1.2455554,-0.40697762,0.64898705,0.2625371,-0.27338782,0.120505765,-0.19912528,0.44767165,-0.3756276,1.0431978,-0.42406088,-0.3567126,-0.34130412,0.020244347,0.43334064,0.23381375,0.50083053,-0.15110676,0.17893466,-0.8295832,-0.5500516,0.10215054,0.5484446,-0.22522454,0.32973522,0.27989554,0.6732964,0.79070294,-0.49840683,-0.51751894,0.5346869,-0.37102744,0.014885442,-0.35978022,-0.15951319,-0.69980496,0.7150518,-0.48666704,-0.09306561,-0.41783923,0.31468484,-0.7529768,0.44206735,0.47151905,0.35756853,0.14980157,0.099922955,-0.5330011,0.30194762,-0.26117462,0.14876224,-0.024642123,-0.1413239,-0.3758024,-0.17077336,-0.05628434,0.6131272,-0.92850083,0.31769994,-1.0309446,-0.6265946,0.10467809,-0.3655959,-0.16249959,0.09577873,0.44380897,-0.27022555,0.071369946,0.11593182,0.5673416,-0.22051096,0.52029777,-0.17278026,0.051188596,-0.13840155,0.72120506,-1.1988902,0.6808754,-0.25541317,0.48341778,-0.62178326,-0.44535396,-0.13623399,-0.1200063,0.045147523,0.0002870544,-0.11144047,0.15718432,0.38095847,0.3812165,-0.29012853,-0.19739217,0.05824387,0.20331101
OAS1_0308,0.9547808,-0.41551736,0.23737548,-0.4311537,0.18389755,1.6708946,0.07276718,0.3109557,-0.099919915,-0.45764163,0.9313211,-0.2795818,-0.5402495,-0.56538635,0.18108201,0.055172477,0.73952174,0.12033683,-1.0554246,-0.436595,-0.3970168,0.45167753,-0.32421604,0.77952415,-0.14986765,-0.14132565,0.33621714,1.2459588,-0.44778877,0.03143652,-0.0314822,-0.3380407,0.37802455,0.5184611,0.10754468,-0.28486982,0.37355375,0.3358228,0.41132247,0.0077261846,-0.6670503,-0.2352016,0.56134194,-0.64804536,0.039420106,0.069935404,0.45325842,0.2706829,0.055062495,-0.09090995,-0.13555971,0.13412313,0.528641,-0.1435414,0.31340513,-0.010070919,-0.25095665,-0.51522803,0.31957835,-0.59101516,-1.1813024,0.5610348,0.7634529,0.28490442,-0.022311464,0.025854543,-0.18018317,0.099662334,0.17641065,-0.04893484,0.1898951,-0.4281058,0.27042615,-0.4598367,0.56118137,0.15450695,-0.31022727,0.3070639,0.18779719,0.2753807,-0.17279333,0.13467677,0.2846574,-0.6501465,-0.70863616,0.3350006,0.49585897,-0.16768906,0.04318429,-0.6297081,0.43265647,-0.0053846175,-0.0845749,-0.052007563,0.010381555,-0.00713196,-0.12217311,-0.40787196,-0.06585371,-0.21684623,-0.70902866,0.10907555,0.81662184,-0.22688982,0.4465639,0.24321833,-0.474792,-0.19602174,0.27696913,0.11243783
OAS1_0309,2.135329,0.4154318,-0.08457063,-1.7296785,-0.84440565,0.36740607,-0.33926404,-0.53856623,-0.8540664,1.1829407,0.21327038,0.8026341,-0.7432025,-0.44441253,-0.035122465,0.41753593,-0.109938376,0.20828041,-0.19076316,0.23780845,0.01915158,0.122303836,-0.2836291,-0.27522796,-0.11386315,0.5788409,0.45332545,0.50679,-0.55585474,0.6220898,0.09282788,-0.49914744,0.72950596,-0.5344464,-0.18379919,-0.10015227,0.00895844,0.20650217,-0.4006273,0.11416388,-0.29336625,-0.022475922,0.042585146,0.08924632,-0.013849853,-0.43902317,-0.27930045,-0.13550371,-0.46811676,0.12188332,0.8090098,-0.04103546,0.47858086,-0.11872549,-0.9311,0.27027413,-0.36186874,0.12942083,0.4406747,-0.2007306,0.09440351,-0.63137084,-0.3046482,0.36795375,-0.11066533,-0.12949036,0.4526587,-0.46653858,0.5732385,0.06263346,0.07479266,0.42076364,-0.22046381,0.11906439,-0.38391662,0.28194392,0.38902026,0.033159666,0.08302704,0.16113146,0.37067732,-0.82419074,0.6204479,0.052925743,-0.009476962,-0.09617908,-0.26284423,-0.023512295,-0.2852839,-0.037798293,-0.18008752,-0.30199155,-0.4468904,-0.1865767,0.58192384,0.3696935,0.2843811,-0.51542443,0.026431667,-0.2378057,0.5412269,0.31549028,0.14474256,-0.15680096,0.18727008,0.08062428,-0.020494876,-0.14856762,-0.18612315,0.46502128
OAS1_0310,1.2470169,-0.27345768,-0.6070969,-0.6001416,-0.93572253,-0.46531582,-1.5609869,0.4578469,-0.7655904,-0.12705891,-0.7042572,-0.5273438,0.105112,-0.43264985,-0.26856646,-0.81550103,-1.1562353,-0.13658117,-0.5552548,0.023876043,0.48398006,1.4441653,0.65021855,0.06299258,-0.24233225,-0.24184111,0.16208063,0.77378356,-0.39968434,-0.01282382,-0.75952196,0.0752647,-0.30626413,0.48244137,0.36723867,-0.46146762,0.40820187,0.12562786,-0.116092496,0.44609326,0.2673746,-0.062344696,0.23160325,0.5471103,0.05081806,0.5453989,0.35415927,-0.6497403,-0.19748989,0.095439784,0.0436961,0.014543794,-0.23286872,0.18359296,0.15765873,0.5300663,0.24165682,-0.35986784,-0.43938723,0.015229233,0.33314773,0.02867724,-0.71077317,-0.24329388,0.5527592,-0.058261827,-0.16761722,0.68709266,-0.1812012,-0.50678325,-0.10830566,-0.5321872,-0.036308277,0.11461026,-0.33371332,0.5999537,0.26018313,0.73385954,-0.7473758,-0.116035745,0.14333354,0.37419686,0.06571829,0.5315081,-0.21463887,0.6058506,0.123428546,0.45236823,0.37510014,-0.08642375,-0.4424617,0.38425475,0.4783241,-0.31556317,-0.084414646,-0.5392629,-0.35859635,-0.023945106,0.23560143,-0.22398973,0.31480366,0.22308467,0.45581102,0.45594105,-0.09662319,0.23507705,-0.20385742,0.44159213,0.36221743,-0.023591544
OAS1_0311,1.0674675,0.95729417,-1.2123291,1.3970343,-0.5409085,1.0453694,0.12396427,0.018416407,-0.79124755,-0.14646177,0.34140816,-0.5575901,-0.7255756,0.96051085,0.064794004,-0.14363185,0.59306234,0.033262156,0.15607786,0.4673122,0.29559007,0.42105696,0.027726436,0.10187151,0.7377363,0.7213683,0.12091532,0.0044917897,0.72633,0.24010131,-0.13324243,0.7184571,0.026789103,-0.39187548,-0.3883207,0.4953086,0.66624135,0.2670076,0.4790849,0.5379833,-0.069008656,0.4342292,-0.4633102,-0.06455303,0.2936702,-0.9060679,-0.4769374,-0.09033502,-0.24487524,0.35256496,0.20935582,-0.28926846,0.54650193,-0.1707025,0.004095728,-0.1967245,-0.07485593,0.04982564,-0.43020278,1.1924578,-0.35151568,0.10050001,-0.03646902,-0.443317,0.2549176,-0.18204112,-0.68918926,0.59511214,-1.1453013,-0.27125493,-0.29450676,0.016835451,-0.3773984,0.19132273,-0.030815637,-0.31865367,-0.23989853,-0.3033012,-0.34538132,-0.77843684,-0.11105637,-0.5157457,0.6905481,0.3065025,0.4202188,-0.37478074,0.48632056,-0.029949782,0.18172596,-0.25868633,-0.444525,-0.3726755,0.3645779,-0.27651158,-0.31485888,-0.39026147,-0.20474832,0.25946254,0.59796584,0.52421856,-0.17714559,0.3610445,-0.2524629,-0.15456264,-0.33218205,0.08537258,-0.3117002,-0.25224462,-0.13689849,0.41375995
OAS1_0312,1.0492117,1.2804817,1.8056937,0.38452318,0.070093535,0.5981207,-0.5141232,-0.8874992,-0.5488354,0.6109145,-1.1270523,0.14773208,-0.28247735,-0.63551754,-0.38092905,0.5954016,0.11485328,0.05918267,-0.90150887,-0.18659626,0.28700107,-0.08017468,-0.46526307,-0.27448934,-0.44172582,0.37340993,0.22085679,-0.66206425,0.65681505,0.66112757,-0.13503717,0.07640946,-0.10567839,-0.5298044,-0.8018035,0.13361329,0.21847345,0.3000375,0.026496885,0.464344,0.28222877,0.36166736,0.5623459,0.21318905,0.20069379,-0.7279584,1.6374537,-1.1746591,-0.016812917,-0.19891891,-0.03253667,-0.63178384,0.07317193,0.1006318,-0.83036757,0.7460003,-0.2658749,-0.5630864,0.34106714,0.4809923,0.06425386,0.38547334,0.1910624,-0.03096885,0.43541357,-0.4674119,-0.37970242,-0.029435946,0.9312051,0.45127544,0.58087075,-0.43250892,-0.19918533,-0.2766761,0.6657214,-0.360219,-0.11324279,-0.11125797,0.4768408,0.027417596,0.3854265,0.150246,-0.5773577,0.38979906,0.010174456,-0.37070575,0.14518161,0.47027156,0.60239506,-0.03591401,-0.2057948,-0.084032804,-0.11872373,0.3483857,-0.24947716,-0.49307084,-0.82488,0.5304097,-0.012068606,-0.2688018,0.09339009,0.8577139,-0.55009335,-0.31257588,-0.30701417,0.09819124,0.05626884,-0.055155333,-0.028324796,-0.42131546
OAS1_0313,-1.3788701,-1.0585508,-1.816978,-0.32288876,0.68735105,-0.16810034,-0.1433638,-0.21826589,-0.89845484,0.7975914,-0.567881,-0.6002234,0.8463384,-0.72851044,-0.96014255,-0.11919641,-0.042629037,0.07356054,0.19490568,-0.3363145,-0.09850751,-0.42220038,0.23132727,-0.9011969,0.45380166,-0.65384686,-0.2451442,0.3090537,-0.26368192,-0.14716831,-1.2649435,0.22565079,0.123965144,-0.36182657,-0.8361517,-0.13655637,-0.37951604,-0.3208077,-0.2505744,-0.09939809,0.31742293,0.52571183,-0.00937928,-0.7610085,-0.45048648,-0.13485193,0.20247187,-0.5879456,-0.37747478,0.15195459,-0.062056657,-0.45248148,0.26546764,-0.3150348,0.68924135,0.1814623,0.48340833,-0.15509066,0.4702875,-0.18826759,-0.20208916,-0.68108344,0.2974492,-0.0061672092,-0.59449697,0.43715054,0.36456937,-0.4511987,0.05382376,-0.10037345,-0.5862449,0.2110894,0.093177274,0.03761397,0.033166192,0.12998211,-0.2630527,-0.586514,-0.35956207,-0.12734883,-0.2679565,-0.17028059,-0.350244,0.021263251,0.058717325,-0.05723292,0.48402148,0.15294543,0.27198738,0.46295187,-0.41705742,0.014831187,0.23057266,-0.035435654,0.57076615,-0.049271658,-0.18352954,-0.14305662,-0.17423801,-0.001013828,0.16507195,-0.2863558,0.2919679,-0.16298251,-0.43739533,-0.5390991,0.04317835,0.20285293,0.30924815,0.29257497
OAS1_0314,1.8554695,-0.9201811,-1.1887103,-0.44951603,0.347571,-1.0574254,1.0606105,-0.630468,0.20633325,0.62036234,0.12323202,0.5692547,-0.3000188,0.55306727,-0.41851485,0.1693537,0.014760246,-0.6347255,0.017408585,-0.27884537,-0.13148269,0.07671528,-0.41441047,-0.10596202,0.14841972,0.4422437,-0.06537323,-0.70152014,0.2823723,0.37697378,0.19671746,0.021082103,-0.18202561,-0.16259424,-0.1949693,1.2722324,0.34401706,-0.861349,-0.22353712,0.21219277,0.39765683,-0.41151226,0.03453832,0.04792935,0.60737735,-0.2616971,-0.22854733,-0.35236183,0.3306921,-0.31241477,0.0031191725,0.7155275,-0.6175446,0.33626416,-0.041044805,-0.14500652,-0.04912457,0.2900907,-0.23355745,0.023303699,0.44585004,-0.14014962,0.46259734,0.2337348,0.5585545,-0.5233661,0.040995266,0.16093121,0.45333093,-0.36458895,-0.8539879,-0.14540829,-0.79999995,0.039057676,-0.3676757,-0.6243942,0.44362,0.5079236,-0.39375174,-0.56531686,0.3204644,0.17901511,-0.52248514,0.25568277,0.1488998,0.09076327,-0.23986197,-0.19897866,-0.31634092,0.096599676,0.36250216,-0.27907333,-0.52307105,-0.1120907,-0.41821238,0.035244267,0.25687757,-0.2071456,0.27144238,-0.49533066,-0.036735747,0.18545115,0.01706457,-0.32776478,0.40864316,-0.12031647,-0.27617908,0.11784913,0.11007624,-0.16074087
OAS1_0315,0.9921984,-1.982743,0.6846445,-0.26139563,0.40977624,-0.5681203,0.5923996,-0.058981948,-0.91043353,0.37255383,0.5023553,0.8183198,0.22405352,0.9156412,-0.45487165,-0.3870236,-1.1133637,-0.43081033,-0.24911574,0.74007505,-0.4798781,0.4575637,-0.8443276,0.5042032,-0.5231645,0.03811253,1.0189253,0.9054489,0.50482756,0.021761075,0.3127856,-0.010096177,-0.0051193764,0.25553894,0.25528368,0.0052852756,0.85494965,-0.13282304,-0.1277291,0.124093294,0.31246063,0.22728474,0.16221757,-0.16802555,0.10671915,-0.18897176,0.05261763,-0.71698034,1.0093666,0.06363207,-0.48521414,-0.20704266,-0.14461498,0.0622651,0.59747237,-0.059094895,0.20887208,-0.351826,-0.530604,-0.16965921,0.6537865,0.38729376,-0.0108924005,-0.560659,-0.082851656,0.24329184,0.07806728,0.2539818,0.11519274,0.11928822,-0.47473016,-0.43587095,-0.4071467,0.018066358,0.25776047,0.5130098,0.23731571,0.25871834,-0.26637605,-0.048491307,-0.4447139,-0.456142,-0.4132804,-0.38416845,-0.61842567,-0.07128862,0.24217713,0.043112535,0.34034255,0.17483588,0.023300992,0.01421446,-0.138093,-0.19068207,0.29100463,0.24362879,0.14197782,0.46518445,-0.022729717,0.40527976,-0.13016976,0.2022135,-0.061926022,-0.47754195,-0.04584929,-0.38514474,0.17177543,-0.23055293,0.25604916,0.17220457
OAS1_0316,-2.6284285,-1.9428911,-0.32268786,-1.3333673,-0.23415644,-0.25616306,-0.17476058,-0.08518578,-0.21730083,0.37468225,0.5396788,-1.3330219,0.4083969,-0.8497576,-0.16724826,-0.20108783,0.22393733,0.49414816,-0.2962135,0.357019,-1.0457144,-0.43803686,-0.5117847,-0.34197882,-0.3362156,0.010662255,-0.3219155,0.30145955,0.511897,0.21973164,-0.12635003,-0.256557,0.24973176,0.46231064,0.23759921,-0.37528172,-0.7047226,-0.21684934,-0.29187992,0.3278941,-0.13826555,-0.3522074,0.13056007,0.054927733,0.5240046,0.12185313,-0.5586384,-0.8127188,-0.049735267,-0.68547386,0.00015651538,-0.47026736,0.21867386,-0.0082109375,-0.35564014,-0.39271832,-0.17647952,-0.013609177,-0.4448199,0.30606383,0.37924016,-0.15214935,0.3004696,-0.24291152,0.8848251,-0.05355915,0.36117423,-0.50988483,0.11684673,-0.29409474,-0.44156557,-0.24879448,-0.031584587,-0.29249537,-0.012446314,-0.7065957,0.12536842,0.55047596,-0.16561238,0.27179912,0.14434402,-0.014748324,-0.80702126,-0.16662394,-0.014286815,0.18721431,0.37134537,0.20726402,-0.54318017,-0.84359574,-0.7104954,-0.95570993,-0.041165352,-0.102996066,-0.19427487,-0.8556772,0.33069316,-0.1871801,0.15836993,0.0609689,0.76402175,-0.21214612,0.17231955,0.045371793,-0.0035318327,-0.03575575,0.23228846,0.04322232,-0.18732496,-0.24041918
OAS1_0317,0.7023395,0.42172268,2.1794813,0.35750613,1.5722586,-0.7734539,-0.38302675,0.40076602,-0.24746144,0.11867891,-1.2870705,-0.669101,1.2255803,0.095140696,-0.7298441,0.26727515,-0.148492,-1.0112611,0.12672722,0.40126804,0.19113424,-0.85853547,1.232801,-0.21071509,0.28268906,0.78174084,-0.30681053,-0.2551078,-0.19099061,-0.5521749,-0.54960275,-0.3870885,0.6498076,1.1410338,0.2946544,-0.16892177,-0.07096666,-0.7833613,-0.042286903,0.16505541,0.42810124,-0.053538967,-0.12162849,-0.034720708,0.15491717,-0.28478056,-0.5971129,-0.1327705,-0.7148166,0.28849784,-0.009204223,-0.116074145,-0.19931208,-1.0328212,0.13443168,-0.21540883,-0.85897803,-1.3505034,-0.14619061,0.044613786,-0.49480215,-0.36918938,0.20996338,0.9015098,0.698559,-0.21806736,0.20761046,0.22398895,0.5924368,0.67722327,-0.004537335,-0.16526575,-0.12903029,-0.07273653,-0.58182234,-0.21277997,-0.17519449,0.100479186,-0.06788169,-0.39236066,-0.60408616,0.5006958,0.38405782,0.2714324,0.13998044,-0.22348616,0.38195524,0.37078163,-0.56357765,-0.33454823,-0.22653314,-0.18950893,-0.07325421,0.16814347,-0.41077796,-0.3840458,0.24978882,-0.30016413,-0.07053535,-0.5462868,-0.47907534,0.17933322,0.13170005,0.036518767,0.83614117,-0.87132794,-0.53620553,-0.6920869,0.25150758,-0.20195045
OAS1_0318,-1.6619238,0.2993049,-1.1055404,-0.46958905,0.9922929,-0.65067875,0.83867407,0.18443811,0.36176908,-0.1551622,-0.4100677,-0.17952119,0.20984106,-0.79292136,-0.038375318,-0.21331967,-0.012636275,-0.37834838,-0.6803246,-0.22731486,-1.0038761,-0.35496664,-0.38973525,-0.5265955,-0.17683665,0.41652313,0.5975656,-0.86159724,-0.11477346,0.034057066,0.14035837,0.25651118,-0.012114671,0.0137819415,-0.2919551,0.35622996,-0.21206795,0.0035079403,0.10584572,-0.34636426,0.102347404,0.34746397,-0.28777373,-0.15591927,0.09638185,0.42562464,0.03155751,0.18154778,0.9547671,0.5851803,-0.015772736,0.04414784,0.23897561,0.28870723,-0.5193577,0.041618373,-0.6338823,-0.18675698,-0.28086817,-0.9543434,-0.06223655,-0.6671274,0.2253475,0.34145868,-0.054252572,0.27008644,0.2903071,0.50742185,-0.3733186,-0.33372825,-0.39463267,0.61772275,-0.3075842,-0.25905007,-0.07164238,0.34407675,0.25350928,0.37149128,0.13972555,-0.12528852,2.5761907e-05,0.3780642,-0.031020666,0.8414506,-0.6890273,0.34593922,-0.05923247,-0.02889995,0.22393905,0.11395229,-0.40160933,0.036577154,-0.10290327,-0.46855545,0.1255777,0.16870914,-0.13692538,-0.11929215,-0.087627836,-0.06533287,-0.12114007,-0.12221263,-0.3128772,-0.15666613,0.20116612,-0.08748326,-0.1594648,0.2749875,-0.2962609,0.7333765
OAS1_0319,0.007810381,1.788458,-0.44638675,-0.37911505,0.7073207,0.2448678,0.46067518,-0.7672463,0.38584194,-0.20565392,0.2053962,0.7263004,-0.9213729,-0.6349573,-0.62023556,-0.043040283,-0.124586076,-0.7377295,0.22597308,0.2081269,0.9158041,0.22707376,-0.29867887,-0.92839926,-0.91719586,0.19267091,-0.24698769,0.20977215,0.3912275,-0.5180624,0.587638,-0.7839958,-0.5998002,0.07405556,-0.4895267,0.10161058,-0.3783885,0.40719837,-0.5313635,-0.3430842,-0.2691439,-0.20912951,-0.14635612,0.09861909,-0.0373165,-0.41522214,-0.04737023,0.0061612846,-0.9180311,-0.29394013,-0.30671728,0.32498673,-0.3747006,-0.12306471,-0.56793374,0.03332621,0.5459452,0.21597736,-0.12184175,-0.29539603,-0.0051812963,-0.27102414,-0.4185739,-0.20334901,0.1361748,-0.17406777,0.24665067,-0.10521755,-0.47590005,0.021729562,0.053548675,0.6908343,0.155535,-0.01703912,0.39247525,0.10171209,-0.040991917,-0.37824303,0.1357113,-0.1340325,0.40579653,-0.14460398,0.19383885,-0.07284987,0.04321678,0.77563107,0.39833248,-0.48683128,-0.036571536,-0.20402496,0.013454187,-0.29469475,0.0012660983,0.121707775,0.0454449,0.29795521,-0.5233522,0.276079,-0.19601072,0.5863438,-0.8098566,-0.20233494,-0.098253705,-0.7365933,-0.23812884,-0.5448701,0.07219913,0.08892235,-0.022553809,-0.057565976
OAS1_0321,-0.22342145,0.017616294,-1.9440944,0.32309172,1.1677614,-0.54017943,0.15670973,-0.834421,-0.056945037,0.8491588,0.5239141,-0.7607055,0.33828467,-0.6878422,0.5851172,0.5131822,0.64998853,-0.07152888,0.26824957,-0.73103154,0.14369224,-0.20803715,-0.25430438,0.39741525,-0.31675693,-0.14094748,-0.26589108,-0.63084984,-0.48657548,0.38476986,0.64122605,0.11577497,0.03520547,0.37039858,0.3968855,-0.051199798,0.3316641,-0.15758589,-0.8598386,1.3182787,-0.200861,0.43891686,0.33885843,-0.5620132,0.43299797,0.58728534,0.20308322,-0.46879923,-0.43976772,-0.7327049,-0.2868145,0.43429428,-0.20606905,-0.030240867,-0.012131595,-0.30014527,-0.46930742,0.10018275,-0.269739,-0.9977396,0.26964214,-0.2343885,0.028016748,-0.69639504,-0.023520038,-0.7901229,-0.10868788,-0.043793023,0.19603552,0.4392657,-0.20814013,0.17594105,0.10685394,0.45894432,0.019203654,-0.55116403,0.37209386,0.16777864,-0.67851084,0.27806315,-0.36607188,-0.6522691,0.24493024,-0.5551545,-0.42412296,-0.19117394,-0.054792244,-0.38472083,-0.15860659,0.046447154,0.5373483,-0.3426033,-0.023823539,-0.34321526,-0.3940125,0.8389373,0.17108929,0.03975612,-0.27297986,0.30641866,-0.747471,-0.08773653,0.6326907,0.05592238,0.46167973,0.55089855,-0.37611005,-0.20426764,-0.52460444,-0.05722136
OAS1_0322,0.510264,0.04452684,-0.2112121,1.4576703,0.96603125,0.45969197,-0.4347971,0.37481424,-0.3875909,0.12537567,0.43493956,-0.4296171,0.45742056,0.16546308,0.4464426,0.89589185,-0.193467,-0.24513634,-0.3410032,-0.7873982,-0.12985416,0.7055802,-0.49736878,-0.7340509,-0.014989138,-0.64803106,0.037035566,0.3973929,0.34237143,0.74035066,0.37923476,0.076429576,-0.8323002,-1.0199732,-0.44098243,-0.16203405,-0.07561355,0.36962152,-0.10126736,0.16504423,0.10567411,0.46194422,-0.38562387,0.07016622,-0.56438625,0.10031864,0.5688939,-0.25508937,0.53440166,-0.3218214,0.07808972,0.67050356,0.27025768,-0.6267117,-0.48012596,-0.5739399,0.0047447016,0.70983773,0.27377126,0.7530516,0.46727985,0.20435688,0.08373035,0.14731881,-0.8699653,0.4629858,-0.5354728,0.22844954,-0.3161528,0.28826055,0.045792926,-0.47633472,-0.4274487,0.26113886,-0.13714923,-0.015671052,0.34060988,-0.2788934,-0.001104091,-0.3700242,0.01143479,0.44208398,0.07194122,-0.2238112,-0.13904239,-0.26426476,-0.16260926,0.414018,-0.29056942,-0.053477112,0.25956824,-0.41598842,-0.5446656,-0.16208245,0.19439994,0.13304251,-0.2285331,-0.0479621,-0.38187566,0.15816134,-0.21816245,0.030329717,-0.17012897,-0.16689952,0.02364827,-0.51484984,0.43095696,-0.2114448,0.2301427,0.058738504
OAS1_0323,2.4741404,-0.24387544,-0.8694748,0.24932422,-0.42117882,-0.08858042,-0.6284543,0.93881446,-0.086259514,0.37231347,0.62201315,-0.5688779,-0.84952414,0.043449964,-0.32771385,-0.32715172,-0.38207147,-0.4335298,0.19676696,-0.093469046,0.96861774,-0.1414262,0.42129484,-0.19881207,-0.067461565,0.10648501,-0.4536483,0.36586744,0.25505355,-0.33635363,-0.027155498,0.1374888,0.1787152,0.5049753,0.3763823,-0.11047537,-0.34042266,-0.21138953,-0.26113564,0.18208282,-0.24781635,-0.012729385,0.052793257,-0.3922527,0.59982604,0.18855277,-0.079137936,-0.2727764,-0.28852487,-0.18211944,0.069157846,0.80402595,-0.037210755,-0.17984322,-0.37265027,-0.14180431,-0.14621216,0.0073388903,-0.11972779,0.4016704,-0.12866212,-0.07274667,0.562469,-0.47396964,-0.46283546,-0.7202872,0.7840826,-0.45198056,0.42626813,-0.09319777,-0.53365487,0.6025637,-0.5934045,-0.10008037,1.0578135,0.44915754,0.19887093,-0.11878962,0.2952149,0.018805845,0.09790952,-0.46571213,0.41798934,-0.02016257,0.32437938,0.050994545,-0.27586973,0.43551794,0.32064092,0.027446436,-0.49649766,0.17639314,-0.5311855,0.10618204,0.45160472,-0.46045113,-0.25990808,0.49130055,0.071694605,0.5343058,-0.041804444,0.17721541,0.12122901,0.2649618,0.5138131,0.117413156,0.3135143,-0.26505545,-0.10280001,0.16822761
OAS1_0325,0.9361675,0.31135494,-1.4405329,1.6128106,0.4764321,1.0408121,0.52800065,-0.14088401,-0.051580343,-0.034573972,-0.4501362,0.15115643,0.009179694,0.06789048,0.20891133,-0.5390589,-0.056326456,0.012618438,0.15859148,0.61298853,0.19209233,0.26133463,-0.015533147,-0.7316057,-0.12425083,1.1725035,-0.3704036,-0.17979592,-0.14819741,0.24274942,-0.09044966,-0.23518081,0.103705004,-0.07954129,0.08183891,-0.042283736,0.15813443,0.28593582,-0.58045316,0.005069204,0.13935122,0.35611328,-0.22641629,-0.17152882,0.2073421,0.1370887,0.4065074,0.5304419,0.23791915,-0.38828823,-0.046679962,-0.10442089,-0.1768218,0.16157168,-0.49510023,0.34327805,-0.5404431,-0.6458919,0.29126313,-0.21017413,-0.2474657,-0.5558666,0.52092487,0.2328661,-0.26455656,-0.16493501,-0.10659251,0.4068305,0.5520924,-0.1862177,-0.22017807,-0.13288763,0.7870506,-0.38493243,0.35049665,0.5972976,0.2921087,-0.3209784,-0.34403425,0.41501543,-0.6286492,0.23244305,-0.19222686,-0.15787616,0.5100363,0.043549374,0.03698876,-0.06604489,-0.59354776,-0.24670435,-0.36289972,-0.10696026,0.1374673,0.12836781,-0.49798596,0.24118954,-0.00845509,-0.040417194,0.7010162,-0.398557,-0.3317896,0.10055495,0.31765327,-0.46271038,-0.066246815,0.31440386,-0.092944205,-0.14292026,-0.08796406,-0.1578978
OAS1_0326,1.0381832,0.9174451,1.3545536,1.568593,0.2526065,0.7511399,-1.016013,0.11778983,0.47232544,0.1564466,0.5911114,0.20029722,-0.063872196,0.078584366,-0.6348347,-0.44511083,-0.26539448,0.8762924,0.193875,0.2393415,-0.49470672,-0.36339602,0.13999675,0.15030605,0.1927979,-0.46698537,-0.6028847,-0.35001674,0.8938572,0.5337651,-0.3263139,-0.27096438,0.30587634,-0.0632169,0.20475312,0.016731039,0.6760869,-0.26418304,0.2806922,0.0755361,0.10637364,-0.16088417,0.13076617,0.46881038,-0.18943866,-0.046965845,0.30498874,0.45214665,-0.2026345,-0.6167485,-0.24126868,0.15802756,-0.025879655,-0.70432574,-0.2174013,0.88235414,-0.6528336,-0.313873,0.1749742,0.08526782,-0.30643296,0.19445735,0.21361677,0.48149273,0.13455218,-0.4592909,0.40840015,0.29107982,0.14164211,0.4909525,0.19304177,0.64188886,-0.6470914,0.7095798,0.2269074,0.2077927,0.065752104,-0.26965988,-0.011197813,0.4505043,0.34264293,-0.3761657,-0.447251,-0.3244325,0.03635776,-0.38823357,-0.04559878,-0.313224,0.6776623,0.3474799,0.09081399,-0.47851604,-0.020624109,-0.5388364,0.062238693,0.25240737,-0.16472368,0.030064214,0.2023208,-0.87774134,0.1570433,-0.026148975,0.07022351,-0.3444575,0.4988067,0.0057974085,0.53193456,0.22388923,0.042892743,-0.63718635
OAS1_0327,-1.2314038,0.78400767,-0.48379445,1.6025983,0.8973541,0.51010674,0.62927514,-0.5478006,0.43650267,0.18854338,-0.3729713,-0.028960014,0.92745936,0.42692295,-0.87499595,1.1148418,0.2744682,-0.1885204,-0.005123846,0.4096832,-0.3550506,0.27840078,0.12018997,0.442644,-0.26506618,-0.04677471,-0.6014192,0.017486399,0.34582695,-0.3246458,-0.64739317,0.81704766,-0.09258213,0.28606194,-0.28535202,-0.53789014,0.6556707,-0.28792313,-0.2170101,-0.042125233,0.30603996,0.38037217,-0.48752645,-0.062617965,0.78410524,0.5913675,0.5765091,0.17512353,-0.50330895,0.63337773,0.16245236,-0.020725895,0.12985544,-0.55058986,-0.24129774,0.5501169,-0.15713549,0.4835656,-0.29059324,0.82284003,0.104990594,0.10646073,0.17990485,-0.019378683,0.073654436,0.1922124,0.30437428,-0.30436808,-0.11091617,0.0016781612,0.47419798,0.054043267,-0.21617442,-0.15896983,0.031706475,-0.41968364,-0.23548037,0.17035042,0.7395226,0.6843347,-0.6186489,0.08354228,-0.104117565,0.5914513,0.3855132,0.10898143,0.45043918,-0.5877548,0.31114584,-0.20283228,0.5508323,-0.00985053,0.008945595,-0.20569447,0.34272236,0.0045323824,0.19857529,-0.4062218,-0.72311944,0.13152635,0.11467968,-0.22896364,0.2723596,0.32147136,0.15803131,-0.12216331,0.3582007,-0.5732663,-0.4087705,0.29238716
OAS1_0328,1.9431752,0.3255451,-0.095552124,0.3560807,0.86302316,-0.72532254,0.59028065,-0.75131786,1.0020736,-1.4279191,-0.068633065,0.3444114,0.22898832,-0.32139608,0.0071205497,-0.56587654,0.07406692,0.08284209,-0.58926874,0.46696362,-0.14814213,0.16746725,0.50417304,-0.13895816,0.31771877,0.4226899,-0.33105543,-0.14973404,0.6446682,0.40805548,0.3314407,0.5444047,0.48257503,0.0745038,-0.15365018,-0.068724714,0.06680514,-0.063830175,0.33445808,0.33014596,-0.075653665,-0.56714475,-0.21000934,0.2746304,-0.12453757,-0.50690955,-0.055331968,0.38757396,-0.19127764,0.34607118,-0.73490936,-0.06313934,-0.03844295,-0.114439875,-0.28843215,0.36790797,0.17136365,0.64440554,0.26647854,0.29825225,0.11628143,0.2816625,-0.18969429,-0.7551919,0.076516114,-0.5790353,-0.3518751,0.337511,0.18238498,-0.523033,0.15353851,0.061652232,0.094722845,0.5724605,-0.13256362,0.78282756,0.40515828,-0.89288515,0.14994349,-0.50642425,-0.27354133,0.55764323,-0.07111278,0.111006156,-0.17581543,0.14918087,0.0011642886,-0.045976106,-0.67335105,0.018139271,0.4900003,-0.060219243,-0.45646256,-0.25941443,-0.013403886,-0.2736858,0.58038527,-0.13716073,-0.058516826,0.57021934,0.18994246,0.11016574,-0.4409439,-0.12560785,0.20146906,0.39888304,-0.02321679,0.15233684,0.01613565,0.401417
OAS1_0329,0.36977836,1.1074442,1.4805908,0.17605019,-1.6034107,1.1961453,-0.251104,-0.90317065,-0.58640933,0.9531122,-0.2160689,1.5259348,1.1940733,0.23173144,-0.5495677,-0.0049056076,0.10574772,0.31448537,-0.0073263166,-0.6437936,-0.017859688,-0.06833524,-0.27649072,-0.033791814,0.3145675,0.65273106,-0.6737864,0.7264922,0.62732345,-0.31622696,0.004844858,0.11695487,-0.047452033,-0.47639948,-0.007608488,-0.42566764,-0.040716514,0.29607877,-0.1523615,-0.5274302,-0.41142762,0.19181629,0.51289874,-0.0683779,-0.22628228,-0.64327884,0.3169634,-0.5236748,-0.11671825,0.30970845,-0.665095,0.7410809,-0.13638566,0.13955005,-0.3191051,0.7008478,-0.14937678,0.08122066,-0.78432125,-0.7718855,-0.037235476,-0.2351068,-0.2884521,0.072585136,0.3821016,0.32214543,-0.45378444,-0.18224636,0.33606815,0.35899773,-0.25818637,0.66787755,0.36839843,0.06690119,-0.17990148,0.0020805297,-0.8244862,-0.11255098,-0.610261,-0.8886372,0.8590862,-0.13442351,-0.056298982,0.23869404,-0.014258116,-0.36598006,-0.031743113,0.56050915,-0.23355325,-0.008226321,0.06601817,0.4781683,-0.2766193,0.21389724,0.08989757,0.27001002,0.4405058,-0.2661533,0.05246759,-0.17577785,0.049638253,-0.25480914,0.25245178,-0.57456404,0.26906794,-0.233308,-0.23027602,-0.30491418,-0.021257505,0.4834197
OAS1_0330,2.2665942,-0.050456844,1.0569154,-0.12850818,-0.82837594,0.14843918,0.1474428,-0.3343172,0.6029281,0.22566439,-0.34347326,0.3299885,-0.26824147,-0.7819055,-0.41363248,0.36738244,0.05846662,-0.7194859,0.016601523,0.11241077,-0.34877312,0.13898541,-0.07310073,-0.085290775,0.59621614,0.1460555,-0.37530613,0.6385167,0.9502138,-0.4072855,0.3713249,-0.06440297,0.12407142,0.9896577,0.31348255,0.1093449,-0.6344849,0.17290062,0.53642225,0.12641975,-0.40171704,0.20944256,0.3804782,0.53367,-0.48322502,0.12018416,-0.61721236,-0.72315013,0.6539601,0.14724308,-0.41895026,-0.037334368,0.3227664,-0.08537619,-0.12881827,0.4046664,-0.12498286,0.44979638,-0.6681148,-0.29781383,-0.086601675,-0.06137835,-0.12737662,-0.29963973,0.036761053,0.07281244,0.30221507,-0.32877615,-0.36083218,0.6012516,-0.29251096,0.30867267,0.44951707,0.17604232,0.31723255,0.39153263,-0.17421962,-0.50671935,0.5161671,0.8275545,0.027486607,0.094273314,-0.47037634,0.0818635,-0.55851287,0.6091173,-0.101958305,0.31963983,0.59868795,0.026518377,0.20510639,-0.7586709,-0.24323004,-0.310273,0.29423845,0.017758237,-0.015172202,-0.038024165,0.017105147,0.22849184,0.081657924,0.22259156,0.06759733,0.06381724,-0.3091603,0.029067865,-0.21443284,-0.3513529,-0.056831688,-0.24422914
OAS1_0331,0.3394239,2.342639,-0.112880595,0.834484,0.06780746,0.24415503,-1.2081892,0.935062,-0.3308169,0.11047008,-0.27695173,0.3729275,0.8524093,0.81093305,-0.28636327,0.033439234,0.42549428,-0.018649261,0.68881375,0.37666327,-0.08433823,0.2075204,-0.22277114,-0.4304876,-0.21315807,-0.5301139,0.45711082,-1.0643831,0.8539551,0.8907485,0.16277936,0.089558266,0.15304893,-0.5304441,-0.52339673,-0.32777286,-0.028067322,-0.36524257,0.058774546,-0.22256659,-0.23686422,0.55245125,0.17689829,0.32885924,0.025807563,0.28955194,0.5438903,0.70860934,-0.81386274,-0.43569788,0.12681454,-0.18595244,0.7411807,-0.026134454,0.087786146,0.6720346,0.3516017,-0.28165805,0.36202848,0.30994833,0.2543183,-0.5987885,-0.102387086,0.06575386,-0.68248814,-0.4107069,0.015009219,-0.50772953,0.015106164,0.28267902,-0.31280994,0.520449,-0.2769196,-0.5700153,0.034591958,-0.31872308,-0.018610477,-0.08118536,-0.35164893,-0.234017,0.31463832,0.050058033,-0.17769328,0.40428776,-0.32532015,0.25940287,0.12538922,-0.50036836,-0.5342851,0.19610377,-0.030374411,0.05264383,-0.12482213,-0.19981052,0.42012003,-0.24907945,-0.15785821,0.48947963,-0.79382336,0.59283984,0.40051642,-0.011954935,0.2509406,0.2460859,-0.1198702,-0.061294667,-0.8704208,0.18470505,-0.362639,0.23025393
OAS1_0332,-1.0570964,-0.16307987,1.2474005,-0.91372365,0.8493584,-0.071402185,0.5341724,0.89915824,-0.06339339,-0.18286042,0.12917478,-0.55895895,0.01695068,-0.48660415,-0.084578894,0.03391672,-0.44883978,0.37321696,0.50396127,-0.05202003,0.7510436,0.3586717,-0.16523243,0.4064034,-1.3155452,0.17320529,-0.42875803,0.035885163,-0.06376643,-0.31370664,0.3093296,0.57251894,0.13279472,-1.0038044,-0.13186128,0.21762222,0.24913177,-0.042468295,0.00024585178,-0.7194247,-0.039353326,-0.29139814,-0.053718895,0.015596123,0.42681292,-0.5319649,-0.3092524,-0.8168645,0.065060936,-0.11687883,-0.16836506,-0.36661685,0.023851464,-0.018452639,-0.110967204,0.495623,-0.16769591,0.30780786,0.09252452,-0.21438876,-0.76973945,-0.2427708,0.62836,-0.0020713173,0.38441512,0.16295585,-0.44389683,0.29166698,-0.72189,-0.044947665,-0.009885093,-0.14427197,-0.37222174,-0.5550288,-0.6584509,-0.050587088,0.23644802,-0.0926162,-0.07367608,-0.355827,0.118599445,0.052962597,-0.21038826,0.14921416,0.12208377,-0.34001234,0.18651502,0.21702886,0.5177348,0.04318047,-0.18571228,-0.0891957,-0.08869781,0.18811868,-0.029284593,-0.7273439,-0.26690435,-0.047071304,0.3711369,0.09260023,0.1475729,0.28083566,0.37748554,-0.14485475,0.1368338,0.38077337,-0.10211698,-0.39622647,0.02863433,0.2780409
OAS1_0333,-0.9282659,0.8020897,-1.7286999,0.10040857,1.2670562,0.45634276,0.62823683,-0.21899559,0.1970782,-0.32330713,-0.17914492,1.0373157,-0.77516806,-0.4709621,0.079490945,-0.15511322,-0.42078125,0.029348982,-0.9910625,0.33577475,0.16540237,-0.41459057,0.27950686,-0.18660207,-0.9198542,-0.44050857,-0.48299846,-0.29183087,0.3676418,0.65912867,-0.8582516,0.98128015,-0.3055395,-0.3944126,0.061303172,0.20655435,0.4981314,-0.41128042,0.24427661,0.24032088,0.31181908,0.89070725,0.56228375,0.43007493,0.2161479,0.20937815,0.61090016,0.27959168,-0.55993897,0.19899327,0.015158867,-0.5819822,-0.43890005,-0.56500065,-0.47257838,-0.5398821,-0.50420076,0.19609648,-0.2691124,0.01766417,0.41525832,-0.12771446,0.0061856247,-0.05352999,-0.08588277,0.49976686,0.66783655,-0.6035331,-0.24463661,0.038327634,0.38750166,-0.17069772,-0.61340284,-0.16721365,0.36495647,-0.14413382,-0.12422903,-0.12578174,0.09494114,-0.36604285,-0.14652425,0.4233881,0.36757103,0.40079242,0.33901927,0.27258208,-0.124241926,-0.16344534,-0.2551441,0.024596332,-0.26790795,0.39274433,0.30503592,0.36585,-0.1785532,-0.06753472,0.08033925,-0.20790139,-0.2714097,0.3776683,-0.29732618,-0.26306677,0.12754862,-0.10780108,0.089055255,0.6047001,0.3871633,-0.29525602,0.12723672,0.10367111
OAS1_0335,-0.9603489,-1.7201517,-0.3546062,-0.042185582,0.5821586,0.49173886,0.20237558,-1.5379642,-1.098017,0.30538607,-0.81616706,-0.7740341,0.17121108,0.7971018,0.635435,0.59958005,0.16850989,0.5997252,-0.7374001,0.13476558,0.5001524,-0.3597032,0.057294253,0.019168757,-0.84203905,-0.04159489,-0.43556714,-0.24199206,0.041745946,-1.2756529,0.55792284,1.3061922,-0.5355902,1.1897076,-0.44273928,-0.91935724,0.0066393935,-0.22904645,-0.03220478,-0.34496552,-0.52510333,0.4342013,0.22260147,0.6606211,-0.06229174,0.42950135,-0.3709607,0.406045,0.5239115,0.031088427,0.06769647,0.033440717,-0.321507,-0.047237303,0.2400198,0.2611117,0.5958568,0.19695526,1.0032169,-1.0515232,0.7360943,0.08279805,0.9538696,-0.28733093,-0.20483446,-0.059766937,-0.072576806,0.023866199,-0.016430406,0.03605897,0.14400844,0.42602313,-0.31375352,0.47509402,0.09420454,-1.0426743,-0.41664118,-0.87976205,0.33699104,-0.16811612,-0.5227531,0.23369664,0.16866946,0.04118566,0.4792136,-0.018814305,0.38575077,-0.43820044,-0.22609977,-0.041586474,-0.22652733,-0.12108692,-0.1075307,0.5676964,0.35744375,-0.5992401,-0.11303005,0.22300696,-0.44698247,-0.32294858,0.08018148,0.10600792,-0.40442348,-0.04200763,0.056215517,-0.07107761,-0.07520191,0.1669553,0.2437001,-0.22320226
OAS1_0336,1.3780726,-1.3441823,-1.269365,0.7543276,-0.82988995,-0.6572088,-0.015721029,0.21885297,0.7087925,0.36662206,-0.7111979,-0.3256715,-0.58308905,-0.02235343,0.33753076,0.019793348,0.6661728,-0.09786662,-0.4217473,0.5068201,0.060182866,0.4888655,0.2281228,0.5537467,-0.11395196,0.3029634,-0.12682214,0.38525346,1.1205565,-0.5691928,0.53632545,-0.4226501,-0.041048653,-0.4602828,-0.045933142,-0.16775945,-1.1110125,-0.0742675,-0.24883646,-0.04076434,0.27209526,-0.101501614,-0.12304378,-0.45918378,-0.017037198,-0.42225537,0.055885136,0.34020093,0.22304967,-0.36325476,0.39121816,-0.1178477,-0.3899491,-0.26432264,0.014296022,-0.04971322,0.026128398,-0.07064903,-0.056290578,-0.22984391,0.019209938,0.5501731,-0.09442958,-0.07424905,0.0013092654,0.37018225,0.49933156,0.2622974,-0.19034162,0.31625795,-0.100101545,-0.077471375,-0.30087462,0.011085499,0.8203255,0.28335565,-0.15381806,0.30053493,-0.028455177,-0.32298025,0.22353035,0.018342922,-0.32713124,0.4593143,-0.3621356,-0.2212185,0.35825804,-0.3189193,0.15442556,0.48958653,0.3959406,-0.028262207,-0.06250824,1.002568,0.25923055,0.122784205,-0.05563343,0.2648505,0.62025696,-0.006098724,-0.21713349,-0.077245235,0.24021506,-0.44860348,0.2785219,-0.20187046,0.23520026,-0.33330497,0.055251025,-0.20018779
OAS1_0337,-1.8386093,-0.14377083,1.1917777,-1.0970963,-0.4822069,0.11053153,1.3051858,1.2151443,1.0418665,0.34620598,0.30122897,-0.80148846,-1.0458158,-0.11213188,0.26073557,0.24828652,-0.62369454,0.019222382,-0.13472353,0.17966913,-0.26595098,0.8133455,0.567577,-0.037974462,0.7553819,-0.2390342,-1.0654454,-0.17943627,-0.39259735,0.15064426,0.19692355,0.86343366,0.5803295,0.6102457,0.08596972,-0.8247129,0.44695336,0.053238444,-0.15222521,0.26423672,0.58551276,-0.22724552,0.5885168,-0.36080408,-0.45177847,0.5240058,0.2822008,0.09604386,0.45735678,0.18766142,0.38660535,-0.30309176,-0.15415251,-0.006041033,-0.16730268,-0.19769096,0.018461118,0.5148071,0.23099928,0.3607234,-0.57038814,0.32527098,-0.14590476,-0.37538362,0.80833584,0.11719503,-0.044804465,0.047949765,-0.012883945,0.64283144,0.4107081,0.32210046,0.0906099,-0.18916105,-0.011579966,-0.035783164,-0.73612267,-0.23572314,-1.2803394,-0.3072492,0.25041246,0.71374,0.14143987,0.33148682,-0.79616094,0.35825637,-0.06253671,0.14384353,-0.12505291,0.11836488,-0.050703786,0.29754007,0.21388799,-0.02988142,-0.30936545,-0.5148106,-0.2734253,0.15489878,-0.020193484,0.46502137,0.44593474,-0.53941673,-0.3204637,-0.65722513,-0.30464604,-0.2817931,0.07794713,0.49272966,0.26079914,-0.00076992525
OAS1_0338,-2.8713543,-0.9343543,0.91226846,-0.5759716,-0.4818437,-0.17664689,0.53065294,-0.106632024,0.9057047,-0.2898765,-0.21888335,0.07869425,0.13055596,0.05572638,1.2932701,0.71291924,0.7081226,0.13702029,-0.7619433,0.22624509,0.66110575,0.6640942,-0.110114835,-0.5843479,0.51406896,-0.2116526,0.76357126,0.123142324,-0.31371582,-0.33373633,0.09016786,0.46331775,-0.3427564,0.8482087,0.7426899,-0.13404241,0.09081474,0.1826702,-1.2187052,-0.4371754,-0.1714418,0.122422166,0.36965105,0.7863305,0.4408648,-0.18889834,-0.10919499,0.3353759,0.07631683,0.12025956,0.067500226,0.055779643,0.4499097,0.21783799,0.39972517,-0.32921258,-0.18898799,-0.5674871,0.21581514,0.3072666,-0.30167362,0.16287275,0.58033603,-0.051792376,0.046338238,-0.2966654,0.6643369,0.15776652,-0.61813545,-0.070655756,0.06541786,0.12489816,0.25919062,-0.11417519,0.029971842,-0.27134016,0.5292499,-0.34135514,-0.117435604,-0.4323269,0.7063009,-0.06566631,-0.068983436,0.36743927,0.31771287,-0.26001152,-0.003023238,-0.13749446,0.015309827,0.84435016,0.4904984,-0.36746934,-0.23530632,0.05830424,-0.09889563,-0.07389597,-0.35559434,0.09428984,-0.08271833,-0.35030046,-0.7900205,0.21571983,0.45027325,0.56752545,0.21344583,0.42911187,0.33064878,0.22386418,0.3291991,0.53793275
OAS1_0339,0.8419045,-1.7751398,1.5185916,0.71605295,1.001239,0.48543596,-1.0201825,0.14561999,0.2516026,-0.4661763,0.68301815,-0.52758104,-0.3759582,0.4683093,0.753771,-0.10787238,0.24993014,-0.2636993,0.6426788,-0.53330684,0.67926455,0.27567503,-0.2521396,-0.8892024,-0.32417622,0.89051086,-0.027243704,-0.39732036,0.14466804,0.6799227,-0.5392468,-0.12974535,0.7733469,0.08316126,1.0776247,0.42824766,-0.44481772,0.13309133,-0.65477276,-0.03919115,-0.30387774,0.1948739,-0.6228999,-0.096044846,-0.1275409,-0.13949507,0.66518956,-0.31255308,-1.0062671,0.40694737,0.6485398,-0.28188518,-0.32037508,0.6503241,-1.0773617,-0.38704744,-0.67933756,-0.53883064,-0.68051565,0.08241669,0.07305609,0.044372194,-0.21569389,0.2059897,-0.6072563,0.40375814,-0.08712361,-0.35320184,-0.8932751,-0.16280259,-0.53696305,0.3243072,0.33392558,-0.23803617,0.15483728,-0.52927434,-0.1377685,-0.4452572,0.58939815,0.13180003,-0.668264,-0.4466934,-0.031297307,-0.39342943,0.28780425,0.3643896,0.2660912,-0.52401316,0.46349433,0.18957816,-0.08133046,-0.29540694,0.30602723,0.3408074,-0.014249626,0.108733475,0.32776552,0.5055108,-0.32936808,-0.5281201,0.46398914,-0.18838176,0.061882418,-0.16427779,-0.3260078,-0.2686535,0.07107475,-0.18119827,-0.073437005,0.37591565
OAS1_0340,-1.2557703,2.015806,-0.6393667,0.71477103,0.16276607,0.00050893973,0.18508492,-0.7519301,-0.40688002,0.39007574,-0.93984944,0.16713862,0.3003397,0.65987146,0.31792548,0.6822647,-0.18037553,0.20047027,-0.47546124,0.74283725,-0.3506558,0.17352103,0.340982,-0.12942728,0.67560405,0.49423715,0.17717782,0.2936582,0.93791395,0.27325234,-0.23751748,1.3105828,0.35408026,-0.3440764,-0.12951237,-0.17877245,-0.26325816,0.48220533,0.26933578,-0.41165546,-0.42748186,0.43073937,-0.08602108,-0.14599222,-0.056694422,-0.42679483,0.17989887,0.055844482,0.33780885,-0.14237872,0.30948108,-0.16066517,-0.23645096,-0.024209617,-0.6603882,-0.18324165,0.50176173,-0.13069819,-0.40315846,-0.13485949,-0.0018260565,-0.52306575,-0.055913564,0.14918426,0.07572499,-0.21777305,0.07265545,0.35086572,0.4055085,-0.2311082,0.054975007,-0.45184705,-0.253712,-0.26043108,-0.5051084,0.291839,0.16676442,0.11712251,0.29444417,0.095874906,-0.111723326,-0.47809306,-0.49765554,-0.46326715,0.25994495,-0.26874018,0.010685393,-0.059058633,0.007574328,-0.2876365,0.038735624,-0.1718278,-0.15861608,0.36801514,-0.3222082,0.27836052,-0.3215889,-0.29571316,0.30354416,0.29785204,0.036579642,-0.08812668,-0.03293866,-0.18093926,0.20914644,0.1545033,0.16662085,0.777114,0.31654269,-0.5613097
OAS1_0341,1.9113318,-0.58077055,0.09777746,-0.07667948,0.7632551,0.29480708,-0.28467035,0.6786835,-0.6063482,-0.0039282353,0.31915835,0.31401137,0.3516505,0.18874033,0.09670837,-0.058478974,-0.111329235,0.051907685,0.16881752,1.4497279,0.013952792,-0.93963027,-0.31198424,0.17344864,0.051388003,0.14184183,0.0063236393,-0.7749369,-0.13187677,0.32902855,0.6301548,-0.26271257,0.20605096,0.01878021,0.07371457,0.59725964,-0.13345118,-1.026441,-0.03987442,0.22665012,-0.0972805,-0.43803877,-0.2585178,-1.0528022,0.046014436,0.16337992,-0.14120449,-0.6388194,0.062724024,0.5921422,0.111521445,-0.6636119,-0.03144379,-0.03640202,-0.1566084,-0.442007,0.1952627,-0.4105365,0.091768965,0.4792479,0.032433588,0.64124876,-0.03209846,0.22829293,0.21700841,0.17234553,0.1398412,0.27629513,-0.39340916,0.25709048,0.7219172,0.18443751,0.35025603,-0.058927145,0.04054352,-0.0051727616,-0.26471686,-0.6709835,-0.51715904,0.1459788,-0.23141849,0.30684173,0.15080613,0.03003323,0.2613055,-0.19922921,0.6029059,0.27584574,-0.1385795,-0.16459069,0.058124572,-0.18589509,-0.4059771,-0.9309136,-0.32165673,0.18445317,-0.2803244,-0.40628755,0.20031027,0.5086748,-0.40453854,-0.48347712,-0.12865236,0.06903648,-0.17391971,0.060674436,0.14948554,-0.21192972,-0.10294,0.13838756
OAS1_0342,-0.13159475,1.6437467,0.5673506,-0.39778963,-0.7624442,1.1121178,0.2948055,-0.19496778,-0.48351452,1.0955218,-0.5407004,0.2990079,-0.17102194,1.561341,0.30756664,0.11389799,0.93941224,-1.0596863,0.6069452,-0.5719454,-0.21792945,0.2801826,-0.054846045,0.62633556,-0.6878148,0.006828603,-0.6176509,0.31986755,0.20135629,1.0219637,-0.27143437,0.10240539,0.57726794,0.13439296,-0.2702008,0.6279965,-0.16479835,-0.44143423,-1.0570017,0.45543608,-0.24558184,0.049976878,0.4139429,0.547387,0.18146051,-0.28671095,-0.44667554,0.49304804,-0.9091734,0.5403531,0.12897839,0.08467703,0.65121347,0.13523969,0.33810776,0.4594367,-0.16180559,0.11787924,-0.13086,0.35071173,-0.36699286,0.4251579,0.6149567,0.22578175,0.3997905,0.24518183,0.05545191,-0.7571441,-0.10930461,0.9446614,-0.048253953,0.35404274,0.3447768,0.23142973,0.15719205,0.19730629,0.762361,0.11510532,-0.01356736,-0.0034911067,-0.25935856,-0.09574582,-0.53160715,0.29670167,-0.34004056,0.47622964,0.45239648,-0.23106235,0.4602949,0.4905807,-0.1739941,-0.111552015,-0.400989,0.18462786,0.3126245,-0.21269737,-0.3868835,0.4817869,0.1473025,-0.8959108,0.52534807,0.2046585,0.028724719,0.03973967,-0.18943192,0.47484738,0.71110266,0.03404109,0.14238434,0.26368466
OAS1_0343,1.1731004,0.8319292,1.4125429,-0.75442916,1.072868,-0.4829056,0.6343407,0.6799429,-0.047035333,-0.81036186,0.7318502,-1.1871039,0.97212917,-0.11170175,0.8197989,0.20408548,-0.75403816,-0.34099582,-0.5199678,-0.04033202,-0.16757973,-0.3080606,-0.2379502,0.94667006,-0.06730504,0.24018349,-0.11123834,-0.014970449,-0.24069841,-0.19475824,-0.13237059,0.043953873,-0.39010608,0.14538136,-0.36092666,0.32390356,-0.42093474,0.031746667,0.36870775,-0.13188206,-0.114395626,0.825419,-0.65749675,-0.34498936,-0.27083242,-0.5200387,-0.100182235,0.73644865,0.107522234,0.4785972,0.08246883,-0.37812382,0.23445065,0.28069857,-0.16414608,0.62983966,-0.551541,0.26390374,0.012812852,-0.046733655,-0.55051875,0.26073775,0.5606723,-0.34589392,-0.1291524,-0.22226606,-0.31646425,-0.10487069,0.55604887,-0.39802343,-0.41773212,-0.5750369,0.24462432,-0.49352124,-0.026858034,-0.08315359,-0.77651596,0.23263611,-0.20121454,0.10676523,-0.28349555,-0.07315972,0.82249814,-0.15815322,-0.68458694,0.16237572,0.3380488,-0.09921542,0.14750132,0.17817913,-0.21515675,0.40932456,-0.05791031,0.13911809,0.13297552,0.01376223,0.2048371,0.5306594,-0.20512594,0.1883929,0.32389227,0.19074278,0.11037264,-0.5500397,-0.4039727,0.6422785,0.36796477,-0.44129032,-0.1986886,0.19509722
OAS1_0344,1.0176105,-0.1589275,-0.5692032,-0.2504758,1.0376964,-1.1507508,0.14339663,-0.30338877,0.41051856,-0.78234816,-0.3345724,-0.060580738,0.11634777,0.3991969,-0.19145301,0.47293225,-0.6116224,0.11094223,0.025508815,0.3039722,0.13231088,-0.16905715,0.89969194,0.31444365,0.9828657,0.46956262,0.2107289,-0.3141019,0.26664045,0.052900963,0.68397874,-0.012160067,-0.6090405,0.39908946,-0.1610325,0.32626954,0.096927285,-0.23255332,0.82738394,0.27920857,-0.14699069,0.12780781,-1.0527663,0.5704284,0.40910295,-0.74756455,-0.5684723,-0.503358,-0.33619684,-0.027042676,-0.2078194,-0.13198309,-0.043762807,0.24992026,0.30381614,0.9134555,0.15772639,0.029521927,-0.7148939,0.12847525,0.28711995,-0.3307023,0.29536167,0.07099242,-0.18134885,-0.030234143,-0.08872714,-0.92132616,0.09533259,0.19744791,-0.049347192,-0.09291052,-0.34882325,-0.5739191,0.22095188,-0.06494794,0.16338633,-0.54779124,-0.24001475,0.11436897,-0.21565571,0.28738588,-0.07053015,-0.1048109,-0.09122057,-0.021910226,0.19430485,-0.14309423,0.22125232,-0.46113947,0.45596,-0.47006464,1.1662217,-0.36273012,0.053452782,0.30773872,-0.10444359,0.17822458,-0.8506351,0.09396714,0.18335405,0.3281599,-0.5407694,-0.4197751,0.49775922,0.1579475,-0.16943955,0.20157306,0.08469635,-0.044048954
OAS1_0345,2.384791,-0.22923577,0.50218886,-0.4691499,-1.3560679,0.41638276,0.65857244,0.53967667,-0.060123153,0.7040579,-0.42385903,0.49008852,0.14644219,-0.88715446,0.48090833,-0.49534476,-0.10281443,0.6443342,-0.27265292,0.3461736,0.23553754,-0.37705418,0.0010859602,0.15503879,-0.22757356,0.57521975,0.3768189,-0.044787496,0.62801003,0.36066222,0.20400384,-0.4877528,0.19652241,-0.45450768,0.5567618,0.5403004,-0.35072356,-0.36108714,0.39588106,-0.09187631,-0.4858654,-0.5608125,-0.38124108,0.84146285,-0.27071515,0.36054233,-0.03836617,0.39647493,0.017879022,0.003753498,-0.4449329,0.21033545,-0.32463077,0.6865483,-0.09657745,-0.026175871,-0.91109705,-0.70709664,-0.48633125,0.031828612,-0.0676641,-0.05088931,0.3920307,-0.6631621,-0.12064158,-0.20341948,-0.02748602,-0.2539881,-0.42464954,0.30754083,0.3692409,0.20880452,-0.9762025,-0.345084,0.10955825,-0.12151844,-0.010771808,-0.10516477,0.08228801,0.036981337,-0.08539342,-0.2780427,0.6135573,-0.4219096,-0.036730394,0.012855251,-0.16115774,-0.073518045,-0.049726598,0.6644792,0.06252937,0.45024693,-0.3501045,-0.45043084,-0.19219328,-0.20859897,0.012177773,0.15062918,0.36898142,-0.021038963,0.004928911,-0.44224733,-0.27557582,0.16535772,-0.1512557,-0.50410515,0.35747442,0.3417762,-0.29144695,-0.2970382
OAS1_0346,0.29959732,1.0332166,-0.44558224,-0.21799845,1.3220152,-1.1556115,-0.6372383,0.1397188,0.51658434,0.017737867,0.026950456,0.5810347,-0.3118912,0.004314692,-0.43536705,0.6773137,0.93603075,0.0054664174,0.11793481,-0.5382342,0.15174828,-0.2951996,-0.74878156,0.3148961,-0.6217604,0.01978387,0.2257098,-0.2567541,-0.015668986,0.04066354,-0.6348571,-0.7379989,-0.22148345,0.34891656,0.6229643,0.5261822,-0.48755613,0.8372546,0.10832099,0.029084936,0.6554301,0.30775422,1.1024431,0.19259202,-0.21443708,-0.13952203,-0.10164451,0.08582744,0.086785674,-0.023045523,0.63149637,0.40249342,-0.3599188,0.017613934,-0.02785771,0.65962374,0.2985207,0.3861345,-0.046228427,0.15675826,0.5264702,0.07237298,0.2007941,-0.21877204,0.1292423,0.00029842835,0.026035966,-0.50271165,0.58533794,-0.34802654,0.46091986,0.1523295,-0.22486798,-0.61411864,-0.5751585,0.03946534,-0.07011677,0.03687732,-0.95657116,0.3615389,0.28641665,0.6188605,0.47574723,0.14669767,-0.21404047,-0.006591246,0.59244055,0.16590935,-0.22519836,0.44879466,0.7536549,-0.009713319,0.2801719,0.072450124,0.017966144,0.056330733,0.14343068,0.06242993,0.0749373,-0.29910362,-0.042687893,0.1798936,0.018072786,-0.4410257,0.36194617,0.33191004,0.19061707,-0.064419,-0.07513449,0.7987069
OAS1_0348,1.095626,0.9525014,-1.0198203,-0.8396442,0.031136801,-0.082359575,-0.80414724,-0.7291754,-0.4888715,-0.385814,-0.42873874,-0.704855,-1.607163,0.5031146,-0.31558275,0.61097485,0.62167984,-0.3378149,-0.23949154,-0.24562413,0.31402957,0.44748035,-0.15541585,0.22703394,0.14001879,0.47687602,0.36611855,-1.0520049,-0.24159573,0.16959992,-0.1218264,-0.19509082,-0.56040454,-0.49883103,0.27592054,0.4308833,-0.33008698,0.3354837,0.2640349,-0.10073746,-0.427647,-0.9724493,0.674384,0.58633345,-1.2929834,-0.0677688,0.34767017,0.32181883,0.37208107,0.44085857,0.1319105,-0.29453093,-0.066070735,0.36769217,1.4471451,0.32392067,0.64241815,-0.44021085,0.3852081,0.053202257,0.14189896,0.5199853,0.3681311,0.022278974,-0.013120149,0.11769105,-0.26533073,-0.48378587,0.22452793,0.20540968,-0.15520552,-0.056505255,0.056262746,0.49019864,0.13157548,-0.23002253,0.7224905,0.193903,0.012720075,-0.027739476,-0.03532152,0.1707054,0.5133099,0.3718842,-0.1057972,0.04159868,0.27652252,-0.102428794,-0.35350406,-0.114828914,-0.3890425,-0.09671279,0.89205927,0.5405245,0.05736603,-0.38962647,0.41668433,-0.18024135,-0.027003514,0.15156884,-0.07735118,-0.37892002,0.07606127,-0.20529087,0.18506446,-0.5854676,0.13083829,0.3952177,-0.3184813,0.15607354
OAS1_0349,0.4519532,2.1396673,1.1426241,0.6338293,-0.707487,-0.3315056,-1.2097079,-0.6788077,-0.26350626,0.33124867,-0.653712,0.9256842,1.6615592,-0.18242717,-0.33785105,-0.6297348,0.13199276,-0.62892354,0.1571132,-0.84946674,0.4402325,0.5193275,-0.12704146,-0.3239205,-0.25185052,0.15015894,-0.02915369,-0.5853167,-0.9765083,-0.36333036,0.27385125,0.17997402,0.49085492,-0.38838142,0.10245366,-0.15901092,-0.24163271,0.65536904,0.5405847,0.26545882,-0.0106941275,-0.20892689,-0.08307477,-0.32463026,0.38814148,0.46909246,0.10372542,-0.13703355,0.022383362,-0.50620717,0.46261418,-0.059033103,-0.14137457,-0.037708364,-0.22573133,0.06973438,0.6573239,0.15737396,0.06463744,0.6631475,0.40472427,0.56703544,0.47314283,0.93846786,-0.26431203,0.040049743,0.3624418,0.5439043,-0.089299396,0.18971048,0.12310849,-0.3187902,-0.41285196,0.111591466,-0.058648698,-0.017627781,-0.17993815,0.89867026,-0.07651118,0.9128329,0.32065603,-0.018534375,0.22717932,-0.2982616,-0.36622542,-0.19072978,-0.1317629,-0.79971975,-0.85146046,0.4849572,-0.044269536,0.6775033,0.19050519,0.3370281,0.3756553,0.1503184,-0.023122128,-0.19130798,-0.33768675,-0.17532429,-0.18395159,-0.15252593,0.15572387,-0.19151211,-0.269515,-0.20482147,-0.015852999,-0.14549102,0.087867044,0.34143436
OAS1_0350,0.3988053,1.120512,0.23868734,-0.53490144,0.9752683,-0.046341456,0.96711165,-1.4854953,-0.23605242,-0.44821793,-0.055979714,0.36873898,0.59017533,-0.1964657,0.2112256,-0.9532153,0.15881714,0.78077537,0.08105152,-0.521167,-0.5242142,0.7062892,-0.15489264,0.024581566,-0.34883714,-0.4040234,0.38477492,0.17777175,-0.092155136,-0.8927255,-0.5995822,-0.07188344,0.5418061,-0.0033164457,0.096863575,-0.32834566,-0.46017185,0.023362564,-0.22055952,0.46121356,-0.98402166,-0.18392068,0.4854694,0.29171836,0.46592885,-0.6996934,-0.24057385,0.14045157,0.7807928,-0.14678401,0.5599782,-0.5411179,-0.33814403,0.4072473,0.6816193,-1.0506711,0.8809542,-0.47734776,0.39114684,0.1832747,-0.13490547,-0.2539966,-0.11601478,0.25670987,-0.2040903,0.5156466,0.3633557,0.50225866,-0.27361658,0.4494093,-0.31909353,0.08111441,0.29920113,-0.08980514,0.21191783,-0.14868799,0.10967449,-0.45824048,-0.51941085,0.8154169,0.060781043,-0.52109736,0.08604302,-0.26099178,-0.34929642,0.37040442,0.43579555,0.06612831,0.018207995,-0.0722563,-0.41239744,-0.015228172,0.43107525,0.22995992,0.11679682,-0.21342218,0.5414865,-0.1968245,0.13813472,0.55815053,-0.2883214,0.31932312,-0.18574774,0.12252894,0.28870898,0.36016366,0.070569836,0.1092182,-0.10446814,-0.19344969
OAS1_0351,-0.25303966,-1.2142702,1.491628,0.663372,0.6001456,0.5342072,0.7043149,-0.38284743,1.8446503,0.054478522,0.21175581,-0.001850119,-1.7789841,-0.31261823,-0.8188962,-0.11609735,0.45020962,-0.73923457,0.35060337,-0.9699629,-0.1067742,-0.26556978,0.18428756,-0.21731652,0.06054174,-0.00037116592,0.34387812,0.28743675,0.11859715,0.5612605,-0.7325711,0.64252746,-1.0010544,-0.67662835,0.11860557,0.06395506,-0.92151934,-0.12580913,0.13932508,-0.811181,0.2747839,-0.233958,0.57384264,-0.5255963,0.47135645,0.63042855,-0.65737134,-0.23997504,-0.39502054,-0.44543245,0.31797388,0.5247504,0.9580296,0.1602094,0.36678216,-0.2657688,-0.33540136,-0.055007517,-0.31219107,-1.2685019,-0.2007888,0.057140134,-0.13813306,-0.35069025,-0.53799987,-0.11410933,-0.5020359,0.83835393,0.10605265,-0.29766038,0.19248028,-0.040558327,-0.74489254,0.22257082,-0.14854185,-0.31564546,0.21165551,-0.14996153,-0.21158767,0.26957652,0.36339286,-0.47911623,-0.252241,0.105990045,0.12324814,-0.1353009,-0.0025449547,0.19971958,-0.49691337,0.106588185,-0.0687484,-0.37020752,0.3089828,-0.0001858886,-0.6143925,0.18183307,0.011537368,0.14133842,0.06261259,0.044866856,-0.2750006,-0.20476589,-0.44089922,-0.100052744,0.1493722,-0.22897023,0.5326642,-0.40139177,-0.2027728,0.009159196
OAS1_0352,1.93252,0.0049697105,1.3876272,-0.14397252,-0.030637417,-1.3475616,-1.844003,-0.82287204,0.29212895,-0.5555393,0.20701338,-0.51283586,0.23837775,0.52635634,0.23433879,0.40382403,-0.35033306,-0.7291694,0.25254592,-0.2113757,0.37020636,-0.094702154,0.70255905,-0.43203148,-0.48491347,-0.03507284,0.013622359,0.37943694,0.19656165,-0.13085863,0.6543851,-0.34569407,-0.16491279,-0.05160328,-0.1927706,-1.157772,0.8474457,-0.33900306,-0.2948029,0.2046502,0.08589142,-0.13519971,0.48819155,0.51175296,0.56586236,0.03009378,-0.21832348,-0.27567106,0.45107973,0.24302703,0.13647102,-0.26117626,0.03675098,0.71634895,-1.2287778,-0.04980458,-0.509831,-0.018344175,0.22876765,0.32462117,0.15793544,-0.026026573,0.15185976,0.65077806,-0.14862083,0.2307944,-0.8282086,-0.044131912,-0.30930224,-0.13940884,-0.64012337,-0.38369548,0.29060712,0.268538,0.16297065,-0.05274193,0.08521758,-0.08993247,0.28935167,-0.4499102,-0.11575002,0.25009042,-0.19610308,-0.23676677,-0.63827246,0.11131344,-0.29331425,-0.13048413,0.11958822,-0.09239666,-0.3949303,0.10501845,-1.1459596,-0.47604066,0.41046584,0.3219485,-0.11563493,0.017030416,0.7943902,-0.42662582,0.022786507,-0.29882202,0.14693931,0.14763302,-0.3135605,-0.4933495,0.15828668,0.2051571,-0.67286664,0.26612335
OAS1_0353,-0.8277185,0.9728222,-0.8778024,1.1151617,0.0148047535,0.66438425,1.4012457,0.2819978,-0.22672024,0.52577215,-1.0622258,0.15877463,-0.41416514,0.08889926,0.6022821,-0.010495488,0.45148218,-0.34916312,0.02823588,0.6383096,1.3257937,0.38640067,-0.118646495,0.032595236,0.05707407,0.3661485,0.061177585,0.053982936,0.05568135,-0.021599855,0.3125635,-0.83150333,-0.82634425,0.47240376,-0.6191193,-0.8553636,-0.41965243,0.70872927,0.37117112,0.14562204,-0.8944819,0.37450716,0.08167305,-0.058475148,0.8677543,-0.15114771,-0.3592162,-1.0459337,0.18429324,-0.35675806,0.025998374,0.18820083,0.57959276,0.30200335,-0.03743402,0.6748889,-0.07823715,-0.16484131,0.22203845,0.52906686,0.25031212,-0.15449277,-0.19224773,0.11613141,0.41443193,-0.07368704,0.23627861,0.0055336184,0.2883544,-0.4198025,0.49084967,-0.103284046,-0.86940324,-0.10566479,-0.15283644,0.07820815,-0.25828436,-0.5247083,-0.37668782,0.35073256,-0.28113762,0.029922882,0.06316,-0.11484354,0.19591741,-0.03245003,0.4260511,0.011121205,0.015063757,0.10604085,0.10942095,-0.456829,-0.056397796,0.04401436,-0.2095971,0.0956157,-0.36433056,0.44747043,0.342089,-0.0023099151,-0.47117004,-0.58841765,0.032745946,-0.13826855,-0.4057805,-0.39447895,-0.04825518,-0.22281566,0.5841716,-0.51047903
OAS1_0354,0.41704485,-0.23477125,0.7521603,1.5699652,0.99908817,-0.32376987,-0.86321694,-0.44372728,0.9827052,-1.0126863,-0.5526372,0.32912102,-0.5144878,0.13872395,0.57338274,-0.3538072,0.5026768,0.8726063,1.3558832,-0.66442466,-0.11531783,0.55024534,0.032809034,0.2374687,-0.30566585,0.71328217,0.5383472,0.34050754,-0.004959868,0.117321126,-0.3882213,0.2481671,-0.37747613,0.5027527,0.27535313,-0.26027057,-0.76519704,-1.3105913,0.0646715,0.36040425,0.5691454,0.5734008,-0.0386404,0.13383044,0.194376,0.46149018,-0.2851641,-1.1344641,0.56594694,0.58607274,0.14536513,-0.23177704,0.023818769,0.040986095,0.033001937,-0.2807608,0.5293719,0.44175202,0.22402887,-0.471265,1.1402484,0.06735373,-0.4910358,-0.15040913,0.09783315,0.22797109,0.2532913,0.5155668,0.37229893,0.032440457,-0.009740171,-0.03834145,-0.39363182,-0.479331,-0.14616624,-0.32088223,0.109735504,-0.080661,-0.19271415,0.20497628,-0.05940171,-0.046315506,0.037604745,-0.41751525,-0.063249394,0.19693506,-0.04343276,0.33345407,-0.56080925,0.35566488,-0.7090364,-0.25242633,-0.55484706,-0.31119508,-0.13275835,-0.4344258,-0.32601613,-0.6652519,0.020872103,0.25160035,-0.26482254,0.370779,0.06364096,-0.43443996,0.7947311,0.13470097,0.1622073,0.12875138,-0.13692439,-0.3443332
OAS1_0355,0.6508316,1.4259845,2.1342826,1.297623,-1.4438744,-1.3235276,0.288864,-0.5973852,-1.7544961,0.06549854,1.5349534,0.14400049,0.41836366,-0.23670796,0.2593626,0.6245151,0.10916294,-0.37009847,-0.57167923,-0.29252088,0.34345302,-0.022354053,-0.5396242,0.23220275,0.007161508,-0.3048426,-0.27420762,0.07969822,0.13323045,0.3224261,0.730923,0.3778421,0.5744784,-0.16754006,0.09346295,-0.17308116,-0.8574565,-0.39362907,-0.28372923,-0.5666297,1.118956,0.5763462,0.48514947,0.039865226,0.10193251,-0.0607904,0.7193219,-0.45079055,0.005596911,0.62892574,0.21381834,-0.033847537,0.38341376,0.3742216,0.662166,0.17014341,-0.21457353,-0.45927763,0.7338982,-0.030513367,0.03586157,0.8377449,-0.024036357,-0.8817707,-0.27670443,0.07607998,0.20891224,0.0025449859,-0.069500275,-0.2340925,-0.47142118,0.12819976,0.5861219,-0.54382944,-0.09282231,-0.53360015,-0.33966863,0.123053476,0.12375008,0.0010332643,0.015678082,-0.28761414,-0.0007048571,0.32621336,0.81435245,0.23007818,0.10575279,0.65184236,-0.026332034,-0.71360785,0.23367569,0.23390481,0.6801183,0.3642944,-0.26955286,0.5431185,-0.8965829,0.39051893,-0.111981735,-0.10319745,-0.15327157,-0.0073136557,-0.3912095,-0.16919442,-0.26836208,0.1563332,-0.20586349,0.58481896,0.31595662,-0.15728188
OAS1_0356,-2.115463,-0.56332344,-0.5546287,-1.0554044,-0.31151536,0.8453511,-1.1443495,-0.19714671,-0.13000724,-0.057799324,0.48676902,-0.3746551,-0.68246853,-0.28088465,0.049683083,0.41054046,-0.47706065,0.4640032,0.2917333,-0.006499428,-1.2882911,-0.7130101,0.35056686,-0.8081949,-0.2668837,0.084502764,-0.72377,-0.0080369245,-0.6002208,0.20478527,-0.9777611,-0.50875103,0.2317625,0.22765301,0.026197674,-0.10024093,0.53081053,-0.51908016,-0.059775494,-0.69266313,-0.37183788,-0.15261555,0.15222198,0.42987382,0.5838596,-0.59233016,-0.19061616,0.19620101,-0.032685485,0.6086772,-0.025138415,-0.08098482,0.03768309,-0.06580016,-0.7788244,-0.094684936,0.5508387,-0.36578313,0.2378266,-0.6844399,-0.57871366,0.06583023,0.014212299,0.16040017,0.16976461,-0.08662835,-0.81992817,-0.31823182,0.29652953,-0.38232788,0.40663257,-0.07973084,-0.29060304,-0.19816326,-0.27988195,-0.06433166,-0.7997126,0.064096764,0.13891985,0.08284327,-0.3070474,-0.05906212,0.2786239,-0.08474707,0.10247757,-0.4435433,-0.10585984,0.18020256,0.014761144,0.26399547,-0.14016435,0.20468079,0.5953464,-0.3788522,0.5436121,0.1493535,-0.03119254,0.04392148,0.14111264,0.109821714,-0.14173889,0.030304432,-0.18057184,0.025924051,-0.11562353,0.1504282,0.34691012,0.39900795,-0.26237094,0.3571138
OAS1_0357,0.7784764,0.79633707,-0.20544915,-0.4049673,0.16645125,0.7518594,-0.5777137,0.68607897,-0.29964596,-0.656637,1.1246855,-0.65486324,0.8196881,-0.105772674,-0.2584428,1.1810154,-0.84886855,-0.41927123,0.31574607,-0.35872787,0.58073014,0.13980092,0.11730537,0.29638585,0.19199409,-0.10382292,-0.75374895,0.47980353,0.58223236,0.18765447,0.18049933,0.13532317,0.84522814,-0.06277422,-0.21671365,-0.4414551,-0.58497286,-0.72757804,0.2482738,0.22596553,-0.73296446,0.4328435,-0.08425852,-0.26810753,0.2631525,0.05592889,-0.38308036,0.34306982,0.39766794,0.22712894,-0.0098726805,-0.3538145,-0.5477166,-0.16663012,-0.21208811,-0.27240053,-0.2635503,-0.20046732,-0.09589857,-0.19488317,0.0011208091,0.19214886,-0.5669738,-0.8635868,-0.41410092,-0.21137215,-0.33316043,0.00091258355,-0.292247,0.21209806,0.4144411,-0.21990518,0.1453771,0.13500348,-0.32734028,-0.35115534,0.3323901,0.21075585,0.02638082,-0.3694185,-0.07065423,0.08621587,0.22125906,0.011649427,0.38780642,-0.43775386,0.33171222,-0.813555,0.072726235,0.65877855,-0.7266477,-0.29745814,-0.5340265,0.084733956,0.6442218,0.48308808,-0.70177454,0.12509434,-0.33575192,-0.0671008,0.3285402,-0.39705575,0.36307606,-0.5768935,0.2428139,0.15681311,-0.13267182,-0.28826073,0.19284496,0.5306044
OAS1_0358,0.43782774,1.6768683,1.8595424,0.06192164,1.3914881,-0.71946543,1.3553634,0.43982908,0.3969513,-0.62094426,0.25338438,-1.2323261,1.0700933,0.38292992,0.8883016,0.5945813,-0.24470331,0.40339628,0.16185103,0.45755017,-0.2593011,-0.13299532,-0.9050029,0.12933835,0.010607336,-0.056041908,0.6020632,-0.195426,-0.44130147,0.35023454,-0.3171859,-0.016644716,0.5480353,-0.5919523,-0.38228402,-0.7779308,0.7003186,-0.5156093,-0.5439072,0.108997904,0.62756157,0.3262691,-0.11220103,0.012666544,-0.086919345,-0.82747316,-0.6618405,0.49775842,0.46208718,-0.38405344,-0.56475455,-0.62516487,0.32334664,1.2314038,0.40934345,0.50062233,0.30089292,-0.09903949,0.2050501,-0.3788088,-0.57063335,0.11080116,0.3764817,-0.4392538,-0.23218024,0.22988233,-0.44333702,0.07608427,0.6195851,0.5479182,-0.36420944,0.6069927,-0.6771571,-0.20575488,0.30773374,0.21864323,-0.5673417,0.045694053,-0.15259959,-0.4817578,0.5112959,0.45434126,-0.521554,0.034458604,0.14661017,0.16064326,-0.61219674,0.061368465,0.30918813,0.7090446,0.4634787,0.3270997,0.11949046,0.019827615,-0.25362247,0.5131601,-0.10740766,0.039602526,-0.063073084,0.033194978,-0.060751345,-0.21131918,0.28930554,0.5920896,-0.28750035,-0.3403535,0.6171885,-0.2653497,0.35088387,0.05467532
OAS1_0359,-0.43369582,1.2549826,-1.0666436,-1.5789634,-0.33927506,0.66688824,1.2139026,-0.5400708,0.22437331,-0.64111817,0.49936208,-0.526865,-0.22168158,0.5922725,-0.3930375,0.11019907,-0.23210835,0.013148607,-0.105429985,0.2169159,-0.4094689,-0.5833984,-0.4311432,-0.41985726,0.33151326,0.1928823,0.5415168,-0.102032974,0.18936841,-0.40619206,-0.37653166,-0.44177103,-0.377175,0.11768792,0.14610143,-0.19548585,0.1313405,0.226797,0.6339987,0.34968793,0.115617186,0.48144317,-0.11841885,-0.7429924,0.8541094,0.2827026,-0.3879006,0.045823134,-0.3376544,-0.27692828,-0.18790045,-0.23042578,-0.15952712,-0.44410598,-0.324387,-0.5396655,-0.09322501,0.07574003,0.6345387,-0.6030178,0.2688571,0.23015955,0.26284796,0.49129277,-0.08247414,-0.16805924,0.3128771,-0.021964818,-0.34902108,-0.49805406,-0.18072584,0.11281338,-0.04848855,-0.004408317,0.55510014,0.12658718,0.0043594954,0.4623684,-0.2509514,-0.4526825,0.07204297,0.15378629,0.17998552,-0.03976338,-0.06411739,-0.7012753,-0.104570076,-0.16075814,-0.027355392,-0.2578267,-0.17656271,0.18120585,-0.19379808,-0.77288413,0.509254,-0.04095252,-0.21745446,0.24167958,0.106628194,-0.16686411,0.09548044,-0.055095386,0.6885989,-0.7087513,0.16305006,0.017929524,-0.5851863,-0.43313688,0.6620045,0.6496978
OAS1_0361,-0.19465931,-0.5399823,-1.2811934,-0.43221042,1.4442048,-0.60929906,0.6235864,-0.47415254,-0.22096235,0.29399234,-0.39376366,0.1870396,0.0070241257,-0.8964942,-0.6983107,0.1533488,0.66245264,-0.8569312,-0.31126776,-0.4760705,0.6509222,-0.65304583,0.36400387,-0.36079815,0.737129,0.047141504,-0.32015595,0.9634522,0.48977292,-0.10289563,-0.80798703,0.45027235,0.060262952,-0.2854593,-0.22190033,0.4008895,0.17322071,0.04553884,-0.15631518,-0.04119684,0.015904104,-0.14838175,0.22151582,0.7678734,-0.99026984,-0.44971353,0.17022587,0.34890223,0.53756905,-0.08871504,0.34973976,-0.034600157,-0.025736988,0.5905626,0.34856632,-0.020137733,0.55695045,0.27815142,0.118765384,0.17635319,0.7467169,0.118909955,-0.1471942,0.097662665,-0.15554588,0.2954747,-0.28672108,-0.7869653,-0.29047066,-0.20805088,-0.006832255,-0.20438792,0.2935333,0.7558093,0.017488375,0.05114557,0.22349809,0.43726102,-0.38589153,-0.29967046,-0.19260071,0.17670935,-0.22968325,-0.006816012,-0.42662898,0.016202347,0.084745765,0.10459557,0.47367856,0.49398616,0.2642115,0.034504995,0.043382682,0.23301333,-0.28426006,-0.25398394,-0.30320498,-0.20722947,0.21193382,0.35491803,-0.38177413,-0.3472536,0.28297177,0.11093554,-0.17080219,-0.5451885,-0.15241805,-0.16034025,0.36650172,-0.044007685
OAS1_0362,1.1432505,-1.2820046,0.6372272,0.3553637,-0.35425985,1.9801545,0.17325741,0.83865803,-0.038096447,0.14226711,0.30975994,-0.094944105,-0.017314589,-0.567379,-0.49666864,-0.23001523,0.6596037,-0.21236841,-0.33426255,-0.009187517,-0.11027195,-0.7924954,-0.27894732,-0.64688313,-0.17628399,-0.15501797,-0.65240085,0.14411198,0.83934146,0.00924435,-0.43805993,0.37801102,0.24111365,0.29532656,0.024146056,0.64956975,-1.3495474,0.52099895,-0.34174395,0.059270333,-0.5363342,-0.14788553,-0.13693504,-0.20860192,0.39430705,0.78520554,0.15985309,0.31665668,0.92984104,0.100563996,0.901528,-0.13028078,0.44681194,-0.60338604,-0.3013068,0.46801826,0.10619987,0.13068323,0.25737998,-0.32488948,-0.20834328,-0.21279627,-0.40195128,0.31817022,-0.18316266,0.569326,0.2362972,-0.0121717425,0.3048481,0.16789235,-0.7598471,-0.14998962,-0.09747373,-0.2868995,0.024351943,0.042973388,0.26172218,-0.10032443,-0.24143843,0.24099994,-0.096259385,0.4103059,-0.096702114,0.46730343,-0.38721937,0.090780884,-0.46668646,-0.2058073,0.08920745,0.5121225,-0.06379564,-0.3445004,0.27824244,0.0009861839,-0.3494854,-0.34408763,-0.062422983,0.14633238,0.19790244,-0.017000845,-0.27876958,-0.5537483,-0.43127373,0.4258873,-0.525607,-0.12963483,-0.36474207,-0.14503458,-0.01814214,-0.017692078
OAS1_0363,1.2115955,-0.7122518,1.9444299,0.5734334,1.7568932,-0.5706905,-0.5341514,-0.07341984,0.35104734,-0.19221719,1.1680099,0.21427685,-0.4955724,0.7431575,0.42207932,-0.096547365,0.18669206,-0.17777546,-0.030490132,-0.30785647,0.18846841,-0.072502084,0.9750531,0.23485757,0.5014473,1.0323548,-0.62627834,0.5945869,-0.20038967,0.053415716,-0.016480409,0.15752028,-0.5047544,-0.3033067,0.20467679,0.6091972,-0.85224754,0.2229588,-0.08999306,0.23505138,0.25268978,0.32191247,-0.06368093,-0.25097758,0.07764471,-0.5123798,-0.17820631,-0.5262565,-0.24497543,-0.21692169,0.30338725,0.08510036,-0.23504052,-0.120352715,-0.12857814,-0.40507948,0.20644346,0.13786942,-0.035605773,0.56782454,0.05099909,-0.29284343,0.12850212,0.36074215,-0.24687563,0.5001408,0.41338816,-0.19074644,-0.23184752,-0.05135818,0.2565084,0.43289393,0.19062586,0.0065219305,0.355642,-0.07683344,0.043942973,0.40052035,0.31706792,-0.48231864,-0.12114266,0.0031853144,0.18317844,-0.29928935,-0.20191063,-0.1058352,0.025715698,0.32306162,-0.21278198,-0.1961097,0.84526265,0.012553922,-0.0530905,-0.5989727,-0.031130072,-0.41152808,0.30079636,0.008483319,-0.7193204,-0.052676793,0.380037,-0.023968194,-0.7021812,-0.21988413,-0.009471905,-0.36798543,0.16958871,0.84976715,-0.63822985,0.11939662
OAS1_0365,-2.088946,-0.56443083,0.73934174,-1.9781123,-0.23271376,0.009106456,1.0578098,0.42532688,0.20431322,0.39665702,-0.5617667,-0.2485584,-0.07861191,0.05491057,0.53810394,-0.3107254,-0.49767533,0.5807034,0.6151367,-0.468214,0.04495266,0.70760155,0.40365687,-0.18413985,-0.0009532076,-0.27880764,-0.37033567,-0.36126417,-0.2833705,0.11098198,0.078567505,-0.39386353,0.95800936,0.28165025,0.17073002,-0.34319893,-0.361761,-0.5508953,-0.034034465,-0.5486888,-0.034631275,0.27291462,-0.19857122,0.6077418,0.17731707,-0.5029383,0.16637628,-0.33387467,-0.31502372,0.35163227,0.2526929,-0.09544742,0.26955312,-0.4081066,-0.24941307,-0.27614933,0.38790593,0.087027356,0.37000567,-0.5741148,0.3428327,0.30369365,0.23909354,-0.44120252,0.48638633,-0.31401306,0.011540383,0.031403724,0.08179271,0.29537216,-0.32925245,0.19965443,0.55914754,-0.088179775,-0.12763537,0.56414187,0.076134644,0.74714464,-0.059632987,-0.6576162,0.42054126,-0.24417515,-0.0683143,-0.30061865,-0.52351135,-0.2574374,-0.022234447,0.22512798,0.11562502,-0.17121705,-0.12708774,-0.022025652,0.22899355,-0.020016015,-0.31102866,0.60922706,-0.19490163,-0.14077032,-0.23642194,0.38336697,0.79185253,0.22940469,-0.044655766,-0.48094994,0.11212393,0.29067236,0.197827,0.04913947,-0.09157507,0.11902428
OAS1_0366,0.23725665,-0.5329338,-0.97612405,-0.23321815,0.6777177,0.24192315,-0.69298685,0.1281031,0.006982813,-0.5785186,1.2670989,-0.2156819,0.564665,0.044918194,0.00095168763,0.33768797,0.83740157,0.43552706,-0.8432396,-0.2640497,0.11636524,0.9235373,-0.59589094,-0.05488046,-0.38813332,-0.329292,0.38378188,-0.23622428,-0.33223426,-0.8858492,-0.065835714,-0.18925153,0.04129997,-0.6215608,0.28070644,0.30933464,0.0008029734,0.32872352,0.22128823,0.4818104,-0.23723732,-0.18230814,-0.5044497,-0.04912464,-0.17424725,-0.31479108,0.8189281,0.31450537,-0.01964473,0.41190645,-0.15481462,0.32445052,0.6366072,-0.19962756,-0.019131921,0.024971211,-0.86797285,0.031292222,-0.3862485,-0.1650401,0.11884397,0.46493825,0.41239917,-0.049089983,0.17086986,0.06461342,-0.3495914,-0.19903195,-0.28905433,0.19402,0.2665882,0.077701345,-0.38923857,-0.21140073,0.049977258,0.0661898,0.17793241,0.17562358,0.09391523,0.38648126,0.26547587,0.072421834,0.17536075,0.017531099,-0.26119316,0.10553741,0.05828757,-0.13098189,-0.13941596,-0.15223719,0.31369558,-0.18186252,0.08280415,-0.109453715,-0.38614547,0.24019068,-0.08365293,-0.18406942,0.021351209,0.31764224,-1.2418805,0.23201226,0.08353157,-0.098077565,-0.43154776,-0.18247977,-0.25592035,0.3018362,-0.25300294,-0.3841039
OAS1_0367,-0.41665164,2.1376224,0.41777825,-0.1696041,-0.5593376,0.20062594,-1.0604945,-1.5519717,-0.058432575,0.86455446,-0.5884861,1.1116817,0.2164946,-0.4210742,-0.5826676,0.16699833,0.60579675,-0.15382113,0.016712239,-0.018244589,-0.0018289188,0.1346955,-0.0005325131,-0.18812247,-0.6047043,-0.7704952,0.18282554,-0.8394769,0.450028,0.041420966,-0.28180513,-0.55685955,-0.9764022,-0.19718081,-0.27394465,0.72448015,0.12232979,-0.14604908,0.2664981,-0.13217984,0.32489803,-1.0043057,-0.20852058,0.011102172,-0.17055891,0.060463946,-0.69212186,-0.020824412,-0.0367547,0.69498354,-0.93221074,-0.8182818,0.3228046,0.19073775,0.7873263,0.26809734,0.2260177,-0.32070616,0.44318396,-0.25723818,-0.74850017,-0.35047123,0.4380653,-0.3816579,0.5807454,0.10520548,0.10665063,-0.15766701,-0.52276903,0.4973612,-0.6649915,-0.099950455,-0.17378327,0.34483686,0.059768707,0.34627268,0.19302285,0.06889307,0.35066253,-0.067207515,-0.41269568,-0.03723791,-0.058118302,-0.43604356,0.19618031,0.008267367,-0.09494333,-0.20598643,0.10343182,-0.43017286,0.5559778,-0.73896724,-0.27428624,-0.11209631,0.32481766,0.021705136,-0.38275,-0.110956915,0.09265327,0.16499083,0.050264522,-0.3377998,0.8676885,0.085833885,0.2860763,0.27964267,0.19081518,0.30757564,-0.28272954,-0.0051823813
OAS1_0368,1.7636129,0.6296354,0.6790234,-0.7043759,1.0291926,-1.3741167,-0.24107473,-0.19973339,-0.40266788,-0.2959721,-0.4671696,0.3976515,1.078746,0.7432331,-0.522566,0.12663911,0.050964326,0.15377407,-0.040008597,1.0698463,0.6217225,-0.2247961,-0.34824944,0.32826653,-0.20032158,-0.061260466,-0.30235127,-0.6409496,0.2296988,-0.07416688,-0.12388473,-0.75070256,-0.08103436,0.41350612,0.61527675,-0.18042853,-0.42862833,0.42417723,0.51042277,0.3275739,0.34326744,-0.14656943,-0.35191974,0.17504862,-0.24732104,0.17968336,-0.18424876,0.54390496,0.27804163,0.30023527,-0.017895263,-0.13960096,-0.13381179,0.43276507,-0.27479026,-0.13008334,-0.76704806,0.17880465,0.32295367,0.15183686,-0.13585357,-0.023069268,-0.31022108,0.02147145,-0.3954336,-0.47290945,-0.15885127,-0.51141906,0.3080161,-0.15309305,-0.34831408,-0.14999984,0.029775469,-0.23987931,0.27025518,-0.23870276,-0.18810628,-0.23278135,0.47977847,-0.5456278,0.018680846,-0.17176363,-0.49962908,-0.34699658,-0.54292357,-0.48408386,0.0033303297,0.20488217,-0.35471308,0.018110398,-0.053110465,0.8121314,0.2831324,0.6669718,0.16567574,-0.33548975,0.077862896,-0.37585357,-0.4368047,-0.11307507,-0.03154663,-0.98200715,0.6324284,0.3733909,-0.665271,0.3075971,0.059308104,0.1373795,0.2743675,-0.1693611
OAS1_0369,3.0011468,-0.27932286,1.4903173,0.16518897,-1.0561029,-0.36765224,0.21031627,-0.55624783,0.06277317,0.594557,-0.52639544,-1.2579969,0.6424518,0.40602118,-0.78621185,0.21448672,0.46423814,-0.40459806,-0.7370773,1.1578432,0.19864516,-0.4818928,0.136583,0.05729422,-0.6656792,-0.72842723,0.766337,0.65561,-1.0612046,0.15789703,0.5814835,-0.43874347,0.18623511,0.6227841,0.46704,0.13024569,-0.26579785,0.07405562,0.7697153,-0.2576703,-0.065349594,0.4739444,0.5853114,0.37062874,0.06579748,-0.04483988,-0.20905876,-0.1793739,-0.33464634,-0.22039951,-0.2068244,-0.29114267,0.03966177,0.17056867,0.016877703,0.3943592,-0.20154274,-0.1992258,0.643293,0.122626275,0.35634318,-0.17427807,-0.8783445,0.08571921,-0.39471814,0.47642103,1.215377,0.05424389,0.0041510016,0.037589524,0.26891297,0.39617556,0.41533387,0.4416616,-0.14003605,-0.36524615,-0.5532649,-0.025094645,0.06883338,-0.1340694,0.12142442,-0.31118795,-0.22080146,0.03061827,0.037000567,-0.32176974,-0.05384101,-0.25185,0.09699239,-0.6975045,-0.19138177,-0.1220309,0.5479862,-0.22728013,-0.59313965,0.3798669,-0.70672005,-0.7074386,-0.028986104,-0.38026166,-0.20638731,0.11612142,0.11311117,-0.040443324,-0.3545891,-0.25777298,0.9320958,-0.1574782,-0.1305518,0.10419489
OAS1_0370,-1.2496676,2.1396093,0.14077717,-0.644942,0.31732184,-0.9359162,0.60769904,0.10703373,1.1380441,-0.046874344,-0.19159761,0.19114897,0.13949522,0.46100247,-0.59208935,-0.3001928,0.46390638,-0.70737296,-0.1699271,0.07403623,-0.0072916625,-0.011646074,0.065506436,-0.51580477,0.6771389,-0.08470443,0.15602627,0.36418536,-0.5327342,1.0921334,0.51218164,0.34261367,-0.41526085,-0.6117624,0.4560963,0.17296314,-0.12533031,-0.09836495,-0.10084082,0.27451926,-0.16071923,-0.3439629,0.004377394,-0.101379186,-0.06950819,-0.20817198,0.28102493,0.28870842,0.027988885,-0.10354976,-0.0030126693,-0.12155903,-0.4022779,0.34028,0.70860714,0.24676111,0.43820485,0.363741,-0.6814406,-0.22466046,-0.57855624,-0.010315545,-0.03487386,-0.10124102,0.42339808,0.28635463,0.41879785,0.4152842,0.5593982,-0.1630306,0.65925235,0.049007405,0.33904877,-0.013714688,0.507082,-0.19651788,-0.25001466,0.27963138,0.5389325,0.37417725,0.24229527,0.21246965,-0.20040053,0.17141807,-0.87840605,-0.25563046,0.35692888,-0.16700691,0.23475343,0.6054627,-0.34232646,-0.6983925,0.095589966,-0.0032109066,0.20554513,-0.85333276,0.019113842,0.3259819,0.42384946,-0.14724566,-0.2197983,0.5523737,0.02276883,0.026923584,0.16677125,-0.28607482,-0.11299901,0.4912606,-0.15416509,-0.09116378
OAS1_0371,0.7983358,1.7105342,1.1271579,0.12190752,-0.6001762,0.17454205,-0.33722615,-0.7635165,-0.67067146,0.97404957,-0.9668435,-0.3900828,0.31183437,0.88900656,0.0859722,0.5969658,-0.44471365,-0.66497177,-0.061377198,-0.6778874,-0.73053026,-0.43740442,-0.45916882,0.32821685,-0.34346193,-0.8647393,0.7463592,0.109574035,-0.03855216,-0.41988173,0.65253246,0.70433307,1.0877908,-0.07065727,-0.3254496,0.44497824,0.17250425,-0.02906842,0.52658546,-0.15324886,-0.38854036,-0.19543977,-0.14386207,0.1949156,0.17469513,-0.15031314,-0.12853043,0.26472646,-0.07760505,0.53987956,-0.16760868,0.22645411,0.49401942,-0.22181748,-0.118170574,0.18199717,-0.12888835,0.27452645,0.050847445,0.040809736,0.8823004,-0.22163005,0.14265828,0.22170411,0.8236155,1.2153114,0.054733768,-0.66715974,-0.086774975,0.07366554,0.08386455,0.14119305,0.18754897,-0.35361084,0.47576487,0.0009961892,-0.080450244,0.32811964,0.3612096,0.019914582,-0.99528944,-0.6968233,0.48181367,-0.22556971,0.0026511226,0.17618777,0.2534012,0.7307711,0.78254455,0.16163905,0.16921315,-0.22312713,-0.45663697,0.1533128,-0.6388333,-0.253068,0.007844651,-0.18881688,-0.19141187,-0.091585554,0.31409088,-0.1307712,0.033670604,0.62824774,-0.63449067,-0.34415406,0.06188043,0.25912353,0.26470342,0.121860825
OAS1_0372,-2.382621,1.9229046,-0.0649181,-0.95678145,-1.1363369,-0.84478927,-0.6308573,0.15121964,1.7118644,-0.6587159,0.35638335,1.0404551,0.21118626,0.04598468,0.16423118,-0.2960052,-0.065960355,0.7836683,0.1387215,0.27063417,0.16048019,-0.2975546,-0.5947229,0.57645637,0.02621305,0.38475707,-1.2424359,-0.09345219,0.12887907,0.052984834,0.42909446,-0.31638232,0.14351358,-0.30102795,0.09148706,0.4141586,0.29007134,-0.19798,-0.5793095,0.38793597,-0.17193037,-0.07839773,0.081977084,-0.42233035,-0.5757976,-0.24497116,-0.28246766,-0.21188425,0.4163406,-0.5056208,-0.094539136,0.40153134,0.106152534,0.3214003,0.0034597085,-0.00480861,-0.13860889,0.17146015,0.5701816,-0.011392485,0.115485914,0.41476694,-0.3509446,-0.43611616,-0.14636916,0.1930995,0.3942576,-0.18014778,-0.27903676,0.2996482,-0.114625804,0.19615316,-0.14907134,-0.20418838,0.16858299,-0.65731007,0.37769794,-0.3359008,0.09229162,0.05681239,-0.407857,0.15613587,0.12978245,-0.016996922,-0.33752027,0.4963212,0.38492694,0.59205973,-0.4188929,-0.27612004,-0.55839825,-0.41464892,-0.0492273,-0.6897497,0.008709895,-0.348945,-0.03487759,0.38894442,0.46496254,-0.5195708,-0.00962843,-0.009586809,0.49786162,0.56537586,-0.30742112,-0.5147915,-0.55420405,-0.42989692,-0.1831499,0.012721605
OAS1_0373,-3.1052725,-2.0686216,0.69573003,0.5437248,-0.5898499,-0.25141776,-0.36615857,-0.5074823,0.60090744,0.8520333,-0.93240833,-0.47376442,0.19287696,-0.058104113,-0.24787582,0.19772568,-0.21455775,-0.09111975,-1.0250959,-0.0031289703,1.4333743,0.33509743,0.18678313,0.527658,1.1003656,1.296711,-0.27627352,0.45800555,-0.36714602,0.005661569,-0.18659626,-0.27357456,-0.056842066,-0.5953633,0.062224433,-0.0096485065,-0.20866911,-0.44728836,0.32907125,-0.489288,-1.0374974,0.09578727,0.2453786,-0.40726787,0.38057876,-0.3567059,-0.26809484,0.7577711,-0.31387797,0.003900093,0.6137211,-0.16212264,-0.12864546,-0.04376185,-0.16777685,0.47411034,-0.57652396,-0.12015671,1.0713708,0.26344797,0.044952337,0.13727953,-0.39880803,0.31375903,0.23131578,-0.26756388,-0.71916056,0.043158416,0.39515975,-0.60694987,0.15885873,-0.3244858,0.34561986,0.4251858,0.30726865,0.056138057,-0.080919236,-0.4927929,-0.13629748,0.72960985,-0.11643569,0.1083281,0.15341069,0.42162958,-0.033682227,0.21327145,-0.31648284,0.7685578,0.029879613,0.5813877,-0.33416188,-0.0806031,-0.23753919,0.16269831,0.3416196,-0.032391146,0.18981199,0.28980315,-0.41164052,0.36913607,-0.032922756,-0.19645785,0.34800428,-0.41640422,-0.006629618,0.381763,-0.42932191,0.12383148,0.16848996,0.11135547
OAS1_0374,2.5992806,-0.03454056,0.62240124,-1.0160738,-0.47030252,-0.2857778,-0.09441601,-0.37432393,0.072320506,-0.078494705,0.09170614,0.40771952,1.2432836,-0.48885432,0.3919727,-0.22530313,0.14425232,-1.3751112,-0.905952,0.013600663,0.056600787,-0.86025804,0.060738426,-0.84237444,-0.35251108,-0.2209477,-0.5362402,0.95562387,0.0029641555,1.0624058,-0.45731497,0.8274134,0.50524753,-0.14355782,0.30014578,0.11745825,0.43800816,0.33796284,0.26033276,-0.24889179,0.19399633,0.17362982,0.25961465,0.3407321,-0.099890016,0.40827668,-0.25324774,-0.760479,0.1203722,0.061620124,-0.33325067,0.2620004,-0.2539123,0.29426602,-0.010983339,-0.08573211,-0.3286999,0.5311858,0.052096907,0.32187197,-0.53462,0.012871041,-0.7294506,0.6415165,-0.38973543,0.030592212,0.06285764,-0.15920629,0.03319714,-0.14009306,-0.24859461,-0.066995166,0.02826478,-0.10693763,0.24702239,-0.07317007,-0.062254883,-0.1784459,-0.09103276,-0.0302236,-0.0022848886,-0.15839823,-0.113476425,-0.9383797,0.25325033,-0.17049658,0.25272188,0.6314436,-0.16752958,0.5123271,0.66240156,-0.0610383,-0.32622686,0.112968616,-0.29850873,0.48514238,0.39948472,-0.22368541,0.9047008,0.15555345,0.091009565,0.4858948,-0.3278757,-0.9291929,0.44727024,0.2691797,0.28665558,-0.07521408,-0.11306145,-0.06789531
OAS1_0375,1.2061396,-0.488625,0.6765234,-0.082432374,0.95683694,-0.70635647,-0.9148538,-0.29453585,-0.56611973,-0.41848373,-0.19353364,0.5893474,-0.29617417,0.6197385,0.07595442,0.5229513,-0.48457783,0.36446077,-0.16133432,0.047068432,-0.01705432,-0.008678523,0.4285083,0.030791469,0.5725168,-0.13570395,-1.226177,0.15406014,-0.31509414,0.4956136,-0.9624605,-0.02317506,0.779327,0.42929727,0.07176593,0.4686237,0.018261433,0.33431163,-0.5044295,0.44902346,0.15736131,-0.023835676,0.026284099,-0.27490026,0.2131701,-0.39109594,-0.56070787,-0.47971022,-0.21377271,-0.10104392,-0.13210736,-0.051161256,0.6078595,0.16774921,0.21263275,-0.93002224,0.5817454,-0.11606064,0.9107129,0.09665159,-0.19905056,0.112190105,-0.04845378,-0.4478801,0.1807383,0.8909605,-0.22681063,-0.7551295,-0.53438944,-0.44506744,0.2413319,-0.012468107,-0.6977714,0.08453383,-0.2984443,0.09160557,-0.33522636,-0.16731171,0.7526718,0.173633,-0.3332426,0.08532487,-0.6224708,0.020050159,-0.07799927,-0.33025897,-0.42581293,0.0015680986,-0.33776215,0.33089054,0.22855428,-0.4908189,-0.60177803,0.083632275,0.23127629,0.28117433,0.40972936,-0.16065952,0.2921264,0.2711932,-0.56980485,0.1830321,0.43990007,-0.2328944,-0.27224457,0.21840118,0.24564444,0.6356678,0.2582787,-0.19872402
OAS1_0376,0.7149467,-0.22614412,-0.3688207,0.23229992,1.5237708,-0.5707521,-0.7090084,0.508228,-0.24997674,0.2734406,0.88496196,1.3792182,0.8204898,0.57896066,-0.2732195,0.65988326,0.27136764,0.9808212,0.76937497,0.5118115,0.11549991,-0.51294047,0.4494865,-0.17246535,-0.17411156,-0.4562965,-0.193516,-0.10179251,-0.3139874,0.36888918,-1.0952017,-0.12491705,0.27202544,-0.11704305,-0.2216987,0.011896936,-0.4260616,0.03987414,0.19744076,-0.11433615,-0.6434502,0.16888426,0.042447917,-0.05670248,0.30338106,-0.10957384,0.64934045,-0.34026656,0.11345475,0.14124358,-0.76523346,0.6340184,-0.43732044,0.11858995,-0.077448614,0.20477301,-0.60381323,0.7451833,0.00833273,0.040638737,0.26808318,-0.32119274,0.19674161,-0.32264635,0.05591528,0.09372082,-0.1378637,-0.13479438,-0.7248784,-0.177364,0.65936977,-0.7908148,0.23893414,-0.2922903,0.32387638,0.3775523,-0.46026045,0.013818308,-0.6876948,0.28512675,0.32033673,-0.0835628,0.2115984,0.3937759,-0.5239359,-0.18442672,-0.48448202,-0.49419063,-0.011491762,-0.37611544,0.0064112544,-0.107966036,0.10110348,0.120618165,-0.48570496,0.05202128,0.8082439,0.06703822,-0.16626574,-0.06984505,-0.17567125,-0.25706184,-0.10952268,-0.032223135,-0.19978485,0.20219675,-0.21112427,0.581947,0.17534627,-0.19695266
OAS1_0377,-1.8248944,2.1189685,0.13059476,-1.7358288,-1.035214,-0.32055166,0.2136088,-0.32660806,0.9095804,0.24076927,0.446115,0.04841871,-0.4404176,-0.17209668,-0.18321942,0.18553145,0.7324376,-0.09218183,0.051718622,1.045438,-0.056702513,-0.064320065,0.27018964,-0.27857167,0.00881307,0.8553512,-0.93933994,0.3121781,0.15679124,-0.016055407,-0.866349,-0.23439653,-0.060139894,-0.14031291,0.41443533,0.46307412,0.49478653,0.522411,-0.28086552,0.09293349,-0.107909,0.35255638,-0.30438846,0.045905925,-0.46438056,0.023876825,-0.3483029,-0.47297776,-0.12069305,-0.977375,-0.022420013,-0.3915568,0.15125978,0.0691574,0.045512952,-0.7454826,0.25161785,-0.3409216,0.15689866,0.33647782,0.50674003,0.034663804,0.23276481,0.37444925,0.08970881,0.2324019,-0.30830136,0.099545605,0.7015458,0.032465983,0.24542218,0.19072352,0.82935464,-0.18379557,0.2828817,0.12147403,-0.018238097,-0.53429073,-0.14326699,-0.09718812,-0.06158712,0.15712197,0.4007032,0.407511,0.45275283,0.7419357,-0.44256714,0.22502251,0.098795876,-0.3537994,-0.13867006,0.09499892,0.119025655,0.3965639,-0.56699747,0.4309279,-0.08571029,-0.36371458,-0.6633172,-0.6444754,0.16865636,-0.26069495,0.36881137,0.18200311,0.29841694,-0.13947156,0.66034645,-0.6808736,-0.23651747,-0.29535785
OAS1_0378,1.5554663,-0.21776496,-0.14334159,-0.800578,0.37010905,-0.004130759,-0.4600764,1.1515503,-0.62536865,-0.23322248,0.22473417,0.3640401,0.7837851,0.33124453,0.35290962,0.22644106,-0.113937914,0.7190211,0.12576981,0.3921038,0.11556592,-0.18936408,-0.35424405,0.47694153,0.5941093,-1.0059409,0.22484119,-0.1660138,-0.10363028,0.56917757,0.14963453,-0.028161043,-0.4376439,0.12181214,0.4321923,0.38708135,0.08564482,0.031531736,-0.33768344,0.3662513,-0.6049996,0.28775924,0.22162436,-0.13338105,-0.09683025,-0.6686688,-0.20711641,-0.11533234,-0.24745199,0.0981501,-0.15061696,0.047085308,0.01083684,-0.6583108,-0.3108287,0.6859003,-0.3390566,-0.20316894,-0.51636213,0.1923254,0.2500289,0.5722927,-0.0865479,-0.08757159,-0.86191934,0.16131817,-0.06363104,-0.3759795,-0.33395943,-0.09750126,0.11850329,-0.18127827,-0.028375225,-0.16261144,0.91587013,0.13482606,0.21449699,-0.1553853,-0.0034799872,0.40236416,-0.21563688,-0.0042691682,-0.3318323,-0.07469215,-0.23658453,-0.19151726,0.34272918,-0.0057753334,-0.008613937,-0.30688536,-0.13852659,-0.54376006,-0.26225534,0.2644471,-0.22350478,0.19969189,0.8761588,-0.13849024,0.087062545,0.45542133,-0.20641778,-0.2025458,-0.41356647,-0.080367245,0.05489322,-0.0038915393,-0.15033342,0.23720075,0.060131073,0.063300155
OAS1_0379,-0.35945734,1.8717439,-0.9727966,0.025233224,-0.3306912,-0.2359222,-1.9226704,-0.6898085,-0.38528678,-0.22015816,-0.7111225,-0.24442066,-0.44266862,0.8877091,-0.42566735,-0.8380494,0.058648285,0.071348675,0.56187546,-0.12691143,-0.23429199,0.844793,0.5300805,0.03958862,0.124083936,-0.66507107,0.13786215,0.56600124,0.33892974,0.41132903,-0.27673623,0.68145216,0.19598278,-0.6865071,0.32669076,0.19961567,0.31766322,0.062322784,0.17699988,-0.30084175,-0.4527527,0.439135,-0.29384282,-0.4396136,-0.31751195,0.79000115,-0.52903193,0.15868267,-0.13758953,-0.46973404,-0.632879,-0.27250335,0.4105908,0.10670148,-0.13352916,-0.11342962,0.6308235,-0.45444277,-0.20373398,-0.45152047,-0.2706769,-0.06145566,0.05476876,0.09344255,0.114059694,0.101286255,0.86552286,-0.29165572,-0.07378738,-0.25692338,-0.59908444,0.18670814,0.3247169,-0.36278328,0.11433482,0.16266389,0.20485386,0.14606312,-0.78972954,-0.3735523,-0.374633,-0.21336992,0.06428086,-0.28632438,0.12682249,-0.10307849,-0.19633558,-0.2291389,0.19857156,-0.3669506,-0.04944642,0.32488602,0.16366948,0.29877582,0.15671016,0.3250509,-0.49065217,-0.010841487,-0.44382608,-0.22439942,-0.33923745,-0.1218665,-0.03821625,-0.8996574,0.02914294,-0.1551675,-0.09097085,0.26323357,-0.3840179,0.06383159
OAS1_0380,0.7280757,-1.9114542,1.1641251,-0.25316244,0.06906111,1.9592819,1.1990207,0.32505566,-0.047159024,-0.26789576,0.28836775,-0.73356694,0.20583507,-0.6991454,0.35388392,0.053707477,-0.16674873,-0.30237356,0.53725797,-0.024343813,0.7941585,0.68220156,-0.20507835,0.5043681,-0.05262602,-0.0073621594,0.35681328,0.20148335,-0.46232793,-0.47756475,0.56609654,0.2581115,0.36612645,-0.49224436,0.4416085,0.1695291,0.17002085,-1.0530788,1.3738508,-0.033639662,-0.024645653,0.23858568,-0.22853248,-0.26336005,0.30577317,-0.42750666,-0.2787731,0.28720364,0.37495014,-0.48401332,0.12715183,-0.015925758,-0.3624962,-0.46884474,-0.25765708,0.15081353,0.061492965,0.333604,-0.07806081,-0.1604394,-0.15087369,-0.08576707,-0.12651323,0.6232446,-0.12058517,-0.14069454,0.042754695,-0.63998,0.40103415,-0.019748185,0.10689675,0.22627378,-0.016905153,0.44878986,0.40370613,-0.18087298,-0.63458496,0.16299444,0.311166,-0.28751156,0.17573649,0.17030184,-0.0024576972,0.61635774,0.30012032,0.29466256,0.08375842,0.6194944,0.12196053,0.426089,-0.28498673,-0.5972491,-0.4376923,-0.08549243,0.14183773,0.18868709,0.19104789,0.055463567,-0.76418555,-0.04693528,-0.6659333,-0.08243832,0.5664446,0.5086674,-0.0042787027,0.08350806,0.022323541,0.050060216,-0.05975191,-0.024915136
OAS1_0381,-0.6448278,-0.9086067,-0.7906581,-1.1411115,0.84504175,-0.21879303,0.96720403,0.4690609,-0.78183323,-0.058357283,-0.07548267,0.33476153,0.6979518,-0.26069596,-0.41159487,0.053525496,0.61363775,-0.1452492,0.5197046,1.012004,-0.5745855,-0.093994685,-0.030155657,-0.012440325,-0.40886113,0.44535622,0.021489566,0.216411,-0.23598826,-0.1425439,0.122495204,0.41406968,0.13482498,0.036876496,-0.31654948,0.03451342,-1.4626588,0.653152,-0.40897417,-0.21463074,0.17462228,0.07920766,0.41520727,-0.29310584,-1.0418745,-0.56731325,0.4865311,-0.008074186,-0.20120767,-0.27814817,-0.3590732,-0.64216965,-0.21458818,-0.18370138,0.10744101,-0.14306055,-0.2494245,-0.03598112,0.39747608,0.053147852,-0.40059778,-0.09114016,-0.57968843,0.597208,-0.07589647,-0.073830396,0.021374237,-0.24008392,-0.2988107,0.37597567,-0.030434687,-0.36800182,-0.37084037,-0.115791224,0.19554088,-0.76221365,0.064915724,-0.26366958,-0.49573278,-0.584842,-0.12051769,0.24889702,-0.539302,-0.21686046,-0.5334754,0.34621757,-0.6259363,0.18244717,0.041557964,-0.035966832,0.2695964,0.4344916,0.044122204,-0.12257159,0.36084604,-0.04436964,-0.2816258,-0.28844702,0.2601542,-0.19777513,-0.14156665,0.042826045,0.035439856,-0.103801616,-0.014691997,-0.3738114,0.3940294,-0.44222918,-0.3788516,-0.43149358
OAS1_0382,-1.5119802,-2.108292,0.8783438,3.0374267,-0.79000753,-0.8585099,0.37348545,-1.7884414,-0.24630027,-0.086917914,1.7259095,-0.59434366,0.68930304,-0.84342444,1.0532951,-0.8841223,-0.42821303,-0.07472872,0.7652074,-0.1295481,-1.0311668,-0.05026294,0.6834116,-1.1878773,0.11606118,-0.17500271,-0.34706435,-0.37499368,0.35704142,0.02365045,1.115086,-0.02469577,0.15483338,-0.06787293,0.5402006,-0.41870973,-0.20879573,0.7042739,0.30016264,-0.66815406,-0.19822387,-0.05895671,0.3225007,0.37255055,-0.91215605,0.21539803,0.057374727,-0.08402935,0.623135,-0.59206396,0.71501386,0.034218114,-0.017095374,0.022671709,0.4504824,0.81634986,0.21157962,0.5511899,0.005889157,0.50104433,0.08601471,0.03446797,0.28759235,0.032879468,0.55985093,0.51904345,-0.67348397,-0.6938971,0.015662521,-0.74627125,0.03613601,0.007831873,-0.3600901,0.14300177,-0.4236027,-0.19311033,0.014950859,-0.018616142,0.6298819,-0.23228212,-0.035117347,-0.2365088,0.8677488,-0.28348246,-0.09301583,-0.30252957,0.25458154,-0.7736432,-0.4716707,0.08580202,-0.31463405,-0.11094835,-0.42552128,0.40725657,0.12470435,-0.0061787535,-0.25057453,-0.6446289,-0.18503505,-0.7961866,-0.7462535,0.23182568,0.41012752,0.5658109,-0.5875517,0.8293844,0.30116558,0.09809982,-0.12506934,0.53427374
OAS1_0383,-0.23667662,1.0853091,0.7285367,0.6620729,1.5885928,0.67520136,0.1234462,0.29000473,0.6866861,0.014356839,0.95923644,0.5767717,0.029760873,0.31295142,-0.52019805,0.5975813,-0.26270515,0.06314062,0.61459625,0.13902366,0.22072816,0.38065374,0.6353398,0.36614436,-0.3464045,-0.17720583,0.29453328,0.6869008,-0.53678,-0.22249094,0.07847489,0.021919012,0.15646537,0.2238041,-0.49317637,0.69086504,-0.019824311,-0.044701435,-0.17112216,-0.29301193,0.6300719,0.4001106,0.61929,-0.47159934,-0.57230216,0.07272358,0.46921632,-0.019729136,-0.29037556,-0.04514352,0.40696076,-0.19979337,-0.2325268,0.010744613,-0.65487474,-0.32408616,-0.61535317,-0.04730246,0.20619929,0.254044,-0.11495749,-0.13057335,0.2302436,0.053206675,-0.6702494,0.56203693,0.013691097,-0.29512322,-0.387525,0.23681512,0.8150957,-0.24955487,-0.53242725,0.1099641,-0.36836547,0.2688464,0.27257103,0.054181345,0.21971633,-0.30203444,-0.25719935,-0.15069778,0.33236632,-0.49505866,-0.14186364,0.29765058,0.39857823,-0.0019959712,-0.25159353,-0.05609217,-0.016660737,-0.098890886,-0.047295306,-0.045518965,-0.22602868,-0.37753406,0.30121386,0.24477877,0.5128125,-0.18470682,0.24117199,0.72727877,-0.18086627,0.30189538,-0.43504623,0.27902043,-0.2587859,-0.18749142,0.0794256,0.3016549
OAS1_0384,-2.221984,0.12527575,-1.696013,-0.8264523,-0.008630896,-0.90802395,-0.58279705,0.48644888,0.33986446,0.48682034,1.138249,-0.51701456,-0.52754426,-0.32229248,-0.15472193,-0.55769145,0.3536337,0.5990392,-0.80027735,-0.44865003,0.13303792,0.009005733,0.37267575,-0.25904822,0.114168055,0.23829792,0.054132264,0.5411178,0.107508786,0.037239842,0.045556433,-1.0146229,0.40198413,-0.26853427,0.17466782,-0.18387671,0.39745444,-0.31712532,-0.44270867,-0.016750747,0.0044590333,0.24238084,0.24860995,-0.16534394,-0.63150847,0.33459425,-0.2830767,0.041109867,0.9982475,-0.087573,0.28445855,-0.35678205,1.1398674,-0.036557905,-0.2684502,-0.21436721,-0.24615735,-0.10116931,-0.20974049,0.089730285,-0.5374808,0.3382909,0.33460948,-0.122657634,-0.088584624,-0.26416492,0.025744187,0.3523929,0.15662323,0.74213034,-0.06815139,-0.0060330136,-0.602484,-0.5854906,0.07797074,-0.37084675,0.17673738,0.27512178,0.6989765,-0.2137561,-0.1046757,-0.058549274,-0.059230044,0.05392964,0.43064585,-0.36651063,0.36839592,0.13301799,-0.17151392,0.47320545,0.7295244,0.23082453,0.16781896,-0.22236876,-0.5707238,0.1068391,0.32370603,-0.096014075,-0.17322741,-0.16296533,0.3812174,0.58468735,-0.21997945,-0.12404114,0.15282616,0.28372994,0.32046944,0.010780959,0.3317292,0.1733732
OAS1_0385,2.0234313,-0.7087521,-1.1045885,-0.6331403,0.17489682,-0.43728203,0.6533608,0.24615121,0.1261303,-0.1344954,-0.3581961,0.29568446,-0.32591733,0.42657834,-0.0773962,0.3951433,0.7985169,0.22438964,0.40967727,-0.42188212,0.62950915,-0.15500553,0.11502649,-0.025415966,0.106353015,0.14458783,0.18948878,0.068727456,-0.662155,0.048289977,-0.7384453,0.44622415,0.27152166,-0.2792689,0.16862418,0.45737028,0.49161392,-0.2839127,1.1582906,-0.2994853,0.41528907,-0.06473946,-0.5161948,0.21205036,-0.37197012,-0.157993,0.56547534,-0.2570272,0.011764006,0.20500146,0.07702606,0.5511528,0.2994514,0.7537821,0.4345046,-0.1965617,-0.14477661,-0.23951814,0.38747877,0.035559073,0.47476843,-0.5731567,0.648044,-0.04507393,-0.41261184,-0.536641,0.2022368,0.7836516,0.3797127,0.06525587,0.2534268,0.69034755,0.13718326,-0.32657847,0.28000352,-0.20262872,0.371461,-0.29802883,-0.18551195,0.052064657,0.12066223,0.26287922,-0.3113622,-0.24009708,-0.28350028,-0.21742271,-0.53898644,-0.15362789,0.21503736,-0.53521943,-0.29108968,0.07251399,-0.07574978,0.042855155,0.19225693,0.063030474,0.28799048,-0.38304627,0.5525183,-0.68962854,0.38056463,0.2248462,0.34258765,0.1330815,0.09261386,-0.039814457,0.06333622,-0.035470013,-0.094982594,-0.15164353
OAS1_0386,-1.2437583,1.5085993,-0.9279684,0.04993861,-0.88215715,1.5475134,-0.26248682,-0.08169481,-0.1485605,0.2057632,-0.39863005,-0.1667912,-0.5456462,0.08034373,-0.58433175,-0.18397832,-0.81108844,0.05339883,-0.6455009,-0.030341042,-0.26358825,-0.13412747,0.7706038,-0.5235961,-0.043209553,0.48558003,-0.07254446,-0.826277,-0.1670031,-0.6235404,-0.36503035,0.92552626,0.033382818,0.23278323,0.078207865,-0.33097288,-0.023001103,-0.4425347,-0.067191586,0.13713332,-0.12166565,0.54873836,0.22672324,-0.35035592,-0.25261444,-0.9445892,0.53601456,0.07543308,0.18424404,-0.21814604,0.04804448,0.59606737,0.43354994,0.8648023,-0.3098334,0.1675905,-0.068472445,-0.2758055,0.3099433,0.3393313,0.3990076,-0.186826,-0.4669459,0.008725808,-0.18817578,-0.11414051,0.019503128,0.74015343,0.20110026,-0.3764469,-0.09279323,-0.0053893398,-0.15860623,0.32624227,-0.35988298,-0.30933538,0.3388494,0.26022017,0.29298198,0.005462549,0.09187054,-0.6081133,0.55463374,-0.011600083,-0.036922645,0.03888925,0.49438173,-0.5849938,-0.7676873,-0.118378125,0.23799385,-0.47546092,0.5267163,0.27387244,-0.3424123,0.3797275,-0.12174999,0.115468405,0.22018668,0.10192808,0.2517562,0.3592434,0.013949567,0.04277886,-0.18473591,0.26713455,-0.18123169,-0.06605615,0.073831335,0.3744572
OAS1_0387,2.9203854,0.62240297,0.46827847,0.69677603,-0.60108644,-1.5679513,-0.7004188,-0.81300986,0.94604295,0.2885361,-0.4725557,-0.55692494,-0.118744835,-0.86313117,0.3212893,-0.18954557,0.62728876,0.17016128,-0.3127175,0.11835948,-0.8806257,-0.662411,1.1477963,-0.75952667,-0.6769099,0.48234618,0.48478615,-0.37102005,-0.56791645,0.29781753,0.15470213,0.35892498,0.06656101,-0.21937945,0.23591444,-0.5243593,-0.3129228,0.49658427,0.45728207,-0.045834642,0.5341167,-0.30534193,0.7200792,-0.17477189,0.27305433,-0.28615355,-0.16571678,0.2349518,0.3231678,0.11284146,0.98130095,-0.19577637,0.15303887,0.3425143,-0.34584185,-0.7384173,-0.4398849,0.3675009,-0.5954375,-0.07678573,-0.07950607,-0.5696951,-0.321903,-0.11565287,0.18479186,-0.22423121,0.7691951,-0.9178809,-0.21786822,-0.35284683,0.06885958,-0.38295496,0.41626862,0.1572248,-0.4472008,0.50987184,0.08939171,-0.6429629,-0.4614826,-0.47462642,-0.060452964,-0.9557835,-0.75335056,0.8380585,-0.33962673,0.42515165,0.063638434,-0.045765452,0.40793705,0.62933177,-0.154713,0.2637961,0.1532364,-0.1867102,0.2109014,0.2973593,0.25210935,0.33552116,0.094635576,-0.42753264,-0.18154244,-0.26782984,0.41545984,0.5025833,0.29917908,0.057454176,-0.050403275,-0.18329208,0.5361866,-0.00851192
OAS1_0388,-0.905721,-0.6665204,0.45720348,-0.16122653,0.88471645,0.18920706,-0.71976954,1.0604786,-0.34753114,-0.5942765,-0.44563952,-0.80951875,-0.19906358,-0.3445438,0.21021271,0.6280811,-0.27017424,-0.60320127,0.5773234,0.5747307,0.025070041,-0.35149273,-0.3122605,0.5984356,-0.53357,0.10836567,0.42373627,0.13532369,0.5213511,0.32268214,-0.63914603,-0.06425302,0.1354057,-0.3927939,-0.35725942,0.025437899,-0.44963947,-0.17363763,0.022570241,-0.17967007,-0.15041606,0.69249755,-0.4037523,0.027494535,-0.18545996,-0.08736907,0.5135153,-0.23643287,0.16798,-0.7951131,0.3585345,-0.3974263,-0.18316482,0.39465085,0.22843887,-0.22708765,-0.1246129,0.17479268,-0.53772074,-0.7210797,-0.15421113,-0.1720421,-0.2801226,0.48564842,0.18193156,-0.27798757,0.2929818,-0.29915237,-0.4794383,0.1884643,0.32192105,0.3089092,-0.299037,-0.2546509,-0.08145528,0.4214497,0.099406034,-0.6668234,0.063143134,0.2538972,-0.3264143,-0.3824826,0.03827495,0.3130305,0.046391234,-0.06601419,-0.6209258,0.46438003,-0.22454554,0.005130735,0.017489843,-0.001422647,0.017305056,-0.18028824,-0.0054387674,-0.30075985,-0.42359984,-0.35641092,-0.84015405,0.305059,-0.16005932,0.57191145,-0.6180152,0.39373815,-0.08605406,0.30559507,-0.14082932,0.3008069,-0.19157955,0.053155843
OAS1_0389,-0.5756494,0.28507143,0.59826523,-0.47144255,1.4623032,-0.7989481,-0.6931863,0.822729,0.54738533,-0.6898332,-0.3184985,-0.17613837,-0.015668586,0.9689367,0.22408621,0.5114775,0.11245717,-1.2609631,0.19312592,0.36187047,0.082831785,-0.25650963,0.3188089,-0.06543392,-0.18944928,-0.3746931,-0.78147346,0.4275258,-0.27916768,-0.903018,0.12156942,0.027868664,-0.17138779,-0.23685311,-0.40488932,0.8288335,-0.40772665,0.4031939,-0.39047995,-0.5462623,-0.22194402,0.30054918,0.23287863,-0.035443064,0.055948496,-1.2119147,0.28256458,-0.31545094,0.09654146,-0.013262182,0.05722466,0.39619395,-0.54259634,0.0715453,0.54270244,-0.091930665,0.3668645,0.013747143,0.18473452,-0.5460214,0.2700092,0.4925142,-0.1693306,-0.118315876,0.4402123,0.30665714,0.0440692,0.34921753,0.15948658,0.5181782,0.0718527,-0.20034377,0.005653534,0.5869127,0.2244046,-0.5451985,-0.2237677,0.7414471,-0.2570361,0.4129467,-0.28471848,-0.43894657,-0.14846386,-0.03677102,0.040318046,-0.530596,-0.0077607865,0.21262786,0.4506109,-0.0690952,0.36725277,-0.034837037,-0.54812944,0.31659365,-0.28503102,-0.14379005,0.272979,0.34593683,0.2745633,0.24491791,0.37714392,-0.21593072,0.33945104,-0.2546377,0.0037203366,0.51613235,-0.21852049,-0.07593378,-0.20348525,-0.23103842
OAS1_0390,1.0433168,0.43546718,1.3512268,1.1198903,1.5462753,0.31885582,0.5744753,-0.17872986,0.2972248,0.21333511,0.8935799,-0.007999736,-0.8382361,0.22461909,-0.36252725,-0.60681754,0.07739339,0.38185775,-1.0982573,-0.5131285,-0.33292887,-0.43272036,0.16172755,0.5141219,-0.037002794,0.7738174,0.33917075,-0.04984167,-0.44139707,-0.30932072,0.5710433,-0.10927136,0.15762578,-0.18876159,-0.5271964,0.19043005,-0.6929618,-0.50953746,-0.92962086,0.14126489,0.18840311,0.005089574,-0.20594598,0.25372234,0.01569302,-0.028546648,-0.21085002,-0.298509,0.74228954,0.38380525,0.10970572,-0.1778708,-0.22479545,-0.63679606,0.45320848,0.22202364,0.3569211,-0.70395815,0.41738707,0.439993,0.50880945,-0.84201264,-0.7995187,-0.5533281,-0.7636898,0.07379606,0.096403725,0.019808339,0.3594147,0.14854053,-0.19162063,-0.045910463,-0.22050309,0.39877117,-0.080698274,0.116944,-0.8022373,0.30176798,-0.11769501,0.34042436,0.5595103,0.47387826,-0.30072668,-0.032553043,-0.083629176,-0.23990253,-0.12145442,-0.4380585,-0.2384711,-0.14870524,0.7195562,0.13060564,0.005777072,0.57400364,-0.21873249,-0.23264517,0.37709853,-0.11181062,-0.6125294,-0.23525366,0.48249027,0.39546284,0.32448846,-0.35889444,0.4065751,-0.18652977,0.43541002,0.008709846,-0.5513309,-0.4310421
OAS1_0392,0.99360496,-0.8135617,-1.2745973,0.12516108,-1.1267074,-1.2536707,0.011727789,-0.13073027,1.2214131,-0.32820448,0.03865491,0.31893072,0.80647296,-0.37128365,0.11627537,-0.23212153,0.17230168,0.2564909,-0.22612667,-0.17296062,0.2793561,-0.47595206,1.0471995,-0.2469059,0.36258635,-0.1929871,-0.11412686,0.119009264,0.9781152,-0.5251464,0.39274648,0.6172754,-0.068488054,-0.003412693,-0.36796093,-0.40514836,0.49540976,-0.23789418,0.82379395,0.20993552,-0.93851554,0.22583008,-0.10432749,-0.30037573,-0.089913465,-0.19681932,0.6147439,0.5225206,0.09713578,0.39059588,0.013861578,0.04118498,0.23574053,-0.5905352,-0.28279546,-0.06672715,0.5394605,-0.54908967,-0.08487813,-0.030690087,-0.23856865,0.4197592,-0.28200117,-0.56591815,-0.43270314,-0.16869034,0.2386506,0.2705108,0.30642703,0.44304064,-0.08562585,0.19278196,0.56296784,0.2994068,-0.055459816,0.762882,-0.1552024,0.6236005,0.028774494,0.15963183,0.4147689,0.46602434,-0.30390194,-0.3502001,0.5630101,0.026121607,0.041713975,0.287497,0.016123565,0.64637035,-0.42924324,-0.20850946,0.03728258,0.46301037,-0.66426635,0.34510267,0.040044557,-0.050347906,0.13650247,-0.051904067,0.21272808,-0.13727248,0.057932787,-0.48437685,-0.01343383,0.14106473,0.43694663,0.06228327,-0.12967001,0.04415304
OAS1_0394,0.6585236,0.37762836,-1.5576812,0.08254732,-0.21706079,0.770315,-0.45050392,-0.57498336,0.17783926,-0.8352445,0.16789417,0.8824195,-0.7032418,0.07881858,-0.10679379,0.1387343,0.5740795,0.21680106,0.54574007,0.55701846,0.73703927,-0.90260065,-0.19426963,-0.30131415,0.7005351,0.26927483,-0.30790073,0.10208185,-0.31945813,-0.022382092,0.1850017,-0.56184804,1.3392495,-0.59105647,0.03377564,-0.014849642,1.0347027,0.5581784,0.03357081,-0.4342917,-0.16505776,-0.82549405,0.49471265,0.14680037,0.081034586,0.07306436,0.0076325918,0.5670291,0.18865103,0.6406206,-0.23849414,-0.12896284,0.3881909,-0.0692687,0.5234489,0.044077013,0.2902584,-0.0636589,-0.17809439,0.072290525,-0.25854367,-0.07391694,0.20568804,0.552121,-0.09212492,-0.08632878,-0.12565896,-0.11197272,-0.13880374,-0.2413628,0.048469406,0.05344294,-0.53616464,-0.07407388,-0.027106127,0.0037837194,-0.119043164,-0.32477286,0.18852052,0.23000818,0.11999907,0.14250492,-0.50248414,-0.12363908,0.2825893,0.121359,-0.14716104,-0.16686904,-0.21337578,-0.25136292,-0.50274444,0.48641714,-0.039406817,-0.055135425,-0.16431653,0.38819456,0.35609528,-0.28340912,-0.40345097,0.09026256,0.26275566,0.37630332,-0.5686203,-0.27882674,-0.14164089,0.13484873,-0.3430307,-0.24101992,0.23672388,0.2439509
OAS1_0395,1.9743888,1.935822,0.40183857,0.99451464,0.7781557,-0.7098473,-0.4080436,-1.006349,-0.21567516,-0.8012459,0.111388616,-0.61026365,-0.004551124,0.20146564,-0.13631083,-0.5660535,0.24312732,-0.34852484,-0.30964717,0.06427382,0.35627988,0.24695586,-0.22705266,-1.251786,-0.24574886,0.7332862,-0.10442873,0.06657133,-0.019292973,-0.26011539,-0.09923519,-0.083384275,-0.7154929,0.2477896,0.1965681,0.047776647,1.4112076,-0.46124268,0.2798433,0.14974742,-0.82397884,-0.4633362,0.2984637,-0.4671713,-0.6329366,-0.77738285,0.77475107,0.04970142,-0.45749843,0.27101946,0.5722853,0.123857245,-0.6344511,0.37110522,0.12915128,-0.46373415,0.5074521,0.56660765,-0.18158945,-0.36006504,-0.04877916,-0.48237675,0.03993039,-0.056898218,-0.51426107,-0.91975105,0.04611253,0.41648537,0.03680783,-0.17865345,-0.13344382,0.03928021,-0.25207332,-0.12746935,-0.15339004,-0.44171992,0.015794275,0.29009292,-0.38015303,-0.07211572,0.19183698,0.09950185,-0.08263946,0.05242996,-0.45938095,-0.5468426,0.28572324,0.14377007,0.43945062,-0.087207966,-0.32591644,0.5534932,-0.8730651,-0.64771736,0.18945819,0.02764071,-0.13952854,0.41526634,-0.12025171,-0.25572443,0.021414308,-0.2572862,0.046409316,-0.19330305,-0.5187315,0.22824076,0.20667195,0.21151401,-0.11564365,-0.028906573
OAS1_0396,-1.3941381,0.56593454,-1.1955934,-0.0886833,1.0216573,0.12011228,0.68859065,-0.061483104,0.28365758,0.387422,0.5656544,-0.16367483,-0.52027804,0.12917167,-0.20569144,-0.23771888,0.37138397,0.11639574,-0.45851573,-0.85818774,-0.48846644,0.23526473,-0.031428088,0.1815122,0.038038723,-0.48728,0.1901101,-1.5738457,0.95557976,-0.35972255,-0.29555994,0.27133986,-0.299797,0.383082,0.34889734,0.16863754,-0.30113384,-0.14677528,-0.54024196,0.6004397,-0.32135388,0.3889504,0.6194657,-0.2910076,-0.07287126,-0.9979801,0.45897216,-0.1798732,-0.38839322,-0.31394008,0.029936552,0.334158,0.31591326,-0.6200515,-0.26932046,-0.48220214,-0.017969115,-0.30725348,0.18955053,-0.15021127,0.06506046,0.27353963,-0.5832638,-0.61130476,0.3905702,0.50553,0.5334542,0.5997093,0.5634528,0.14236932,0.37199542,-0.21184641,0.13469183,-0.27023596,-0.88919854,0.0016254508,-0.2081144,-0.4467555,0.39614013,-0.13541315,-0.26820588,0.026472427,-0.26849607,0.18373828,0.121014155,0.097957596,0.06770145,-0.6097657,0.044920914,-0.02675831,-0.5751333,0.38817477,-0.15046084,-0.13292009,0.7118604,0.33260104,0.13052367,0.6422819,-0.07480989,-0.08923932,-0.00592667,0.30026832,-0.15936536,0.12732424,0.13980947,-0.16100049,0.2629506,-0.28887823,-0.16076404,0.29190934
OAS1_0397,2.2358434,-0.0728613,-0.34376678,1.4217644,0.34135225,-1.2499325,-0.39828926,0.8684663,1.1575106,-0.035668384,0.40840617,-0.395406,0.09904769,0.17506093,-0.051249262,-0.42747775,-0.23116073,-0.25158417,0.43126824,-0.0920475,0.27317664,-0.2808204,0.38611463,-0.15345772,0.91046643,-0.28593567,-0.35264373,-0.3931205,-0.31829798,-0.2849489,0.17028832,0.12444245,0.28663328,-0.061535858,-0.078765586,0.21157631,-0.34425956,0.17737027,0.32740486,-0.3647392,-0.48338854,1.020408,0.14629324,0.31248355,-0.3828079,-0.063387,-0.46270323,0.34891093,-0.060886182,0.47880304,0.61803204,-0.30727276,-0.68125266,-0.33963522,-0.4752439,-0.21267818,0.18267764,-0.09201257,-0.0037077465,0.004206075,0.5079673,0.17139216,0.09847416,0.30308557,0.18873943,0.104544125,-0.3123238,-0.5077834,0.31896913,0.46895847,-0.58878404,-0.0232306,0.34687853,0.19840704,-0.16866356,0.10580095,0.11700123,-0.39329693,-0.30492717,0.22439852,0.948358,0.120447345,0.0023980874,-0.07995351,0.14143708,-0.33894646,-0.20376,0.2221882,-0.1366356,-0.23969005,-0.22082189,-0.30502295,0.17498069,-0.48565605,-0.23866804,0.29795575,-0.32857928,-0.41093463,0.07928322,-0.13480388,-0.11662258,-0.15168816,-0.50283855,-0.21290256,-0.14652932,0.014653747,-0.41031766,-0.23226354,0.47010893,0.56115496
OAS1_0398,-1.2500541,0.13500677,1.6172396,-0.108215824,0.1438962,-1.0785081,0.4789706,1.3622473,1.0960923,0.055508282,-0.12762596,0.031941924,-0.8603302,-0.17238954,0.25072277,0.40100947,-1.0454876,0.062951,0.8492194,-0.0012169061,0.4823274,0.9671554,0.053868543,-0.23018506,1.2385361,-0.4401788,0.028649103,0.4368073,0.23565814,-0.66433764,0.32358104,-0.19710597,-0.81123805,0.39837846,-0.419536,0.75057,0.27486253,-0.010827972,0.36623183,1.0885121,0.207188,-0.3414566,0.19469863,-0.31521586,-0.14419857,-0.3101925,0.12709613,1.0908904,0.11495404,0.88302493,0.4041087,-1.0369563,0.02000134,-0.0045637325,-0.16593078,0.410776,-0.12452038,-0.20312107,0.021740535,-0.2691109,-0.28631958,0.17067604,0.035509326,0.3601232,1.1413298,0.26056233,0.8770071,0.030988121,-0.37073475,-0.6808583,-0.60310495,0.44796634,0.2580106,-0.293683,-0.002878182,-0.073981635,-0.275871,-0.3055154,-0.36373273,-0.3975265,-0.6123287,-0.21143954,-0.039709516,-0.4962131,0.32263693,0.12944593,0.020068899,0.15805812,-0.5624282,-0.18625823,0.15178913,-0.11760763,-0.3312146,-0.23640649,-0.011777326,0.5191668,0.5215197,0.19476897,-0.022104995,0.2184043,0.29937285,0.7687377,-0.47452018,-0.35736293,0.062024448,-0.01626262,0.16682087,-0.085531674,0.051216356,-0.5069501
OAS1_0399,0.2702075,-1.1768605,0.9628157,-0.92731935,1.0131253,-0.1967097,0.67098844,-0.07252793,-0.2857824,-0.17941846,-0.52525586,-0.17324646,-0.70077705,0.69556826,-0.056410015,0.7256787,0.12817375,-0.36988282,0.48229048,-0.5283193,-1.0505731,0.42715487,-0.6485742,0.8822965,0.33082876,-0.612547,-0.44448817,-0.12040412,-0.4272688,-0.07480908,0.28890106,0.30120382,-0.7293295,1.061335,0.29863608,-0.23283738,-0.13872752,1.0102156,0.4449386,0.23004149,-0.48163986,-0.26076785,-0.64023983,0.3460319,-1.1529224,-0.6158203,0.19526885,0.12484712,-0.25150442,-0.45684475,0.12006508,0.30928963,-0.7919003,0.229507,0.017839896,0.5273999,-1.2420517,-0.5196909,-0.037768025,0.010707137,0.07102703,0.31679752,0.15070716,0.07896465,-0.657745,0.5371209,-0.05841845,0.3928155,-0.04208724,-0.14054264,0.026698818,-1.159529,-0.3215578,0.013806008,0.17654853,-0.42004862,0.5271696,-0.437885,0.033837788,0.39519075,0.0091926595,-0.4251985,-0.2446184,-0.45427504,-0.13352802,-0.22533609,-0.40150926,0.48156905,-0.14098534,0.6007461,0.22621754,0.16137767,0.13474488,-0.03001242,-0.008255617,-0.11061869,-0.15279855,0.28985944,-0.280876,0.10531229,-0.015416333,0.1420316,-0.32056034,0.0072759753,0.32008553,-0.19032416,0.31809095,-0.113716826,0.19410425,0.5089723
OAS1_0400,-2.5673676,-0.7554287,0.22884315,0.46066588,-0.53020227,-1.0451924,-0.46361163,-0.06965974,0.7319333,0.8617027,-0.69256985,0.07670483,-0.8850261,0.30255383,-0.15718766,0.8683563,-0.3988818,0.18346843,-0.12812705,0.5547996,-0.7238326,0.6575106,-0.56327343,-0.23644845,0.21126816,-0.46913937,-0.60366505,-0.5647428,-0.5115773,0.06819458,0.14122005,-0.22577013,0.21608767,0.34887773,-1.4746916,-0.085396156,0.011680184,1.0815853,-0.2993858,0.63756245,-0.2367376,-0.5810078,-0.1614301,0.07937697,-0.5529768,-0.03578092,0.37321472,-0.6886156,0.52690023,0.9955328,-0.11696881,0.22683333,0.812927,0.030180512,0.021090744,-0.5175489,-0.5484302,0.09741149,-0.4319706,0.31864357,-0.5394496,-0.58258134,-0.9427243,-0.35726622,-0.4263533,-0.6078553,0.3617594,0.08818118,-0.53739184,0.0027049952,0.48852295,0.05445052,0.3641804,0.087256484,-0.607097,0.15124069,-0.15006997,-0.86469185,0.14304474,0.10159848,0.5369305,-0.06362738,-0.122024275,-0.22267272,-0.23938583,-0.1099249,0.38011417,-0.026806304,0.35950023,0.6601492,-0.6130821,-0.27388293,-0.10899111,0.7282882,-0.011081875,0.1200997,-0.38985115,0.1467942,-0.2907689,-0.33730543,-0.22924845,-0.3542337,-0.0578055,-0.4076907,0.035919875,0.19162205,-0.3385411,-0.4167066,-0.77595717,0.1697144
OAS1_0401,1.554265,0.6661685,-1.0040022,-0.45861363,-0.15740867,0.33578414,-0.5410472,-0.25929615,0.40227538,-1.1878194,-0.53172314,-0.47409937,-0.60055304,-0.52869695,0.57955325,0.37743494,-0.32560882,-1.1001942,0.30133528,0.2888516,-0.47683015,0.06593006,-0.4521048,-0.37549233,0.88252926,-0.017311143,0.2986849,0.2803545,-0.22049282,0.16499932,-0.69421786,-0.14685872,-0.5651107,-0.26800054,0.5688909,0.1443141,0.0038055873,0.04289442,-0.00788877,0.21973956,-0.36350274,0.24478048,0.16458061,0.3289562,0.34172532,-0.019230735,-0.2537981,0.4824651,0.32391533,-0.5344626,-0.21107443,-0.012959988,-0.059053868,-0.47236693,-0.48963383,0.6055716,-0.36342913,-0.11169844,-0.013499138,0.027693711,-0.6349254,-0.20760134,0.063555546,-0.05317303,-0.2233992,0.36784145,-0.56596583,-0.17815115,-0.22790322,0.06864453,-0.22441263,-0.2835849,0.20166397,0.61658233,-0.2935278,-0.5558371,0.1990225,0.15133937,-0.010442901,-0.27617878,0.60143334,-0.54747796,0.6011194,0.21695586,0.10934568,-0.08070893,-0.38148144,-0.024090901,-0.18923372,-0.48479238,0.026560912,0.22324695,-0.108343616,-0.0961309,0.3544613,-0.73040766,-0.39646444,0.07120342,-0.087304324,0.034120623,0.25303754,-0.17628238,0.0915227,-0.33000347,0.33847818,0.25864938,0.18257225,0.1319919,0.025690833,-0.19629036
OAS1_0402,-1.4072021,-0.48176423,0.11741629,1.1369357,1.0542052,-0.008181701,-0.77831805,0.3499519,0.1683932,-0.33022973,-0.2200132,-0.35127094,-0.029316317,-0.6274687,0.5338676,0.32450294,-0.5436004,0.18496719,1.2280198,-0.29005316,-0.51376224,0.42848295,0.04012017,0.053082917,0.024307866,0.4325559,0.7910076,0.4550384,0.49707818,0.27567905,0.54973334,-0.1543377,0.105966136,-0.1283831,0.4385609,-0.45176148,-0.4200608,-0.28099984,0.17211963,-0.65727055,-0.06490922,-0.74592054,0.01169559,0.3235908,0.74498886,0.0019707556,0.5480067,0.33176944,-0.42667413,0.8511756,0.45598146,-0.47585455,-0.48296636,0.6162348,0.009905958,0.20387352,1.0052394,-0.14748786,0.35094553,0.015078941,0.9434217,-0.18104838,-1.0953674,0.13802664,-0.04691175,-0.27459142,0.013563927,0.12005196,-0.12662469,0.7968949,-0.16272478,-0.35222325,0.64453006,-0.49905095,0.5037896,0.22802624,0.38945648,-0.026811343,0.6347252,0.14065559,0.38416022,-0.26578546,0.41089633,0.18320149,0.19087994,-0.44414055,0.364345,-0.14402224,-0.50387055,0.37819165,-0.15436906,0.30542248,0.11204776,-0.21407914,0.43138206,0.22150068,0.29681516,-0.29991895,-0.6006991,-0.5577705,0.09937833,0.19215171,0.27909616,-0.75168955,0.25780392,-0.3498909,0.115643896,-0.32699364,-0.18948512,-0.40210196
OAS1_0403,0.6551161,0.66349685,-1.1181517,0.37964442,0.46794614,0.7884326,0.95953417,-0.8909956,0.42537016,0.005078784,0.90814215,-0.07792745,-0.61779314,0.08129807,0.2823562,-0.14985716,-0.32287082,-0.54854393,0.93445915,0.8046369,-0.451328,-0.20123477,-0.010024411,0.1384429,0.68394774,0.65676796,0.16758828,0.08624636,-0.70162475,0.03336044,0.16686136,0.015467516,-0.3419775,-0.41529104,0.18946226,0.021021953,-0.22198687,0.37870592,0.342762,0.40868124,-0.019894462,-0.38480166,0.1649892,0.057966057,-0.039413366,0.3712393,-0.40512666,-0.98802996,0.39651754,-0.12593605,-0.091289036,0.13767026,0.097917624,-0.007532066,-0.05094033,0.5047612,-0.56908906,-0.15603988,0.3471837,-0.11653857,-0.26569968,0.4288961,0.31278098,-0.27648887,-0.3331314,-0.016578635,0.16739058,0.08466874,0.15559722,-0.08857597,0.13961175,-0.09269559,-0.22820203,-0.034920573,-0.4266532,-0.114333786,0.31633556,-0.35389635,0.092924185,-0.19971357,0.2582703,0.41759357,0.018730532,-0.2276554,0.20934968,-0.10975176,0.112491265,-0.013383237,0.33910587,-0.71570903,0.13567783,0.4539352,0.3199515,0.13383427,-0.2297665,-0.09428397,-0.07445022,-0.4913598,0.05270548,-0.1256928,-0.08448975,0.01945816,0.69548607,0.3371756,0.013442577,0.0036280088,-0.3521889,0.24631244,0.39897856,-0.042124305
OAS1_0404,1.5370961,-1.346625,0.7341471,0.26266438,-1.7084033,0.3240874,1.3306215,0.89125866,0.18526162,1.0334035,-0.42484948,0.6481384,-0.11714032,-0.17440826,0.4513103,-0.6779341,-0.9331039,0.38203907,0.224448,0.6968415,0.21983755,0.86434066,0.21365497,-0.75616705,-0.7216272,0.45720586,0.34017685,0.43928492,0.7801976,-0.14816046,-0.16033183,-0.050424594,-0.037856247,-0.05136607,-0.97026074,0.53900856,-0.669379,-0.3609182,-0.49394783,-0.94215983,-0.1071688,0.5536332,0.5867639,0.1477023,-0.4694957,0.20568074,0.0903638,-0.13142152,-0.05374994,0.18734828,0.40890384,-0.45194033,-0.17448378,-0.25234807,0.22719838,0.2858508,0.25452095,-0.069615535,-0.33724186,-0.73842967,-0.23670961,0.16157526,0.4860351,-0.3517071,-0.309485,-0.49151662,-0.82151246,0.09787335,0.4281193,0.393933,0.08521028,0.04844812,-0.1958643,-0.3969097,0.43135434,0.033419717,0.38613874,0.009086873,-0.50033176,-0.01869763,-0.7321147,0.7503594,0.15590832,0.28903666,0.39073282,0.13205642,0.24160649,-0.47794244,0.2686125,0.0837271,-0.38416234,0.1387183,-0.24614057,-0.011987032,0.28696248,0.35272163,0.012859909,0.1255985,-1.1481282,-0.37951896,0.21605937,0.08600128,0.29145798,0.04492561,-0.12424514,0.38024825,-0.059572935,0.082319185,-0.02874594,0.16840717
OAS1_0405,-2.5156765,-1.7436869,0.78531176,-0.8553716,0.47429278,-0.39340553,-0.04319269,0.35626832,0.26732126,-0.14298052,0.26158348,-1.5731122,-0.24530835,0.39949715,-0.37205756,-0.2947786,0.12628713,-0.3574118,-0.022869416,0.7573258,-0.49250343,0.89026266,0.7926979,-1.0519993,0.15775047,0.3171699,0.12145475,-0.4543981,0.510728,0.49143392,0.11216816,-0.4378336,0.13706228,-0.2702066,0.3613384,1.0049087,0.47139978,0.14162084,-0.39541328,0.90993446,0.19858883,-0.29856077,0.69743323,0.40769497,-0.000880795,-0.12099788,-0.31938756,-0.66177714,-0.15430333,-0.26119572,-0.13012673,-0.41114518,0.17450915,-0.21085325,0.40232977,-0.5920318,-0.40981835,0.70219225,0.6463254,-0.16556267,0.37940335,0.8057978,-0.046024717,0.3310898,0.3158365,-0.05193551,-0.16854756,-0.095181905,-0.3980023,0.22169971,0.11018454,-0.29803962,0.01136634,0.05096522,0.5396483,0.5368668,-0.35465527,0.472902,-0.14264694,1.0068477,0.2190161,-0.19211285,-0.45694312,-0.21028395,0.07859386,0.24914758,-0.48005527,0.13372931,-0.13373508,0.12749758,0.40301296,-0.4199175,-0.090783,-0.20028514,0.20554739,-0.10437711,0.055752467,0.37068138,-0.0520527,0.20778912,0.21645778,-0.2193133,-0.25786322,0.32346886,-0.15441461,0.37997323,0.44422346,-0.091716595,0.2506492,0.15918869
OAS1_0406,1.6793418,0.4449256,-0.1624508,-0.12548636,0.33221388,-0.72218806,-1.1777209,0.1595966,0.59336525,-1.2016385,0.06144608,0.15276282,0.4553096,0.47664517,0.41543835,0.3773706,0.08723988,-0.16483782,-0.114226274,-0.20665511,0.40307286,0.19662853,-0.11072309,-0.36700645,0.5077503,0.52921706,0.6972034,-0.91375655,-0.5309434,0.50187904,-0.5248667,-0.8616382,0.050395656,-0.27606192,0.26666507,0.23596005,-0.24434863,-0.44354233,0.004184873,-0.69784516,-0.13754863,-0.13394208,-0.371758,-0.20234196,0.20111781,0.5204668,-0.060099006,0.5069936,0.40622452,-0.1868492,0.32135507,-0.16806062,0.257733,-0.2799718,0.5505173,-0.58064723,0.36397883,0.21772355,0.030707395,-0.1571719,-0.106435716,0.50896746,-0.285359,-0.11980404,0.37772644,-0.19436173,0.22390337,-0.74112755,-0.0746785,-0.0638413,0.18001033,0.06941109,-0.93726164,-0.2858624,0.06324216,-0.13796636,-0.29894635,0.26401132,-0.010917449,0.03979227,-0.07981388,-0.061088424,-0.42419684,-0.2318814,-0.28948933,0.25782952,-0.056702573,-0.1413975,0.09399823,0.40290174,-0.19239648,-0.09156252,0.6379571,-0.24290267,-0.38875315,0.37243414,-0.46851888,0.6938607,0.13057081,-0.54294556,-0.12987976,0.04298093,0.30777448,-0.053070936,-0.10968781,-0.13384217,0.24912737,-0.36816135,-0.06855854,0.10945743
OAS1_0407,-1.8835683,1.1317034,-0.41934684,0.23662947,-0.26565146,0.7005964,-0.7194542,0.21830723,0.384907,-0.42440778,-0.3512873,0.24268898,0.5351904,0.0025138333,-0.39624956,-0.40680158,-0.6375994,-0.05284511,-0.2748884,0.9171488,-0.26215234,0.2328816,0.22622421,0.48695773,0.15496184,-0.22799651,0.009149512,-0.062266007,0.08180237,0.13224773,-0.21183367,-0.18156356,-0.21464291,-0.04814559,-0.014197232,-0.20415428,-0.13559437,-0.35680097,0.05275992,-1.1982268,0.6469442,0.35522595,0.060687955,-0.014557153,0.18565981,-0.6027352,0.20868108,0.27590734,-0.20673718,0.14627664,0.7158958,0.4583108,0.24429551,0.16735725,-0.042332772,0.041297667,0.28538075,0.052100115,-0.5401131,-0.40684128,0.568434,-0.26360258,0.22393999,0.008466194,-0.043412473,-0.15776385,-0.13021843,-0.34491515,-0.17067325,0.11943668,-0.599381,-0.7731317,0.56398,-0.2914238,-0.014219886,0.016684728,0.50053334,-0.442679,0.7452862,-0.0030393018,-0.19256863,-0.105717376,-0.113672696,-0.1592118,0.13129,0.1038723,-0.39278302,-0.19081192,0.67454404,0.14544064,0.20406091,-0.24966072,-0.6159873,0.113558844,0.26109597,0.013547447,0.036103092,-0.0221634,-0.33235756,0.19130859,-0.05191078,-0.28490934,-0.04081916,-0.6154118,0.09752166,0.49568027,-0.3331688,0.5358128,-0.4800644,0.20666362
OAS1_0408,1.1820043,-1.6395459,-1.8076576,0.3720718,-1.422978,-0.22163998,0.4113471,-0.1992558,0.9110314,0.41760278,-0.65957147,0.101471126,-0.050259277,0.38412577,0.22404125,0.17426538,-0.19225939,-0.07451596,-0.17471285,0.3453635,0.5082619,-0.051952925,0.2791103,1.1224194,-0.07716138,-0.290252,-0.4736412,-0.80083495,0.16422331,-0.029182207,0.3066152,-0.5658487,-0.5409761,-0.07026305,-0.07435186,0.028647037,0.10041503,-0.0792111,-0.263994,0.30796397,0.09681097,-0.30001345,-0.5614299,-0.2648965,0.28518194,-0.082535475,0.49094,-0.7100328,0.62839437,0.17056464,-0.22165903,0.08270348,0.06194479,-0.13834634,-0.66988844,-0.61097217,0.24798611,-0.18039098,-0.12331607,0.004587022,0.37196505,0.11688616,-0.045643605,-0.21940272,-0.40725002,-0.67978686,0.14742891,0.34300795,0.3417124,-0.3414425,-0.00014140819,-0.07048965,0.5594099,-0.5094502,-0.2745947,0.39040583,-0.2212431,0.25496688,-0.47668907,-0.27932265,0.29942784,-0.22221398,-0.17463093,-0.46720806,-0.48658788,-0.029096443,0.38589075,-0.30283362,-0.1081721,0.16323069,0.047260243,0.209477,-0.5394769,0.035519622,-0.18527037,-0.4038818,-0.12289655,-0.45946243,-0.037679885,-0.15390544,0.2060557,0.46655294,-0.72995675,0.4769994,0.29014084,0.005878907,-0.3677448,0.42448124,-0.18517613,0.1733029
OAS1_0409,-0.22777593,1.1085817,-0.67718977,-0.917023,0.8574756,0.1646022,0.25698325,-0.07294327,-0.15842803,-0.621805,-0.026781563,0.6556729,-0.6438697,0.19428109,-0.03238862,0.0463664,0.18967488,-0.11526257,0.38065016,0.566661,-0.09353901,-0.3525769,0.56251866,0.2779204,0.053824715,0.063945614,-0.38320294,-0.22513978,-0.14112288,0.47545686,-0.024312027,-0.88571006,0.45304677,-0.058971368,0.5117821,0.28401464,0.22051404,0.18995415,-0.06220329,-0.005077798,-0.58009547,-0.06947443,-0.044014834,-0.36619458,0.54745865,0.33750224,-0.021900002,1.0974188,0.66859305,-0.001900144,0.55154425,-0.26809344,0.18678366,-0.6355306,-0.16102624,0.3499121,-0.16983838,-0.48192918,-0.17089681,-0.0010658102,0.7243638,0.66226256,0.37882912,0.2722409,-0.04763286,0.15855823,-0.45895532,0.0804787,-0.2012616,0.55314964,-0.2747991,-0.36777207,-0.28230432,0.28920183,-0.2543419,-0.90537393,-0.07074026,0.3248402,-0.4046321,-0.3712189,0.5797618,0.5506464,-0.21298972,0.3817724,-0.40716368,0.20057772,-0.15618297,0.65198624,0.3385436,0.50728977,0.00083821005,-0.13125522,0.5033979,0.15971455,-0.038074158,0.31329557,-0.18266189,-0.28514567,-0.43573937,-0.15199938,-0.56855386,0.80804944,-0.85067195,-0.022078982,-0.29394,0.515356,0.30034262,0.16816401,0.24225657,-0.5161368
OAS1_0410,-2.6168115,1.0853323,-1.6435089,0.08026333,-0.9083894,-0.010803789,-0.7225121,0.0031818433,0.025740799,-0.22451162,0.61861444,-0.043392673,-0.17114483,1.0966917,-0.051415313,-0.7141359,-0.07983018,0.056769114,-0.9825932,-0.54372346,-0.45080277,-0.86936444,0.35545388,0.47558197,0.5226203,-0.03025352,-0.21505903,0.01599588,0.23436537,0.10998913,-0.51787573,-0.37291595,0.44858742,0.4726096,0.5354347,0.59710944,0.29663613,-0.32149976,0.07453009,-0.9205882,-0.33620483,-0.48861083,-0.045719557,-0.1290063,-0.25683826,0.003710032,0.033215877,0.5459927,0.75368667,-0.026059052,-0.43456224,-0.121059716,-0.44540364,0.49819863,-0.37590754,-0.88616943,-0.57845914,0.29009408,-0.8328512,0.4654031,0.048482392,-0.15478837,-0.6040228,-0.184964,-0.34140202,-0.06465799,0.4865238,0.3344626,-0.44050884,0.12881064,0.07826983,-0.049362086,-0.40510046,-0.28332222,-0.009010451,-0.37346295,0.0073302216,0.031116743,-0.03311906,0.07681481,0.06384307,0.3936219,0.5650973,-0.118105374,0.20617397,0.057421852,-0.048431776,0.6749049,0.5116406,-0.17897229,0.47538695,0.33770314,0.028393727,0.20567058,-0.046071533,0.089065164,-0.21252087,-0.11219982,-0.007551897,0.1392703,0.6542729,-0.27372077,0.31488705,-0.3132041,0.016535906,-0.41445744,-0.34614554,-0.625149,-0.19507076,0.16022015
OAS1_0411,0.62343764,-1.8440243,-0.61582893,-0.2646863,-0.6533996,0.7914595,-0.4084878,0.030723572,-0.05354786,-0.18359014,0.6905049,0.53293115,0.16471457,-0.019498825,-0.016843729,0.48359758,-0.5239512,-0.86869293,0.4718673,-0.4000022,0.011855275,-0.2281658,-0.17620386,-0.35026976,-0.032025535,0.47106898,-0.31993362,0.6157179,-0.4764248,0.2914956,0.36458683,0.17412747,0.11192975,-0.57545084,0.4272469,0.5876149,-0.48010635,0.090505235,-0.07530694,0.40529525,0.01701249,0.23046483,-0.4832317,0.5796527,-0.024723833,-0.26479402,0.18789116,-0.10681526,-0.22113492,0.2705672,-0.57082796,0.73090154,0.6674966,-0.40387937,0.19362485,-0.29380694,0.45967594,0.00043943463,0.6222794,-0.7655323,-0.3325371,-0.26644337,-0.07099573,0.0043610274,0.95178074,-0.32156506,0.031227628,-0.05499527,0.010653711,-0.37103325,0.40149903,-0.47253054,0.391709,-0.25656727,0.11465458,0.25248212,0.078364536,-0.028455421,0.3882496,0.06295825,0.227872,0.5869623,-0.5664852,0.11992082,-0.25198558,-0.15560466,-0.40828413,-0.51975876,-0.0011962511,-0.079622015,-0.20965138,-0.22303489,0.34711537,-0.21893731,-0.1096164,0.08998362,0.039896972,-0.04521772,0.7133975,-0.15430999,-0.37488165,0.0008696763,0.0055710594,-0.112553336,-0.609065,0.034443926,0.20317496,-0.29383883,-0.16031075,0.18095228
OAS1_0413,-2.3808177,2.0327764,-0.51785886,-0.86911714,-1.7167759,0.43325847,0.21270217,0.39373922,1.276528,-0.9627446,0.69227016,-0.14818534,1.321213,0.11569462,0.04124099,-0.34953773,0.44913268,0.9537826,-0.085996695,-0.38715026,0.31640354,1.0103835,-0.06417846,-1.1432056,0.6657919,-0.1399003,0.09223813,-0.08212858,-0.10180338,0.14766988,0.27996343,0.16528633,-0.4912817,1.2667675,0.34029627,0.76697224,-0.42207202,-0.6266317,0.37532794,-0.3606187,0.25531152,0.10611356,-0.07596908,-0.69341654,-0.27247888,-0.45278382,-0.24894226,-0.04365618,0.10406508,-0.5396032,0.37786052,0.5118257,0.24182732,0.081311464,0.54912615,-0.24874102,-0.0019077954,0.3561107,-0.1657947,0.6205728,0.009353161,0.20901112,0.33458632,-0.5342342,-0.02287634,0.1212964,0.053608496,-0.12578681,-0.38218924,0.248027,-0.36287463,-0.5571492,-0.15530601,-0.67852,-0.5363425,0.07323719,-0.078002915,-0.09522845,0.12239431,-0.35460293,0.1440275,-0.2818772,-0.116792254,0.66278106,0.07066448,-0.8660908,0.2944598,0.022240773,-0.16027872,-0.044209838,0.33388156,0.1377783,0.14152119,-0.07499774,0.040906347,-0.3016717,-0.37942395,-0.19932665,0.14999633,-0.21039791,-0.29332426,0.094818585,0.05291649,0.08347089,0.20776847,0.069493875,0.20496573,0.1603476,-0.31449494,0.034378957
OAS1_0415,1.6828153,-1.4269332,-1.7402662,0.56755507,-0.8168622,-0.7211891,0.51110727,0.47799286,0.91124564,0.49493828,0.53645825,0.56119365,0.57051533,-0.5898118,-0.4483128,-0.1309714,1.1152723,-0.16195066,0.4097044,0.46635306,-0.16381936,-0.070106335,0.10555287,0.70383435,0.38058397,-0.24162734,0.01313243,0.55623066,0.47792304,-0.23720066,-0.010498225,-0.7868882,0.13522503,-0.88729876,-0.073432654,0.22825797,0.15851162,0.09652242,0.27216098,0.92114604,-0.13609259,0.37322295,0.082435906,-0.49182758,-0.33165652,-0.056533013,-0.29904136,-0.08346353,-0.25059533,0.5177294,0.035901878,-0.025325187,-0.27096504,0.37603238,0.46786702,-0.039792623,0.46743965,0.03653949,0.16592914,-0.24685058,0.14235693,0.063747115,0.3207189,0.53698075,-0.038889028,-0.23098597,-0.112697,0.08402324,0.0068706665,-0.100104354,-0.14244664,-0.13932988,-0.37475365,-0.52768654,-0.037675202,0.059819184,0.3569107,0.3105869,0.73652416,-0.60477257,-0.031963646,0.10603449,-0.045457024,0.49220723,0.043194227,0.24411972,-0.035087448,0.24553195,0.36046612,0.2202029,-0.13424549,0.1513785,0.0901417,0.007863222,-0.23035789,0.12998703,0.016647974,-0.008616194,0.46250895,0.6123914,-0.120279916,-0.27391568,0.73001724,0.22633873,-0.174911,-0.020381788,0.5910839,0.30547416,-0.32109308,-0.31721678
OAS1_0416,0.9776097,-1.7151262,-1.5352005,-0.1869206,-0.7929151,0.6653487,0.97753334,-0.34123632,0.18510135,0.06676614,0.14695281,0.032246027,0.40965572,0.56044394,0.19319235,-0.4031401,-0.27888486,0.32240424,-0.17068543,0.11730592,0.30664673,0.04707665,-0.2021609,0.3895215,-0.34104192,0.19511549,-0.602371,-0.41055375,0.062429268,-0.67061925,-0.22451976,-0.044573724,0.5918536,-0.6417525,0.17870948,0.59056354,0.6229601,-0.7214523,-0.54625404,-0.4819574,-0.6098797,0.06915898,-0.3349901,-0.13486513,0.13507532,0.64655334,-0.18671216,0.008259346,-0.092275694,0.50651026,0.42475778,-0.010905149,-0.13885176,0.38906446,0.4593038,0.16392517,-0.2263072,0.37232512,-0.33139136,-0.5032311,0.411035,-0.21250859,0.37340498,0.06842571,-0.060535427,0.85195434,-0.15703519,-0.119733304,0.021903845,-0.5652746,0.28765818,-0.13072346,0.06624037,-0.53962946,-0.0028684728,0.07783608,-0.16875026,-0.10517566,0.4387367,-0.20908186,0.36318943,-0.3630708,-0.3007338,-0.34692973,-0.5698314,0.044143893,-0.07579604,-0.096855514,-0.47890502,-0.3463239,-0.12262768,-0.8713359,0.1734384,0.022722684,0.06513274,0.045320667,0.008429561,0.34751737,-0.015814545,0.015286088,0.66883665,0.3724825,-0.43190342,0.062476326,-0.21736921,-0.17918862,-0.25590548,0.23105529,-0.17428397,-0.38085508
OAS1_0417,1.3288614,-0.67442405,-1.6375551,0.9046207,0.39832807,-0.08256027,0.0344958,-0.42689502,0.44512147,-0.061367813,-0.095738955,-0.48088476,0.73508036,0.32048526,-1.2234956,0.67487377,0.06662921,0.06702428,0.55134207,-0.03469549,0.6059178,0.62827975,-0.4400383,-0.28723758,0.43333918,-0.5850794,-0.3878287,-0.20155053,-0.35897645,0.12182755,0.015157508,0.14745696,0.36794978,-0.06387986,0.19657435,0.5840982,-0.2919493,0.015900737,-0.0286697,0.1659882,0.04526146,0.7701485,0.28832313,0.17780596,-0.32753026,-0.05857438,-0.6223747,0.06418059,0.95293236,0.021137957,-1.2485458,0.015782796,-0.53288,0.3351485,-0.4326446,-0.43224525,0.07123722,0.526708,0.667644,-0.0010655134,-0.3823116,-0.9191885,-0.22865787,0.115473844,-0.3069823,-0.6302861,0.07884264,0.10907334,0.9430697,0.0633344,-0.14181009,0.18338317,0.54508585,-0.2577893,0.48124886,-0.74323034,0.32591638,0.22771555,0.42118856,-0.1774694,-0.31147975,-0.12004167,-0.24585496,-0.030776778,0.46760198,0.022278635,0.032349434,-0.26284003,-0.45231187,0.21786414,0.25089502,0.36053956,0.1538147,-0.02986417,-0.16331215,0.2935914,0.054193076,0.1385789,-0.5946926,0.13316847,-0.4571642,0.43490046,0.12786558,0.097832784,0.3996671,-0.42817265,-0.4547457,-0.0077287876,-0.3888352,-0.6833223
OAS1_0418,-1.3076931,0.8823291,1.1744541,-1.1128969,0.35530084,-0.58178335,0.16745865,0.99366736,0.9724884,-0.8835519,-0.512286,0.17525737,-0.14724076,-0.1629274,0.8634303,-0.31158143,-0.059679754,-0.20448656,-1.2118945,0.7374142,0.43205371,-0.8686293,0.022581268,0.13614027,0.11824185,0.25151372,0.14577337,0.10363265,-0.036127735,0.34829625,0.2914241,0.07946512,-0.3351435,0.037322346,-1.1483823,0.40940088,-0.4256042,0.17208551,-0.28294367,0.29464167,0.13239299,-0.35307395,0.55231714,0.18154784,0.11366486,0.26659524,0.05992709,-0.5419973,0.36467785,-0.401906,-0.50511855,-0.0493111,-0.046279106,-0.2736938,0.08237011,0.37942702,-0.09818493,0.46660787,-0.22049008,-0.29879767,0.45937845,-0.028368793,0.32046914,0.25482476,0.52757746,0.49151513,-0.40407616,0.56033844,-0.40910724,-0.10705814,-0.46399242,-0.14559613,0.054915205,0.29895806,0.21668254,-0.35724196,0.47826317,0.2527308,0.55864435,-0.12900358,-0.005844936,-0.42008463,0.076737955,-0.70172817,0.026785694,0.73234504,0.54319596,-0.14860216,-0.18816933,0.4934842,-0.38762936,0.43671554,0.011515173,0.38294396,0.07391719,0.17805398,-0.06438393,-0.053079586,-0.08266572,-0.34234577,-0.112240374,0.07187915,-0.11467137,-0.09685884,-0.24932283,-0.13730626,-0.06746208,-0.095622644,-0.048486438,0.28695568
OAS1_0419,-2.0380511,0.7985683,-1.9682575,0.26330665,-0.92599523,0.106844746,0.010709591,0.380064,-0.21270004,0.61378026,0.5768493,-0.06463756,0.25524268,0.069502726,0.6882102,-0.5528962,-0.4585911,-0.11461869,-0.5502599,-0.4696172,-1.1146052,-0.20733654,-0.38550863,-0.20599966,-0.046660192,0.5362971,0.61453414,-0.07739176,-0.04070571,0.7640518,-0.44580403,0.442232,-0.008415677,0.28318188,0.22851896,0.4200889,-0.005104408,-0.5931026,-0.03497552,-0.067369826,-0.2619144,-0.71692586,0.5198499,0.0847496,0.16463304,-1.1233425,-0.036257852,-0.3608394,-0.35546663,-0.27679595,-0.09843689,-0.23187187,-0.5015498,0.45914993,0.30581433,0.1470425,0.62886477,-0.28641596,-0.39948177,0.36775917,-0.0033140874,0.003806852,-0.19019414,0.2913841,0.3457188,0.15638347,0.09011815,-0.14541763,-0.027328745,-0.060833707,0.6706914,-0.29109812,0.55006784,-0.42106834,-0.29764965,0.23348507,0.33423287,-0.42289826,0.1897713,0.14224225,-0.14224151,-0.19299543,-0.5292611,-0.91511244,0.12015225,-0.57279,-0.64142317,0.25663736,0.096594095,-0.36566988,0.36362758,0.66896605,-0.36042398,0.28332558,0.22600357,-0.04511833,-0.43848312,0.3410451,-0.2701098,0.08996241,-0.16686796,-0.08666533,-0.027381634,-0.17544147,-0.12825015,-0.23655683,-0.27957475,-0.07960434,0.09476725,0.0046689874
OAS1_0420,-0.0543941,-1.4621297,-2.5321078,-1.0716759,-0.54513526,0.34153053,-0.11014506,-0.2685831,-0.59992284,0.41845247,0.95402855,-0.34532693,0.24255277,0.39429477,0.45161757,-0.049370375,0.14243224,0.09282541,-0.22975723,-0.19521554,0.47670257,-0.19321077,-0.06453575,-0.58330613,0.14498034,-0.75259775,-0.11789334,-0.18066764,-0.030728582,-0.45895937,-0.30012223,-0.12769893,0.5950813,0.047788993,-0.124994956,0.15366347,0.16356489,-0.5679337,-0.015569039,0.5797217,0.8871179,0.3100272,-0.038341776,0.7654085,-0.13165312,0.20651533,0.056144863,0.30850038,-0.044962045,0.44258267,-0.42644012,-0.45838666,-0.15501542,0.22342417,0.2689562,0.97031355,0.047605287,0.5722569,-0.35611996,0.09985567,-0.11512088,0.07055026,-0.40447086,0.3021435,0.39918128,0.17362325,0.26280844,0.47089297,-0.25145158,-0.12712127,-0.44053602,-0.11217993,-0.50745577,0.18511097,0.30105826,-0.8203618,-0.42270255,-0.43984863,0.09447687,0.41282493,-0.46626362,0.31586275,-0.2662343,0.12698388,-0.23010105,-0.4199269,-0.031202247,-0.074512094,0.19527335,0.18293427,0.27335066,-0.1891957,0.13697676,-0.03721621,0.19854122,-0.13462824,0.5969294,-0.12690453,-0.14259727,-0.33144313,0.22408637,-0.23718458,-0.0030482449,0.03206272,0.40821493,-0.11934271,0.07750855,0.40676928,-0.20765659,-0.07781856
OAS1_0421,-1.7073531,0.60006547,-1.6064856,0.70014083,-0.16901644,0.73099554,0.27158633,0.27715418,-0.40760756,0.8041088,-0.2845013,0.0020380737,0.070408955,0.47215024,-0.098933436,-0.38683608,-0.088530615,-0.3663822,0.18447888,0.026807154,0.4961966,-0.2693041,-0.014126044,0.7818305,0.62171686,0.19440675,-0.074603625,0.3030086,-0.22254956,-0.03382322,0.24257836,-0.433085,-0.055592045,0.40959376,-0.42610428,-0.28293014,-0.37361738,0.12143254,0.19382825,-1.5100762,0.056300342,0.22453701,0.07234338,0.096142575,-0.37425277,-0.7604803,-0.33729994,0.046672143,-0.25074822,0.7378391,0.22088812,0.2246004,0.035659395,-0.29856598,0.46799234,0.08361746,-0.14778905,0.9185372,-0.28666925,0.27328756,-0.0380033,0.60533744,0.43277225,-0.11689583,0.26939535,-0.18550117,0.005062249,0.23780657,0.15608086,-0.04535439,-0.13677204,0.46776325,-0.032616813,0.5727759,-0.48233998,0.30094826,0.7034477,-0.007902265,0.30049467,0.4053686,-0.23466666,-0.40679917,0.18751486,-0.17435203,-0.28827268,-0.2325764,-0.32211003,0.13144946,-0.39720476,-0.11709249,0.29956505,0.48172283,0.18995023,0.2125121,-0.32214448,-0.16583702,0.20054805,-0.041669782,-0.09572338,0.19447121,0.0028974814,0.01730171,-0.41620937,0.3919083,0.28072077,-0.28101113,0.51537395,0.47535712,-0.51822996,0.16653958
OAS1_0422,-1.9671092,0.75094634,-1.0680689,-1.070192,-1.5183375,1.0220445,-0.60805166,-1.1217927,-0.2567696,0.37004814,0.31128412,-0.7373446,-0.45495468,0.181289,-0.019031016,0.42794058,-0.7474702,-0.43182796,1.263193,-0.7049783,-1.1036925,-0.5524143,0.6526593,0.5757541,-0.49860626,-0.06965365,-2.2263837,-0.14509441,0.43400395,-0.390347,-0.7561834,-0.25837478,-1.1817743,-0.31721026,-0.34650528,-0.059873126,-0.004812425,0.5274691,0.05312322,0.57626873,0.2456496,0.23263384,-0.06800806,-0.25733152,0.44759366,-0.5625663,-0.15820794,0.23145816,0.6159616,-0.3221929,-0.45489562,-0.007748979,0.37937945,0.51264066,0.31690323,-0.016513605,0.09914355,0.33296102,0.301599,0.7116592,0.49476135,0.13115002,0.3234155,1.0473199,-0.099328086,-0.0981996,0.11029852,-0.3672302,0.55236655,-0.51189953,0.10541566,0.22416954,0.18192892,0.01243772,0.17331147,-0.2788458,0.1913664,-0.45740014,-0.57323736,0.86157966,0.4037057,-0.11790926,0.2612371,0.2711086,-0.096511975,-0.10427097,0.28027028,0.040362045,-0.24091344,0.28118566,-0.15056966,0.034775507,-0.12115778,-0.11739078,-0.060175758,0.2634375,-0.082903296,-0.34303907,-0.2552571,0.12022354,-0.08741735,0.0031187676,-0.36072254,-0.37044954,-0.2954971,-0.040068876,0.07748198,0.24056138,-0.08770061,0.029763956
OAS1_0423,1.2025158,-2.1439195,0.4701724,0.2197197,1.3252344,0.09324398,-0.020206546,-0.22443467,-0.47578868,0.10875567,0.3739353,0.06680864,-0.122608215,-0.41377112,-0.23445292,-0.45315316,-0.09103219,-0.44348606,-0.195337,0.32147413,0.42833018,0.34874436,-0.9964069,-0.6028128,0.19312991,0.31893778,-0.7681653,0.4315897,-0.19100103,-0.40760618,0.5108751,0.7110081,-0.44083574,0.059343196,0.59110206,0.16144732,-0.11958845,-0.24492688,-0.64459985,0.38809595,-0.52956903,0.76520497,-0.23686321,-0.29485515,0.089236215,0.07252863,0.7190082,-0.14227505,-0.27387598,0.35348076,0.24250002,-0.29155228,0.22643995,0.09933427,0.03550014,-0.10473317,-0.67522436,0.041697517,0.25030154,0.24157526,0.0682199,0.49277627,0.64165545,-0.085933216,0.52976924,-0.11237865,-0.1803279,-0.14116083,-0.042148642,-0.49176094,-0.014626907,-0.29572108,-0.22162788,-0.06764674,-0.07046503,0.3929644,0.93490034,-0.07339458,0.42333445,0.12962496,0.074471295,0.29434586,0.45210788,-0.35402155,-0.67658585,0.009539725,0.03513786,0.14793475,0.20222238,0.31016338,0.062858894,-0.04764965,-0.07361489,0.055771858,-0.021356627,-0.29815978,0.16035935,-0.64395267,-0.4456354,-0.76212066,0.36945757,-0.28267068,0.10624685,0.11010158,-0.079185724,-0.22292638,-0.654514,0.3395915,0.18292941,0.16183458
OAS1_0424,0.5725495,-1.67404,0.9241219,-1.2366449,-0.46400797,-0.11943962,1.2043903,-0.09523253,-0.524944,-0.16058747,-1.0916284,0.6633438,0.5859773,0.71137244,0.08624683,-0.19429012,0.17272265,0.28359422,-0.049903426,0.24518675,-0.17953403,0.011567552,-1.21054,0.15408379,-1.3562526,0.5748028,0.68305385,0.33681536,0.45220378,0.2277675,0.27053726,0.4625173,-0.76069766,0.07304314,1.1944082,0.086474545,0.40190053,0.19149275,-0.08670958,0.39084134,-0.69983137,0.0986931,-0.022437286,0.19066525,-0.52210844,0.23074575,-0.6506883,-0.03124285,-0.054146647,0.56433105,0.88602954,-0.09644544,-0.3360299,-0.36178112,-0.15308908,0.66775036,-0.34811735,-0.12818144,0.047247324,0.1044534,0.037095744,0.21324518,0.2823971,0.34196383,0.30624437,-0.35057276,0.1449466,0.693142,-0.049257956,0.13867617,-0.45044523,0.10452507,0.35481676,0.8023275,-0.71108884,-0.40884653,0.20773782,-0.1414661,-0.14603333,-0.2510692,0.48118013,0.18749991,0.22990687,0.08075403,0.45699492,0.67575324,-0.0049687196,-0.3843126,0.064519726,0.079948194,-0.47534257,0.3779909,-0.116128586,-0.10866064,0.16774093,0.12899636,0.0039723706,-0.057877026,0.00070944236,-0.10664688,-0.6281802,0.1797122,0.14313078,0.12008239,0.10030438,0.15327035,0.54625666,0.05137953,-0.9741559,0.17511839
OAS1_0425,-0.5872761,-0.68870544,0.48973513,0.9905262,-0.33932114,0.9285632,0.171557,-0.7480076,1.3824294,-0.8004374,-0.24804473,0.18650989,-1.042891,0.42458907,-1.1397047,-0.7133636,-0.60416675,-0.26325983,-0.51814646,-0.42211297,-0.90592927,0.62186605,-0.006392568,-0.0625918,0.054361686,0.011079437,-0.69315857,0.5647663,-0.18725269,-0.32974863,-0.10807532,-0.28275535,0.38330665,-0.26639035,0.27588743,-0.7961161,-0.89504427,-0.13574693,-0.2642555,0.10307933,-0.15357749,-0.6153014,0.15124717,0.5444504,0.0090686,-0.4751673,-0.18522772,-0.5397853,-0.07137425,-0.33046868,-0.63789636,-0.15280661,-0.30677232,0.00409375,0.17300113,-0.17649351,-0.18962626,-0.22603993,-0.37647298,-0.38628662,0.17952171,0.43443814,0.027821546,-0.43814167,0.15289038,-0.14037308,-0.5652015,0.09246473,0.1419699,0.44659802,-0.3927328,0.2606091,-0.20168509,-0.22502533,-0.23359516,0.3267792,-0.18402301,-0.24451953,0.64367074,-0.4724992,-0.5826377,0.0070484634,-0.43952674,0.6180753,0.032736454,-1.1130786,-0.43663204,-0.33541113,-0.17971723,-0.31583178,0.29170856,0.46539772,0.37942815,-0.115256995,-0.3925163,0.38344732,-0.14323454,0.40327525,0.21594347,-0.83489424,-0.56278455,-0.030396381,0.40811694,-0.32081002,0.050649967,-0.17183995,-0.61372507,0.26635456,0.08452236,0.17533205
OAS1_0426,0.24789484,1.0526923,0.6427951,-0.66484916,-1.0036774,1.4657451,-0.09069154,-1.4820687,0.7306224,-0.3223509,1.2790136,0.64897156,0.099133134,-0.38608992,-0.33784822,-0.15981619,-0.45173487,0.37773922,0.45066452,-0.05078173,0.19114797,0.11684127,-0.0001658604,0.5000754,-0.65171075,0.60104567,-0.6477729,0.35194483,-0.5719687,0.2569063,0.4654238,0.30988476,-0.27937853,0.63515425,-0.35796434,0.9858271,0.1241295,-0.06453593,-0.21255524,0.10577282,0.22842471,0.5108048,-0.5591674,0.023858707,-0.117084555,0.4587748,-0.02313788,0.23157957,0.31934118,0.22083755,0.60872567,-0.03840129,-0.43676057,0.118095644,0.16437323,0.23736075,-0.3907445,-0.19514324,0.8369552,0.16904455,-0.14330775,-0.140562,0.3442278,0.066119134,0.5958891,0.11207953,0.044302046,0.6577759,0.3865017,0.3953754,0.16553366,0.1355649,-0.15395069,-0.19641331,-0.29919645,-0.3874417,-0.5310993,-0.4579785,0.15364157,0.36593902,0.45880708,-0.7271644,0.3566176,0.01146403,-0.42804706,-0.11037214,0.7967612,0.2797538,-0.30702087,0.023291647,0.06309945,0.3718714,-0.005404845,0.48916036,0.053102788,-0.16863157,-0.051554248,0.24123985,-0.3823005,0.4944061,-0.47368708,-0.23443826,-0.0050053988,-0.5103512,0.4331073,0.25904173,-0.4354826,0.00020967958,0.25363606,-0.13634248
OAS1_0428,-1.0923073,-1.1991471,0.39359558,-0.04615056,0.17828059,1.2451313,-0.9665759,-1.3008245,-0.6540494,-0.20490359,0.37004748,-0.090361066,-0.052762043,0.34438807,1.2173789,0.86368185,-0.77695423,0.76887745,-0.35117579,0.10587891,0.5218283,0.38034108,0.7584819,-0.41812617,-0.10796356,-0.6789021,0.3067883,-0.41353226,0.3120892,0.41430622,0.8508204,-0.3133897,1.0003263,0.16537072,-0.24981083,0.15837833,-0.453368,-0.05161581,0.34215876,-0.61548734,-0.5834892,-0.20016912,0.60353523,-0.17051074,-0.10449298,-0.14771168,-0.26267,-0.23001596,0.12059492,0.007519775,0.19297524,1.118201,-0.8138788,-0.7656951,0.36836356,0.26751855,0.36315212,-0.3030778,-0.40695292,-0.27305695,-0.6128438,-0.53362125,0.20960099,-0.6305838,-0.05328106,-0.1583674,-0.08917713,-0.2170982,-0.1895383,-0.1309298,-0.16324908,0.18287781,0.44947457,-0.0069920258,0.19462058,0.30599323,0.6151296,0.36664668,-0.5529808,-0.14424847,0.46775076,-0.26559475,0.07740509,0.25987092,-0.05586011,-0.4079842,-0.12691286,-0.02230252,-1.0489553,-0.5433775,0.7175489,0.18233201,0.47380427,0.1301309,0.055215508,-0.09667222,-0.43367487,-0.27210024,-0.2783678,-0.19897632,0.34466794,0.2393643,0.0035994106,0.663476,-0.7859256,0.14549182,-0.3546852,-0.43309125,0.28046644,-0.43603984
OAS1_0429,-1.855905,0.94952863,0.14839928,0.8780757,-0.16780515,0.021406835,-0.88024676,0.88927704,0.78580344,-0.44384295,-0.39181522,0.12539984,0.73405063,0.08089151,-0.2018,-0.15876219,-0.71455085,-0.18859784,-0.4752695,0.3770433,0.7686734,-0.13551138,-1.155904,0.092737176,0.4636044,0.57361376,0.2506754,-0.9942067,0.3282175,-0.13075687,0.48673326,0.19326006,-0.025188157,0.7130305,0.10662677,-0.61174566,-0.6048098,-0.23125277,0.49023288,-0.106845535,0.2556386,-0.4163407,-0.6755009,0.22014381,-0.50079656,-0.22849497,-0.24012364,-0.2011097,-0.16295075,-0.095191725,0.24511911,0.46190292,0.44602048,-0.11395363,0.3450902,-0.3188262,-0.012597939,-0.30736732,-0.3393768,-1.083665,0.7205913,-0.31869805,1.0785205,0.40630853,0.25281775,0.5032687,-0.033476323,0.25376835,-0.026353,0.07154333,0.47116664,-0.55766064,0.29250807,-0.23029031,-0.5918929,-0.1704345,0.21561383,-0.51844114,0.12553748,-0.084492914,-0.04681795,0.20171541,-0.051290292,0.07905126,0.056136478,-0.024744414,-0.40554002,0.08593664,0.16914131,-0.1848043,-0.03680575,-0.023538081,-0.041980356,-0.28436044,0.285809,0.44459787,0.20211646,-0.5135996,0.18410309,0.14533445,-0.030007506,-0.18249422,-0.09510856,0.34543297,0.15459032,0.109476596,0.2393564,0.186065,-0.348982,-0.56779045
OAS1_0430,-0.522781,-1.5931865,1.1429751,0.6787117,1.0332309,-0.30420572,-0.436636,-0.22581507,1.4817731,0.096144445,-0.32973844,1.0569638,-1.3925492,-0.23144104,-0.0949259,-0.30136463,0.47052854,-0.87368846,0.5104472,-0.060541466,0.2109769,-0.4755702,-0.6730636,-0.24407062,-0.39590123,-0.4323182,0.02978973,-0.92194617,-0.23557131,0.7083013,-0.45380887,-0.3292245,-0.079456866,-0.78388757,0.43046606,-0.56430954,-0.68026507,-0.10391833,0.034983873,-0.890731,0.029498935,0.54034746,-0.7147322,0.09678382,0.32670417,0.10034683,-0.4237399,0.06802166,-0.16118887,0.09277055,0.13009661,-0.15009373,0.10466297,-0.09685855,-0.056016516,-0.3548926,0.014095814,0.65064216,-0.14911315,-0.21504268,-1.4522893,0.21283978,-0.23142652,-0.5394389,-0.19692697,0.68455553,0.27349186,-0.2087525,-0.22080989,0.08586137,-0.16523783,0.33291656,-0.3780288,-0.10515714,0.43757543,0.94323814,-0.20612927,0.25265932,-0.44984457,-0.010551376,0.51627666,-0.21390387,0.073849194,-0.21697617,0.37108505,0.5118197,0.69826084,-0.3006373,-0.3188306,-0.12598123,0.110412054,0.1930727,0.19184528,0.31231487,-0.41745114,0.27329993,-0.394249,-0.4242964,0.27881223,0.0073688873,0.34241858,0.028356096,0.47820085,0.5457709,0.2965656,-0.34457442,0.12639199,0.083388016,-0.03485255,-0.11013623
OAS1_0431,-2.2387273,0.47683606,-1.747324,1.0091565,-0.32933772,0.31520846,-0.032748554,0.5076756,-0.1687699,0.5396649,-0.6526717,-0.35385388,1.8558981,0.06867355,0.24319498,0.08667669,1.3011584,-0.3073982,-0.6175223,0.07318938,0.16908453,-0.6472155,-0.41708878,-0.4272046,0.17732707,0.6514491,-0.41170686,0.61200994,-0.073706225,0.07039023,-0.37148416,0.22598474,-0.750212,0.39677176,-0.11011548,0.3306913,0.39638072,-0.52701813,0.84308803,-0.26936617,0.58673024,0.26530075,0.25852576,0.22282462,-0.030642707,-0.14686339,-0.54758066,-0.3124325,-0.050037336,-0.7779286,0.58324283,-0.12599345,0.15504962,0.21476184,0.061390754,-0.750361,-0.2993126,-0.2757179,-0.19371642,-0.72869664,-0.02129757,-0.33959687,-0.08761418,0.06277203,0.26767868,-0.19796123,-0.5876722,0.23006162,-0.59625953,-0.284938,-0.17734815,0.04588066,0.17380513,0.23778719,0.19194163,0.36001328,0.2065065,0.3106047,-0.25723344,-0.32512516,0.69295293,0.29512653,0.021704514,-0.06418911,0.08308917,0.15003996,0.018345766,-0.16327421,0.1975145,-0.08655144,0.086432695,-0.38103947,0.35671198,-0.05931545,-0.32772607,-0.06282694,0.11663165,-0.13676003,-0.1262405,0.19977514,-0.18350759,-0.13984802,-0.30215713,-0.22636415,0.12511317,-0.041289695,-0.15546528,0.0844161,0.11004533,-0.18016374
OAS1_0432,-1.0500233,-1.6354969,-1.0532912,-0.05139701,0.11506218,0.38457307,-0.6593184,-1.0890272,-0.15738961,-0.42307585,-0.743854,0.5626046,-0.5103804,-0.9151474,-1.1006751,-0.2102474,-0.3298183,0.8407555,-0.7860442,-0.3207373,-0.09576589,-0.85385054,0.1101561,0.44404384,0.15096909,0.20392996,-0.25219226,0.31760168,-0.10128462,0.8922993,-0.79931915,-0.29876724,-0.23530036,0.07732937,-0.17875041,-0.920486,-0.44537327,-0.45901012,-0.16573064,0.5231221,0.4173243,-0.09692325,-0.21021186,-0.32268646,0.35853794,-0.601306,0.25131857,-0.28049767,0.5295711,0.4051226,0.2300299,0.42868316,0.60387665,0.08320713,0.4812035,0.58941174,-0.13633417,0.29557702,-0.4021091,0.3574549,-0.13251707,0.2721113,0.5476748,-0.10096195,0.11437932,-0.12805128,0.29036132,0.18339303,0.122494064,-0.046531554,-0.73961407,-0.26717317,0.21525186,0.50375813,0.520137,-0.21712822,0.4439542,0.43720576,-0.48640627,0.046279777,0.57694507,0.2049399,-0.12566386,-0.27322298,-0.071133286,-0.08472284,0.41109577,-0.34905794,-0.23224805,-0.06799528,0.027844878,0.08869639,-0.362397,0.47545272,-0.039452244,0.12022707,0.18423694,0.016344275,-0.17449708,0.5072354,0.018611198,-0.36717036,-0.19571672,0.1986167,-0.91327643,0.08400505,0.34462795,-0.694702,-0.35649467,-0.10546556
OAS1_0433,-0.3127289,0.67964274,0.958894,0.7794844,1.3347172,-0.01045598,-0.2128479,1.1567181,0.08173925,0.14585982,0.5066382,0.23225197,1.2500682,0.34669086,-0.91369015,0.1768062,-0.8102842,0.50007474,-0.12806587,-0.5596378,0.27014935,-0.10387362,0.5409356,0.85819066,-0.38505077,-0.10134556,0.23357886,-0.9186032,-0.30052233,-0.32485127,-0.17452851,0.046769217,0.19666584,-0.82123077,-0.31653157,0.7269055,-0.62128454,0.3835862,0.24964924,0.2609258,-0.3998169,0.2566329,-0.116777696,-0.030329391,-0.04902262,0.22807807,-0.11754334,-0.18475023,-0.28019547,0.4089036,-0.061414354,0.076915175,-0.3427423,-0.3153577,0.31385335,-0.47693282,0.16850398,-0.26329052,0.36111048,0.12045977,-0.7761381,0.07225448,-0.30138245,0.10845776,-0.61389154,0.3003934,-0.15209207,0.5044666,0.23803258,0.6854644,-1.0795642,0.20376365,-0.29416037,0.04592813,-0.062978365,-0.15379465,0.21096797,-0.1329792,-0.60883045,-0.21705781,0.44657338,-0.004977098,0.12534024,-0.6910367,0.2581938,0.14864282,0.3010937,-0.46086484,0.18088244,-0.16515984,0.07067451,-0.2019445,0.098768786,-0.42142636,0.060963303,0.21468969,-0.37425107,-0.03504618,-0.052596234,-0.13786167,0.11552975,0.18895838,0.42794213,0.5118044,0.094052225,0.24417377,0.45855504,-0.10054652,0.2223321,0.31056914
OAS1_0434,1.830934,0.8587781,0.10902024,-0.8316533,-0.32546327,0.48508513,-0.008065507,-0.31705397,-0.72563285,0.98545486,0.62398267,0.4647377,-0.7976274,0.33522728,-0.31805083,0.39711255,0.9565556,-0.52804244,-0.6065507,-0.24065855,-0.0041144555,1.1632223,-0.017918628,-0.19422074,-0.10023881,-0.21231154,-0.22370513,0.16725902,-0.47584718,-0.56154037,0.06659306,-0.72837245,0.659218,0.3958015,-0.606896,0.06343024,-0.5540215,-0.0114291925,0.39944494,0.27267885,0.1033551,0.22527385,-0.5116986,0.08732745,0.056003682,0.3749,-0.5471713,0.49882546,0.18505795,-0.14778277,-0.04078312,-0.15822455,0.47700474,-0.43439835,-0.34634885,-0.44253397,0.6152645,0.16272071,-0.2498741,0.436879,-0.38411105,-0.108426675,0.25466585,-0.47919124,-0.34878874,0.50357187,-0.5391771,0.048843633,-0.1642131,-0.1055162,0.15302198,-0.49591446,0.43263865,-0.089290395,0.5493164,-0.098812744,0.23917718,-0.5032787,-0.27022648,-1.046969,0.18835033,-0.1827773,0.4184698,-0.029975202,0.086003736,0.3927743,-0.9170222,-0.2281133,0.5489738,0.5821534,-0.4369964,0.26459932,0.1179772,-0.40572158,-0.2089395,-0.054093152,0.5436064,0.08072397,-0.20261985,0.124166325,-0.0031820252,-0.056397486,0.05432948,-0.65328294,0.17437129,0.7981124,-0.38361076,0.36541295,0.018848896,-0.050660763
OAS1_0435,1.1124121,-0.06357725,-0.28762478,-1.4047052,-0.3148289,-0.529613,0.48864296,-0.060955312,-0.30549362,-0.20484936,-0.980324,1.174139,0.20270613,0.92117196,0.51650876,0.050773848,-0.5861447,0.34106758,0.59624714,0.011375222,-0.12627408,-0.2147074,-0.02165969,0.5366905,-0.10093601,1.1681478,-0.14303322,-0.4226049,-0.10203173,0.20357989,-0.49102923,0.3741858,0.27474138,0.07472669,-0.04262594,0.56802493,0.64939237,0.6198704,-0.42903408,-0.22137097,-1.1387961,-0.17629313,0.008076194,-0.55835414,-0.51803404,0.47655672,-0.42949045,0.27575192,-0.26908436,-0.2506908,0.30484313,0.13906956,0.1546457,0.11952664,-0.4615619,1.0849767,-0.020528413,0.43244606,-0.18386011,-0.07643176,-0.072266124,-0.45346108,-0.2777448,-0.41730583,0.3314409,0.38216946,0.07900053,-0.12263089,-0.1775225,0.13559362,0.15246144,-0.07961194,0.303555,0.53430414,-0.29526374,0.22564925,0.121333234,-0.539358,0.37100565,-0.34519652,0.14581782,0.23350848,0.1509365,-0.21052143,0.21833034,-0.36472452,-0.09823938,-0.00567617,-0.5777254,-0.17816655,0.15983821,-0.44261563,0.037458386,-0.08335767,0.1885295,0.11143661,-0.57587075,0.46736,0.2263519,0.20150952,-0.051658858,-0.10248665,-0.23132831,-0.016544623,0.14025584,0.32759848,0.4897071,0.49594426,0.16712669,-0.16290773
OAS1_0437,0.42441973,0.9596492,-0.5017426,-2.6495612,-0.80582756,-0.89054203,-0.43632096,-0.5154187,-0.24768339,0.29552954,-0.56375074,-0.107650116,-0.9477414,-0.26804256,0.16361439,0.50604063,-0.3055207,-0.84813553,-0.04059513,-0.27774468,-0.6278458,0.13292013,-0.017765924,-0.15349407,-0.35924745,-0.1018274,-0.2136951,-0.941146,0.15007335,0.2332499,-0.017851142,-0.079697885,0.023956954,-0.34395403,-0.30381545,0.4135009,-0.32829994,-0.10363736,0.13815743,-0.3902436,0.26153934,0.7238796,0.24591987,-0.015495227,-0.26077294,0.30645686,-0.5820777,-0.04450069,0.45974538,-0.47019777,0.03985402,-0.26828963,-0.52291363,0.41476193,0.19281685,-0.0975986,-0.13955486,0.86736023,0.32237428,0.35139185,0.17861055,-0.47646648,0.37831852,-0.0043271296,-0.020704923,-0.4169316,-0.36485866,-0.2162854,-0.03867617,0.045813214,-0.34667787,0.20755906,0.041709732,-1.0362675,-0.521064,-0.37080497,-0.17747375,0.43175006,0.34546334,0.5385269,0.07660606,-0.45770532,0.27781418,0.0773014,0.026216332,-0.008749128,-0.21156567,0.18387648,0.72965515,0.062446836,0.27429146,0.038494468,-0.32272357,-0.5737412,0.026368491,-0.5191667,0.07582776,0.4183966,0.1516866,0.33282033,-0.43148902,-0.2970475,-0.07128521,0.4265349,-0.07889721,-0.48269582,-0.2230085,-0.35125175,-0.6241371,0.88921905
OAS1_0438,0.25514856,1.9099419,0.928749,-0.7382869,-0.37322447,0.2341466,-1.1437509,-0.5649594,-0.19713573,-1.063188,-0.22944707,-0.909115,1.4580556,-0.7366849,0.44946885,-0.78974867,0.7273108,-0.7250713,0.5296837,-0.37199038,-0.17525904,0.07274703,-0.08293121,0.6064052,-0.3039605,-0.102370515,-0.5018819,0.14228523,0.24686742,-0.7096895,0.30919683,0.1910163,0.33120674,-0.041652292,-0.39200205,0.29424593,0.38039348,-0.3384827,0.05107569,-0.15190688,-0.8435587,0.14773513,0.08895451,1.3180237,0.44193828,0.22546265,-0.2464379,-0.17309326,-0.60051596,-0.37732366,-0.072351255,-0.5593766,0.13997532,-0.30070072,0.12482397,0.11474912,0.29202226,-0.44190434,-0.49077892,-0.3344006,0.29532057,-0.4041821,-0.25608262,-0.18441294,0.44594008,0.30942053,-0.116898224,0.2069146,0.2916042,-0.32216868,-0.07503465,-0.14484216,-0.19964135,-0.51762855,0.2928643,-0.06716147,0.25585812,-0.027739517,-0.124817245,0.37695077,-0.08383471,0.3762715,0.0008504432,0.2914968,-0.6049724,0.41668463,-0.2567185,0.11184821,-0.5946416,0.2433992,0.07044851,0.12183201,-0.054919165,0.200861,-1.1473843,-0.07731314,0.17382853,0.2231262,0.46726173,0.035520118,0.28119686,0.2855927,0.036057368,-0.37877405,-0.27915117,0.24532305,0.1788897,0.29556683,-0.40227017,0.09719991
OAS1_0439,0.9918011,0.85485655,-0.9552134,0.12302843,0.25220075,0.9921423,0.10499511,-0.4881485,0.052251805,-0.25654206,0.36542413,-0.08062377,-0.6589449,0.08484289,0.16459344,-0.55860955,0.54372203,-0.74695146,0.86347616,0.1251192,0.6063405,-0.61784315,-0.6792747,0.070696615,0.6941829,-0.46852335,-0.07840681,-0.6644012,-0.6497992,-0.46174332,0.06471246,0.21745321,-0.18834955,0.27071646,0.08821763,0.15383823,0.07110112,-0.09862442,0.66767335,0.13957356,-0.26356652,-0.39195997,-0.43855375,-0.3205034,0.12517217,0.5092245,0.3480991,-0.19233586,0.17569712,-0.021153053,0.10794417,-0.23363826,-0.32033986,0.6021937,0.26235762,0.28880244,0.2567369,0.3168799,0.13714561,-0.12304797,0.03116669,-0.18633623,0.06518228,-0.35866243,0.23541829,0.7076876,-0.70954037,-0.0011330419,0.048321784,-0.17447822,0.81043524,0.05450502,0.35444573,0.12982154,0.17190862,-0.08127247,0.7450547,0.31920987,-0.516979,-0.3825516,-0.8423673,-0.2295567,0.028678313,-0.07224513,0.37719673,-0.46866983,0.27053207,-0.40720335,0.49367943,0.09487799,-0.522487,-0.47372168,0.056671795,0.2895342,0.14109063,0.6411685,0.054748636,0.17722285,0.101532765,-0.048260678,0.3548232,0.12628298,0.24202465,-0.0040712324,-0.1069469,-0.34792212,-0.2611012,-0.42047697,0.018093932,-0.3301571
OAS1_0440,0.5026015,0.84705067,1.8607357,1.5794857,-0.59195995,0.2948139,1.0087112,-0.1693229,1.1017814,0.39425692,-1.2857101,0.29578692,0.30125368,0.019173266,1.2461997,-0.6757502,0.14804853,1.0929841,-0.17690249,-0.20038465,-1.1487936,-1.1223316,0.094891384,0.3319787,0.7129652,-0.14761776,0.2445021,0.12630917,-0.09553749,-0.27559695,0.065540284,-0.10685619,-0.45269004,-0.12214511,0.17260316,0.35700196,-0.58882684,-0.7418637,-0.5893048,0.26521996,-0.06855628,-0.30284303,-1.3202295,-0.20239201,-0.25841683,0.14446993,0.287272,0.12861086,-0.405879,-0.41071203,0.16776022,-0.8049403,0.37482986,-0.24930939,0.32861316,0.70938504,-0.11901523,0.7394847,0.1198858,0.7568422,-0.21448834,0.25545704,0.14916913,-0.5869915,-0.07552069,0.2866731,-0.7277684,-0.407393,-0.5057461,0.08523855,-0.05484483,0.72462106,0.53495604,-0.55444074,-0.063085295,-0.29319072,-0.38950047,0.899429,-0.0649194,-0.08057484,-0.27847612,-0.4858892,-0.50918245,-0.3629379,0.14359511,0.507636,0.15635352,0.36852652,0.06271496,0.65514064,0.15525788,0.011817695,0.24790332,-0.21357533,0.15110835,0.5305737,-0.37408647,0.22014903,0.13865426,-0.13044506,-0.0064724665,0.22539659,0.16870658,-0.21379463,-0.058391757,0.13011616,-0.61321425,-0.042426575,-0.3298929,-0.41504723
OAS1_0441,-2.352865,-0.27372023,0.95807207,-0.64024174,0.23626049,-0.58227885,-1.0651625,0.6598572,0.72520614,-0.50305754,0.5853491,0.18533559,-0.24921034,0.5089041,-1.0212363,-0.32277465,0.23668176,0.21659021,-0.7592609,0.5347492,-0.9667539,-0.28449497,0.048311234,-0.09077295,0.44498658,-0.29883182,-0.342384,0.13270387,0.33372566,0.425099,0.5920152,0.2631914,-0.34847552,-1.2583236,1.6547238,0.14119016,-0.11851858,-0.5685543,0.39646688,-0.36239198,-0.44994062,0.1954139,0.19427842,-0.8754234,0.23057975,0.43730542,0.71506506,-0.4236102,-0.54102194,0.53196204,-0.27615017,-0.27526918,-0.20472792,-0.1390717,-0.0084219035,0.15768665,0.036984142,-0.16052817,0.1814988,-0.12468846,0.073100895,-0.24460064,-0.15817612,0.4460772,-0.54778636,0.5269236,-0.42567712,0.11970802,1.1118104,-0.39128625,-0.12720579,0.26795542,-0.40035513,-0.2658903,0.0320238,0.10236713,-0.06178211,0.013473194,-0.0018912833,0.095065475,0.08335175,0.24471147,0.26002184,0.466533,0.21143976,-0.12173219,0.15891932,-0.19412301,0.053484663,0.26528785,-0.6370036,0.018348938,-0.45383117,0.32912925,-0.5078087,0.6071253,0.037866745,-0.50951946,0.21869396,0.19209342,-0.23518962,-0.37047014,0.18538238,0.51514286,-0.53029317,-0.09216934,0.056971576,0.24963976,-0.6872879,0.088471286
OAS1_0442,1.6441126,-0.72198576,-1.1372876,0.61385685,-0.7790058,-0.9278012,0.36250627,0.030985413,1.0962892,-0.087943904,0.48396727,-0.0742354,0.30397135,0.23199835,-1.4227555,0.21803097,0.43299377,-1.0099967,0.5204601,0.5336524,-0.12970163,-0.12883158,0.46409023,-0.26429075,-0.75789344,-0.65651923,0.848957,0.076113895,0.67757714,-0.15270764,-0.31121093,-0.6550708,0.11497919,-0.41213983,0.37168643,-0.35424113,-0.23719439,0.7203592,-0.13540734,-0.025283989,0.11951559,0.52468115,0.5863895,-0.12388314,0.0023743126,-0.9957786,-0.18892583,0.6722761,0.1297609,0.048958827,0.21210986,-0.58478504,0.7914635,-0.34059379,1.0115204,0.36440527,0.08090962,-0.016273053,-0.46488038,-0.5148888,0.36942354,-0.3188893,-0.21251343,-0.016068371,0.06865563,0.067719005,-0.29181623,-0.10361944,-0.20325282,0.06259793,0.38277906,0.20335114,-0.09109898,-0.31356403,0.079027064,-0.40049365,-0.12318629,-0.553694,0.3144727,-0.4819466,0.16884102,0.053418256,0.5125901,-0.3187546,-0.12660459,-0.08549916,0.57262576,-0.04586436,-0.12787637,-0.13897277,-0.062276214,0.15614147,0.11936378,-0.50972027,-0.41762668,-0.3443322,0.42991364,0.16859795,0.093760036,0.08403315,0.4273291,-0.08898482,0.12587932,-0.04977577,-0.29110438,-0.05519451,-0.01712185,0.439633,0.66281664,-0.09695024
OAS1_0443,0.9407547,-0.10154366,-1.4440104,-0.46719146,-0.13886742,-0.02498404,-0.92382574,0.37140483,-0.34316915,-0.2685446,-0.490333,0.774698,-0.37966335,-0.22990064,-0.13909689,0.4892794,0.42073905,0.7805746,0.5403235,0.46935806,0.020157306,-0.5070555,-0.87599057,-0.63646907,0.46246395,0.2090472,0.45096985,0.58510035,-0.5317497,-0.31653708,0.25445944,-0.2218003,0.24727115,0.340518,0.4278052,-0.06307441,-0.15034541,-0.5812762,-0.32972705,0.40345705,-0.07511881,-0.14865243,1.0356532,0.48362035,0.14396003,0.55924344,0.34299636,-0.061713565,0.3719105,-0.14645782,-0.10927012,0.49467346,-0.82144547,-0.14223436,0.52933073,0.5209755,0.27885032,-0.16080359,-0.45118642,0.31925055,-0.17369613,0.4367821,0.35806823,0.25628716,0.21838562,0.034909472,-0.43597165,-0.3012061,-0.28243598,-0.24526109,-0.22445889,0.37325898,-0.079056814,-0.19745274,-0.8368499,0.12570575,-0.2798724,0.32334366,0.22271566,-0.07702426,-0.15254109,0.59371185,-0.17858803,0.33588544,0.52920365,0.012878309,0.36399585,0.1650865,0.039187342,-0.4746904,0.20379423,0.055042766,-0.5976597,-0.31016633,-0.014672879,-0.18883249,-0.35147658,-0.30414736,-0.13301817,0.30020332,-0.29422417,-0.30498424,0.24611889,-0.18072335,0.05154607,-0.4726771,-0.37107268,0.269562,0.21405223,-0.11848876
OAS1_0444,1.7308723,-1.1893902,-0.9172115,-0.010232913,-0.29576656,-0.57337356,-0.80603486,-0.13506764,0.24091683,-0.5945765,-1.3427641,0.008139856,0.045636084,-0.088706724,0.03131493,0.028638009,0.4074776,-0.4241158,0.20083098,-0.6719053,-0.24836595,-0.12262106,0.21152002,-0.35378745,0.24157825,-0.30435532,0.843253,0.16213079,-0.049630433,0.16760089,-0.16574587,-0.26162478,0.12080812,-0.46619153,-0.9139916,0.29181218,-0.3853254,0.21730836,0.21194966,0.09922521,-0.21407962,0.40039963,-0.7331008,0.25152197,-0.048513263,-0.287075,0.2047252,0.051605042,0.5765981,-0.1486771,-0.35205048,0.39588186,-0.42333117,1.0793585,-0.38858125,-0.29863343,-0.4443938,-0.17426077,0.97724307,0.5112441,0.22094561,0.4559685,0.57822514,-0.68215835,0.804192,0.08227432,0.66734606,-0.15375265,0.76082957,0.8471721,0.23611706,-0.4216881,-0.15302825,0.3237997,-0.08456295,0.0009882554,0.096359454,-0.43508643,0.03267477,-0.5585747,0.14949454,-0.035127204,-0.17095837,-0.20252447,0.25753084,-0.037468813,-0.008329739,-0.14176315,-0.21721694,0.19673732,0.367823,-0.07958421,0.4357548,-0.024669401,-0.31469965,0.026141986,0.051087312,-0.513677,0.24602912,-0.3252125,0.031298257,0.666534,-0.34431183,0.45867506,0.090464585,0.56657124,0.0067579662,0.7544406,-0.15321502,0.27932355
OAS1_0445,-2.2673974,-1.9209858,0.9758646,2.328712,-1.403807,-1.6350687,-0.38286236,-0.74442875,-1.8184977,-1.1457916,0.066850774,-0.6859282,-0.51754147,-0.7231958,-0.6436711,-0.6520852,-0.3767147,-0.08628931,-0.7490663,-0.8448877,-0.2376602,-0.3155445,-0.35667992,0.2514713,0.9372184,0.13314088,0.38654315,6.538148e-05,-0.111842506,1.0789282,-0.1824115,-0.6753251,0.3794175,0.36202437,-0.07940894,0.57050204,-0.26838768,0.31347656,-0.242067,0.40783098,-0.36025196,0.48792717,0.20746018,-0.8339048,0.46843162,0.47470263,-0.6665904,-0.2601581,-0.15583746,-0.2662282,-0.25133657,-0.469264,-0.8677198,-0.6299616,0.062198464,0.3590286,0.35529232,-0.20951419,0.01756796,0.2574275,-0.29772958,0.04459029,0.6813362,0.07038699,-0.32199517,-0.56934685,0.035797726,0.24083681,-0.12192504,-0.07190033,0.7226321,0.70048356,-0.07016103,-0.46052885,0.05189352,0.36938232,0.22701184,-0.07615361,-0.21699774,-0.27838057,-0.18175225,-0.22533965,0.17149779,0.11348921,-0.39682594,0.20064993,0.37485823,0.3193335,0.17647393,-0.21548449,0.24222115,0.11223672,0.02969537,0.6403247,-0.29328027,-0.54531926,0.446784,-0.03487942,0.06937252,0.17859408,-0.613267,-0.49559772,-0.54563457,0.03715473,0.12416954,-0.109038904,0.48246464,0.41284055,0.04825058,0.68976754
OAS1_0446,1.2415117,-1.959123,0.08704335,0.22124547,-1.904743,-0.56636953,-0.5635812,-0.04691969,0.7979677,0.041894082,-1.065634,-0.10499633,-0.08349624,-0.7364053,0.044290338,-1.0928363,0.20998329,0.063629895,0.48366812,-0.25776348,-0.11981026,-0.36895669,0.85599494,0.9658144,-0.89100224,-0.53233886,-0.16402753,0.5422534,-0.7430909,-0.3776459,0.49961457,1.1204443,-0.25006643,0.43896806,-0.26664412,0.15067841,0.8680426,0.3767714,-0.27554455,0.18321146,-0.5293397,0.4909519,0.7300393,0.3065857,0.6560889,-0.7455667,-0.30616388,0.429619,0.14286125,0.0883867,0.1905445,0.23850225,0.34769264,-0.1682125,0.508732,0.43476477,-0.21082306,-0.7570969,-0.18306695,0.7368185,0.3945488,0.037651654,0.017119389,-0.13757716,-0.5613792,0.401448,-0.31726217,0.38300544,-0.28079152,-0.20918848,0.7466891,-0.14169328,-0.39657396,-0.37317726,-0.018524,-0.33239573,-0.07211488,0.61114395,-0.05067072,-0.10169758,0.47196501,-0.09025249,-0.33206412,-0.34018952,0.27339727,-0.099199675,-0.13201308,-0.21501543,0.3286509,-0.5065648,-0.40057263,-0.14045589,0.3859731,-0.13260616,0.3604025,-0.4753939,0.24368599,-0.09767543,-0.123507194,-0.058152415,-0.26428995,0.075469404,0.08896336,-0.06359216,-0.011155974,-0.4280601,0.06486015,-0.21729097,-0.38733432,-0.8546488
OAS1_0447,-0.1056463,0.038140602,1.0918037,1.0921328,-1.5381575,1.7345974,0.85450613,-0.44337818,0.8564189,0.19847272,-0.004678179,0.7272006,-0.35085487,1.3818002,0.30114603,-0.27348563,0.44003206,0.109427206,0.09726446,0.3202485,-0.03018016,-0.31850284,0.6706303,0.71987,0.13049969,0.43127108,0.11411581,0.778651,0.085333765,0.4615685,-0.9013846,-0.19810538,-0.07113123,-0.50253016,-0.43546492,0.11721898,-0.30691135,-0.31594178,-0.6218241,-0.4454252,-0.42737517,0.34188497,-0.6326734,0.8974798,0.123879485,-0.34750327,0.3421071,-0.1685789,-0.10115918,-0.30018595,-0.4592994,-0.83935803,0.2742561,-0.012684538,0.43913513,-0.38728893,0.11459839,-0.26118544,-0.21503328,-0.065930426,0.40957478,-0.92368627,0.66195685,-0.07407252,0.16788265,-0.309396,-0.057323717,-0.5701642,0.35378164,-0.0103483135,0.53260195,0.00926752,0.42968714,0.16531394,-0.012420556,-0.40902632,0.36949098,1.0871356,-0.31628478,0.02949266,-0.37834638,-0.20351768,0.50278974,-0.5349075,-0.32883555,0.3165815,0.27895945,0.25123367,-0.32798383,0.34969983,0.14446694,0.113063574,0.112420514,-0.58962566,0.18972206,-0.1791469,0.20653309,0.32240638,0.25013387,0.7527949,-0.42700166,-0.2363193,0.23132654,-0.2353524,0.06946551,0.16574253,-0.37599227,-0.25120497,0.13897552,0.060783867
OAS1_0448,-0.13884738,-0.26561007,-2.3456776,0.7140743,-0.38952672,0.9017441,-0.6310532,-0.62918615,-0.39409736,-0.013630318,0.7108417,-0.15317951,0.10775538,0.8816804,0.36389142,-0.44767296,0.2335363,0.058049098,0.677841,0.98194283,0.09049063,0.09204205,-0.4892461,0.41238546,0.5180271,0.22891726,0.13351844,-0.6231195,-0.13734403,-0.39297044,-0.637874,-0.36244303,-0.6645931,-0.26435003,0.44488066,-0.67637676,-0.9498964,0.19768767,0.30054474,0.27982876,0.29899824,0.42092112,0.128923,-0.49447685,0.117059946,0.627533,0.1542442,0.3383281,-0.030738961,0.27451885,0.13591567,-0.21248995,0.3121128,0.1774327,-0.07862306,-0.55571765,-0.16913003,0.80536383,0.558925,0.037904426,0.4631551,0.061863013,0.030115526,-0.45950192,0.18244469,0.18740621,-0.15032446,0.36526716,0.20687307,0.09425145,0.09350478,-0.56782407,0.12437133,0.12188834,0.4640527,-0.1406079,0.08280546,-0.1045379,-0.15014046,0.27260873,0.17186745,-0.4674206,-0.19660701,0.10322831,-0.021472558,-0.29506174,0.08055883,-0.26252002,0.02998685,0.04443447,0.5579817,0.044847805,-0.18817823,-0.45729178,0.0919922,-0.44380286,0.24321283,0.17757517,-0.27717665,-0.39166665,-0.18089506,0.46710438,0.16051851,-0.21985137,-0.36139262,-0.6552891,0.2772901,0.08470928,0.009165279,-0.22180238
OAS1_0449,0.17979693,-0.69849026,-0.24304754,-0.062489923,0.09694036,0.9221242,-0.96329314,-0.54662585,-0.6222316,-0.7968469,-0.7965918,0.4481117,-0.1382759,0.2501542,0.38280845,0.4826006,-0.2963478,0.5151609,-0.25409403,0.4617967,0.46830118,-0.9862426,-0.12857023,-0.75629157,-0.086265154,-0.2854274,-0.33003634,0.25920802,-0.61416566,-0.49133676,0.3083382,0.33756584,0.23990683,-0.4152141,0.19635814,0.42937285,-0.38619953,0.4939365,0.15741824,0.0689316,0.07453367,-0.41318488,0.053287894,-0.6005657,0.6691165,-0.10452507,-0.6310784,0.08400359,0.13323656,-0.5967194,0.16652103,0.20408264,0.25014937,-0.38984874,0.6005906,0.6576669,0.2858975,-0.061478876,1.0587977,-0.20697126,-0.000651701,0.43528792,-0.48954424,0.117435396,-0.0759973,0.16254188,0.4103846,0.091333345,-0.34550518,0.456213,0.17121623,0.471777,-0.13364942,-0.9746865,0.72291297,0.43839383,0.20011108,-0.05963382,-0.13728543,-0.09864358,0.28833014,0.2713854,0.35049412,0.71820134,0.15040863,0.3350262,-0.3666132,0.20642716,0.5589568,-0.47531363,0.1525158,0.0969876,-0.5069083,-0.56716925,0.42525724,-0.050699763,-0.008922714,0.12651359,0.19643223,0.4947079,-0.27530903,0.526655,-0.1220606,-0.2799129,0.2647394,0.17823337,-0.36368763,0.32659066,0.14200667,0.35686204
OAS1_0450,-1.0695338,0.30602014,-0.8603451,1.7243994,-1.8639863,-1.7624649,2.156751,-0.020066941,-1.3006731,0.05894875,0.23044495,0.3091578,-0.10607315,-0.7507097,0.8744902,0.46611953,0.26438674,-0.073197216,-0.19088018,0.6056602,0.5572872,-0.09257107,0.72466964,-0.1318356,-0.29902345,-0.16877888,0.44171146,0.24605341,-0.2971756,-0.20462158,0.09370916,0.13254936,0.4416752,0.31641155,1.0804646,0.16083057,-0.24006006,0.050506316,0.42612424,-0.0883647,-0.1940762,0.08827997,0.27240932,0.75331753,0.44524112,-0.14845942,0.71106577,0.9001202,0.032057617,0.0974825,0.21610011,0.8255574,-0.12137227,-0.068671785,0.24006973,-0.8532916,-0.043630425,-0.20359422,-0.5696718,-0.0020545856,-0.44534525,0.22532892,0.57031375,0.36428398,-0.1559173,0.8168392,0.10418271,0.004177695,0.286431,-0.691716,-0.2513542,-0.28920412,-0.21242353,0.42972013,0.09432609,-0.7375351,-0.5881639,-0.58842236,-0.18093483,0.03436812,0.19968335,-0.025497062,-0.27864185,-0.7719095,0.6805816,-0.33903793,0.10841197,0.8470868,0.2501384,-0.16983673,-0.2817413,-0.28023043,-0.30074352,-0.08940553,-0.2747953,0.351431,0.20460671,0.6635892,-0.38833526,0.38526064,0.25893128,0.5830072,0.25297707,-0.06468767,0.1121087,-0.26045743,-0.12827566,0.58399796,-0.7376882,0.19020662
OAS1_0451,-1.0024955,0.6089329,2.1002808,1.8337519,-0.8880016,-0.55029213,1.9694045,-0.05918897,-1.4405292,-1.4623129,0.03767227,-0.10382392,-0.30450806,-0.17109086,-0.377644,0.41897213,-0.8946223,-0.4195724,-0.6112437,0.09790878,-0.79344386,0.006366528,0.1531577,-0.3444506,-0.14901298,-0.06959781,0.10202331,0.32243416,-0.24169454,0.11122221,0.08098909,0.16378243,-0.1716109,-0.100840755,0.40069744,0.1520347,0.04279235,-0.7100437,0.3327248,0.24189657,0.15621917,0.095254056,-0.5065006,-0.15973273,-0.180691,-0.033098992,0.6989943,0.15917967,-0.34714139,0.12724732,0.13990033,0.19814064,0.025947,-0.22400351,-0.3356572,0.2975301,0.68834877,0.6416627,0.3904182,-0.020765174,-0.24547662,0.03764091,0.37106735,-0.41631538,0.7641244,0.03733286,-0.2259234,0.011119837,-0.10201015,0.5366776,-0.4196928,-0.26287195,-0.19371355,0.21543774,-0.017108217,0.14385681,0.54247755,0.24469069,0.36560673,0.18540661,0.14047846,-0.6293831,-0.095914654,0.2855459,0.47605622,0.14813009,0.017440086,0.21130113,-0.5097197,-0.15323928,0.17634565,0.15393764,0.25062275,-0.13276115,-0.1602853,-0.33155027,0.6037959,0.22241881,0.057633054,-0.09940452,0.46741745,-0.3085222,0.6837627,-0.36389825,-0.4945841,-0.3990286,-0.10611595,-0.07665498,-0.13503842,-0.22196181
OAS1_0452,-0.94767076,-0.5532308,0.961712,2.1543949,-0.7733568,-1.5185076,0.9410699,0.6631307,-1.7355803,-1.0190258,-0.50113505,0.7356948,-0.9725433,0.6626337,-0.347885,0.15220752,0.40789288,-0.49051392,-0.20362476,-0.28252366,0.05681401,-0.7417176,-0.6447383,-0.026726022,-0.2807877,-0.18495668,0.39747497,-0.12445524,-0.58610654,-0.19669269,-0.19053008,0.30890664,-0.4271305,-0.5448715,-0.40782902,-0.8675685,-0.12617928,0.069184236,0.2215597,-0.3373659,0.14216562,-0.46298543,-0.3788165,0.19894041,0.40141353,0.18399256,-0.020956837,-0.3984849,0.42684394,-0.6900146,-0.2793646,-0.11952066,0.26775354,-0.7593432,-0.4016121,0.1473105,0.1642749,0.054681677,-0.2804466,0.27609232,0.46991104,0.028596567,0.4592681,-0.64894384,0.27517816,-0.092881836,-0.022418646,-0.05323311,-0.6722245,0.5551173,0.22604221,0.23778532,-0.05033309,-0.09220517,0.17412162,-0.57001555,0.10692775,-0.33213085,0.03046595,0.4695652,0.34229618,0.049422644,-0.20820257,0.5724167,-0.5317715,-0.11689315,0.18669072,0.16607173,-0.3949604,0.24245167,-0.52362055,-0.15773563,0.41224417,0.11107321,-0.40407062,0.17028378,0.6945242,0.14928877,-0.4887569,0.33631507,0.49911445,0.7811353,0.49741492,0.1077507,-0.2493461,0.35159177,-0.22640462,-0.16545588,-0.41247582,0.4522084
OAS1_0453,-0.8213101,0.45714092,0.48288837,2.0201423,-1.4340348,-1.7461965,-0.35975993,0.07257706,-0.7192162,-0.84372896,0.14898147,0.62154746,-1.4843369,0.32379326,-0.08337085,0.7964649,0.2996917,0.28447923,0.04235627,-0.34845626,-1.1342245,-0.3196888,0.13987003,-0.06005145,-1.2184575,0.79147387,0.31960806,0.5169909,-0.33422956,0.38784963,0.26709926,-0.3963623,0.38245142,0.22391789,-0.17092994,0.37098977,-0.12446038,-0.053378433,0.030106852,0.27256826,0.47483248,0.5766852,-0.19705893,-0.25740844,0.44380704,0.23170519,0.22676872,1.4814788,0.1505332,0.32793564,-0.408433,1.0890884,-0.12020608,0.13886891,0.122425884,-0.24735817,0.13286021,0.44083536,-0.3522403,0.2906042,0.31632608,0.101265416,0.46469852,0.66782683,0.77953863,0.34018454,0.17692524,0.27969453,0.3020693,-0.55461633,0.04806429,0.017174138,0.45883444,0.18565951,0.28673434,0.09081645,-0.03332296,-0.810317,-0.20875387,0.24681544,0.11066203,0.35197392,-0.08635498,-0.39540294,-0.12377134,0.30042377,0.33507138,0.1942403,-0.3856854,-0.27941585,0.021779608,0.21980034,0.09130789,-0.068230525,0.4702466,-0.22607996,-0.7738327,0.24982607,-0.29784578,-0.62596637,-0.43839934,0.60103357,0.55132645,0.42629814,0.61712676,-0.01844086,-0.23655775,0.055681445,-0.098046124,-0.008328299
OAS1_0454,-0.8962223,0.5476755,1.0919862,1.1489897,-1.4052517,-1.0417063,-0.80089164,1.0397606,-0.6752024,-0.58336234,-0.2203539,0.31330758,-0.7369086,0.09767723,0.68075764,1.3933705,-0.6424893,0.9703751,0.77632785,0.0019242229,0.33446476,0.2060581,-0.8951357,-0.67953795,0.07057566,-0.19997713,0.11922842,-0.24056679,0.44485927,-0.08648763,-0.51778716,0.41511464,0.46460253,-0.13148148,-1.1714808,0.7761662,-0.3651492,-0.058574814,0.9876947,-0.15093449,0.9950652,0.34750652,0.121950135,-0.36106795,-0.41179737,0.31741747,0.14849718,0.049563527,0.38694558,-0.14119133,0.13210255,0.4742409,0.28377843,-0.13455386,0.13585094,-0.63524526,0.15523192,-0.98963827,-0.6124227,-0.09211478,-0.09272668,0.22789621,0.06274549,0.21136063,0.2353815,0.06932332,-0.24696003,-0.27642664,1.15082,-0.2776567,-0.42100173,0.031116348,-0.46818385,0.08203349,-0.39798525,-0.09103212,0.20759134,0.36891067,0.35669574,0.30006415,0.046247922,-0.18633166,-0.11131354,0.1458093,-0.31563005,0.47553238,-0.1320057,-0.5439199,0.22856927,0.09647971,-0.10477692,-0.20062363,0.37301844,-0.16081652,-0.027221726,0.22901075,0.17941403,0.67843807,-0.10608481,0.0069597517,-0.017978737,-0.18809785,0.26497075,-0.22201155,-0.42526075,0.4018472,0.20462823,0.008263526,-0.25733462,-0.38491088
OAS1_0455,-0.11202988,1.7518578,1.3306669,0.2748875,-1.9316496,-1.4265281,0.46761566,0.11949045,-2.0443993,0.025664462,1.0849726,0.604389,0.2702636,-0.35504183,-1.7325758,-0.41338658,0.26236445,-0.16489175,0.085001156,-0.7670938,0.34726274,1.03073,-0.49973324,0.12531246,0.8830713,0.20610002,-0.8496285,-0.2511237,-0.11896417,0.33569843,-0.029359229,0.12295329,0.7961399,-0.51008856,-0.16881773,-0.23076324,-0.6750919,-0.33113244,0.10361703,0.01956867,-0.20211032,0.29932696,-0.5597344,0.42294225,-0.094342396,-0.36333704,0.35117558,0.62688065,0.7627239,0.38034344,0.038775448,-0.1265938,0.090109594,0.14433658,0.055197924,0.68427354,-1.1647956,0.20655866,0.45443544,-0.48363075,0.6129124,0.08994498,-0.13388184,0.0020880594,-0.008114519,-0.0028469397,0.47699878,-0.41792944,-0.40802246,-0.0474124,-0.32621557,0.19541666,0.3772425,-0.18407682,-0.06341275,1.3443617,0.15345918,0.099554546,0.35408235,0.30529583,-0.6457426,0.03400393,-0.5285938,0.3128876,0.2317178,0.4541007,0.48825094,0.38860214,-0.32636678,-0.11037291,-0.044257667,-0.115095586,0.022810984,-0.25327846,0.3554314,-0.17048715,0.3991634,0.07751653,0.13082789,-0.18371493,-0.37685943,0.13003542,-0.15260234,0.013562422,0.35546252,0.032142866,0.35418284,-0.4630605,0.14555286,-0.1780817
OAS1_0456,-1.1736817,-0.36392373,0.8592563,2.2636728,-0.55319154,-1.8559518,1.838273,0.6044977,-1.7303216,-1.2810225,0.7595956,-0.39315966,-0.1568868,-0.06427145,-0.5818181,0.1438933,0.08468836,-0.21563224,-0.26267397,-0.37482408,0.03855952,0.11012812,-0.25154692,0.57135576,0.9666511,0.3068452,0.5303842,-0.50737244,0.31652674,-0.14787623,-0.13168569,0.28103653,-0.6298086,-0.012818769,-0.7961816,0.1556339,-0.050963294,0.93178636,-0.6921365,0.0038544203,0.32881668,-0.49211264,0.398342,-0.5807106,0.12554272,0.11935758,-1.066428,-0.78460777,0.08602004,-0.37396282,-0.090617314,0.063782595,0.7026288,0.3549313,-0.2423421,-0.1613254,-0.3092815,0.13446116,-0.12808241,-0.34756193,0.09720648,-0.3716703,-0.23178832,0.753125,-0.15105039,0.42593712,0.008083363,-0.2007607,-0.7237226,0.14646663,-0.09660928,0.65076345,0.3981506,-0.56096333,0.38162702,-0.065517984,-0.0414516,-0.10225346,-0.17281447,-0.5478957,-0.30828434,-0.061765525,-0.16781668,0.38243842,-0.23104468,0.047309943,-0.41237,-0.66336286,0.31088233,-0.0806609,-0.049950533,0.6660887,0.026841125,0.47190854,0.027111594,0.06947553,-0.08395587,-0.0425426,-0.15014225,0.10311326,0.06588821,0.8149852,-0.31791615,-0.1637948,0.2731471,-0.17771396,0.24130169,0.23017709,-0.069407664,-0.4526736
OAS1_0457,-0.8066345,0.872005,0.42529145,0.84950864,-3.2232444,-0.7891221,0.33001342,0.034076903,-1.5447649,0.35832417,0.37664288,0.55099624,-0.7754121,-0.42264307,-0.22663487,1.3762335,0.09789218,-0.79206276,0.18829942,0.58280104,0.25844872,-0.2556615,-0.27931842,-0.3569123,-0.38377795,0.02637034,-0.07247683,-0.017014883,-0.7436946,-0.24261327,0.34316915,-0.34901035,-0.25794688,1.0237814,0.15040003,1.0282505,0.14529009,-0.18910186,-0.30764884,-0.19669043,0.012835011,-0.526184,0.19648574,0.79197043,-0.28925386,0.08341968,-0.39542055,0.5199627,0.107319005,0.18590671,0.24324824,-0.38389173,0.43425876,0.13457163,-0.34008703,-0.573438,-0.299001,0.5649044,0.05042949,0.7193232,-0.63482594,-0.20394987,0.041908775,0.1238452,-0.28537148,0.5772161,-0.17978543,0.78569037,0.15560423,-0.55086493,0.03720417,0.3291985,-0.2788906,0.08068533,0.06670663,-0.34518814,0.2560833,0.5396936,-0.33052903,0.057591464,-0.3160967,0.42703062,-0.76691216,-0.13945222,0.039101344,-0.62802744,0.40371853,-0.050835803,-0.073302746,0.5123205,-0.29204634,-0.42398795,0.23687454,0.5683064,-0.40403637,0.8307748,-0.21856147,-0.29155472,0.033265624,0.5447638,0.095658414,-0.037444383,0.31327686,0.4209437,-0.23301058,0.3610482,-0.7442271,0.45127165,0.25026163,0.23745553
