patient_id,gfc_tra_PC1,gfc_tra_PC2,gfc_tra_PC3,gfc_tra_PC4,gfc_tra_PC5,gfc_tra_PC6,gfc_tra_PC7,gfc_tra_PC8,gfc_tra_PC9,gfc_tra_PC10,gfc_tra_PC11,gfc_tra_PC12,gfc_tra_PC13,gfc_tra_PC14,gfc_tra_PC15,gfc_tra_PC16,gfc_tra_PC17,gfc_tra_PC18,gfc_tra_PC19,gfc_tra_PC20,gfc_tra_PC21,gfc_tra_PC22,gfc_tra_PC23,gfc_tra_PC24,gfc_tra_PC25,gfc_tra_PC26,gfc_tra_PC27,gfc_tra_PC28,gfc_tra_PC29,gfc_tra_PC30,gfc_tra_PC31,gfc_tra_PC32,gfc_tra_PC33,gfc_tra_PC34,gfc_tra_PC35,gfc_tra_PC36,gfc_tra_PC37,gfc_tra_PC38,gfc_tra_PC39,gfc_tra_PC40,gfc_tra_PC41,gfc_tra_PC42,gfc_tra_PC43,gfc_tra_PC44,gfc_tra_PC45,gfc_tra_PC46,gfc_tra_PC47,gfc_tra_PC48,gfc_tra_PC49,gfc_tra_PC50,gfc_tra_PC51,gfc_tra_PC52,gfc_tra_PC53,gfc_tra_PC54,gfc_tra_PC55,gfc_tra_PC56,gfc_tra_PC57,gfc_tra_PC58,gfc_tra_PC59,gfc_tra_PC60,gfc_tra_PC61,gfc_tra_PC62,gfc_tra_PC63,gfc_tra_PC64,gfc_tra_PC65,gfc_tra_PC66,gfc_tra_PC67,gfc_tra_PC68,gfc_tra_PC69,gfc_tra_PC70,gfc_tra_PC71,gfc_tra_PC72,gfc_tra_PC73,gfc_tra_PC74,gfc_tra_PC75,gfc_tra_PC76,gfc_tra_PC77,gfc_tra_PC78,gfc_tra_PC79,gfc_tra_PC80,gfc_tra_PC81,gfc_tra_PC82,gfc_tra_PC83,gfc_tra_PC84,gfc_tra_PC85,gfc_tra_PC86,gfc_tra_PC87,gfc_tra_PC88,gfc_tra_PC89,gfc_tra_PC90,gfc_tra_PC91,gfc_tra_PC92,gfc_tra_PC93,gfc_tra_PC94,gfc_tra_PC95,gfc_tra_PC96,gfc_tra_PC97,gfc_tra_PC98,gfc_tra_PC99,gfc_tra_PC100,gfc_tra_PC101,gfc_tra_PC102,gfc_tra_PC103,gfc_tra_PC104,gfc_tra_PC105,gfc_tra_PC106,gfc_tra_PC107,gfc_tra_PC108,gfc_tra_PC109,gfc_tra_PC110
OAS1_0001,-0.7353344,-1.3029889,-1.6148149,1.5381671,0.78102916,0.41569966,-0.054963134,-0.3529074,0.0035908413,0.20214862,-0.24754807,-0.50486916,0.1490754,0.058082484,0.25947887,0.27153412,-0.24312642,-0.109278776,0.121385306,0.63481545,0.42947963,0.5742813,0.00199474,0.11804259,0.6506863,0.11684034,-0.36847833,-0.82103866,0.40261754,-0.35656893,-0.032218114,-0.49990386,-0.69818217,0.21285662,0.22812606,0.25931314,-0.5097223,-0.37187645,0.15053923,-0.37885338,0.31410336,0.31862524,-1.1722293,-0.096873,-0.07891901,0.22506921,-0.37629253,-0.13588463,0.73493296,0.72952425,0.046732154,-0.41295806,-0.21129894,0.33498958,0.32579383,0.4436404,0.6226026,-0.5192903,-0.20203897,-0.44756493,-0.4401654,-0.14187424,-0.36993292,0.35909516,-0.13589768,0.87710774,-0.10084201,-0.061272796,-0.17971575,-0.7384308,0.33345237,-0.012553704,-0.5101475,-0.27588236,-0.14706846,-0.54138994,0.53269804,0.5703368,-0.5048908,-0.24827552,-0.46999177,0.46558976,-0.025997832,-0.133702,0.30910414,-0.37683478,-0.06818322,0.40577126,-0.019125191,-0.2698781,0.29364866,-0.38739067,-0.25380355,0.118418574,0.2555092,-0.07896352,0.17955208,-0.45925218,0.18349959,-0.1787378,-0.20427841,-0.31180295,-0.29980156,0.11425729,-0.41405675,-0.16956267,-0.19266903,-0.45981488,-0.07007894,0.428851
OAS1_0002,1.4312005,-0.18353878,-0.25974295,-0.23554686,0.4183788,-1.2899503,-1.022499,-1.1859885,-0.24403535,0.027368434,-0.8875154,-0.8193217,-0.1241065,-0.09081144,-0.0055377614,-0.40340984,-0.6079441,-0.22522208,-0.39630744,-0.44723916,0.915561,0.53950626,-1.6131865,-0.15007164,0.5483954,0.32678732,-0.46269184,0.7264217,0.08923053,1.2631463,0.64846367,-0.27205616,0.2836049,-0.2638064,0.06698985,0.07175152,-0.013312152,-0.33881167,0.7343525,0.26135793,0.2784535,-0.49909064,-0.0012018712,-0.3901476,0.058863737,-0.32249302,0.042123046,-0.34088147,0.18982162,-0.05523671,0.13469888,-0.40987387,0.43508533,-0.94244266,0.08930425,-0.38110226,-0.15809107,0.51447934,-0.5125547,-0.3380156,0.16848522,-0.14867377,1.0822804,-0.20462145,-0.053201318,0.21867338,0.34407213,-0.018697558,-0.06578872,0.105465665,0.40219644,-0.3390056,-0.048440047,-0.47259048,-0.21996413,-0.57133204,0.07334922,0.15368097,0.06085944,-0.64448404,0.092305675,-0.32348195,0.42152816,0.6126757,0.07301369,-0.42435443,-0.42802376,-0.27664575,0.18996589,0.2739075,0.04373923,-0.090378344,-0.21351677,-0.5976389,0.07995045,-0.061569575,0.16226658,0.44107214,0.12645201,0.0050422894,-0.8599188,0.5446915,0.040267486,0.6573912,0.68610376,-0.18609013,-0.5035602,0.4732554,-0.12322521,-0.17152329
OAS1_0003,-1.4692583,-0.6105688,-1.2479298,-0.5025643,-0.23589472,-0.05498295,-1.6865764,-0.35119918,-0.7190266,-0.61263937,-0.39275151,0.21184392,-0.8751887,-0.6294669,-0.309849,-0.17012736,0.91558033,-0.49304783,-0.27516824,0.6909073,-0.4165185,0.12074707,-0.34462112,0.026324453,0.09082244,-0.059701018,-0.27478993,0.38264647,-0.018296681,-0.3932941,0.46413293,0.22485812,-0.37866333,-0.03334218,-0.49286005,-0.009098929,-0.8318859,0.058145203,-0.28886393,-0.40563768,-0.24284476,-0.13437805,0.20755452,0.2673115,1.025147,0.209879,0.10529042,-0.037728794,0.3859478,-0.06723029,-0.18564175,0.0038103575,-0.2707486,0.66832757,0.2958757,0.0891106,-0.19915976,-0.32792568,0.4894383,-0.048319556,0.2516148,0.027103933,-0.2300524,-0.029875206,0.36652097,-0.18328297,0.90147644,0.32081443,-0.46550635,0.026368292,-0.16229539,-0.1730329,0.19356991,-0.15573308,0.66979825,-0.11317312,0.35246786,0.25645515,-0.38953927,0.4351388,-0.26404044,0.092331216,0.5054279,-0.20202206,-0.4841496,-0.07990382,-0.07727821,0.18081146,-0.52383876,0.1837361,-0.1235456,0.3274881,0.107436076,-0.37453127,0.5499528,-0.21366103,-0.044545174,-0.014207654,0.00042301638,-0.017660651,0.59951997,0.30218354,-0.3251726,-0.15363571,0.06571695,0.5938262,0.13257177,-0.34810057,-0.14476624,-0.5889334
OAS1_0004,0.77375835,-0.90064764,0.86690193,0.5636488,0.46616843,0.7462441,0.35182166,1.289134,0.85198426,-0.9739883,0.15286437,0.8918405,0.23139322,-0.12758568,-0.024161348,0.715646,-0.3939195,-0.040899407,0.8340684,0.6509722,0.6149569,-0.047082532,-0.14888328,-0.29986665,0.014935506,-0.3958208,0.040754944,-0.36991942,-0.2643152,0.330002,0.41659662,-0.4555748,-0.09025959,-0.0386133,-0.50669736,-0.2247655,-0.12403037,-0.7061355,-0.14517914,-0.54912144,0.58965474,-0.46583888,0.23999622,0.35390955,0.27369663,-0.10610483,0.16626938,-0.16851152,-0.07080258,-0.1830009,0.5314167,-0.50408924,0.2628835,0.33215404,0.35728884,0.3749563,0.41040227,-0.0016631518,-0.49388888,0.39359686,-0.021203667,-0.13203277,-0.2664371,-0.25789875,-0.46640214,-0.5428201,-0.3653766,0.0048158616,-0.2526007,0.99574196,0.0666925,0.36280966,-0.02799754,0.28227472,0.03352783,0.23843727,-0.29060534,-0.24659781,-0.14174695,0.31999362,-0.39353585,0.48364902,0.28796533,-0.5263588,-0.29343197,-0.4471544,0.53394,-0.41233963,0.02209411,0.43364933,0.4308041,0.35634932,0.43677112,0.19250497,-0.59334314,0.16806,-0.073942505,0.3787621,0.61386216,0.08200007,0.31534147,0.17517614,-0.0057947203,0.26762867,-0.20700802,-0.18751097,-0.103720196,-0.14739655,-0.606547,0.09748828
OAS1_0005,0.71998686,-1.3897194,-0.4138699,-1.0707732,-0.102044344,0.786678,0.67600787,-0.36261272,-0.28163025,-0.12736626,0.046950143,0.63474613,-0.053965893,0.35823327,-0.67290306,-0.49310088,-0.15751097,-1.1625193,-0.115786485,-0.0115156025,0.45872587,0.033453543,0.81858057,0.40401414,0.8228968,-0.00431812,0.085634425,-0.06954543,0.5457001,0.23782921,-0.30067444,-0.004366505,-0.07230652,0.10787168,0.2121328,-0.09462821,-0.29043955,-0.3213184,0.33505738,0.37823078,-0.60356504,0.03369714,-0.86661345,-0.004357705,-0.06132955,0.48018205,-0.014887183,0.6693604,0.06695296,0.49751446,0.3532412,0.1504442,0.99073756,-0.2637207,0.14620194,-0.034871295,-0.077253625,0.24881633,-0.27992424,0.19833839,0.1363662,-0.052203603,0.033749532,0.4404694,-0.17356071,0.6109189,-0.4910556,0.16761714,-0.5477988,0.5908629,0.81140584,-0.15354708,-0.059781533,-0.34801564,-0.1549919,-0.34047884,0.32586917,0.12591763,-0.13682202,0.1616475,0.19735974,-0.27962205,-0.29241744,0.56064826,0.00883066,0.046087615,-0.21138826,-0.40343988,0.13670668,0.39129084,-0.26001468,0.07212418,-0.484215,0.45270404,0.26838475,-0.40177616,-0.15081656,0.0098631885,0.42882875,-0.3853839,0.086029135,0.20784183,-0.023110798,-0.10389542,-0.47644538,-0.41537872,0.23489869,0.0071332636,-0.07138407,0.060100194
OAS1_0006,1.6785437,-0.18878254,0.18989776,1.2840155,-1.734311,0.08823505,0.035880823,0.50905156,0.07245,0.3245758,0.8136231,-1.1874425,0.015792001,-0.6987461,0.013577724,-0.24455735,0.3009952,-0.794166,-0.21901177,-0.17630634,0.36738056,-0.54886395,0.872811,-0.25692025,0.41508803,0.11553059,-0.32812533,-0.28659943,0.22500311,-0.18515772,0.43729734,0.03337427,0.11676132,0.2909973,-0.13703424,-0.3459944,-0.083814465,-0.6784965,-0.35277596,0.059519973,0.3640791,-0.57119745,-0.23745856,-0.53439516,-0.063862994,-0.19723766,-0.39776316,0.3843458,0.083638206,-0.17517795,-0.062325064,-0.7504305,0.18146798,-0.5012062,0.3035231,-0.21188231,-1.178626,-0.2186634,-0.3255371,0.11700671,0.5365854,-0.38388923,0.6573115,-0.09750585,0.09463437,-0.03618356,-0.51506054,-0.2544399,0.54095227,0.44609883,0.284061,-0.048657473,0.049892414,0.2974743,0.1852961,0.5846616,-0.09453478,0.1925288,-0.014689649,0.40279958,0.19495691,0.54242957,-0.23370552,-0.37054563,-0.17340414,-0.2281464,-0.40624526,0.30856863,-0.42396125,-3.0010133e-05,-0.13938652,-0.73993874,0.3390194,0.42279595,-0.16541755,-0.0015048909,0.15090095,0.16004868,-0.12336176,0.6193344,-0.39658394,0.13715556,-0.65205336,-0.16164996,0.34426868,-0.3362571,-0.21735632,-0.1707517,-0.0615244,0.23903495
OAS1_0007,-0.20467354,-0.19487374,0.2827948,-1.477484,-0.387352,0.31729814,0.68279755,-0.48080516,-1.2345587,0.88878196,0.8065815,0.43256295,-0.2571541,-0.70520675,0.37751964,-0.22140482,-0.08518755,0.02909165,1.1719137,0.08126658,-0.023900572,-0.10801651,-0.19460823,0.7224937,0.026529726,0.89095604,0.3246762,0.6820972,-1.1396108,0.0465161,-0.27303085,-0.09771826,0.042912845,-0.016853992,-0.070320494,0.22753686,0.07171648,0.15788732,0.2824763,0.2536446,-0.3533636,-0.49077526,0.0036521407,-0.52612805,1.0091343,0.04791045,0.10574151,-0.797642,0.5069518,-0.40518478,0.9258996,0.37414292,0.15977462,0.20276594,-0.40825984,0.044639535,0.5634337,-0.26866382,-0.093244955,-0.013568817,-0.29366285,-0.23775046,0.17664346,-0.42497593,-0.37685052,0.10633803,0.31050804,0.024140181,0.6117597,0.16305089,-0.25345328,0.036386084,-0.370567,0.11628893,0.28644428,-0.31002524,0.056269296,0.45693576,-0.0726434,0.17784151,-0.3036744,0.27030686,-0.44242913,-0.20076875,-0.42364442,0.10281561,-0.5214457,-0.10219639,0.13538834,-0.12441855,0.25002715,-0.18066601,0.21172075,-0.2063672,-0.049333088,-0.17541035,-0.21741116,-0.26612782,0.7396534,-0.1938422,-0.037154578,0.4206345,0.031086905,0.0141766425,0.27290276,-0.17553164,0.19120635,-0.13046427,0.32825866,-0.08223289
OAS1_0009,1.8285241,-1.3884807,-0.4881147,0.061975636,0.8781436,-0.27612588,0.10399282,0.36753768,-0.08534035,-1.195911,0.49795768,0.08488068,0.27310342,0.13371493,0.6564004,-0.079938516,-0.22359228,-0.12834474,0.008877737,0.94676834,0.64385676,-0.3672842,0.28168428,-0.6280256,-0.3200295,-1.1317856,-0.16415963,-0.06795981,-0.44853404,0.0726352,0.12041625,-0.011525965,0.3152671,0.36217108,-0.064154804,0.3719743,-0.6569475,0.31882635,0.16262102,0.35549873,-0.19402842,-0.2808477,0.07592346,-0.22815183,0.06485235,-0.68515694,-0.55942404,-0.29455975,0.11609243,0.04077885,0.21496946,-0.35788044,0.06664731,-0.15531899,0.20149706,0.36230972,-0.3735869,0.6305797,0.30278403,-0.64131683,-0.15102413,-0.2437495,-0.13833839,0.19457307,0.10382493,-0.5806157,0.21255687,-0.54050225,-0.10409743,0.075052656,-0.02673328,0.2165693,0.0790418,-0.26507995,0.18588123,0.011545966,0.28615913,0.19198628,0.6621703,-0.23643456,-0.21458659,-0.4041839,0.0100448,0.16710103,0.3689464,0.19177336,-0.800438,-0.33181044,-0.29715574,0.10848535,-0.29779306,0.5538326,0.26703575,0.39163792,-0.29066148,0.045738533,-0.53803307,0.4673074,-0.7452151,-0.14360124,0.22186667,-0.11689164,0.3111455,0.155771,0.17940073,-0.2522856,-0.4171825,0.22506826,0.06616669,-0.22426684
OAS1_0010,-2.212857,0.9454184,0.10993117,0.19763811,0.6199201,0.30192378,1.0852859,-0.71984035,1.432285,0.7249236,-0.1985982,0.08300218,0.29579526,-0.08229385,0.14080322,-0.59042203,-0.7494694,1.1132123,-0.50062543,0.5665177,0.6900971,0.3066371,-0.16589391,-0.13010652,1.0445076,0.10044035,0.4162399,-0.15391763,0.37818256,-0.22888799,0.27670902,-0.13849798,0.43616837,-0.01598727,-0.18819246,-0.38739517,0.135903,0.5904576,0.24916075,0.13286386,-0.333221,-0.6567437,-0.7780814,-0.02980561,-0.2740173,0.10714412,1.0055292,0.6031752,-0.15848099,-0.99669707,-0.4678896,-0.2505575,-0.12642895,-0.1411244,1.4204208,-0.3841577,0.0053823157,-0.60611683,-0.2377616,0.45662656,0.31824234,0.03690565,0.77106076,-0.08026884,0.37553868,-0.21587832,-0.26361966,-0.18468536,-0.23118474,-0.41618857,-0.20702554,0.31087813,0.6908515,0.7465591,0.5660097,-0.13322856,0.7345171,-0.16413254,-0.20881444,0.22752859,-1.1632776,0.17995109,0.8106229,0.98398584,0.7537979,0.30253896,0.17591926,0.41619784,0.08272257,-0.15582566,-0.4527942,0.035074476,-0.20223203,-0.5437043,-0.2570286,-0.3904108,0.26014042,-0.13940865,0.185644,0.025969148,0.2646405,-0.09589434,0.20709088,0.0798615,0.7702833,-0.037150785,-0.15282299,-0.098314635,-0.2311396,-0.31672162
OAS1_0011,1.5250535,-1.5405605,-0.7861038,0.1460713,-0.08188594,-0.21690944,0.1241663,-0.739772,-0.2885159,-1.4861199,0.935789,0.09203475,-0.14799234,0.9011783,-0.650453,0.4245429,0.04684731,0.673068,-0.079331025,-0.2656934,-0.30652678,-0.04913489,0.74569553,-0.4366352,-0.74293643,-0.33497262,-0.5139873,-0.24133545,0.85987633,-0.8743897,-0.027757065,-0.4348118,0.1493292,-0.9039102,0.27181742,1.032398,0.81467366,0.38237023,0.23015131,0.20124158,-0.44890043,-0.18673442,0.17606056,0.7007375,0.19159953,-0.11946765,0.35537997,-0.43268412,0.47832623,-0.3358011,0.046692733,-0.5276998,0.02820277,-0.22585385,-0.7562821,-0.65818155,-0.37725002,-0.019095857,-0.18832602,-0.2917895,0.5050523,0.45350504,0.122805856,0.17580801,-0.42548874,-0.16866195,0.2599091,-0.138936,0.10304987,0.5633411,-0.13992538,0.01792604,-0.08475438,0.2857116,-0.48370117,0.3045432,-0.04219656,0.15811233,-0.21936503,0.1886447,0.33673924,-0.21115993,-0.31690666,0.15840049,0.4410171,-0.35888362,-0.08511752,0.6128515,-0.1665657,0.22989437,0.03830184,0.67499024,-0.39845857,-0.22877093,0.35909915,0.34322295,0.47880304,-0.17377555,-0.38576463,-0.6935098,-0.37320235,0.06928793,-0.3300252,0.153045,-0.027651288,0.24581352,-0.01994347,0.47528675,-0.3322038,0.66885495
OAS1_0012,0.6818382,0.0042151003,-0.53835565,0.15187915,-1.3508303,0.4032254,0.54595095,-0.39806134,-0.68520737,0.03671533,-0.28490105,0.48877382,-0.22113632,-0.33880517,0.43061352,0.43249753,-0.61876416,-0.19933912,0.13724335,-0.05845848,0.15858385,-0.19290125,-0.10566748,-0.76408213,0.80189615,0.64632213,0.37748942,-0.20121183,-0.5688191,0.16559498,-0.4029917,-0.35988036,-0.14085817,-0.040221713,0.3138649,0.45115593,-0.5680456,0.2602155,-0.13946499,0.37326217,0.2762319,-0.36040238,0.047986593,-0.90783054,0.25059095,0.46019647,0.56344706,0.4764157,0.0018436811,-0.40271544,0.42817137,-0.071888834,0.18735214,-0.05124625,-0.08910365,-0.3412814,-0.21001369,0.39431468,0.46202517,-0.044409443,-0.41904265,0.30054095,0.36776644,-0.3380248,-0.28632683,0.49335334,-0.15059954,0.064080715,-0.16546026,0.16195534,-0.33207107,-0.14146718,0.081843525,-0.2364999,0.15728243,-0.26190975,0.048175156,0.16678743,-0.023455879,0.18019739,0.80298287,0.33638576,-0.51374006,0.25341228,0.010291087,-0.11771942,0.14647253,0.51048255,-0.45420152,0.13003992,0.026775172,-0.16421933,-0.29614976,0.18225531,-0.4204588,-0.22028907,-0.2261312,-0.026717044,-0.25155422,-0.48571792,-0.13085589,-0.28463122,-0.39028558,0.42297408,-0.2225515,0.21882479,-0.33197847,0.46925402,-0.26168692,0.17190064
OAS1_0013,-1.5989288,-0.9481575,-1.4061121,0.33263952,2.0002236,-0.1275164,1.1073647,0.53699493,0.11450901,0.46504435,-0.62495285,-0.27889487,0.7985617,0.42886224,0.59347445,-0.11431535,1.1522675,-0.6769418,-0.36534724,-0.33568513,0.35138908,0.6007172,0.89081407,-0.7374908,1.0317855,-0.08330297,-0.22580205,-0.44006756,-0.051560935,0.22862266,0.25197884,0.3913864,0.6353486,-0.11559555,0.83027345,0.2323547,1.0511737,-0.098800845,-0.98572874,0.6128565,-0.41593182,0.13762267,-0.09842296,0.12960842,0.35453257,0.8988786,-0.37846336,-0.13648851,0.028553713,-0.11709636,-0.2750307,0.3117339,0.53764695,-0.005012279,-0.22600824,0.9017721,0.48765782,-0.2542435,0.2838743,-0.28880322,-0.38755196,0.65976316,-0.5873182,0.8677472,-0.030078938,-0.10202495,0.8670255,-0.045578964,0.11917956,-0.6480448,0.051850718,0.478904,0.372679,0.28156802,0.32605296,0.16824889,-0.038286936,0.5462617,0.14309071,0.10590909,0.31790057,0.55473083,0.060473993,-0.03599247,-0.12682618,-0.28413498,-0.08200367,-0.14520864,0.3834766,-0.1018535,-0.36673597,0.5914689,0.58804864,-0.40197754,0.5929803,0.43119934,-0.17717598,-0.101764314,-0.21877573,-0.11998576,0.046866775,0.16288853,-0.124563135,-0.13862526,-0.18981135,-0.35679063,-0.3770675,0.43070403,0.2996768,-0.3219138
OAS1_0014,0.82474136,-0.50661635,-0.33584723,-0.7961921,0.6990218,-1.0472159,0.9405592,-0.6358961,0.78756505,0.5275772,0.1344971,-0.2726876,0.47095692,0.07745894,0.515654,0.58855754,-0.71746886,-0.5737565,0.24483135,-0.03347268,-0.064731486,-0.25335386,0.5930695,-0.41709983,0.46684915,0.7537038,0.15419492,-0.48815823,-0.8009201,-0.19900516,-0.22281833,0.122310884,0.13549079,-0.024065347,-0.1446612,0.117903054,0.5253518,-0.65943485,-0.37581652,-0.25458598,-0.41845796,-0.08560384,0.2507297,0.04926543,-0.032729473,0.0028184557,0.30657858,-0.44285762,-0.4287055,0.53369546,0.10339632,0.016320132,0.09418133,-0.58255035,-0.056558233,-0.52560645,-0.5467229,0.22382993,-0.2147303,-0.44336122,-0.43023282,0.13785411,0.18278952,0.6423828,-0.35065573,-0.041995008,0.8747278,0.1348764,0.2750932,-0.56667066,0.19091877,0.14694521,0.16033995,0.17124633,-0.107047744,-0.17616138,-0.3929894,-0.053773876,-0.46005657,0.49725267,-0.011792136,0.50556505,0.40544787,-0.18386382,-0.24424978,-0.29115167,0.390278,0.049757037,0.014097885,0.16655892,-0.67423314,0.40853447,-0.22899953,0.6346127,-0.105749354,-0.17784303,-0.18744409,0.15511027,0.10340015,0.4136053,-0.42377305,0.29631016,0.4240533,-0.19892766,0.19706507,0.4526286,0.3869622,-0.29012108,0.15373257,-0.061794396
OAS1_0015,-2.106396,1.4418558,-0.16067573,0.63221544,-0.5059457,0.41828102,0.7432837,-0.30351603,1.1805356,-0.74181515,0.061328936,-0.73815703,0.06668598,-0.29745257,-0.05658419,-0.48310208,-0.649982,0.5887129,-0.5716549,-0.44517162,-0.38836038,-0.015016988,-0.47790784,-0.49893332,-0.45875806,0.2809865,-0.6916778,0.14278232,-0.6542472,-0.35788584,0.009460643,0.5197936,-0.4363286,0.21799383,0.64799035,-0.076470666,-0.1461922,-0.24659154,-0.2818507,-0.5607505,-0.40484017,-0.5312922,-0.84946245,-0.3489449,0.37343046,-0.15198947,0.29126066,0.6112507,-0.8620226,0.0027160302,0.19359995,-0.16038392,-0.5092994,0.029913904,-0.14394286,0.5249412,0.28566927,-0.42243862,-1.1943702,-0.37947744,-1.025214,0.10847998,-0.13105139,0.38734397,0.7837868,-0.72301525,0.3288232,-0.13886477,-0.09860683,0.048499998,0.22143668,0.44877452,0.15042283,0.061771017,0.22494121,0.3478372,-0.114592634,0.42332414,0.0064851115,-0.6232349,0.37012023,-0.3605835,-0.19557728,0.061682343,0.1709779,-0.19103678,0.21455455,-1.2754327,-0.2768009,0.1164374,-0.057071436,-0.110011764,0.36130753,-0.25263083,-0.26398724,0.3482722,0.41435874,0.3462631,0.14743155,-0.024430415,0.39322275,-0.16024508,-0.10396074,-0.34792614,-0.19917989,-0.47703084,0.77635753,0.105876505,-0.8485368,0.17346765
OAS1_0016,-1.284829,0.7335922,-0.61151206,-0.29889563,-0.044961393,0.22411498,-0.1419877,0.8400056,-0.30062243,-0.5863,-0.6729948,0.7188152,-0.8827621,-0.05797498,-0.100744605,-0.3105811,-0.71025074,-0.41396686,0.27414024,0.13771977,0.43257514,-0.47674623,0.20427449,-0.23702724,0.46008754,0.31290886,0.5102473,0.06564724,0.39467478,-0.5326162,0.08051531,0.5925544,0.12774311,0.12933835,-0.07546163,-0.6811386,0.535531,0.038839106,-0.58177596,0.53757614,-0.0072952895,0.117121026,-0.14040814,0.29391387,0.2602725,0.34577554,0.25946024,-0.4396453,-0.07180503,0.05461514,0.031927265,-0.25066796,0.33025467,0.09288003,0.60246855,0.12880087,0.24117567,-0.5175814,-0.31371915,0.29490814,0.45115393,-0.001290408,0.08414789,-0.5514026,0.82187474,-0.18016462,0.057837214,-0.004200577,0.5340728,-0.23660202,-0.03312108,-0.46214288,-0.4508703,-0.45859826,0.10083387,-0.2596322,0.07074455,0.16574137,0.35695654,-0.6430349,0.1934938,0.029266702,0.3078828,-0.015745433,-0.2975538,-0.44732696,0.5755646,0.013720281,-1.358907,-0.13055955,0.16068885,-0.15950274,0.30570838,-0.09817655,-0.27629438,0.27440092,0.50991476,0.22111006,0.057843734,-0.5412903,0.061109807,-0.17716528,-0.26689386,0.6171776,0.46723795,-0.3514081,0.28088835,0.21766275,-0.018682849,0.025640441
OAS1_0017,0.8474436,0.15310149,-0.4293386,-0.8327108,0.5665487,0.73562086,-0.47628936,0.72175133,-0.4849232,0.64204913,-0.42990822,-0.056092955,-0.7431813,0.79757625,0.58024514,0.19795161,-0.040482778,0.32000437,-0.25472733,-0.2557695,-0.3134809,-0.80671823,-0.75138557,-0.13443622,0.9473778,0.09377627,0.005218237,-0.30479017,-0.5171238,-0.030094167,-0.16279593,-0.32178995,-0.898281,0.23985058,0.24970679,-1.088422,0.27307418,-0.54335976,0.16919498,-0.25511822,-0.2914004,0.48465395,-0.20907208,0.825621,0.61765164,0.25868177,0.23326713,0.36131772,-0.24742103,-0.27821934,-0.0016090584,0.19971246,-0.32376224,-0.58975005,0.43138885,-0.0928184,0.27111727,0.80474555,-0.007714425,0.16996358,0.7403238,0.8858802,-0.7042223,-0.3142061,0.040530514,-0.91611034,-0.42916957,-0.78858083,-0.36526802,0.24424157,0.042173944,0.0067311144,-0.08861899,0.12285576,-0.22613722,0.102820896,0.31218696,-0.33413383,-0.08860675,0.16981761,-0.094251074,-0.09042429,-0.26255134,-0.7536813,-0.056440637,0.2839103,0.4064681,0.1810879,0.40899777,-0.17707928,-0.4350441,0.2999706,0.047291853,-0.14837971,-0.3208641,0.25417787,-0.18019877,0.044117738,-0.2645665,-0.2710232,0.26133648,-0.15520485,0.15000089,-0.34496123,0.3884435,0.010599545,-0.20665693,-0.44282472,0.016917223,0.114953816
OAS1_0018,0.034076933,-0.09303436,-0.13089605,-1.1953781,-1.4342479,0.74115247,0.559722,-0.47135216,0.7724,-0.7090377,-0.40503797,-1.5075786,0.33327222,0.7974205,0.2780795,-0.2521531,-0.12911673,0.5579701,-0.37093148,-0.71268356,-0.35207996,-0.40815768,0.38717046,0.06889831,-0.15000734,0.7862467,-0.17004763,0.46151915,-0.4041414,-0.35789993,0.7179045,-0.32543218,0.52023846,0.9417778,-0.50812924,0.15055503,0.07679351,0.09077322,0.37831786,-0.21364406,0.030339278,-0.1039946,0.26831424,-0.06973159,-0.11912451,-0.3327789,0.56814617,1.1105917,-0.22602884,0.15746343,0.29050606,0.8345054,-0.5875277,-0.43388382,0.36996433,-0.25144416,0.19967143,-0.8212815,0.07366229,-1.0035002,-0.041737445,0.073894024,-0.7979013,0.07564886,0.28603607,0.45430154,-0.14091186,1.1266775,-0.45305943,-0.020215722,0.5920473,0.4438008,-0.16314727,0.20943913,0.22564685,0.38933218,0.33125916,-0.5382383,-0.32776722,-0.42740974,-0.24806795,-0.4008148,0.4668523,-0.009980863,-0.3223561,0.270482,-0.00012901716,0.20010135,0.18406942,0.21068364,0.7797696,0.19739012,-0.51720655,0.19692333,0.22633259,-0.65072,1.0039072,-0.4163574,-0.23622231,-0.6322464,-0.35474953,0.07870461,-0.017435603,-0.15750013,-0.08504072,0.20241585,-0.34304112,-0.13332555,-0.34523264,-0.3946871
OAS1_0019,-1.7618122,-0.42564017,-0.27248892,0.1554792,1.5247782,-0.3359865,0.40446633,-0.58454007,-0.3366568,-0.22277765,0.5721274,1.1801833,1.1156331,0.4462288,-0.12346232,-0.32088277,0.23774391,-0.019606238,0.04401641,-0.116031855,0.34074092,-0.14343075,-0.33144745,0.31664243,0.0033365802,0.39904386,-0.51767457,-0.572457,-0.13195738,-0.8952843,0.028533747,-0.5134746,0.69018865,-0.7489355,-0.5244822,-0.21650214,-0.92205864,-0.19830404,-0.35310838,0.17683807,0.28215042,-0.5730962,1.2879237,0.21747175,-0.29502416,-0.34990743,-0.83030367,0.66945666,0.86137545,0.08391639,0.36405447,0.29176322,0.36827564,-0.23359664,0.25700715,0.04970133,-0.061489556,0.0070126345,0.43881714,0.65976536,-0.26536644,-0.33391553,-0.24096985,0.7103704,-0.33698732,-0.31047454,-0.47801647,0.96197903,-0.29252076,0.11708898,-0.58380127,-0.019080177,0.7952972,0.31069285,-0.61260104,-0.36255023,0.41987625,0.12721397,-0.52098405,-0.3342761,-0.2737471,-0.44987583,-0.6607001,-0.25321424,-0.17541996,-0.5545617,0.106580466,0.014840623,-0.24164644,-0.67670023,0.006596015,0.07518629,-0.33344263,-0.57634383,0.12790045,0.4299311,0.31237653,0.34331366,-0.072356604,-0.13343811,-0.2956689,-0.081553,-0.048934173,-0.05417255,0.10517366,-0.4151326,0.056752216,0.11298612,-0.37167203,0.22918788
OAS1_0020,0.6424843,-0.89480525,-0.68016106,0.4423858,0.09649876,0.6609871,-0.37231764,-0.23449586,-0.55112034,-0.44580477,-0.112173006,0.12953089,0.10770776,-0.35849038,1.0423203,0.218138,-0.003525565,0.6440096,0.5152547,-0.21056764,-0.46897817,-1.2530928,-0.7339348,-0.78556097,0.10049993,-0.38616967,0.5894275,0.42344314,-0.34917587,-1.1259649,-0.28028604,-0.09825001,0.5074486,0.8008407,0.6542015,-0.20949979,0.3739147,-0.56119996,-0.48752528,-0.15577674,-0.340857,-0.15543066,0.21154794,0.71731806,-0.35223612,0.03764716,0.054545656,-0.26342866,-0.050686713,0.40720385,-0.42257652,-0.66819334,-0.08272313,-0.20737289,0.38349774,-0.63562435,-0.48917827,0.63080394,0.37927324,-0.0020137841,-0.50544834,-0.37238032,-0.41084456,-0.23089585,-0.46222842,0.62437224,1.0913626,-0.34961894,0.149341,0.43688747,-0.26399404,-0.093901,0.4910146,0.6736383,-0.03646742,-0.25577068,-0.600631,-0.17485158,-0.20843713,0.089253716,-0.087120965,0.19833693,0.0968094,0.59620225,0.37244374,-0.23887983,0.07376831,-0.002334524,-0.09303012,0.06421257,0.56562173,-0.15470737,0.09979251,-0.22297339,-0.55851054,0.09511727,0.15192343,-0.31064928,-0.2597545,0.5442079,-0.20312397,-0.3621674,0.06630967,0.7392844,-0.18927571,-0.0634358,0.2032022,0.15531547,-0.11255713,0.36415946
OAS1_0021,-2.7620122,0.5889754,-1.2111673,0.49117407,-0.13929205,0.2927795,0.31772867,1.0794041,-0.23891982,-0.013715076,-1.7497174,-0.37181658,1.2381756,1.0080535,-0.33425182,-0.12765469,0.34951168,0.28602126,-0.89711845,-0.32979074,-0.2591944,-0.45938143,1.0080761,0.6140459,-0.29345864,-1.4653968,-0.5220129,0.23522393,-0.77849615,-0.45266533,-0.17391063,0.5747505,-0.34433714,0.42833588,-0.07339068,-0.29648486,0.16154711,0.2622004,0.19319901,0.0765296,0.62414944,0.24821922,1.174755,-0.16484629,1.3645372,-0.065220885,0.29501513,-0.420474,-0.24024428,0.6836623,0.2062554,-0.32513967,0.42342004,0.11600663,-0.5322132,0.17979147,0.91266173,0.46034124,-0.035250235,-0.25576308,0.37221697,-0.73880106,-0.3303784,-0.49761122,-0.37352562,0.26562306,0.12551655,-0.1593847,0.51683366,0.30040348,0.20257236,-0.06916498,0.8695888,-0.21338892,0.011301195,-0.02762987,0.4675591,-0.36685628,0.2856136,0.0064935894,-0.015761252,0.03019261,0.7653428,0.3440096,-0.44239867,-0.077238,0.27643168,-0.42176214,-0.64497095,-0.39603993,0.39837363,0.0056501855,-0.28478685,-0.096031025,-0.538245,0.13608272,0.2239257,-0.22942506,0.5952818,-0.084297694,-0.67136264,0.58958095,0.3331963,0.052248023,0.55049425,0.2516247,0.39399976,-0.0052004736,0.03928462,-0.12643996
OAS1_0022,-0.89428407,-0.4553348,-0.24447463,-0.8673368,-0.61010545,-0.57825166,-1.2107939,-0.24879426,-0.6496607,0.7059753,0.2916123,0.5317634,0.20787089,-0.42383805,-1.0711046,-0.18243347,0.29264972,-0.059552167,0.26602522,-0.30299732,-0.72429186,0.2840997,0.8015211,0.84347045,0.05198442,0.29930136,-0.36737126,0.4763289,-0.49458733,-0.47433886,1.1920803,0.18531995,0.18851186,-0.5494655,0.6218283,-0.37147474,-0.30926904,-0.24360387,-0.64362305,-1.1415215,0.1442939,0.24413799,-0.6419488,0.26755157,-0.10389958,-0.27197555,0.663632,-0.06775123,0.9514892,0.25750378,-0.023384752,0.09574902,-0.1179729,-0.086608246,-0.9161279,-0.25324243,0.058495734,0.05270244,0.09327676,-0.44205818,0.13538861,-0.27824754,0.33722562,0.46210998,-0.013089018,0.215295,0.39016128,0.10438497,0.19835506,0.03578318,-0.48084697,0.13030757,0.033723745,0.10196652,0.5773931,-0.54525197,0.42049,0.31409252,-0.23180825,-0.30416417,-0.10300889,-0.36310446,0.74083596,-0.20124897,-0.23321277,-0.18787085,0.27217412,0.05015168,-0.48940843,0.33802655,0.086045414,0.26621878,-0.03687627,-0.005434218,0.19636188,0.07730984,-0.22069201,0.061878163,0.20629905,0.5093416,-0.41515812,-0.40469953,0.000878902,-0.13352899,-0.6583506,0.06781567,-0.5885838,-0.14676936,-0.1994851,-0.4343658
OAS1_0023,-1.2993022,1.8914785,0.23006006,-0.32839936,-0.07190002,0.3663176,-0.22093901,-1.3648479,0.7960914,-1.0600822,-0.52349156,-0.56985724,-0.5562048,0.096194044,-0.007248068,0.13294038,0.3727891,0.34010395,-0.0892779,0.47502384,0.5560108,0.41699728,-0.582067,0.5584204,-0.21284117,1.028777,0.49938664,-0.2657428,-0.046044935,0.9278455,-0.43159887,0.07526013,0.037570253,-1.3127685,0.3098092,-0.17249845,-0.4345974,0.30011404,0.16387118,0.049305804,0.4986999,-0.3079169,0.021616189,0.49688926,0.25278157,0.46763024,-0.15131631,-0.2251571,-1.0753101,0.19311367,-0.0067795757,0.42159373,0.4669583,-0.56324655,-0.9998314,-0.09137392,-0.8114684,0.19221647,-0.65645546,0.38113233,0.8080208,-0.01331807,0.48442584,-0.028020773,0.08018495,-0.25120547,0.40656585,-0.07827916,0.24404615,0.2264172,0.47588515,0.13091514,-0.092040665,0.64553547,-0.72644633,0.11372624,0.66356415,-0.38165572,-0.03822081,0.38670066,-0.10772276,0.01914217,0.0707043,-0.17688681,-0.2098407,-0.18037394,0.017601574,-0.16096514,0.18745178,-0.08671966,0.097291924,0.53668165,0.0060422663,0.26027158,-0.24170668,-0.1043734,-0.34848276,-0.07638674,-0.13263632,-0.24208814,-0.064083405,-0.27149877,-0.19662943,0.029308673,0.7029975,-0.13636546,0.0047465693,-0.59970933,-0.037585318,0.5055124
OAS1_0025,1.8791752,-0.067894146,0.42225674,0.4770753,-0.4065191,0.36463514,-0.87029994,-0.5383855,0.30730787,0.75736904,-0.31133115,-0.23657484,0.3182116,-0.036237665,1.8604631,0.12943153,0.087974794,0.53718185,-0.6710542,-0.82067835,-0.32831138,0.9016771,0.45887017,0.30523372,-0.34136078,-0.37488905,0.6199227,0.22002012,0.24608062,-0.14238793,0.7058962,0.047300424,-0.24929185,-0.6318325,-0.04628912,-0.32983217,-0.114428505,-0.41440785,0.18850422,0.19408096,0.22379228,-0.27421308,-0.2519167,-0.35936803,0.45026636,-0.21314172,-0.7792043,-0.6337498,0.12450442,0.17421488,-0.17696871,-0.20037638,-0.61852264,0.2631053,-0.34737086,0.26679114,0.16586973,-0.12226739,0.411022,0.17906196,0.06460302,-0.03498977,0.23002878,0.35507506,-0.51125884,-0.0017816297,-0.1322602,-0.72731143,-0.04917418,0.46726307,-0.20207536,-0.01083208,0.27607462,0.08939891,0.068598464,0.030909354,0.16409586,-0.953732,-0.3584409,-0.11563923,0.08640771,-0.9528691,0.12376285,-0.091970034,-0.18699096,0.19482577,0.13902555,-0.6723796,0.32294932,-0.17601536,-0.9927203,-0.32476193,-0.34697658,0.10601248,0.40397918,0.16931483,-0.1527068,0.8268518,0.13307782,-0.101971485,0.23040271,-0.09146605,0.6044971,0.60753137,-0.36982408,0.09495611,-0.13283247,0.017659903,-0.040402144,-0.20384438
OAS1_0026,1.1160592,-0.9109012,-0.3251408,0.104555964,1.0596639,-0.71620595,-0.97008324,-1.0251294,0.3374074,-0.4039756,0.8597617,-0.1875186,0.40435743,-0.3674702,0.58757323,-0.39539555,0.29280305,-0.32485127,-0.0560088,-0.11735076,0.02243526,0.31030133,0.10150119,0.29868352,-0.48817024,0.10953091,0.17369677,0.06577602,-1.0985444,0.7505468,0.6363725,0.47311518,0.6333533,-0.27120134,0.79951704,-0.18589447,-0.37963107,0.09753909,0.24593987,0.94836533,0.4317493,0.20810512,-0.5524401,-0.27657318,0.08662998,-0.42824778,-0.30443794,-0.12243113,0.047462028,0.07807767,-0.38226882,0.026889263,-0.41485855,-0.42982143,0.056825276,-0.0085033085,0.457178,-0.27320313,-0.9893536,-0.018651593,-0.12891826,-0.10206237,-0.050448358,0.056067962,0.4697818,-0.25243342,-0.28317454,-0.7054994,-0.71303564,-0.18215872,0.00973466,0.14907226,-0.028858751,-0.1376831,-0.8798582,-0.17231381,0.554425,0.121775605,0.24968652,-0.52588,0.13060954,0.28553122,0.4732243,0.4316977,-0.39097476,0.021442516,-0.02293058,0.27170834,-0.22204535,0.11707477,-0.2413427,0.5399967,-0.32185006,0.43400538,-0.25206277,-0.12975949,-0.09483144,-0.33315563,0.47892323,0.010684565,-0.48795477,-0.5418612,0.035827845,-0.14822946,-0.19396508,0.24664788,0.28801423,-0.27923802,0.11612951,-0.113126
OAS1_0027,1.8960919,0.3075504,0.44109473,1.051241,-1.9710722,0.77261436,0.4347962,0.120685086,-0.55652237,-0.9433803,1.1144656,0.59984237,0.77136767,-0.52689713,0.28226757,-0.81035745,0.05942534,-0.19946626,0.42634228,0.6288584,-0.31376323,0.060146097,0.37384778,-0.35953352,0.06242678,-0.88606215,0.4024758,-0.054152343,0.2282739,-0.82569665,0.9910608,0.47465718,0.6366244,0.48467755,0.72700024,-0.06016926,0.10645804,0.60846496,0.9843862,-0.51620203,0.47709614,-0.2813758,0.31226364,0.24142174,0.38741213,0.21455482,0.22663455,0.00092118204,0.21906145,-0.74294215,0.5724379,0.58535695,-0.19580005,0.08938721,-0.07497374,0.16625413,-0.077662475,-0.06008315,0.017621284,0.18676163,0.1681839,-0.7398249,-0.17959562,0.30809298,-0.44736272,-0.19187278,0.05691326,-0.44889534,0.13092767,-0.1019165,0.36663055,-0.11649917,-0.37531465,-0.7635497,0.43225864,0.13805589,0.027164899,0.022949077,-0.6037514,-0.21578102,0.46999258,0.296551,0.0819126,-0.090049855,0.8319278,0.07893048,-0.16749549,-0.34389883,-0.6224446,0.0094840415,-0.06944532,0.20747639,0.058614448,-0.6484344,-0.2011315,-0.10106628,0.09678269,-0.080537125,-0.4072787,-0.09384228,-0.09678362,0.1135549,0.7568172,0.35976776,-0.043803465,0.32683566,0.104528084,-0.358182,-0.20671171,-0.0013929722
OAS1_0028,-1.6100036,-0.6952608,-0.6434261,0.11945291,-0.15305792,0.34796864,-0.84162563,-0.3963161,0.45882422,0.44514692,-0.25348118,0.46324545,0.52991456,0.0026638831,-0.17630231,0.23313533,-0.73726994,-0.49237722,0.83755916,-0.07382891,-0.5885604,-0.12336019,-0.27898014,0.3249717,0.5357258,0.0134886475,0.26745012,0.20492171,0.061798275,-0.78480875,0.92151463,-0.22877735,-0.028428283,0.4975756,-0.3763043,-0.58244294,-0.661183,0.84444153,0.13098563,0.13850605,0.17620927,0.6749692,0.12912257,-0.18222444,0.43430445,0.1270773,-0.17418015,0.33734924,0.2053004,0.12533048,0.2510634,-0.41017705,-0.38890472,0.22453608,-0.327506,0.5276751,-0.1573609,0.65152204,0.7338139,0.15125822,0.4337029,0.52793694,0.446976,-0.23929209,-0.11726464,0.25685433,0.109051,-0.032760102,-0.3582903,0.2768357,-0.6268691,0.5918787,0.17853244,0.1514607,-0.34670487,0.14951846,0.38357243,-0.004784804,-0.43009356,0.010100634,0.21039604,-0.43878213,-0.11337486,0.43276083,0.11746251,-0.5985935,0.10554964,0.4788031,-0.68695587,0.40644237,0.6334473,0.6421081,0.4382227,0.4325883,0.16457006,0.14670062,0.4098744,-0.14462455,0.10401355,-0.25351927,-0.530964,0.4085498,0.64274776,-0.15176049,-0.572032,0.058715977,-0.029455986,-0.1607598,0.10890317,0.31640285
OAS1_0029,0.81755155,-0.43301016,-0.60192907,-0.691955,-0.10815487,1.1682954,0.57065165,0.27883062,-0.8043325,0.27695718,-0.042545293,0.77911305,-0.1060674,0.5916786,-0.0049427957,-0.41576505,-0.5697555,-0.2306287,-0.32746115,0.07982727,0.24190369,0.12408041,-0.0054008905,-0.014869932,0.7086415,-0.05841181,0.8577642,-0.42993352,-0.5197667,-0.47167128,0.59747297,0.8122738,-0.16470852,0.16370726,0.42058772,0.26886436,0.13113034,0.32827902,0.14940362,0.19956042,-0.16682388,-0.26638928,0.12227889,-0.49409518,0.25411028,0.37850514,-0.23825102,0.27367395,0.14332564,0.53875756,0.2313202,0.15502308,0.054176904,-0.47827858,-1.0358981,0.21480621,-0.5268445,-0.01106768,0.053899262,0.053398315,0.11963059,-0.13587947,0.6921642,0.08090066,0.15696156,0.79532737,-0.1478966,-0.08482992,0.2799826,0.72286135,-0.17626825,-0.24506086,-0.59745616,0.21413812,0.33053774,-0.027494857,0.15740624,0.04271664,0.05817991,0.48505536,-0.26882192,-0.45795244,-0.33252862,0.4250158,-0.34097064,0.1841898,0.35248718,0.033713095,-0.21312456,0.23375715,-0.6222302,0.31132346,0.12511815,0.16703393,0.1080331,0.22765045,-0.5384444,-0.15141071,-0.11959049,0.8612318,-0.15784395,0.04457544,-0.0015426434,-0.15385872,0.67857146,0.7099671,-0.27350903,0.6213948,0.11262368,-0.66874796
OAS1_0030,0.20046347,0.69594735,-0.6624675,0.30711207,-0.70393085,-1.1734012,0.12672776,-0.41063172,0.15488522,0.29711393,0.08134669,0.6243681,-0.31006783,0.42951906,0.029198412,0.011118904,-0.6587721,-0.090749934,0.068627566,-0.3318558,-0.23177014,-0.016942289,0.5304169,0.2505718,0.89402723,0.09562181,-0.55820954,-0.47336158,-0.19433485,0.19279207,-0.3790457,0.1031639,0.31136727,0.45263252,0.0040820898,0.08341533,0.32599694,0.5428439,-0.21386209,-0.020370051,0.70054185,0.16707298,-0.44714874,0.3875719,0.45585045,-0.054395027,-0.3681161,-0.6385443,-0.017165903,-0.04565855,0.43749908,0.4640255,0.5472596,-0.35825485,-0.021893874,0.5494141,-0.23886338,-0.79598117,0.26177442,0.20856561,0.24277824,-0.37332475,0.12376002,-0.39268127,-0.20447864,0.1019393,0.5800669,0.15864174,-0.30336666,0.09313284,-0.4635048,-0.2822399,-0.017934918,-0.113525935,-0.5204526,-0.40205696,-0.30035475,0.16580665,-0.1345628,0.21937484,0.07983386,-0.65866023,0.2682611,-0.14165479,-0.13006759,0.18435204,-0.5429284,0.26043436,-0.292812,0.12510331,-0.39605388,-0.19256909,0.13147712,0.12068205,0.1754484,0.5234957,-0.2930083,-0.09009928,0.4793614,-0.656899,0.27340114,-0.18702504,-0.07603955,-0.043434225,-0.37820134,-0.18672453,0.110666946,0.47813904,-0.21227829,-0.47171795
OAS1_0031,-2.0114808,0.55784804,-1.3647213,0.4161754,1.1075026,-0.68427175,0.9692983,-0.029340005,-0.44011545,0.32799968,-1.5711683,-0.20081581,0.31753892,-0.75367033,0.21315841,-0.21438687,-0.09110549,-0.7935264,-0.6689521,0.4581832,-0.16285612,-0.03844048,0.013645708,-0.1371834,0.0058628554,-0.19961315,0.77855366,0.104996055,0.46363768,-0.71284235,0.35498524,0.50954086,-0.4069008,-0.53638774,0.059697684,0.46387824,0.78832775,0.33807826,0.12561269,1.6222786,-0.23102996,0.0646844,0.2649446,0.08807649,-0.33908603,-0.53763837,0.42636943,-0.05856617,-0.31251067,-0.17251104,0.53785735,0.37678602,-0.3430222,0.11787466,0.122803815,-1.0442237,0.06508451,-0.022911672,0.18377298,0.0142055,-0.23349361,0.6622118,-0.24865909,-0.22582062,-0.5709026,-0.3185865,-0.09849018,-0.6661816,0.19370878,0.4849072,0.49753454,0.8190484,-0.26919812,-0.53836054,0.773886,-0.31281313,-0.38882104,-0.018421365,-0.016330898,-0.10015792,0.48038208,0.29407305,0.14925475,0.12563872,-0.60351014,0.42267168,-0.2712536,0.20674808,0.23997225,-0.5576887,-0.11372501,-0.24288122,-0.17058745,0.26779708,0.33256778,0.18673803,-0.19702812,0.0336088,-0.11276249,-0.17559461,0.20812427,0.36166403,-0.30526638,-0.06578123,0.020778716,0.06066018,0.07600048,-0.5993419,0.26576748,-0.22498138
OAS1_0032,-3.5531924,0.99850494,-0.028210325,-1.5291274,0.26329103,-0.16692407,-0.42298138,0.6249249,0.25843853,0.18716495,1.0280523,-1.7260177,-0.41888034,0.15069127,0.28191057,-0.14407225,-0.58160037,-0.0638151,-0.09960064,0.20163262,0.20944051,-0.48883796,0.18983786,-0.32045114,-0.5575567,-0.019383224,0.502209,-0.16355653,-0.44925374,0.8751497,0.12934509,-0.24037494,0.7278521,-0.32634076,-0.1414449,0.32648158,-0.42615464,0.14077894,0.01568672,-0.792089,0.25036538,0.3957441,-0.68573177,0.31447303,0.24761999,0.5331209,-0.082366176,0.3006901,0.40977123,-0.32774082,-0.5862287,0.2077128,0.3349845,-0.2083498,0.44374195,-0.23575515,0.35437146,0.34570262,0.22139324,0.5528517,0.14407548,-0.27974963,-0.46622536,-0.074488156,-0.027272312,-0.41560435,-0.09235443,0.37314013,0.56947726,-0.37139276,0.51977146,-0.3076133,0.15808374,-0.2909353,-0.5374867,-0.3033425,0.15986238,-0.35965747,0.62634104,0.14416592,0.36326355,-0.4045375,-0.1574334,-0.24687974,-0.0030115838,-0.13213609,-0.387343,0.0009819872,0.55322564,-0.39554784,0.21888064,0.049020953,0.38262638,-0.017779388,-0.26405603,0.32909897,0.31599918,0.097891465,-0.23505652,-0.1199242,-0.07089092,-0.03073882,-0.26250744,0.65129775,-0.29083702,0.30321318,-0.05063603,0.683474,0.25686738,0.7070285
OAS1_0033,-0.023967573,-0.34089673,-1.0483308,0.33368546,1.061865,-0.4056489,-0.13157804,-0.3537133,0.71423495,-0.3159326,0.9508065,0.57085586,-0.22353281,-0.19128375,-0.79647344,-0.0032343566,0.02674643,-0.17796369,-0.11252414,-0.56546956,-0.3699538,-0.7240331,-0.094905,-0.5111528,0.081411965,0.0843078,0.15798925,-0.68994284,0.39265436,0.34421057,0.07443658,-0.25055245,0.1991328,-0.53656304,-0.19834313,-0.63800997,0.3955185,0.84756535,0.39375836,-0.044316776,0.63964504,0.015550405,-0.36811182,-0.4215984,0.8899695,0.3395755,0.18154036,0.14772905,0.32817146,0.092144504,0.81102186,-0.5430861,-0.45167425,-0.18102434,-0.7609562,0.11911759,-0.23744914,-0.15634671,0.010749491,0.028164897,0.17263843,-0.18500409,0.04311459,-0.06877936,0.20573112,0.6634309,0.41693068,-0.3939113,-0.32793668,-0.26995578,0.037726708,0.38557127,-0.14037356,0.052552227,0.6613619,0.089285664,-0.25345746,-0.028746558,-0.034941725,0.09262547,-0.042003162,-0.35706398,0.33537474,-0.09838893,-0.31440437,0.021154033,-0.47025636,-0.2863362,0.8045456,0.10306807,-0.19492155,0.586516,-0.2972069,0.5340476,-0.08419297,0.35232067,-0.25673595,-0.04103342,0.5608843,-0.060944755,-0.12467005,0.1153454,0.04192245,-0.11193565,-0.08872276,-0.25180486,0.1504294,0.06636748,0.72047377,0.30043688
OAS1_0034,1.1899642,0.32556832,0.9557745,-0.72670156,-0.6440043,0.06147664,-1.0694513,-0.059852626,-0.521817,-0.8411024,0.3012363,0.6072153,-0.047371622,0.10711876,-0.07554473,0.35679543,0.34787485,0.19099925,0.1483832,-0.6968545,0.3848601,0.28066137,0.027168214,-0.4606172,-0.006635334,0.7595574,-0.27213234,0.16963905,-0.23151474,-0.0046454677,0.08977273,0.33131132,-0.39234677,0.021379216,0.034504086,0.2463601,0.7058732,-0.058186676,-0.47315162,0.13899198,-0.15145834,0.51374465,0.031962227,0.78088605,-0.87602156,-0.38871214,0.08934144,-0.34856492,0.06150133,-0.27601478,0.11826759,0.06094292,-0.282436,0.30353412,-0.30520803,-0.5386349,0.28631985,-0.12964478,0.3362499,-0.48662877,-0.30335966,-0.70058745,-0.21687356,-0.2527556,-0.43507937,-0.7741599,-0.5341634,-0.048062135,0.23623173,0.18465526,-0.22276545,0.10036232,0.5458041,0.9626135,0.4760279,-0.030146953,0.2739587,0.20704138,0.11577978,-0.20102037,-0.25704738,-0.022182673,0.09802469,-0.06086265,0.07102667,-0.29356793,0.43418807,0.36332676,-0.20107579,-0.040683646,-0.045580488,0.21471772,0.5625921,0.1955872,-0.24261445,0.36449745,-0.58189964,-0.3372917,0.5292326,-0.3457183,0.43480733,-0.25029662,0.10120341,0.031516585,-0.0074149235,-0.30364668,0.6395138,-0.21217154,-0.16470593,-0.2014542
OAS1_0035,-1.2270194,-0.33544993,-0.35181007,1.6137865,0.14927535,0.6830978,-0.24839075,-1.5415803,-1.2704564,-0.39065412,0.3426464,-0.3407576,0.13220881,0.4136026,-0.5399199,1.1594045,0.35271308,0.6905067,0.28791693,0.4263674,0.034918442,-0.022319347,-0.45835543,0.991175,0.54289716,0.10552535,0.27837506,-0.26273632,-0.07269871,0.009099835,0.39629838,-0.28379047,0.4209143,0.60793984,0.4974959,0.493913,0.4149199,0.27175784,-0.2630839,-0.5519676,0.18312751,-0.44415897,-0.12994106,0.48584488,-0.8885937,-0.112623595,-0.11579956,-0.03788806,-0.19398347,0.39983,-0.23613372,-0.686671,0.15521204,-0.020983128,0.5641181,-0.016532067,0.027881173,0.34000486,-0.0334161,0.22953182,-0.15905927,0.018151214,0.78806776,-0.09412883,-0.04540109,0.34251046,-0.18954897,-0.21446012,0.08137321,0.18197946,-0.4759108,0.4170377,-0.25116378,-0.33097237,0.4543945,0.12392662,-0.57317567,0.6232886,0.46000218,-0.48532587,-0.055592194,-0.17742461,-0.087773725,0.21002683,0.43767244,-0.33739957,-0.19987957,-0.3429826,-0.21210282,-0.5588961,-0.49966365,0.15366171,0.36425123,0.1774155,-0.286678,-0.34116983,-0.18006624,-0.6407456,0.4366961,-0.3066688,0.055238396,0.031819373,0.5247948,0.30073297,0.4839765,-0.39203128,0.33533186,0.28672713,0.09252634,0.20393555
OAS1_0037,1.4652852,1.584236,0.22348402,0.5979484,-0.10476334,0.8212229,-0.26165476,-0.23179083,-0.03519734,0.19541873,-0.12227366,-0.6352699,-0.22836322,0.8790529,0.3927953,-0.31997395,-0.25249425,-0.7862747,1.1615834,-0.7590824,0.6657534,0.13233298,0.23968099,-0.37929925,-0.37657195,-0.27203727,-0.037002474,0.63493955,-0.24838498,-0.28684083,0.49729696,0.22671737,-0.023690844,0.3997248,-0.2589857,-0.15749663,0.17158945,0.34792015,0.07464549,0.03994536,0.74364024,-0.097024605,0.2977161,-0.72789,-0.0769342,0.22103167,-0.50329494,0.04132412,0.2838967,0.27183703,-0.43515953,0.1567085,-0.17564698,0.31680557,-0.25974637,-0.3393507,0.13671364,0.588572,-0.46770823,-0.13226439,-0.21243781,0.031309266,0.15538895,-0.13964804,0.22825438,-0.21310113,-0.18142903,0.2764182,-0.22691087,0.26388067,-0.94554466,0.81117064,-0.10833347,-0.32911322,-0.11555594,0.15545367,0.0046153264,0.26398447,0.3592677,0.23610543,-0.10945094,-0.23340245,-0.6572742,0.5479575,0.32297736,-0.48311868,0.18590535,-0.25219288,0.52813816,-1.0806775,0.014651287,0.7518318,0.43219793,-0.27402553,0.1586088,-0.04493522,0.46270272,0.0091735665,0.6554392,0.54316646,-0.18211666,0.26697707,-0.1691306,0.31558496,0.045250617,-0.32336408,0.36683333,0.06893883,-0.14329275,-0.33067632
OAS1_0038,1.3128805,-1.5698367,0.2620005,-0.42904845,-0.09056253,0.48745576,0.14794359,-0.15532596,-0.28963253,-1.0173334,-0.029274002,-0.41552028,0.02369655,-1.0110563,1.0046448,0.7954652,0.9143622,0.055702984,-0.015961146,0.2331293,0.08266165,-0.07585799,0.55256325,0.07736597,0.54579115,0.062859945,0.2211818,-0.52651745,-0.14415693,-0.033550594,-0.62287176,-0.17018911,0.3807627,0.16799812,-0.047940597,0.57081145,0.1784523,0.19465952,-0.6392901,-0.038288526,-0.023439119,-0.02206437,0.47971162,-0.1932236,0.07841737,-0.09919009,0.6609587,0.29328787,-0.4240379,0.07914341,0.5172617,-0.5320436,-0.051139023,0.016752163,-0.097105525,-0.016622394,-0.21160895,-0.16760197,0.2264698,-0.035718277,0.24369189,0.21223879,0.6966562,0.43658057,0.11643761,0.41429958,-0.17403218,-0.29408923,0.13406953,-0.030566106,-0.32648203,0.061020713,0.1360369,0.011945753,0.2986578,0.65076846,0.24059972,-0.35430625,-0.3583983,-0.19828252,0.3152778,-0.48167658,-0.06691328,0.009432968,-0.28519142,-0.17524146,0.134497,0.09410016,-0.33201778,0.01309406,0.10568144,0.008013301,-0.24354255,0.11590533,-0.12269887,-0.24198501,-0.45625642,-0.15197669,-0.46286345,-0.19881335,0.40300754,-0.04454364,0.1217689,0.076238714,0.16217835,-0.27643785,0.2923156,-0.32059824,-0.07051711,-0.06044583
OAS1_0039,-1.2708831,0.20651126,-0.59468204,0.8102263,1.7518924,-0.73005426,0.82785124,1.4502128,-0.11804244,0.90739644,0.4373657,0.08245867,0.40665624,0.7732852,0.13842563,1.381863,-0.30979222,0.6783881,0.6901535,0.4346669,0.49235278,0.7140614,0.07559478,0.16239282,0.43878844,-0.0033117633,0.35385948,-0.06063086,0.17577893,-0.12677506,-0.04293584,0.662331,0.43381438,0.0762335,-0.068399,0.724811,-0.9514162,-0.70985746,0.3130621,0.41487512,-0.17684199,-0.21941473,0.1801722,0.06719879,0.15765357,-0.48939538,0.13796222,-0.6722603,-0.13555062,0.45260617,0.15780857,-0.0036663064,-1.2372695,-0.58514816,0.19918203,-0.5053006,-0.3427181,-0.98205745,0.55388963,0.34729376,-0.115382,0.5359689,-0.134036,-0.12782684,0.23409265,-0.18424222,-0.029083615,-0.19903213,0.46523556,0.33239928,-0.3681906,-0.0933297,-0.21388648,0.11974598,0.29574233,-0.13539413,-0.33867428,-0.71810395,-0.32580724,-0.052981563,0.4870743,-0.04104276,0.09289527,0.6535488,0.4443778,0.1272316,-0.08352012,-0.11814319,0.33201405,0.06993738,-0.7499547,0.08016862,-0.10332537,0.015220497,0.4069308,0.2664381,0.27888852,0.18428504,-0.14753437,0.23293304,-0.25270516,-0.9313413,-0.23879853,0.22425263,0.3176148,-0.44721216,-0.06756592,0.0019617104,-0.29074448,0.044210996
OAS1_0040,1.6692414,1.3280787,0.23823015,0.024146203,0.6735008,-0.5092285,-0.306672,-0.057602704,-0.3968341,-0.34556934,-0.47487786,-1.3389623,-0.16498666,0.061713666,-0.45133245,0.24187009,0.44044992,0.18871471,0.6079739,-0.2558127,-0.25008896,-0.11070735,-0.39952955,-0.49661332,0.23312569,0.5386542,0.7927129,0.35700917,0.122336246,0.9033501,-0.16831067,0.27489635,0.75838006,0.16590448,-0.1742377,-0.041390065,-0.27906245,0.1937242,-0.5466781,0.24322966,-0.17391077,0.41178676,0.03623032,-0.5357479,-0.0096506225,0.43984073,0.083028026,0.048402015,0.4571526,-0.061032206,-0.025691343,-0.13553286,-0.22286934,-0.27825823,-0.2325226,-0.20958644,0.12160691,0.58061785,0.39071983,-0.64575374,0.08586212,0.055586133,-0.42360923,-0.40219298,0.49107626,0.48468658,0.22158076,0.68104595,0.096894525,-0.15936247,0.022772433,-0.37767842,-0.25808945,0.18285272,-0.22793397,0.20968369,0.43769532,0.003886402,-0.10003342,-0.15592697,-0.0923332,0.0038004867,-0.27541336,-0.5434468,-0.009230978,0.4864136,-0.12960997,0.118240304,0.18161671,0.22004493,0.5216043,0.06369187,0.3425644,-0.20047046,0.17859875,-0.32492906,0.46853036,0.07772744,0.07867601,0.0024533547,0.040993657,0.105772756,-0.108310096,-0.29390723,0.09520769,-0.15740821,0.68327975,0.16557293,0.16011,-0.5280928
OAS1_0041,-1.0700527,0.20285666,-1.220458,1.3314885,-0.6727769,-0.16805986,-0.42918107,-0.16173746,-0.48044688,0.14062199,0.05279118,-0.62764364,-1.2103373,-0.20925601,0.34092844,0.26326728,0.70013475,-0.4923232,-0.39712533,-0.6875811,0.2624327,-0.44903174,-0.16811886,0.90499943,-0.28094363,0.23569901,-0.47765392,-0.33333364,0.31241187,0.25822097,-0.24881387,0.45047128,0.9083514,0.21563938,0.2904435,-0.028129442,-0.08637611,-0.34325925,-0.14251815,-0.0038285898,-0.099097006,0.09569336,0.34939927,0.26000607,0.5030252,-0.15882124,0.19135164,0.14886206,-0.093028486,0.2866117,-0.32494998,-0.3781967,-0.15974599,0.20867234,0.57835364,-0.28919315,0.20851819,0.26825228,-0.6588212,-0.0759638,-0.5316791,-0.1044002,0.55300546,0.30800554,0.30033976,-0.34944674,0.34804764,-0.060551804,-0.28537712,0.30359435,-0.4362284,0.16231689,-0.4111161,0.27276778,0.07649747,0.0033949201,0.152845,-0.3249188,0.15837274,0.0799722,0.37628463,-0.15431418,0.10264985,-0.33370373,0.28495425,-0.19407158,0.066974424,-0.4008586,-0.052049898,0.083871186,0.10269898,-0.6103698,-0.0582268,-0.45843127,0.60987043,-0.3879264,-0.036529295,0.2446976,0.031476367,0.200622,0.081274666,0.1832726,-0.16270927,-0.22725232,-0.07556068,-0.22304781,-0.32909983,0.047343317,0.8404079,-0.09210048
OAS1_0042,-3.0807858,0.6242771,-0.05593967,-1.4986659,0.06577594,0.56678087,0.42384952,-0.6421612,-0.15051778,-0.19599995,1.2642784,-1.2377834,-0.10068988,-0.6007945,-0.23523548,-1.2986959,-0.061425257,1.1210159,-0.767789,-0.5981573,-0.6369485,-1.104493,-0.16534601,0.1999537,-0.22368169,0.27573058,0.1345245,-0.546532,0.27024323,-0.09057862,0.08628499,0.47680968,-0.4845572,0.705882,-0.45554993,1.1017543,0.27053222,-0.13021235,-0.018712798,-0.17770392,-0.2792652,-0.6293028,0.34048823,0.3834819,0.3796504,-0.65641034,-0.26937628,-0.016813727,0.7103637,-0.05709828,0.4853893,-0.28415373,-0.076421596,0.077887446,0.70819616,-0.034425724,-0.24977921,0.46084523,-0.8092617,0.34237632,-0.4408472,-0.49134615,0.49576294,-0.605429,-0.26612863,-0.030058164,-0.45382905,0.21818861,-0.1240291,-0.10918653,-0.19860078,-0.827954,0.3883614,0.32741183,-0.23363024,-0.6246211,-0.41907,-0.18623254,0.5879645,0.47661173,0.3421062,0.32110885,-0.03063835,-0.5582784,-0.37062126,-0.08268253,-0.2972697,-0.086361125,0.5460859,-0.1036346,0.20731172,1.1121914,0.22091958,0.069918595,0.332644,-0.50854236,-0.048498537,-0.09726853,0.083952054,0.05909095,-0.3395453,-0.02786488,0.13947855,0.28352076,-0.21556243,0.17834775,-0.21501587,0.25026903,-0.22524016,-0.27934596
OAS1_0043,1.3940498,0.18468769,-0.39361504,0.14438863,-0.87055004,0.65552706,0.039692137,-0.0010704611,-0.63675046,-0.041514385,-0.18265483,0.35081545,-0.18292584,-0.054781776,-0.07685345,-0.24880412,-0.16168894,0.46174347,-0.98221064,0.12123917,1.2794981,-0.11500181,0.10521948,0.40234652,0.102704234,-0.66911757,0.3247696,0.54104036,-0.16154012,-0.14263867,-0.8120776,0.23347233,-0.072365135,0.91702324,0.2057409,-0.30797973,-0.24002087,-0.067334026,-0.5455041,0.05948077,0.1872266,0.34019214,-0.5409513,0.025644615,0.29013106,0.018815707,-0.09165919,0.5569789,0.2506534,0.08451559,0.688891,0.8830827,0.71145195,0.5839868,0.089075804,-0.09781354,-0.3192294,0.26054645,-0.38869318,0.061937384,-0.018341228,0.02042806,-0.18205605,0.3736584,-0.23511328,0.9638315,0.0769083,-0.7836306,0.21567991,-0.48371717,0.8656185,0.5049116,-0.018015375,-0.09407706,0.08404806,0.42794466,-0.059811935,-0.30265972,0.055029005,-0.44092238,0.10929855,-0.6771451,0.6072274,-0.20670804,-0.16479671,-0.008717332,-0.2748739,0.08245246,0.41063765,-0.25420138,0.3392108,-0.004595139,-0.2229275,0.35711965,0.20413002,0.120632395,0.5876191,-0.74139565,-0.18153103,0.07721151,0.11446366,0.3179184,-0.21394064,-0.03172489,0.48724583,-0.19708529,0.2543812,0.16921835,0.16199301,0.11513403
OAS1_0044,1.4296763,-0.44606817,-0.6648089,0.13183877,-0.9952583,0.47055852,-0.060722508,-0.121913,-0.01566787,1.7838405,-0.9638046,-0.3212375,0.12142181,-0.4430296,0.15169567,-0.6651347,0.617041,0.94101447,-0.16619167,-0.49629915,-0.12265134,-0.1405517,-0.2407604,-0.13610196,-0.09213183,-0.831402,-0.24225219,0.21631911,1.1468877,-0.32548454,-0.46867242,0.107619055,-0.15299629,0.044032145,0.57921666,0.051149655,-0.070143215,-0.029733982,-0.5138121,-0.41014233,-0.5549079,0.34645066,-0.14400248,-0.102880016,-0.3392215,0.45374805,-0.23009318,-0.28362903,-0.27409533,0.71901673,-0.48148787,-0.055761073,-0.13132796,0.81698775,0.37410024,0.029089762,-0.29659685,0.21034765,-0.22837158,-0.27859136,-0.4852527,0.21934028,-0.22666782,-0.15126391,-0.07549476,-0.39672992,0.69426614,0.18122263,0.3313998,0.31989178,-0.095714346,-0.5066182,-0.38821965,0.28003702,0.13023232,-0.15456866,0.938128,0.2023239,-0.43648577,0.56221205,0.054672945,0.31387356,0.07302481,0.1728452,-0.48164287,0.5135856,0.26608306,-0.19206761,0.4438691,0.32514212,0.15968266,0.14929171,-0.28821766,-0.038909875,-0.122398145,0.13807887,0.41311628,0.026575236,0.4114735,-0.03352537,0.1896876,0.21004692,0.6814464,-0.21472025,-0.24668302,0.13529739,0.17497322,-0.06589109,0.14613377,-0.20068647
OAS1_0045,0.84943503,0.020770127,0.007739073,-0.9062785,0.1874226,-1.187167,0.40846977,1.409943,-0.64875656,0.57888263,0.14483918,0.4497276,-0.4226655,-0.8215158,-0.046217576,-0.06596427,-0.2294386,0.25296348,-0.28029048,-0.2569309,-0.14826873,0.5123172,-0.9456907,0.61881125,-0.23632553,0.3634436,0.4202073,0.042497568,0.842673,-0.3862422,-1.1249659,0.47233495,-0.13397503,-0.7200273,0.22596808,-0.27144054,-0.23452158,0.029621195,0.24065708,-0.24093266,0.23261645,-0.7602208,0.36156523,-0.44531205,0.2714911,-0.62979317,-0.12763295,-0.20745252,0.33502963,0.24469692,-0.28868613,0.80018574,0.039751016,-0.024934424,0.089972205,0.53909886,0.8681581,-0.6183599,0.70447946,-0.046141718,-0.19954489,-0.57492965,0.13902685,0.17975426,1.3826311,0.18714982,0.41625553,-0.7335183,0.23491748,0.4659354,0.48837116,0.20202665,-0.19643955,-0.31232607,0.09375504,0.40538365,0.3978748,0.37362364,0.5935224,0.332138,-0.21156494,0.20165043,0.09334092,0.5545167,0.19298801,-0.0038077494,0.3363876,0.24232377,0.048511513,0.5247039,-0.109726995,0.1284916,0.08855852,0.93385357,0.23067857,0.22667451,-0.16633984,-0.2879565,-0.626192,0.037067413,-0.31118014,0.1512689,-0.57608813,0.16385123,-0.12450424,0.045374565,0.44026145,0.66260356,0.47284088,0.6486294
OAS1_0046,0.48039332,0.75571287,0.07915275,-0.14701505,-1.0497271,0.21426015,-0.3002668,-2.004039,0.32559592,-0.25758776,0.5021167,0.4826279,-0.11346664,0.6158728,-0.36300164,0.10411599,-0.43649527,-0.58296305,-0.35396126,-1.0355207,0.2682811,0.3415201,1.5907282,0.17459343,0.4091012,0.28008732,0.27384734,0.29916757,-0.099119194,0.026022289,0.089951955,0.28083324,-0.26460582,-0.061536472,-0.13456362,-0.39753067,0.042289615,0.044186812,0.15452255,0.26284662,-1.0142312,-0.07168048,0.27203718,0.12824729,0.24632813,0.2507713,-0.1440837,-0.22470406,0.005188514,0.14989455,0.28395227,-0.6701367,-0.016681844,-0.1888666,-0.2574729,-0.13144024,-0.3223169,-0.14339525,0.15558356,-0.02904541,0.50754946,-0.29452136,-0.2749694,-0.060442157,-0.14875159,-0.5931109,0.05821554,-0.31222764,1.00348,-0.3244931,-0.0011722451,0.31991416,0.19418104,0.07404297,0.9252078,-0.3619245,-0.74432015,0.2541884,-0.0037314787,0.23767187,0.3509975,0.043711785,-0.100423895,-0.34663907,0.016551508,0.0049729664,-0.0758515,-0.3178181,0.6535008,0.45082456,0.21084502,0.3978008,-0.6512262,-0.19658436,-0.7946877,-0.13623665,0.14616598,-0.536437,-0.110336944,0.08254589,0.53661215,0.12893336,-0.60616505,0.24365269,-0.13501315,0.6816669,-0.3256707,0.05519511,-0.2302248,-0.09366493
OAS1_0047,-0.41127175,0.16881105,0.43086308,-0.39013168,0.1750606,-1.7762817,-1.2955332,-0.34647012,-0.87620807,-0.31213212,0.24575807,0.11511816,0.09281999,-0.24826457,1.2092873,0.3248563,0.07977741,-0.26601616,0.42277545,-0.6643371,-0.032849595,0.97507584,0.010591723,-0.54155993,-0.07345803,0.4502803,0.076908745,-0.5087623,0.25027475,-0.49296352,-0.04513733,-1.6268924,0.12604605,-0.090685435,0.031291023,-0.2802179,-0.27430052,0.7163804,-0.5571173,-0.06685679,-0.81281906,0.025360458,0.6047314,0.4567776,0.40013406,-0.23481104,1.0689588,0.20351313,-0.10742124,0.15282613,-0.19262609,1.040662,0.21359496,0.30396572,-0.40133935,-0.65776974,0.13500352,-0.5901368,0.051435973,0.14793985,0.16639166,-0.23385072,0.21242626,-0.12368071,-0.25599715,-0.021242933,0.3856912,-0.11694629,-0.047786314,-0.0955556,-0.32228312,-0.092115484,0.3097853,0.4724578,-0.1777827,-0.28201365,0.020798057,-0.0010859602,0.35238,-0.71274465,-0.07800367,-0.45271748,-0.09483887,-0.18310449,0.66955125,0.32666823,0.06326,-0.5625169,-0.22989845,-0.12826714,-0.03461024,0.118119135,0.3400508,-0.5403551,-0.87460464,-0.14714825,0.12278119,-0.28278354,0.34143037,0.29771647,-0.3566838,-0.07279966,-0.049144175,-0.52650756,0.08405965,0.41508526,0.4689385,-0.3008312,0.46259418,0.24301246
OAS1_0049,1.8558226,-0.4495784,-0.40521646,-0.1446914,-0.9279858,-0.58923465,-0.77748096,-0.48513296,0.18111666,0.85187757,-0.43573967,-1.1088408,0.15872207,-0.12375279,-0.25764263,0.40873587,0.07581063,0.42333636,-0.7538039,0.14230973,-0.36429852,0.40335545,-0.20075904,0.05519637,-0.40529355,0.18220098,0.43687496,-0.23689301,0.08296191,-0.16093227,0.12259205,0.466238,0.03048415,-0.87695897,-1.189739,0.03306067,0.81854534,0.26286542,0.5536291,-0.36334696,-0.20438612,-0.15507305,-0.31841108,0.45846698,0.014409839,0.3769439,-0.6153042,-0.15010563,-0.13043419,0.059827324,0.1481363,0.13327146,-0.2721523,-0.10432707,0.4588974,0.010310786,0.18541013,-0.88865227,0.021454865,0.34612787,-0.4604344,-0.19778818,0.46661416,0.3728073,-0.5545775,-0.24374878,-0.13330626,-0.24561363,-0.10494554,-0.26397237,0.45797372,0.47925517,-0.07173053,-0.36761528,-0.06035423,-0.2373926,-0.13898078,0.16862291,0.09950981,-0.16420655,-0.6054848,-0.019610409,-0.09995162,0.23794752,-0.24505746,-0.27781212,0.15046261,-0.2725453,-0.117932156,-0.27138403,0.2723615,-0.11024143,-0.32572603,-0.12631358,0.22655368,0.29762605,0.36240524,-0.12106039,-0.07747587,-0.2224499,0.16591287,0.11390632,0.46550444,-0.15299718,0.07227948,-0.14144295,0.33986825,0.4437912,-0.017141828,0.020244274
OAS1_0050,0.84567845,-0.45521176,-0.9626226,0.14508078,-1.0159284,-0.024613328,0.62260896,-0.17083879,0.454309,0.15510215,0.489971,0.44216135,-0.27875823,0.1363435,0.72823006,-0.70851207,-0.28914374,-0.19574793,-0.23750539,0.51006705,0.02163973,-0.07727082,-0.44594824,-0.75225145,-0.15214446,0.511557,0.3274821,-0.72783774,-0.30455226,-0.07198461,0.15545952,-0.23191006,-0.1700653,0.1972239,0.49754876,0.7483388,-0.3965858,-1.03536,-0.7480134,0.37500498,-0.18971132,0.28773895,0.51286227,-0.5660455,0.21735936,-0.050034124,-0.019272255,-0.21404688,0.3705538,0.48712176,-0.18721725,0.07137367,0.039439876,0.4570492,0.7627656,-0.27088517,-0.5213523,0.010437754,-0.039250854,-0.17444384,-0.095494226,-0.31903073,-0.1636889,-0.42461702,0.26413384,0.72622436,0.7074887,-0.068288006,-0.6623545,-0.28186673,0.055945348,0.1684847,-0.06261155,-0.20966284,0.03137676,-0.40675983,-0.12322665,-0.38951188,0.29012936,-0.5213494,0.2835411,0.2740254,0.6055836,0.27001116,0.11810529,0.5088228,-0.025912762,0.6703306,0.1671219,-0.021773065,0.15065114,-0.011168124,0.091542,0.0029737966,-0.14299405,-0.07684116,-0.15512541,0.25360698,0.16554698,-0.5967653,-0.057503905,-0.062148694,0.08944868,-0.6583253,-0.064555354,0.16473283,0.47922277,-0.030209951,0.015772041,-0.07587995
OAS1_0051,1.4742361,0.62548137,-0.68034834,-0.04971915,-1.7990943,-0.3839027,0.7352712,0.54416287,-0.854242,-0.2402505,-0.19782673,0.3797818,-0.36010906,-0.44046956,-0.39005348,-0.542678,-0.7514295,0.11389099,-0.3464799,0.019762086,0.5503075,-0.40082365,-0.120863646,0.08725741,-0.017687663,0.031886075,-0.24958485,-0.33369395,-0.1256178,0.24638458,-0.15592359,0.0036667453,0.030944448,-0.035265833,-0.15550002,-0.35139522,0.220987,-0.06849987,0.10825675,-0.0796507,0.14158702,0.15995418,-0.84975886,0.17443483,0.35377675,-0.16871399,-0.45654583,0.19530103,0.19941653,0.1778665,-0.083359644,-0.06503097,-0.41401422,-0.5044564,0.33283925,0.1372661,0.6598991,-0.24826267,0.07285966,-0.61630076,0.16772836,-0.41716853,-0.3085031,0.69004023,-0.063129246,-0.31332415,0.046517637,-0.09248971,0.30025315,-0.3599421,0.26595655,-0.04056583,0.10545101,0.35970172,-0.4936931,0.49474218,-0.40822515,-0.15299775,-0.2908691,0.21805671,-0.628673,-0.012166008,0.5549087,0.18333301,-0.4869622,-0.7153182,-0.25071663,0.20992759,0.2630598,-0.8684467,0.2664456,0.41548875,-0.51448786,-0.12226051,0.06232119,-0.35462195,0.06247752,0.57837224,-0.01135091,0.21902888,-0.34593815,-0.51408255,-0.08558228,0.1688692,0.41438785,0.37620413,-0.3122014,0.2523438,-0.20109993,-0.115588024
OAS1_0052,0.003941286,1.5787592,-0.11977642,0.31600648,1.0024672,-0.56199694,0.12854216,1.0296443,0.38733184,0.17940752,0.15635177,-0.41444987,-1.36423,0.16358763,-0.7673866,0.6501161,0.08970804,-0.36720106,0.8534431,-0.00011284523,0.47967494,-0.51699,-0.7757243,-0.33565068,0.4326196,0.107973374,0.6141594,0.36607894,0.4326058,-1.2539434,0.22186822,-0.37919855,0.7258036,-0.24257757,-0.31662777,-0.698106,0.32979843,-0.23538691,-0.10261128,0.12781106,-0.77178025,0.6636442,0.09955465,-0.022441484,-0.103031635,0.20899963,0.12406985,0.17360832,0.69414794,0.13107398,0.6396867,0.20975724,0.10216714,0.02071601,0.1862544,0.521751,-0.17331444,-0.19005708,0.44975692,0.6807455,-0.68726754,-0.08383834,-0.10070425,0.14144142,-0.077327445,-0.0067620925,-0.8111011,-0.25735366,0.14828697,-0.49906847,-0.16471972,-0.55256784,0.26034677,0.10384485,0.11196545,0.17760366,0.32767278,-0.026494734,0.5047949,-0.06812407,0.68827623,2.0984999e-05,0.004762091,-0.23992135,0.25307876,0.40089893,-0.21454604,-0.5020764,0.20114759,0.023997795,-0.31144306,-0.46493626,-0.08760122,-0.18752174,0.29570094,0.1805253,0.40029845,0.27079752,0.27252802,-0.14858001,-0.21638218,-0.38893658,0.28447923,0.19073701,0.31937665,-0.036078054,0.048880994,0.5259692,0.15205404,-0.5183974
OAS1_0053,-0.93849105,1.1907713,0.54483336,0.7651116,1.0544919,-0.19226295,0.12638286,-1.2446202,-0.7322129,0.18674031,-0.44028708,0.34561235,-0.090060644,-0.42123187,0.36425906,0.5337018,0.85449415,1.2109679,0.050669376,-0.08589575,0.6142664,0.76504487,-0.26524326,1.6083885,0.068015285,0.70942783,-0.25461403,-0.50511336,-0.30673656,0.04584004,-0.3082212,-0.47931418,0.3044796,0.43822125,-0.31773245,0.6781019,0.8862656,-0.02035339,0.35660034,0.021361195,-0.39118296,-0.68949854,0.5840838,0.2941421,0.52833045,0.03723115,0.38963118,0.19937417,-0.33651868,0.16194466,-0.65380704,-0.34069797,-0.10840016,0.025809249,-0.0073596425,0.6968242,0.9864645,0.58710045,0.37153018,-0.11955682,-0.35254693,0.5092324,-0.045848902,0.27697006,0.49182358,0.07250766,0.17045256,-0.10140675,0.6087907,0.4945211,-0.21213922,-0.08400807,0.38298008,0.2418883,-0.14648159,-0.76526296,-0.40760618,-0.026957799,-0.73079085,-0.035762507,-0.22150539,0.2005777,0.078090996,0.3310273,-0.115331866,-0.13301411,-0.34098142,0.4571272,0.28492728,-0.77326,-0.6720655,-0.057629872,-0.10790741,-0.13709664,-0.5540721,0.013412184,0.095394015,0.0763888,0.123079,-0.0019175523,-0.11402073,0.37447795,0.40340424,-0.44531348,-0.39295477,-0.5720305,0.3859342,-0.37463996,-0.23968317,0.27309117
OAS1_0054,1.3625132,-0.86416745,-0.93211913,-0.0056746346,-1.0019771,-0.23493992,1.1777054,-0.1071319,-0.09031788,0.23379482,-0.3856507,0.105008535,1.1180668,-0.17163363,-0.40658867,-0.13162646,-0.11256398,0.12614827,0.27923438,0.1774899,-0.10263764,-0.1263809,0.25257474,-0.24960427,0.3459563,0.46182692,0.16551217,-0.109809384,-0.1545328,0.2023268,-0.58452255,-0.3014628,0.0770482,-0.035707314,-0.39272246,0.4529796,0.50461805,0.3965797,-0.33229545,-1.1898819,0.12551008,0.33200243,0.32658112,0.2701764,-0.74144506,0.14554106,0.45149893,-0.31696576,0.04961666,0.20865826,0.124853976,0.030254336,-0.30505058,-0.042910025,0.085189335,0.0818557,-0.54101074,0.111143805,-0.24210352,0.2824928,-0.67933965,0.0027913097,0.29900667,0.53621227,-0.29815504,0.58850276,0.21139067,-0.86268336,-0.54458433,-0.17521931,0.7145062,-0.20793489,-0.043864977,0.08334796,-0.097022936,-0.24018396,-0.25535214,0.18329497,0.12732764,0.0779767,-0.11956139,-0.1553265,-0.082661994,-0.11620985,0.14849463,-0.62376475,-0.00018475056,0.34034163,-0.20288742,-0.079240486,0.2953368,0.06734363,-0.4352338,-0.08454817,-0.016209565,0.47347286,-0.31698132,0.22774245,0.120338514,0.11146156,-0.4463066,0.31380168,-0.07126169,0.21586953,-0.038699817,0.33940318,-0.09554703,0.023730282,-0.020263039,0.28719854
OAS1_0055,1.0457935,-2.8866155,0.2579105,-0.107366174,0.8295113,0.97846615,-0.42729357,0.4908824,0.30697253,-0.02822836,-0.14415897,-0.61989564,0.1013399,-1.0971992,-1.2982107,0.04294117,0.06662055,-0.85932624,-0.14881076,-0.019195734,-0.2999748,0.6849727,1.0420208,0.66692543,0.38489524,0.119258426,-0.057304565,-0.06962787,0.31792328,0.17602646,-0.09676804,-0.41388363,0.20092782,0.086493365,0.3133128,0.2061229,0.2697115,0.73896605,0.19447386,-0.12274112,-0.19317265,0.1331847,0.0038238675,-0.07406653,-0.5057203,-0.34878036,-0.6804771,-0.04952338,0.34236103,0.3910397,-0.5141576,-0.013829839,-0.23852488,0.5259005,0.81732994,-0.5740287,-0.14931503,0.03309355,-0.08167425,-0.5531037,-0.36631593,-0.07741065,0.3766436,-1.1193234,-0.27624536,-0.17084329,-0.013629419,0.007335763,-0.2958527,-0.017141992,-0.07763768,0.58810014,-0.119125806,0.42079845,-0.012128177,0.6443428,-0.067120574,-0.5479879,0.19866057,0.33536386,-0.023439236,-0.33841473,0.00039972056,-0.7136302,0.43726447,0.6641467,-0.048210364,-0.17819753,-0.030423813,-0.5420098,-0.5075474,0.31582624,-0.18649155,0.19551104,-0.260314,-0.24958631,-0.08254435,-0.19073728,-0.23181836,-0.60336494,0.33428904,-0.49899465,-0.5516209,0.9656723,-0.104569584,-0.43551955,0.22272962,0.031013478,0.081406794,-0.4547816
OAS1_0056,-1.1365156,0.14948042,-1.4531087,1.1297243,-0.53840387,-0.47162095,0.168429,0.5612466,0.06970749,0.31803924,-0.15898803,-0.3270534,-0.8226311,-0.28106853,-0.16288857,0.2504174,1.0426534,-0.43017572,-0.34792128,-0.586542,-0.42193988,-0.17380346,-0.47873917,1.7407897,-0.10259769,-0.3516458,0.6012858,0.26969343,-0.38017374,-0.5828572,0.08191054,0.1873803,0.42689756,0.35912728,-0.34746355,0.5120475,-0.034215618,0.24291976,0.50060964,0.064853646,-0.3831866,0.13759945,-0.3981775,0.834406,0.47017756,-0.071360275,0.21871746,-0.08395137,0.1664407,-0.1499868,-0.3659311,0.3630099,-0.2725046,-0.07103169,0.35164908,-0.054602873,-0.1597122,-0.1291947,-0.2061766,0.22370672,-0.838234,-0.46565536,0.029081881,0.29298088,0.006823682,-0.115077354,0.71731275,0.12654689,0.16195802,0.18572228,0.4277217,-0.23727785,-0.21650568,-0.039957214,-0.1675425,-0.064822026,-0.39133424,-0.32557815,-0.04218391,-0.058956567,0.050439514,0.50161666,0.06775811,-0.47355768,0.49048042,0.33623078,-0.06984979,0.054852985,0.04168752,0.0879809,0.11908381,-0.15441436,-0.22150286,-0.013161739,0.30215886,0.4565519,-0.014229086,-0.17047003,-0.031238183,0.5880405,-0.14831299,0.2998398,0.145128,0.13242327,0.1325775,0.16752236,0.015507621,-0.8404491,-0.10217271,-0.1361434
OAS1_0057,0.997912,-0.77025133,-0.73350257,0.61227185,-0.7925605,-0.49674046,0.0773233,0.48031044,0.9296201,1.0984926,0.5372252,-0.59021944,-0.062568076,0.7292707,0.20919405,-0.12424505,-0.34458512,0.1146676,-0.12849616,0.2511476,0.39732006,-0.51541775,-0.20801139,0.34139982,-0.6613324,0.3057364,-0.20832752,0.075689405,0.3746632,-0.50446373,-0.37619096,-0.06595098,-0.04017148,0.16384263,-0.7502306,-0.6301166,0.12328454,0.32058805,-0.45311898,0.0052204123,-0.28172484,-0.12761326,-0.24947126,0.35071033,-0.044542443,-0.8195083,-0.043285225,0.14450724,-0.16247751,0.23014921,0.6684409,0.06887114,0.45124248,-0.15825431,0.2152861,-0.82677096,-0.2565653,0.2774179,0.29287624,0.74426085,0.5299038,0.8670138,0.18995394,0.13916667,0.41137233,-0.14320606,0.48742294,0.4171021,-0.4683264,-0.46506724,-0.35616618,-0.4350414,-0.21866097,0.2725309,-0.02656152,-0.026040357,-0.5835095,0.104028635,-0.7525739,0.121054634,-0.122657515,-0.32762632,-0.7496135,0.24060506,0.32580388,-0.34092996,0.10039195,-0.034441125,0.28471264,0.5199959,0.03905681,-0.094647326,0.17423749,0.11669105,0.6563462,-0.5150583,-0.108573124,-0.3663106,0.6364831,-0.7217233,-0.29949102,0.45926785,0.3037969,0.3867768,-0.21397649,0.32905126,-0.10869064,-0.73790574,0.3754772,-0.1085574
OAS1_0058,1.4601321,-0.59065723,-0.037116054,-0.26667777,-0.006532421,0.1908721,0.2505259,-0.33395544,-0.75192946,-0.103002295,-0.079057015,0.37531507,-0.14262873,0.99857765,-0.6864499,0.08511379,-0.23120616,1.3402033,0.35492012,-0.09589984,-0.5255573,-0.66707164,0.36681283,-0.72901016,-0.37821454,0.20325732,0.63985515,0.654049,1.0152563,-0.06262836,0.72795665,0.1623104,0.037252735,0.111067295,-0.1507598,0.13987407,-0.33326674,-0.63385016,0.5350592,0.49510917,-0.013085175,-0.51626974,0.42583564,0.061277185,-0.732144,0.80469316,0.35721937,0.25070938,0.20373078,0.06086196,-0.15034957,-0.19297104,-0.034873333,0.6779341,-0.23586218,0.1617178,0.48251337,0.04453357,0.13720335,0.18912522,0.3812897,-0.26425347,-0.33443812,-0.7870805,0.0019818316,-0.29882595,0.53076446,-0.024302006,0.018709388,0.71780765,0.13139349,-0.061914746,0.10918214,0.18979779,0.094929546,-0.05604442,0.29709238,0.32872674,0.09256665,-0.20333518,0.09512169,-0.13386168,-0.114130735,-0.3880639,0.1592595,-0.48166165,0.19343011,0.71050936,0.26379895,0.08169236,-0.80694985,0.00059868325,0.4768525,0.17908166,-0.15526496,-0.3843671,-0.2973727,0.07648466,-0.30805945,-0.51238304,0.07902448,0.32958016,-0.34106526,-0.10145639,-0.023947539,0.10764455,-0.05213718,-0.66717494,0.019425252,-0.09997296
OAS1_0059,1.832499,-0.65327376,-0.57550657,-0.5331174,0.49243078,-0.9263466,0.34581074,0.04855835,0.07960556,-0.3911886,-0.18433969,-0.28022018,-0.85106844,-0.13375768,0.21106187,-0.119427346,0.15590338,0.16533573,0.423885,0.2956459,0.32053167,0.4908314,-0.2040688,-0.40514198,0.09327143,-0.25845808,0.31893307,-0.2815266,-0.62781113,-0.2108148,0.08328478,0.5581313,0.5063605,0.21429929,-0.008561347,-0.3793107,0.09576925,-0.342605,0.7048992,0.62901795,0.26720053,-0.6152751,-0.5135875,0.33664626,0.27186868,-0.2999642,-0.058652665,-0.056526788,0.008488298,-0.07255087,-0.0042392123,1.3045475,0.5895635,-0.05701472,-0.28565285,0.053390376,0.35805967,-0.02043693,0.3654038,0.51696074,-0.6686999,-0.04343542,0.8219299,-0.3806057,0.43186605,-0.302776,0.043622337,0.9751039,-0.22460249,0.0055965274,-0.02414032,0.12874484,0.053197358,0.21513869,-0.24213384,0.2424102,0.24155447,-0.047852933,0.34878483,-0.42600116,0.16471316,0.20373604,-0.37693906,0.17842911,-0.6026267,0.6025493,0.006112476,-0.0591175,-0.6065153,0.45151886,0.22852816,-0.15917027,-0.41348684,-0.47042024,-0.2867632,0.3644878,0.07266975,0.014217844,0.16902499,-0.31382433,0.58908933,0.1926149,-0.10282397,-0.14778835,0.07484755,-0.6861577,-0.56361586,0.014269993,0.5376851,0.30928388
OAS1_0060,-2.4100418,0.6225634,0.6065856,-0.9779932,-1.1647316,-0.44860753,-0.39062876,0.42301598,0.7889408,0.80231416,0.68572414,0.55527663,0.106018834,-0.04474488,0.7328071,0.49186602,-0.17591995,-1.6087756,0.85943574,-0.050799496,-0.47285822,-0.25086707,-0.27940124,0.5745249,-0.0021989346,-0.28408298,-0.05544087,0.805089,-1.0367647,0.23035952,-0.17666279,0.7296417,-0.49425578,0.10469376,0.22043243,0.6632052,0.04584577,0.06898509,-0.56522197,0.32709098,0.35190612,-0.2805923,-0.257984,0.15038511,0.047415234,0.49308765,0.15647706,-0.038768962,0.6246737,0.017975241,-0.32137355,0.10198847,-0.19798514,0.23551068,-0.008183105,0.14273073,0.31590563,0.3196022,0.04090278,-0.6485513,0.67877674,0.14115925,0.10670942,-0.086649016,0.47816452,-0.04883364,-0.15062574,-0.11827162,0.15058719,0.50761914,-0.03421608,0.28186896,-0.22355315,0.95806,-0.12298372,0.67203075,-0.26562652,-0.06990013,-0.013699627,-0.27750942,-0.30506182,-0.46793002,0.35886732,-0.07420112,0.21684434,0.030662345,0.52240175,-0.17328937,-0.18885867,0.32659578,-0.0015255255,-0.43063203,0.098523386,-0.6961467,0.3038856,0.16835792,0.2303453,-0.39304346,0.136214,-0.18190111,0.3808322,0.053130563,0.13983794,-0.14366569,-0.106683135,-0.30011925,0.22120936,0.5807213,-0.19738753,0.051691856
OAS1_0061,-1.1213089,0.20360956,1.3632267,-2.835772,-0.8201202,0.83871514,-0.11735754,-0.21966654,-2.340181,0.5256202,0.69769657,0.2433505,0.97300076,0.009913067,0.47641122,0.035985455,-0.6295242,0.77073324,0.022003667,0.34726632,0.03117197,0.05148331,0.99796057,0.39580894,-0.2540031,1.3178685,-0.30049682,0.8197651,-0.072944865,-0.30747566,-0.5877582,0.46492407,0.11023216,-0.15592985,-0.04058255,-0.41432846,0.79204464,-0.17738104,0.15656653,-0.10773832,-0.86238366,-1.3338528,-1.0725515,0.421039,0.14413695,0.68936247,-0.7528279,-0.13883969,0.38949385,-0.27706712,0.06445698,-1.2114978,0.2646772,0.20599303,-0.3643562,0.14982791,-0.090390116,-0.5285008,-0.159879,-0.31018984,0.060226224,0.32107615,0.47914314,0.18531299,0.3111598,0.111533575,-0.034897745,0.12148896,-0.061364442,0.058690384,-0.03748024,-0.1373726,0.0855078,-0.18820494,0.038299587,1.0234281,0.30988604,0.5656133,0.65056074,-0.37111422,0.14733082,-0.36316708,0.018471325,0.24719016,-0.23323669,0.60770994,0.20322496,0.23293643,0.5182616,-0.31714532,0.50709635,-0.23614979,0.06518902,0.20000665,-0.0507931,0.14355248,0.030340698,-0.2635352,0.041652072,-0.15950055,0.10258331,0.12871143,-0.30760908,-0.039056804,0.10669404,-0.4543933,-0.095801756,0.04631123,-0.046970785,-0.27389172
OAS1_0062,-0.4231998,-0.875798,-0.887283,0.29264352,0.72726005,1.1971028,-0.4555897,-0.37569642,-0.056501947,0.04164424,-0.3838385,0.27716538,-0.017740017,0.24608392,0.5775907,-1.1169527,0.16344914,0.023693219,0.08909537,0.73211694,0.11042941,0.51778233,-0.48337522,0.06604114,-0.9250004,0.5472771,0.80482936,0.14448261,-0.0935813,0.21376325,0.1259948,0.5814487,0.2652984,0.35594338,-0.22383787,-0.12553559,-0.414914,-0.012454355,-0.50317246,-0.47068065,-0.003378023,-0.020601861,0.4786494,-0.15727903,0.24721716,-0.19860797,0.05955,-0.17245615,0.4056824,0.26629612,0.15962534,-1.0669535,0.3316596,-0.009941265,0.28256375,0.44239637,-0.05139474,0.1304638,0.38065565,-0.30407736,-0.1583131,-0.2606559,-0.12010386,0.18147917,0.34163457,-0.6683358,-0.44480342,-0.1785446,0.18077867,0.049099885,-0.23441947,-0.49255067,0.058492366,0.092616774,0.211449,-0.18202841,0.25278914,0.17028035,0.22193621,-0.18932669,0.3557032,-0.057213616,0.350815,-0.8291917,-0.34989727,-0.07558105,0.0059216167,0.27068922,-0.48628023,0.5261568,0.12354539,0.005320768,-0.15250412,0.07169127,0.08820813,-0.16076972,0.52938205,0.11675068,-0.12436131,0.29905808,0.23231497,-0.04962649,-0.05797318,0.29866487,-0.16098662,-0.14154884,0.016351253,-0.087797865,-0.131181,-0.12356203
OAS1_0063,0.76083815,0.82844007,0.50309163,-0.921687,0.77799845,-0.18817045,0.22549897,0.34034675,1.1820203,-0.16671567,-0.33034796,0.48658082,0.2892811,0.89420843,-0.542535,-0.29441994,-0.547287,-0.113976784,1.2818775,-0.7340239,-0.55413264,-0.21949445,-0.6706253,-0.26043954,-0.9388405,0.21750006,-0.06000568,-1.0298274,0.09277564,0.32879004,1.1245347,1.2007107,-0.5084899,0.27482876,-0.52204233,0.069939554,-0.7461934,0.043829396,-0.48994312,0.10395648,0.319666,-0.08566681,-0.54958355,0.30803147,0.19564165,0.44559717,-0.3401303,-0.24724422,-0.12988701,-0.29667172,0.31687915,0.19649565,0.52176255,0.3650236,-0.32814264,-0.77338785,0.94590074,0.17171265,0.008532076,-0.5048209,0.086006545,0.25048473,0.63518655,0.5032953,0.7910943,1.1838835,-0.030878525,0.37324515,0.6252512,-0.11664383,-0.3133387,-0.0740546,0.3155579,-0.3294736,0.32450506,0.4193174,-0.27529016,-0.23468916,0.5348388,-0.046756636,-0.19963045,-0.27862766,0.30369613,0.2648254,0.18303095,0.3621175,-0.019395305,0.10968843,-0.24127315,0.5091829,0.6931843,0.528026,0.00981765,0.1216007,0.14937331,-0.09513332,-0.042708404,0.18922947,0.2797775,0.061484005,0.30050626,0.11899283,-0.052037388,0.59681207,-0.11702006,0.19235474,-0.28211066,-0.49905872,0.42140594,0.49904135
OAS1_0064,-1.0298268,-0.14017509,-1.035346,0.09894838,-0.27542788,-0.4610291,-0.6307303,0.28761414,0.34431052,-0.4259005,-0.57261056,0.9600005,-0.19577396,0.7375144,0.10947148,-0.17818333,-0.19172923,0.14057806,0.6504852,0.55057186,-1.0270381,-0.4794536,-0.46847084,0.2790023,-0.75538594,-0.29970968,1.1113716,-0.13746513,0.15578066,0.39415404,0.7044951,-0.2685529,-0.21179602,-0.079366334,-0.769295,0.6218677,0.100866154,-0.35779986,0.5050646,0.02139466,-0.48909083,0.22998665,-0.5132127,0.16307747,-0.08222517,0.2913333,-0.0478766,-0.025118241,-0.028263962,-0.41152513,-0.18405192,0.05796177,0.08490954,0.38235563,-0.10437686,1.2796088,0.20621331,0.29659277,-0.37546283,-0.1361859,-0.10878413,0.41002735,-0.17638977,-0.66433835,0.1853555,0.25877288,-0.2746298,0.22407107,-0.34428287,-0.22889584,-0.2598899,-0.053224385,-0.3698075,-0.06905043,0.321617,0.12186846,0.5213497,0.23434727,0.3610234,0.06963776,0.34942114,0.04942801,-0.060209446,-0.46236858,0.08091236,-0.017400436,0.1880179,0.08751591,-0.25242382,0.40855327,-0.18275099,-0.33878583,-0.59996456,0.38606626,0.08595725,-0.33967572,0.03333872,-0.045578662,0.17690344,0.22286265,-0.3572335,0.3336649,-0.40241408,-0.06184271,0.6016903,0.1382527,0.22169143,-0.22520289,-0.4908912,-0.07469887
OAS1_0065,-2.0446742,-0.32237515,-1.1262672,-0.1976681,-0.81112045,-0.5396144,-0.7295807,0.63724846,0.5754819,0.5893322,-1.0496845,-0.40871137,0.3325027,0.72465146,0.043854356,-0.5187967,-0.19318637,-1.0419304,0.99574214,-0.2495486,0.31395626,0.6640737,0.2053208,0.20798841,0.3542703,0.2864354,-0.41089696,-0.28783292,-0.20677452,0.20265669,-0.67075264,1.317558,-0.033501677,-0.0031003305,-0.2394587,0.024313759,0.14320081,-0.67676526,0.72571224,0.6473537,-0.39828572,-0.017923905,-0.0030376606,0.16733141,0.32507214,-0.47222224,-0.436465,0.34248635,0.41396576,-0.4134709,0.64494467,-0.696678,-0.6375311,0.053036183,0.08869407,0.25971,-0.14038076,-0.29777545,0.6833694,-0.33392122,-0.25392634,0.013066601,-0.2823433,-0.07551287,-0.18573573,0.0344264,0.09806744,0.0636022,0.11250232,-0.4215941,0.2999181,-0.34769243,0.6418987,0.36315218,0.36158597,0.19853507,-0.1924408,-0.44158816,0.34705678,-0.25105274,0.70372033,0.39666802,0.350367,-0.024992047,0.28341714,0.3142363,0.2568374,0.44268936,-0.14360294,-0.44821328,0.5536576,-0.43559107,-0.09354091,-0.10909411,-0.70934284,-0.100581184,-0.5712208,-0.15481482,-0.37848544,0.2855397,-0.16569388,0.5440802,0.26736382,0.2668339,0.28653273,-0.20329835,-0.25538218,0.34721163,-0.15603983,0.36102095
OAS1_0066,0.2140326,-0.20374037,0.3754471,0.058917794,0.24671601,-0.16431597,0.9520862,-1.7784499,-0.27115765,0.38574436,-0.0072158948,-0.2563729,0.3395738,-0.2720452,0.017439926,0.6039751,0.17778718,0.5475668,0.29257673,-0.09828251,-0.75734353,-0.6285366,-1.3129697,0.27011618,-0.55036306,-0.6713781,-0.7949934,-0.19033693,0.027678126,-0.6822991,-0.3426863,0.2858941,1.11617,-0.13342917,0.13349177,0.23775911,0.09586425,-0.4188842,0.19443421,-0.3806719,0.5344002,-0.1271187,-0.5121817,0.11486277,-0.16162187,0.88251376,-0.44281927,0.21010084,0.24448825,-0.85118896,0.0723765,-0.51048476,0.16973956,-0.14213262,0.16233134,0.25222743,0.37401614,-0.1687162,0.12125675,1.0513031,-0.014347753,0.3274229,0.2613114,-0.16628651,-0.6078727,0.22108564,0.4548747,0.03345546,-0.12617487,0.55123734,0.46464166,0.58182645,0.1227609,-0.5055241,0.42116416,-0.1994928,0.44522902,-0.8873833,-0.08854144,-0.67204016,0.3265189,0.24359721,-0.062092252,-0.4670122,0.0128283715,-0.1744086,0.23066455,-0.27670547,-0.38384128,0.26327395,-0.6161262,0.012589549,-0.13347714,0.41351175,-0.507297,0.018101562,0.20274146,0.40347552,0.50002086,0.27632326,0.19399561,-0.09318127,-0.47273448,-1.0248771,-0.0052336603,0.21087731,-0.038456026,0.43644994,0.121344596,-0.28131884
OAS1_0067,-0.20673604,-0.3132003,0.012691396,1.5434779,0.16821317,0.8035227,0.12893096,-0.015355145,0.38864508,-0.2986621,0.96359324,0.8115782,0.8878531,-0.633485,0.18896252,0.22954397,-0.8232343,0.15821786,-0.42381734,0.107030384,-0.21941537,0.68088424,-0.6280374,0.31301722,0.022845704,-0.40638393,0.4443785,0.10716491,-0.63985795,0.22733077,-0.47702035,-0.0029607464,-0.2510575,0.40864062,0.23041666,-0.4039187,0.62489504,-0.052748688,-0.01924018,-0.23584975,-0.57471555,0.4094916,-0.7507469,-0.7446307,-0.5551969,-0.21703711,0.54192394,0.020514239,0.08021345,-0.7784706,-0.43634722,-0.094291724,0.049446262,-0.43872508,-0.04467065,0.10221923,0.4301725,0.8438032,0.6006751,0.63610816,-0.27770707,-0.33011445,-0.32925233,-0.11319806,0.3314354,0.15846907,-0.18442616,-0.13581787,-0.17369647,0.017599767,-0.34368333,0.07880244,0.4716026,-1.2024277,0.3770272,-0.1160425,0.2720723,-0.3258885,-0.056481674,-0.17868443,-0.6143622,0.061213672,0.51487416,-0.010665516,-0.03592063,-0.37415606,-0.117443785,-0.25183535,0.20589173,0.17135318,-0.1274869,0.14892699,0.34342298,-0.28422746,0.3527403,-0.119711615,0.09244766,-0.22895573,-0.20561823,-0.18579417,-0.107300766,-0.21341334,0.06814431,-0.15081625,-0.26771936,0.26471907,-0.3844294,-0.14577003,-0.30742994,0.14506271
OAS1_0068,0.5876907,0.510882,-0.3456749,-0.32549986,-1.0170304,-0.56926036,-0.05740491,-0.55245256,-0.4100591,-1.0494825,-0.77099717,0.57427645,0.38768813,-0.27151334,-0.10864765,0.10760311,-0.6174053,0.9076142,-0.77867466,0.33243698,-0.53564125,-0.7460244,0.24253187,0.9112556,0.28867728,0.7071862,-0.30066153,-0.21295203,-0.62151664,0.2535182,-0.18366863,0.2152183,0.15772699,-0.028144684,0.04013838,-1.390205,0.021650989,-0.848725,0.15645337,-0.5735555,-0.17725459,0.23790082,-0.229496,-0.051347904,-0.018625297,0.26132068,-0.4856145,0.17792965,0.7876932,1.0870024,-0.63716596,0.2402036,-0.2374948,0.39956447,0.53593194,-0.011890842,-0.2986648,-0.06307881,0.0860474,0.028549645,-0.13496333,-0.05970607,-0.55142444,-0.3132596,0.006800589,0.22384086,-0.094048075,0.4484875,0.4450872,0.46109405,0.07549641,0.3472627,-1.0171354,0.16481508,0.31133932,0.23340534,0.16823298,-0.010548988,0.23252378,-0.05614713,0.16461687,-0.04334021,0.22304077,-0.013874438,0.25601676,0.022144793,0.03891721,0.38836697,0.11300191,-0.26702592,-0.053136457,0.5208499,0.06030016,-0.54817706,0.065289855,0.31186873,0.14328946,-0.12747282,0.0792116,-0.030440653,-0.03311194,0.16784781,0.38722447,-0.18425475,0.38852024,-0.4365206,-0.29855263,0.0473378,0.21510646,-0.043912042
OAS1_0069,-0.45761323,1.4221861,0.35181448,-1.2672324,1.008706,0.45582008,-0.5597205,-0.71079624,-0.9161231,0.8285777,0.035591327,0.29416412,-0.29974926,0.80883193,-0.18162923,0.8623168,-0.45945477,-0.110151455,-0.8206676,-0.5908687,0.48221734,0.37190259,0.010711372,-0.21238053,0.81521803,0.19889471,-0.5738074,0.19568586,-0.5327885,0.3883557,-0.31254622,0.329628,0.7178393,-0.21166265,0.025869848,-0.4482449,0.22122973,0.588876,-0.9647877,-0.40097848,1.0166038,0.34473866,-0.3109234,-0.43965697,-0.3364923,-1.3568641,-0.2694226,0.0065356,-0.06856541,-0.17295487,0.011877214,0.29447883,0.110749945,0.8117645,0.53436553,0.085865535,-0.019532442,0.18129784,0.23459046,-0.14777309,-0.20603456,-0.2171209,-0.4386883,0.039691266,-0.36681423,-0.17895544,0.7954702,0.2704347,-0.90539706,-0.2522702,-0.12768663,-0.41217804,-0.809456,0.28953192,0.5307504,0.02353277,0.13379395,-0.46434784,-0.5920843,-0.20894155,0.30097446,0.61492074,-0.24548721,0.14726584,-0.1305153,-0.37263316,-0.08006255,-0.022510607,-0.372841,-0.78362274,0.08979232,-0.21658546,0.6880753,0.51251155,-0.050794203,0.2706586,-0.3905334,0.026662802,-0.26163673,-0.016836938,-0.07407908,-0.1164529,-0.0943955,-0.032591026,0.13470608,0.65557057,0.20623586,0.09215948,-0.035163064,0.12606312
OAS1_0070,0.23590176,-0.41846156,-0.7515342,0.2904847,0.4713238,-0.1289784,-1.1536955,-1.6729892,0.050363403,0.016294787,0.321223,-0.10659035,-1.1942184,0.0481668,-0.23743786,-0.0406805,-0.14933072,-0.777733,-0.15504266,-1.0063902,-0.091556795,0.25417876,-0.17980981,0.36611778,-0.76287395,-0.28137746,0.18032864,0.6822033,0.54404783,0.49984604,0.07880416,0.2294443,0.4688668,-0.27516854,0.1359847,-0.1893949,-0.19691505,-1.1680975,0.18203726,-0.47865143,-0.0880676,0.0595992,0.20370275,0.42471907,0.20864291,0.19997683,0.5117198,-0.3650069,0.1103322,-0.13258637,-0.03174077,0.047647383,-0.6333511,-0.45109785,0.27848527,-0.1935988,-0.5466042,-0.14608088,-0.2772778,0.22537643,0.1380544,0.2378722,-0.15029871,-0.09863182,0.015263245,-0.5530339,-0.042926863,-0.61530334,-0.27673113,0.3981862,-0.2003197,0.16262372,-0.115728974,0.14939635,0.0093714055,-0.23824337,0.10161148,0.57227,0.7616841,0.2620237,0.11938189,-0.019454228,-0.39717737,0.9820804,-0.140568,0.29728723,0.28274402,0.3809244,0.49365488,-0.11474754,0.15470283,-0.0053963363,0.20481391,-0.5454486,-0.52329814,-0.021505674,0.29936764,-0.038606778,-0.07530832,0.5360502,-0.06514731,-0.5177705,0.541924,0.31482944,0.05430257,-0.25032726,-0.3587021,-0.19340368,0.6562988,-0.0086105075
OAS1_0071,0.97476435,-1.5750766,-1.2777462,0.2905173,0.43209836,-0.26808307,0.013906936,-0.30157244,0.27215174,-0.6386445,0.76344174,-0.38255313,-0.70928776,0.66812885,0.55319417,-0.23042484,-0.32551903,0.063731976,0.3452902,1.0311048,0.02962911,0.044900976,0.26952899,-0.30959663,0.062372863,0.019607475,-0.2268096,0.4487146,-0.34805933,-0.15125364,0.35587028,-0.04282141,0.29154927,-0.14444305,0.3925623,0.29232663,-0.09592996,-0.37559873,0.69302815,0.6330309,0.5012511,0.25881892,-0.053012565,0.075469844,-0.3717304,-0.00090319896,1.0411494,-0.21296519,-0.05477134,-0.35560903,-0.34059337,0.6759258,0.27610075,0.071403846,-0.29981494,-0.022234986,-0.37371904,0.22988358,0.28622425,0.07672709,-0.26868024,0.11426013,-0.1296792,-0.065648355,0.06670789,0.077134505,0.1887613,0.011334472,0.5518007,0.41122308,0.18432713,-0.6691043,-0.31908622,0.1763424,0.086813875,0.21605395,0.067438416,-0.050433204,-0.28295043,0.04618369,-0.45671743,0.3256099,0.13664979,-0.22710106,-0.19506893,0.36990395,-0.20476773,0.052789506,-0.27810422,-0.05366208,0.14935867,-0.5226008,0.04120782,-0.27022868,-0.1609349,0.2183531,0.6215553,0.29930446,0.11100565,-0.3185443,0.31332994,-0.33029476,0.15403616,-0.24811527,-0.16150145,-0.61789346,0.23996092,0.17271478,-0.2244505,-0.12472097
OAS1_0072,0.51038,-1.245851,-0.7127835,-1.0922639,-0.6757488,-0.3514119,-0.7088531,0.3832906,0.39914227,-0.6757776,-0.26902053,0.12714207,0.24066149,-0.021467203,-1.0486882,-0.6842741,0.65617234,-0.37491006,0.37063792,-0.8041514,-0.09174476,0.2729103,-0.44812587,-0.48900396,-0.567107,0.36731645,-0.41994843,0.046815693,0.5742677,-0.5294774,0.29629815,-0.18461537,-0.12141607,-0.7304358,0.068520136,0.3506523,0.57639813,-0.074849024,0.6526826,0.58169043,0.41871375,-0.6283153,0.35863405,-0.38486472,-0.11160241,-0.098235466,0.22089586,0.023654545,0.022636538,0.12650658,-0.17943594,0.11508445,0.06479237,-0.90645164,0.3838907,0.30161098,-0.12784562,0.14384641,0.06922194,-0.16902027,-0.7241405,-0.1527153,0.46434602,-0.69491935,0.35367072,0.19504304,-0.24159333,-0.27391595,-0.1952822,-0.44420195,-0.77681553,-0.38672054,-0.25350603,-0.5666602,0.25122923,0.07628046,-0.43996772,-0.00344172,-0.4606319,0.5136526,0.12914948,0.24758422,0.37984243,-0.85060924,-0.24408026,-0.51445675,0.09959453,-0.15408225,0.12579332,-0.27461335,-0.32854235,-0.15898201,0.36957005,-0.015150639,0.24170469,0.44992992,0.103629194,-1.0069526,0.51418424,-0.42075247,0.615161,-0.22427842,-0.27738443,-0.26832893,-0.16181856,0.058435418,-0.017014494,0.15388133,-0.3433268,0.121203765
OAS1_0073,-2.0515292,0.26110968,-0.60293937,1.0167351,0.17130665,-1.1441131,1.2132864,-1.2536016,-0.59833664,0.12095412,-0.18192953,-0.27071157,0.17977983,-0.03361229,0.30841917,-0.18351893,-0.2881493,0.21509582,0.28304157,0.47638735,-1.0415734,-0.65067047,0.9012308,1.1353384,-0.5797469,0.48940754,-0.6754285,-0.47310007,0.07605532,-0.23919128,-0.38101617,-0.3165214,0.28675258,-0.8154026,0.25494823,-0.14682837,-0.020951858,0.6046133,-0.25642762,0.4554892,0.83512175,-0.33836073,-0.60125,-0.4275136,-0.5910444,-0.16933914,0.3195217,-0.4020132,0.16182356,-0.769243,-0.06294742,-0.91234505,0.23536883,0.32174525,-0.56159145,-0.25057632,0.43825066,0.51015013,0.4064146,-0.3428541,-0.38167804,0.80651414,0.21282679,-0.34818497,-0.41130668,-0.305909,-0.7275558,-0.64300054,-0.26529944,0.1742607,0.85352224,0.77541554,-0.46514735,-0.5199066,-1.1817652,-0.29861414,-0.260628,-0.047524337,-0.14806537,0.7563385,-0.29802072,-0.3004026,0.39297983,-0.15597834,-0.06565233,-0.2874464,-0.36204818,-0.34538853,0.17510344,-0.067082234,0.87304384,-0.5806708,0.75032115,-0.22806802,-0.7492219,0.3496949,-0.0014899815,-0.6535426,-0.43516093,0.2156122,0.26582953,-0.5343797,0.8581203,-0.41034216,0.082507975,-0.15534891,0.334375,-0.3513685,-0.17379083,-0.91327757
OAS1_0074,0.12005251,-0.49465144,-0.52202356,-1.6033188,-0.35829946,-0.02550222,-0.12427112,-0.830457,-0.98138607,0.3308196,-0.045777217,0.81097287,-0.15409039,0.063564435,-0.34147522,0.53868425,-0.48986238,-0.2939943,-0.67353094,0.76988494,-0.30893818,0.95027554,-0.17097381,-0.1765481,-0.07991956,0.107828744,-0.609075,-0.28991142,-0.41631728,-0.5239473,0.058255617,0.32577652,-0.09798461,0.99781966,0.6951152,-0.64341825,-0.25766763,0.38357142,0.6964755,-0.02500674,-0.15890086,-0.37524405,-0.28705886,-0.34274212,-0.08783215,-0.006054098,-0.6869271,-0.42648706,-0.16887616,0.39208308,-0.064882495,0.3774884,-0.15065615,-0.8381289,0.06488125,0.16119155,0.3601544,0.2193012,-0.3106469,0.10367742,-0.19413312,0.21373971,0.33095917,-0.890043,-0.44410414,0.2985489,-0.18011679,-0.097288325,0.27870443,0.07526594,-0.18582568,-0.7094412,-1.1063627,0.031640314,-0.048851494,0.16890118,0.027468322,-0.71675366,0.0051800176,0.37626728,-0.384644,0.5314349,-0.14141971,0.23261142,-0.33620378,-0.23328376,0.4682364,-0.37362856,0.36831817,0.29583654,0.1938865,-0.116999805,0.44498947,-0.4807496,0.16077542,-0.85212004,0.22721368,0.29153463,-0.42136848,0.15413302,-0.07892394,0.48065737,0.17897111,0.30741107,0.11074252,0.042162992,0.17963603,0.60636145,-0.008134854,0.3271844
OAS1_0075,-0.37025663,-0.3195035,-1.035654,1.6038524,0.14548476,-1.066411,-0.3453055,-0.7377225,0.045373276,-0.18006186,0.4608174,0.092700236,-0.6502961,-0.19879065,-0.22385001,-0.08231816,0.19679305,0.25686315,0.25002015,0.23611854,0.73122936,0.41094157,-0.68149745,-0.7722647,0.59479195,-0.15196167,-0.5444475,-0.07164779,-0.06629596,0.32802683,0.267456,0.05849404,-0.6229543,0.036928955,-0.3900518,0.17961259,-0.6540087,-0.259337,0.22978096,-0.1329523,0.29803467,-0.32566422,0.007505897,-0.6485855,-0.28161183,0.83105206,0.02933378,0.5557052,0.41022834,0.13467772,-0.19881153,-0.20874141,-0.44783804,0.25262448,0.7634488,0.27502546,0.039219707,-0.32665038,-0.7502248,0.13487037,-0.37150636,0.052904483,-0.19415008,-0.39716408,-0.04953814,-0.24714737,0.22956814,-0.20392515,1.274086,-0.15037021,0.46582866,-0.031962834,0.19314417,0.1841441,0.15098739,0.26863486,-0.66903865,0.19253801,-0.27583885,-0.5091164,0.40749136,-0.1186411,0.19698274,-0.26203966,0.23824179,-0.46508074,-0.48872963,-0.08464433,0.205193,-0.09461824,0.013341082,0.19624586,0.105598554,0.8417732,0.057884883,0.45381096,0.18906184,-0.29435027,0.3315077,0.0171545,-0.12818782,0.45360565,0.32584128,-0.45405108,0.40305033,0.6149731,0.005281833,-0.25736392,-0.36502415,-0.42911977
OAS1_0076,1.2015083,-0.7105706,0.52828234,0.19932933,-0.86871296,0.40399566,0.7559256,1.2147207,0.47758994,1.2999102,-0.5878961,-0.595306,1.0063483,-0.28341815,-0.9254697,0.6691773,-0.462646,-0.05327061,0.17555045,0.06813183,-0.12782122,-0.031567927,0.23227039,0.40162227,-0.30999732,0.39534634,-0.21166316,0.12490873,1.0334765,-0.23044619,0.17249952,-1.1069924,-0.11041286,0.009504665,0.12506634,-0.47372636,0.34056985,0.6863579,-0.20684096,-0.6590635,0.439682,0.077411644,0.12851675,0.48190638,-0.09989488,0.25177896,-0.5386396,0.1250108,0.11417477,0.6036595,0.22835565,-0.44634697,0.655515,-0.0927108,0.17221352,-0.11137236,0.34308657,-0.17752115,-0.1689049,-0.07876524,0.020045074,0.26197097,0.3027716,-0.49611586,0.6212008,0.13171485,-0.51039505,0.04999969,0.17399678,-0.451788,-0.20849246,-0.17105015,-0.19176967,0.03158144,0.19061427,-0.097714126,0.77451515,-0.19439003,0.0699842,-0.22834593,0.207977,-0.19018228,0.52749103,-0.86199194,0.44645274,0.051993486,0.3149802,0.5708207,-0.1398498,-0.28514963,-0.3663667,0.6639265,0.4273994,0.1418631,-0.57559156,-0.11081209,-0.24281809,0.105023734,-0.2712089,0.28366458,0.18814184,-0.20923655,-0.06446679,-0.20563877,0.3088666,0.55403537,-0.4853985,0.06752547,0.3425034,0.44283026
OAS1_0077,1.3215414,-1.257564,-0.68488777,-0.8756306,1.7480947,-1.2151155,0.56249523,0.4199212,0.83545214,-0.038406882,0.070461236,0.27923676,-0.0027981577,-0.1794357,0.90006536,-0.81657493,0.44989964,0.093444884,0.4881727,-0.5386269,-0.11039561,0.1501946,0.6850504,-0.32350585,0.84816176,-0.8677502,-0.47935778,0.31021267,-0.23272084,-0.002213255,0.4343488,0.19402419,-0.31504524,0.02766818,0.14782937,-0.30638468,0.7204169,-0.5877251,-0.030744184,-0.0042616716,0.46347964,-0.72312284,-0.68210024,0.54568976,-0.082841694,-0.5959143,0.5239077,-0.52973765,-0.58317214,0.55085033,-0.38672128,0.06275439,0.65655875,0.19664848,-0.112575226,0.1788398,-0.378111,-0.022291197,-0.38455722,-0.10988716,0.45640922,0.103766955,-0.64339054,-0.026044836,0.28397214,-0.09003584,0.1126764,0.46396354,-0.24211031,0.11292692,0.17844498,0.43343103,0.4736129,0.02635033,-0.47554293,0.3935729,-0.29805416,-0.06415508,0.035715185,-0.27113265,-0.018114425,0.20562774,0.1397203,-0.45226958,0.39627302,-0.5739672,-0.5851263,0.39413187,1.0199655,-0.44519562,0.029899415,-0.1373818,-0.11713362,0.056832243,0.9777286,0.033842195,0.28912604,0.037541926,0.10944085,-0.105612814,-0.14296733,-0.57105446,0.12028608,0.03768365,0.26715997,0.03838465,-0.15336157,0.19632831,-0.30004343,0.29671794
OAS1_0078,0.5476218,-0.42356175,1.3703549,0.70663315,-0.414238,1.0936745,-0.25832787,1.2746842,0.5726604,0.20031747,0.016465597,0.39768615,-0.44782156,-1.0800928,-1.0171407,0.23698944,-0.66180664,-0.20718017,0.38470787,-0.9049439,0.49941608,-0.10468345,-0.3171595,0.09902875,0.15726402,0.2834661,0.45260936,0.66287935,0.21588354,0.27742267,-0.50380695,0.009649278,0.45149246,0.15080623,0.7026788,-0.39455822,0.41344282,0.37698862,0.21839108,0.29255733,0.28375834,0.005165502,0.123077646,0.111824244,-0.34961963,-0.59258926,-0.4639708,0.017496442,-0.2832756,-0.42279747,-0.35815388,0.38779318,0.03258145,0.07777288,0.63486296,-0.5115468,0.26795223,0.11548786,0.24468595,-0.5466718,0.33331442,0.4283277,-0.25651142,-0.5352434,-0.039968424,-0.0009250036,0.2833991,0.38476685,0.47775933,-0.053032473,0.3472471,-0.2055832,0.104005426,0.34371072,-0.050240315,0.748128,0.08346058,-0.3772998,-0.023042193,0.14163926,0.11810537,-0.33436215,0.43644673,-0.11104192,-0.3600385,0.585577,-0.68256676,0.26017588,1.1648085,0.18398315,0.2102876,-0.2985779,0.3440904,-0.15338759,-0.6394321,-0.19915308,-0.2148343,0.26213658,0.729895,0.21353778,-0.28431913,0.2109332,-0.11062495,-0.19745786,-0.034952004,-0.23397996,-0.13888843,-0.48043573,-0.4166717,0.078189075
OAS1_0079,1.1023512,-0.3507045,-0.51632696,-0.075087756,0.09139639,-0.21765599,-0.13171779,0.15512893,0.5276995,1.2112564,-0.2841307,-0.7398438,-0.6645421,0.7449773,-0.08696857,0.115151174,0.09423894,0.4505113,0.5102202,0.24297038,0.72473323,-0.3482736,0.7569757,-0.21915534,-0.6075689,0.5984283,0.051497933,-0.14205739,-0.75076914,-0.22246349,-0.88385504,-0.097383894,-0.5384957,-0.28349516,0.73498565,-0.2045543,-0.22744957,-0.33870915,0.8081461,0.058544964,-0.074078105,-0.37381852,-0.402309,0.44597828,0.4903997,0.15092853,-0.24456243,0.80982774,-0.16248158,-0.7574458,-0.06475111,-0.25098708,0.17972584,0.80277866,-1.0607245,-0.1340796,-0.04627381,0.124412686,-0.44266126,-0.057104208,0.2500652,-0.12713748,-0.088825226,-0.17191601,0.35130578,0.10442076,0.46141058,-0.15548159,0.367282,0.1957391,-0.87816226,-0.6515794,0.08285179,-0.77312064,-0.027006965,0.12443931,-0.5332104,0.37125838,0.009641078,-0.1359023,0.72704524,0.16176963,0.10779749,-0.013714712,-0.069123276,-0.061545823,-0.41524974,0.28286165,0.19316828,0.6505489,-0.480777,-0.31451634,-0.04905314,0.033417758,0.07562699,-0.11873159,0.06511477,0.17205499,-0.09504893,0.13599244,0.053595725,0.2922538,0.50187373,0.31318372,-0.35182574,-0.1708034,-0.2592857,0.17655236,-0.20133534,0.35301852
OAS1_0080,1.688741,-1.433073,-0.12273961,-0.55914265,1.3927605,0.16172199,-0.16417241,-0.044411927,0.26173267,-0.632142,0.4988809,0.2711894,1.339377,0.9200418,-0.5879362,-0.08428405,-1.0419563,-0.037033312,-1.2171539,0.47270364,-0.85453963,0.26328668,0.20840167,-0.09581639,0.12092488,-0.7772804,-0.7346038,1.0042466,0.15944895,0.39841118,0.016516158,0.10462801,0.14660722,0.10222147,-0.45423752,0.108009994,-0.52149755,-0.018164964,0.1317439,0.50846714,-0.22609578,-0.16006225,0.540462,0.4758973,-0.10979083,-0.0920907,-0.49206355,0.4307163,0.0036094144,-0.7589918,-0.42689285,0.11399869,0.5249229,0.7119799,-1.0821289,-0.34513867,-0.19071144,-0.11895811,-1.0679421,-0.2991015,0.019731138,-0.48837522,0.36252877,0.85269314,0.072625905,-0.6201018,-0.050695304,0.026193012,-0.39902806,0.005796094,-0.10318046,-0.2513012,0.029932955,0.2703403,0.20669812,-0.09886232,0.24271952,0.4488731,-0.036632024,-0.6077605,0.050910823,-0.1800472,0.3678049,-0.5333361,0.49495867,0.050130043,-0.022913562,0.36251763,-0.15223658,-0.017242854,-0.56581265,-0.26105234,0.24370974,0.20379189,0.07671711,0.23761445,-0.6498469,0.09587759,-0.41547188,0.34782624,0.3625637,0.30791882,0.0060045514,0.20378871,-0.1508243,0.2604191,0.13213702,-0.24153493,-0.09195902,-0.17294735
OAS1_0081,1.6902328,-0.45414662,-0.23612635,-0.23788446,0.43865678,-0.8139411,-0.16333678,-0.2794282,0.30301103,0.37987,-0.18988155,-0.7114687,-0.06692725,-0.7871819,0.5999537,0.57563305,-0.4471808,-0.1366351,0.5951674,-0.03719371,0.41397297,0.18257704,0.81740236,-0.2715912,1.0495391,-0.119251646,1.0458462,0.3980154,-0.05790728,0.045912694,-0.07921849,0.3089817,-0.31736413,0.45586804,0.003969616,0.51511127,0.2792896,-0.63298994,0.12848033,-0.04550436,0.45429146,0.33793235,-0.09063053,0.042416237,0.580745,0.13562188,-0.6471982,-0.44949916,0.026656756,0.21173772,0.023040969,0.011085679,-0.24068204,-0.5857065,-0.8657562,-0.028830092,-0.65414494,-0.06340983,0.1253372,0.07211896,-0.13118689,0.17207874,0.013094398,0.16377586,0.012799352,-0.4117387,-0.008660823,0.15324323,-0.31154367,0.74109906,0.06456511,0.42362994,0.66191137,-0.044518407,-0.29386634,-0.36890075,0.35694703,-0.3099895,-0.05998881,0.105603136,-0.67832017,-0.30928198,0.3774658,-0.2746955,-0.03464406,0.0009784936,0.16596508,0.09104659,0.14823943,-0.05131773,0.5521602,0.26577002,-0.03187873,0.06408406,-0.045601916,-0.49635696,0.37905696,0.049017742,0.100471795,-0.25582677,0.27109367,0.60958326,-0.12010687,-0.037980534,-0.317565,0.023072684,-0.07144008,0.11907613,-0.201055,0.6776717
OAS1_0082,-0.39307874,1.4395398,3.5474715,1.5327723,0.8298291,0.32386827,0.14659715,-0.40320006,-0.43496302,0.9755079,-0.5514841,-0.05997172,-0.87251663,1.0986122,0.39524966,-1.2671518,0.57250035,-0.89336747,-0.38569784,1.0915791,-0.5345895,0.5426054,0.06953312,-0.4575862,0.026894623,0.56655204,-1.2312335,0.0601545,0.6942638,0.32864055,-0.31969485,-0.4251735,-0.12376436,0.70719606,0.31870162,0.3500942,0.1902199,0.69861,-0.029448833,0.16705357,-0.28279394,0.25856265,0.38773373,0.1880706,-0.12897708,0.38680667,0.04008885,0.09419394,-0.88794637,-0.1348583,-0.45559824,-0.26023486,-0.49928072,-0.6965717,0.1138861,0.74911416,-0.59590584,-0.51566625,0.37835193,0.019232357,0.20134196,0.4719867,-0.2973013,0.2126964,-0.63262016,0.6603628,-0.3790577,-0.5993409,0.60041016,0.68512034,0.1135465,0.2970629,0.11977902,0.6643618,-0.7157002,-0.07457873,0.33658552,-0.10540975,0.31293148,-0.65614974,-0.4344766,0.11752399,0.09675686,0.097357996,-1.0133456,-0.27998182,0.010019457,-0.026485877,-0.1537219,0.5078216,-0.39145598,0.17686458,-0.2534293,-0.5321815,-0.68814677,-0.3343157,-0.49447212,-0.19122916,0.30596584,0.12677932,-0.21192387,-0.35206714,-0.30946997,-0.09869905,-0.38306215,0.13514662,-0.6573564,6.0325918e-05,-0.6054713,-0.2770309
OAS1_0083,0.5864688,0.4239807,0.22623704,1.4146377,0.70667225,-0.384144,-0.3594716,-0.8347683,0.11996585,0.3826942,0.07086371,0.22239694,1.1727108,0.48667923,0.1956773,0.3869825,-0.894277,0.36295438,0.22108777,-0.31851003,0.37541285,-0.290366,1.0698564,0.4064151,-0.084133886,0.1015066,0.31659102,0.61853105,0.38117176,0.89478314,0.36731502,-0.19995096,0.5728015,-0.59372836,-0.5469516,-0.33855864,-0.33336723,-0.18956184,0.5051304,0.2165321,-0.15139954,0.11710104,0.4370472,0.2904716,0.23013979,0.63616097,0.32794186,0.12790601,0.22253038,0.45951572,0.40130243,0.674774,-0.5268479,-0.23996042,-0.6913085,0.29001063,0.22281109,0.24736024,0.3884725,0.38763618,-0.23182373,0.18375629,-0.10073206,-0.20755184,0.50287366,-0.17933744,-0.033807926,0.4547867,0.22733685,-0.5930785,-0.6363057,-0.28191477,0.24435978,0.7825537,-0.11060603,-0.06081629,0.6539061,-0.5336101,-1.1255041,-0.3081246,-0.058986396,-0.3391163,0.12402428,-0.39339235,-0.015739439,0.057136822,0.26202416,0.28339624,0.026534392,-0.09898594,-0.10357561,-0.50185424,0.11918946,-0.0055038785,-0.100877084,-0.028377965,0.5597512,-0.17882457,-0.20213911,0.6774829,-0.11854794,-0.97357816,-0.06681853,-0.2596368,-0.14782616,-0.40573865,0.5073081,-0.0063263937,0.18168177,-0.3575292
OAS1_0084,-1.3275208,1.1550062,-0.3558291,1.6273562,-0.603277,-0.12944168,-0.32546276,0.38960886,-1.3891627,1.1153117,1.3338101,0.07104151,0.037570026,-0.45689282,0.5773112,0.6683261,0.63632435,-0.7649148,0.07541484,-0.003245532,-0.122781955,-0.046926185,-0.020935569,-0.66442734,-0.34900582,-0.7532153,0.20887576,-0.10443204,0.16676545,-0.617161,0.27120864,0.47678012,0.4720946,-0.07048169,-0.04371925,0.38049006,-0.7786703,-0.8197282,-0.8791518,-0.88003635,-0.5644282,-0.40425912,-0.41700137,0.6319707,-0.5051401,-0.41959184,-0.13783246,0.49036077,-0.7139399,1.0023743,0.77320266,0.44661006,0.2719705,-0.5340899,0.29310802,0.29452643,0.092239834,-0.07133779,-1.0606095,-0.3969516,-0.2683336,0.9121753,-0.11702191,-0.7877324,-0.064822905,-0.33181068,0.5363603,0.21343935,-0.16584264,-0.6893182,0.16968554,0.056470394,0.20323737,0.117562376,-0.43175092,-0.46811417,0.2747723,-0.0042789993,0.35047188,0.30603307,0.29282898,0.5131182,0.13834392,0.2886162,-0.13933453,-0.23766342,-0.29552665,0.15369236,-0.11441232,0.095190674,0.26888713,-0.1606294,-0.18091291,-0.404646,0.5162916,-0.1626722,-0.28659812,0.7852114,-0.00899391,0.08165267,0.031823687,0.9091958,0.07869051,-0.24503668,-0.10914208,-0.24840192,-0.2077901,-0.22155833,-0.2540812,-0.4562855
OAS1_0085,1.1713517,0.06996448,0.06083579,1.07828,-1.1463001,0.22555342,-0.23149137,0.3333471,-0.25257447,-0.034973696,-0.12168622,-0.4452026,0.23653838,-0.61861354,1.0038922,0.64196813,-0.42084557,-0.9381961,-0.7156958,-0.3324202,-0.5425406,-0.28596264,0.043779578,0.23472032,0.3252182,0.14558735,0.17795244,-0.24051607,0.040720686,-0.7738034,-0.86011654,0.07553419,-0.5800769,0.55750823,-0.47894582,-0.10669424,-0.29559523,0.33911806,-0.40151465,0.069084674,0.32980064,-0.20483689,0.16020058,1.1204367,-0.65118587,-0.78312504,-0.0031505793,0.111004695,0.7543824,-0.36060327,0.7847396,-0.5866182,0.65684927,-0.5735405,-0.4802655,0.39609498,0.22635876,-0.15317652,-0.44171885,0.69903904,-0.46412805,0.023267806,-0.1922988,-0.34544194,0.6623871,-0.005594275,-0.56027526,-0.016223734,0.048739493,-0.53737307,-0.41322252,0.72234094,-0.046964113,0.435071,0.1176846,-0.024900468,-0.46172297,0.32882604,-0.19637294,-0.2761989,0.19118589,0.39778692,0.24133113,0.34497887,0.105247326,0.23657838,0.20631461,0.19495511,0.48297325,0.369471,-0.4196358,0.05050772,0.07172386,0.3982384,-0.1888231,0.42501387,0.17197852,-0.17140393,-0.4581752,-0.04504088,0.025782587,0.21396372,-0.24758103,-0.38522717,0.077245414,0.15022184,-0.010832983,0.36987153,0.31828246,0.79011196
OAS1_0086,1.8892492,-1.4113529,-0.6396236,0.33517137,-0.12711367,-0.65055496,-0.7050144,-0.89091736,0.27938336,-0.6008377,0.4827291,-0.5689925,0.06713604,-0.15624851,-0.25202242,-0.1056023,-0.39209107,-0.15434898,-0.6109747,0.26396188,-0.11953825,-0.3231789,-0.22813797,0.29070714,-0.33059216,-0.4011619,0.102543585,-0.39220876,0.49143,-0.07531342,0.14213873,0.33637547,0.22039454,-0.035534512,0.29790986,-0.62287265,0.47763655,-0.39446688,-0.032683637,0.10844907,-0.20237143,0.52552575,-0.541691,-0.20962487,0.45934588,0.3763906,0.65132,-0.09284827,0.66161776,-0.46475813,0.19560891,0.056864686,-0.82899445,-0.49135748,0.051276606,0.46385726,-0.69382924,-0.45822534,0.22037357,0.579846,-0.08448366,0.23459797,0.352245,0.005019701,-0.5727942,0.24247178,0.060646866,0.16888995,0.47863224,-0.18167816,-0.046458773,0.47184762,-0.3477614,-0.29333082,-0.17707995,-0.387315,-0.5030146,-0.35759762,-0.25026998,-0.048401423,-0.014270141,-0.21249068,-0.5037495,0.21827619,0.17647703,0.26814252,0.4597171,-0.37442988,0.28943518,0.31368625,-0.35895815,-0.32494408,-0.122230776,-0.0030908794,-0.026986906,-0.33525658,0.2954113,-0.11456534,0.016639173,-0.27138084,-0.16345891,0.70059544,-0.22286896,0.42129695,0.28095183,-0.2960154,-0.20436375,-0.24437046,-0.06271288,-0.3868223
OAS1_0087,1.5632317,0.60111415,-0.23472606,-0.58351386,0.6279873,-0.14706644,0.045908775,1.42779,0.14946032,-0.033191327,-0.1483452,-0.38949612,-0.5405317,0.21068677,0.5536924,0.9564278,0.02449908,0.18769006,-0.5352338,-0.15030685,-0.48296535,-0.9947665,-0.42442566,-0.2638321,1.0556033,-0.33409026,0.31577376,0.24676841,-0.48820013,0.27340782,-0.30926672,-0.46337968,-0.19995503,-0.19541931,-0.14549455,-0.43168354,0.39409804,0.62707263,-0.25244755,0.22876881,0.0017604355,-0.14260532,0.04330601,-0.49832588,0.5408958,-0.24744257,-0.47544944,0.0053513297,0.02854617,-0.3676982,-0.8031553,-0.21338713,0.1292665,0.3062155,0.7312557,0.21174386,0.5961168,0.03323191,-0.15082923,-0.008373224,0.15123041,0.29486376,0.41258198,-0.07102434,-0.16036691,-0.18441918,-0.036210544,0.3346384,0.09197391,0.21935913,0.2838133,-0.20696227,-0.33958378,-0.25148863,0.39335254,0.07078793,0.5184484,0.32715842,-0.009766748,0.2649478,-0.17177565,-0.5683192,0.47512183,0.21281816,-0.21737915,0.30142996,-0.49273476,-0.4342179,-0.120040216,-0.22044809,0.041405603,0.24915922,-0.6484429,-0.55312604,-0.09282356,0.69079226,0.4329111,-0.5350088,0.23046902,0.5402693,-0.4149591,-0.34549633,0.037299313,-0.4653471,-0.14898738,0.7120124,-0.25567132,0.41222966,-0.35989165,0.031743273
OAS1_0088,0.40685174,0.2636264,-0.23478907,-0.78597283,-1.0315877,-0.32313684,0.5598032,-1.0806584,0.10714766,1.6901106,0.29231024,-0.26388508,0.1357902,1.1140442,-0.58438253,0.41176128,0.23133494,-0.5438336,-1.0393274,0.19056077,0.56188065,0.37746754,0.34864077,-0.33105737,-0.59164107,0.49821365,0.11960662,0.9882474,0.13840471,0.5995963,0.06961381,-0.24899985,-0.061702646,-0.08297168,-0.32172805,-0.11108351,0.03873672,0.5747853,-0.11190455,-0.24390791,0.047598865,-0.04557574,-0.024055596,0.18491393,-0.24061918,-0.28320143,-0.049966488,-0.054927435,-0.43471745,-0.335571,0.029478312,0.22026984,0.14824669,0.7474572,0.15509872,-0.03224176,0.7447188,-0.015497698,0.052925088,0.25174862,-0.052408375,0.12082642,0.407105,-0.3241506,-0.010639638,0.9988662,-0.34141752,-0.19795749,-0.13575415,0.2502499,0.068715766,0.27258807,0.2712666,0.10778321,0.50431865,-0.20992014,-0.2011489,-0.19781286,0.44979662,0.24112646,-0.15170322,-0.23822519,-0.13619085,0.2880781,0.41041112,-0.18079044,-0.39020795,-0.58014554,0.18601312,0.19240315,0.11273314,0.12560618,0.6685244,-0.15804787,0.3469666,-0.7094096,0.15983324,0.26250887,-0.0858829,-0.41939026,-0.08467376,-0.17011717,-0.10217475,0.090448484,-0.15668705,0.48014963,0.4772874,-0.37666205,-0.11705057,0.079770565
OAS1_0090,1.4797612,-0.7693381,0.04204746,-0.6138716,-0.9230089,1.0185368,1.2245643,0.5364379,-0.15139505,0.94334656,-0.30535132,-0.46390298,-0.5221147,0.28103366,0.12740585,0.04968191,0.32707676,0.1189827,0.40536907,-0.6474363,-0.04769618,0.26472852,-0.68321407,1.1054881,0.129963,-0.051699888,-0.45917422,-0.10268527,0.3674651,-0.36978728,-0.06806201,0.5428252,-0.97501975,-0.27874723,-0.08048045,0.17136025,-0.16276108,-0.15719698,0.43785638,0.1635262,-0.27429834,0.76288617,0.08933434,0.2590497,0.31668732,-0.0012976534,0.44294214,0.60419124,-0.3217861,-0.39361888,-0.20251526,-0.040318467,0.23328811,0.225423,0.7352959,-0.31306568,-0.4689983,-0.4580686,0.048087012,0.40357432,-0.072815254,-0.21237233,0.28996277,-0.090702206,0.39448756,-0.260867,-0.09351918,-0.033651434,-0.3734003,-0.040314414,0.012767845,-0.2509455,-0.13460788,-0.31782398,0.094769806,0.33778664,0.22480974,0.17134824,0.47772762,-0.06658345,0.116246335,-0.021005621,0.032972593,-0.5411602,0.22116177,-0.08866873,-0.012249135,-0.065243214,0.30980527,0.0679381,-0.017743576,-0.12536268,0.73045236,0.1715822,-0.081790805,0.3407821,-0.15646851,0.28848642,-0.25365695,0.1408236,-0.12311365,0.47383305,0.60344064,0.037893027,0.051028382,0.012466293,0.13948901,0.75089586,-0.6209966,-0.3365407
OAS1_0091,1.4308051,0.02741886,-0.6698501,0.65290594,-1.5087283,-0.63028246,0.31900376,-0.2887563,0.10657808,0.57898545,0.37945154,-0.410171,-0.21086778,0.6690172,-0.14282988,-0.15146543,-0.23172103,-0.6017973,-0.16091685,0.09391679,0.5268243,-0.43600774,-0.7017727,0.23290081,-0.70774925,0.044367496,0.3968114,0.13007079,-0.7242668,-0.04326823,0.10432118,0.16092992,-0.052702915,0.42176712,0.13437729,0.12713031,-0.011552019,0.23410426,0.6534048,-1.1209015,-0.21991508,-0.63370174,-0.04526108,0.020638237,-0.3101992,-0.15033922,0.21572672,0.2067593,0.30400652,-0.50221026,-0.7190133,-0.23896033,0.5679221,0.19605993,-0.08028168,0.79695684,-0.023665734,0.386838,0.3092339,-0.014347843,-0.47083658,-0.21835619,0.19914743,1.0381707,-0.058640983,-0.73418427,-0.00748356,-0.56386834,-0.21048038,-0.4646885,-0.25845277,-0.6940126,0.09855534,-0.33886877,-0.037515916,-0.007714349,-0.26009783,0.14965987,0.21040191,0.25386056,-0.044352368,0.21363117,-0.24089321,0.1755379,-0.06665995,-0.31635976,0.19727305,-0.13982515,-0.19584554,0.15084939,0.21358113,0.231454,0.2546496,0.030053325,-0.2885405,-0.05799549,-0.4917422,0.37873524,-0.10670856,0.09204514,-0.15584792,0.050618596,-0.16818666,-0.19146407,-0.22702318,-0.016272578,-0.5454741,-0.02103497,-0.19301002,-0.13478696
OAS1_0092,0.62898153,2.0124083,0.9270497,-0.59367335,1.5103585,1.5966386,-0.02383891,-0.5533843,-0.83797544,1.5064318,0.30863717,0.31427196,0.17762546,1.3130698,-0.57599753,-0.4189416,0.5880937,-0.073135756,-0.09504584,0.45369557,0.46330798,0.45450535,-0.44974166,-0.21575134,0.22987081,-0.5222449,-0.5345896,0.052034877,0.21896827,-0.45115444,-0.31911922,-0.6195507,0.3016306,0.3108433,0.1751992,0.008312655,0.47619408,-0.13088301,-0.12686098,0.10542833,0.30659947,0.09534242,-0.45296264,-0.3668854,0.52691466,-0.32538167,0.5459337,-0.69154984,0.48416913,-0.5613255,-0.38239622,0.42721918,0.32830974,0.09485256,-0.4306765,0.17598191,-0.0517077,-0.3019634,0.7498141,-0.017893258,-0.49638605,-0.2519985,-0.049835384,0.56663233,0.6844333,0.1415269,-0.5145375,0.51552904,-0.5196128,-0.6491307,-0.24505794,-0.24716419,-0.44383115,0.35220122,-0.020855686,0.36117718,0.011819186,-0.044824712,-0.1049294,0.6018365,0.7457563,-0.2649587,-0.42803687,-0.30765602,-0.41958657,-0.44299713,0.21003176,-0.0360454,0.2189746,0.055679705,0.4817954,0.18830378,-0.1831538,-0.021620821,0.011376963,-0.1622527,-0.4650893,-0.09257903,0.3350365,-0.2649397,-0.16195904,-0.15131916,0.71740395,-0.2412533,0.21763961,-0.33458567,-0.1754406,-0.8214556,-0.04025009,0.5850169
OAS1_0094,1.333816,-1.2111117,-1.0299277,0.4603449,-0.8269764,0.2976604,-0.15782867,0.24962059,-0.4964297,-0.5779419,0.12094555,-0.25718328,-0.5880676,0.40595227,0.34495178,-0.16813678,-0.4133448,0.5242214,-0.2844859,0.76714987,0.6786244,-0.21609344,-0.033794228,0.82498,0.26201147,0.05327246,-0.041037824,-0.25653675,0.62290996,0.11655517,0.1843262,-0.17823009,0.5024912,0.37042758,0.29723254,-0.18150985,0.44483563,-0.43233857,-0.18256316,0.025801228,0.31091622,0.33763045,-0.23243217,-0.18355119,-0.054091077,0.27637628,-0.067454435,-0.40488827,0.23871537,-0.10572523,-0.28794974,0.38648787,0.04696263,0.72769743,0.2748193,-0.5312866,-0.53926665,0.81501895,-0.053671535,-0.23897253,-0.23120826,0.2471846,0.15027697,0.068660624,-0.1467291,0.16345245,0.0546495,0.39708307,0.5388647,0.040160608,-0.037354674,0.36280933,0.119217224,0.5625782,0.03450203,0.14448325,-0.05445216,-0.1929184,-0.4178945,0.09535828,0.0827552,-0.09304086,0.31681362,-0.20729277,-0.24207434,-0.33504215,0.040241733,-0.10202136,-0.18638898,0.3244597,0.28364667,-0.05888176,0.12108061,-0.36876836,0.44896004,0.03245449,-0.07807498,-0.30943513,0.12175681,-0.09710613,-0.20267707,-0.026748165,0.29506627,-0.070949405,-0.21957345,-0.07276661,0.1377252,0.20356958,0.12547804,0.21224098
OAS1_0095,1.5004464,1.2804636,1.0004535,-0.16855006,0.60282546,0.6082124,0.52892774,1.5540218,0.43176824,0.1899063,0.17244035,0.31452277,0.31640798,-0.9136177,-1.1875352,0.07638422,0.18564141,-0.3524177,0.032976817,-0.4867344,-1.0874411,-0.41924348,-0.42208052,-0.17617978,-0.19125801,0.052598625,-0.03740679,0.3459902,0.067563355,0.87685156,-0.073352054,-0.3738876,-0.37767553,0.52731216,0.13228032,-0.49848744,-0.42783198,-0.03780627,0.8367897,-0.18789431,-0.26181585,-0.07879902,-0.3294473,-0.45896077,0.5983966,-0.12528606,-0.03113994,-0.23874055,0.8352238,0.5016895,-0.33270836,-0.33557075,-0.2749205,0.26526755,0.5213657,-0.2829582,-0.12592773,-0.3550356,-0.58090013,-0.07051159,0.30273065,-0.1970824,-0.35212016,-0.20863949,-0.85513735,-0.33961603,-0.05768161,-0.33831722,0.137371,-0.142967,-0.47311458,0.24443802,0.6885861,0.0020087783,-0.049137548,-0.6052589,-0.14425704,0.1345303,-0.7162675,-0.55024606,0.14682677,0.2594408,-0.5502708,0.14513355,-0.31738728,-0.031104526,0.34621963,0.09296634,0.04116059,0.22916612,-0.118465945,-0.4759062,-0.52889425,-0.03480445,0.27367178,-0.6537918,-0.16483404,-0.74076647,-0.10120944,-0.010621298,0.4256137,-0.20379539,-0.070283726,-0.23254113,-0.25674877,-0.41543192,0.3559348,0.16198365,0.07560128,-0.028658325
OAS1_0096,0.88951147,0.37204117,-0.41085613,1.1431111,-0.07885174,-0.7150488,0.5808386,0.41005126,-0.39408782,-1.0033945,-0.0026370166,-0.8558187,-0.41126812,1.383441,-0.22603063,1.0262691,-0.04156823,0.89031667,0.87480015,-0.5084536,-0.42079148,0.9073839,-0.11332192,0.638638,-0.31470147,-0.007135484,-0.50425345,0.124325685,0.5270249,0.82687527,0.1097638,-0.02209212,0.24815002,0.6491181,0.2532192,0.36502314,-0.345772,0.018429808,-0.46657944,0.43993473,-0.22724238,-0.40507907,-0.0083547495,0.09997223,0.21430297,-0.413073,-0.5513123,-0.53936875,0.2439241,0.53392196,-0.45063347,0.26632622,0.25723803,-0.04027468,-0.3480082,-0.074776836,1.1074725,0.13637555,0.14868593,0.54754543,-0.7287857,0.14119688,-0.22993968,-0.6880584,0.2529527,-0.5385462,0.027891563,-0.40639552,-0.21029979,0.55098486,0.35911715,0.00721042,0.16960998,-0.71461654,-0.030763546,0.16241789,0.003557191,-0.37530673,-0.5990391,0.25156134,0.27673727,-0.2888343,-0.42394862,0.4148433,-0.35414767,0.24345584,-0.19664824,-0.19541976,0.5372318,0.48199588,0.28610227,0.22256558,-0.123773426,0.1496398,-0.001280242,0.03198422,-0.38435227,0.11041244,0.00030825546,0.48660603,0.0031084372,0.6428781,-0.23256329,-0.37708905,0.38348892,0.279383,-0.17656392,0.2580486,-0.6239604,0.29094765
OAS1_0097,0.49972245,0.6561127,1.7033327,-1.9412805,0.008011879,0.9073639,0.6044312,0.19770324,0.6677912,0.01902179,-0.95629495,0.47854206,0.4490783,0.9585733,-0.096609905,0.43416724,-0.553019,-0.32596195,0.4775376,-0.559393,0.7161064,0.9339922,0.21126999,-0.38143802,0.5456971,0.718542,0.276165,-0.122124285,0.51902246,-0.29675755,1.0594769,-0.035638474,-0.12523551,-0.4184907,-0.24370483,0.6532961,0.047596116,-0.39926007,-0.8520621,0.0914777,0.62407833,0.16176327,-0.33765283,0.65362173,0.6997243,0.802979,-0.65455365,-0.27286664,-0.06286209,0.3582817,0.16208175,-0.5517293,-0.53601396,-0.3207844,0.39397886,-0.10218985,-0.2794909,0.47348508,-0.722402,0.52185917,-0.04081544,-0.15896907,-0.40256658,0.1062086,-0.22657108,-0.12188481,0.27585825,-0.6760477,-0.43837994,0.14395943,-0.54374236,0.055308066,0.59675217,0.06975774,-0.8313227,-0.053805027,-0.2544285,0.3208103,0.42409107,0.25853068,0.43637508,-0.30431348,-0.56523776,0.068590045,-0.64282274,0.40651667,-0.5973945,0.0032802809,-0.29509917,0.5583249,0.26699612,-0.76272446,0.6786879,0.003512368,0.107205786,-0.4349343,0.22834691,-0.4845181,-0.5790142,0.16867541,-0.46380436,0.29394463,0.2487502,-0.6383372,0.15154451,0.4583873,0.07793463,-0.39157152,-0.58883685,0.0075983214
OAS1_0098,-2.148304,0.6633361,-1.3236215,1.310475,-1.5747488,0.0985188,0.17021607,0.6113533,0.14401652,-0.65870637,-1.4068094,-0.00039053246,1.4962738,0.31775123,0.5406366,-0.54419804,-0.20869459,-0.5565632,-0.07460167,-0.24346375,-0.58990276,-0.64446104,0.24051787,-0.29332742,0.08728434,-0.60886204,-1.0528301,0.1969854,0.39562026,-0.32411027,-0.1605666,0.53692913,0.10268704,-0.46821094,-0.37980002,-0.053100258,-0.10867163,-0.55540097,0.11886492,0.40662628,-0.2108789,0.59650034,0.124207385,0.085882045,0.85529107,-0.04293783,-0.39067394,-0.21932562,-0.22317034,-0.8360584,0.096869074,-0.08348293,0.5347097,-0.012701906,-0.10078124,-0.033963844,-0.158839,0.2254918,0.28274542,-0.4044135,-0.09712253,-0.195168,0.42857873,-0.26862577,0.2978775,-0.15724495,-0.0098379785,0.8320201,-0.11541422,-0.11193657,0.26671192,-0.12271261,-0.08458919,-0.56850487,-0.66714907,-0.5909676,-0.12948565,-0.65015036,-0.51197934,-0.71979266,-0.87237537,0.01747683,-0.31794924,0.31416515,0.8288329,0.13920507,-0.0034013896,-0.48766193,0.31511927,0.55561787,0.04246287,0.29967824,0.29304448,0.21611147,0.2929757,0.15902449,-0.44224033,-0.19319007,-0.18387946,0.3373342,0.4391268,0.6080227,0.3740967,-0.1570485,0.18815054,-0.10491299,-0.07255078,-0.35629165,0.17297755,0.100367285
OAS1_0099,1.0573865,-0.7039273,-0.55174434,0.68931895,-0.44383726,-0.36720225,0.32534102,0.5410168,0.8600609,0.624466,0.9903289,0.026876757,-0.13452594,0.81021535,0.8532187,-0.4333085,-0.20254305,-0.21205626,-1.2176806,0.2939487,-0.09972044,-0.1188667,-0.44391882,0.4083157,-0.7178878,0.23222797,-0.11998186,-1.0004534,0.05281516,-0.52612144,-0.042537376,-0.35382447,-0.08541188,-0.73014134,-0.24184234,-0.14037843,0.14577812,0.43207338,-0.98296726,0.96236384,0.6660756,-0.64853317,-0.0066133942,-0.79525447,-0.0048114792,0.055581525,-0.4462775,-0.09819065,-0.22799805,0.10916686,0.0952324,-0.3937814,-0.3060846,-0.21538104,-0.092893645,0.17188981,-0.8009119,-0.422162,0.9165928,0.30233252,-0.64964855,-0.2841491,-0.5139908,0.18133438,-0.40024176,-0.33189625,-0.09604646,0.21996777,0.056047793,0.15423846,0.39739364,0.1710967,-0.50984985,0.058145106,0.22456227,-0.10899985,-0.042895637,0.30524984,0.16393536,-0.07086714,0.22779216,-0.53576547,0.6082401,0.1458666,0.7491898,-0.2370228,0.62996906,-0.63461524,-0.0657751,0.58361053,-0.17517768,0.14908579,-0.24391426,-0.029583285,0.09333602,-0.20224093,-0.16912225,0.22246279,-0.35790735,-0.09731707,0.031600296,0.25747767,-0.28037184,0.06003855,0.3268603,-0.5209858,0.55302656,-0.37582806,0.2924813,-0.12092406
OAS1_0101,1.8149868,0.19262916,-0.14972888,-0.4335173,0.06828981,-0.9081128,0.2095119,0.65753055,-0.1865152,0.15839946,0.01146476,0.08052566,-0.06958861,-0.65256953,-0.42893797,-0.2224591,0.092980936,0.047340307,-0.56714904,-0.30299878,0.028240077,-0.07556981,0.08654381,-0.98830724,0.9035907,0.3608573,0.26446408,-0.67037046,0.11620185,0.5769108,0.29271144,0.75959593,-0.28519973,-0.48029158,-0.024573522,-0.08004673,-0.3312772,0.67470425,-0.18017808,0.42537042,0.39854988,-0.26627174,-0.025511388,-0.031000078,-0.11983596,0.63087255,0.27205274,0.32765153,0.615556,0.23323992,0.14894938,-0.33167246,0.45063066,0.2586598,-0.37514564,0.578787,-0.18036401,0.559803,0.59922224,0.3593055,-0.43977818,0.016588328,0.33611265,-0.10420965,-0.38389817,0.3388169,0.3940541,0.07305884,0.009136477,-0.32004973,0.40809202,-0.26292545,-0.80171585,0.098193675,0.4115686,0.0053505087,-0.23263694,0.14677887,0.7929221,-0.04605844,0.35748318,0.106587306,0.29413244,-0.46913305,-0.385161,-0.116056584,0.09965009,-0.23855077,0.08078538,0.35654753,-0.41757497,0.37765005,0.20405911,-0.068880655,0.1762734,-0.13489231,0.58607465,-0.10174609,0.16853873,-0.04772746,0.16079856,-0.52043307,-0.22650656,0.09297345,-0.58366144,-0.2194593,-0.025692848,0.05787832,-0.70600265,0.051616766
OAS1_0102,1.5058552,-0.4488119,-0.080864936,0.2083104,-0.4872155,1.4685388,0.4382761,1.5011353,-0.34477857,-0.5723325,0.012433195,-0.70592886,-0.5572276,0.27400976,0.83530414,-0.17724587,0.32096744,0.4141028,0.09718281,0.52341706,0.13526724,0.3859457,0.09173838,0.6958067,-0.40759197,0.82775795,-0.41242063,-0.1661287,0.008507448,-0.0026348697,0.060882054,0.6678393,-0.06964877,0.60014075,-0.2059163,-0.48118904,0.40485162,0.46815202,0.17716283,-0.0015918299,0.3619454,0.38415018,0.32541397,-0.13180731,-0.21332857,-0.06547051,-0.09291793,-0.48061678,0.09216807,-0.466821,-0.011223219,-0.7736171,-0.28536525,-0.18193746,0.3729757,0.074739225,-0.3289423,-0.5225764,-0.2168617,0.38568923,-0.020224595,-0.38311026,-0.14537992,-0.024857188,0.03300895,0.14688066,0.22753334,-0.018536849,-0.18825686,-0.0067214454,-0.1149377,0.36424857,0.0592304,-0.0212688,-0.48543692,-0.09438178,0.38672182,0.041670486,0.25262856,-0.6651496,-0.045394033,-0.10289297,0.26947182,-0.1775179,-0.51673436,0.3689196,-0.18835305,0.23187222,0.20075373,-0.29809737,-0.1357955,0.44830066,-0.13868493,0.3172562,-0.0037857206,0.19799817,-0.054222163,0.3854278,-0.24224904,-0.09283253,-0.20004964,0.14554241,0.17885195,0.23507029,-0.394656,0.11251616,0.07859856,0.08123839,-0.062538,-0.051058594
OAS1_0103,1.7168051,-0.27840233,-0.3746618,0.47328898,-0.5845082,0.016045434,0.056137655,0.7313984,-0.012948197,-0.43894523,0.24566278,-0.5607138,-0.43928763,0.22430557,0.2044117,1.167057,-0.2130118,0.35973254,-0.5988861,0.6701186,-0.21516934,0.37635735,-0.3077502,0.10002787,0.11719462,-0.01117862,0.08257056,-0.31102988,-0.313402,0.030584708,0.3513304,0.33274087,0.0030093153,-0.38409784,0.10236526,0.30492434,0.50979984,0.435993,0.65839106,-0.33454263,-0.25145063,-0.6923997,-0.42970544,0.040392403,0.96063906,0.42835033,-0.033663835,-0.24500799,-0.10808334,0.06407838,0.4151061,0.19850156,-0.1351805,0.1377248,-0.26249647,-0.057976704,-0.12459085,-0.089624986,0.3367551,0.051887594,-0.12175316,0.41109484,0.04269563,0.5571099,-0.12463303,0.015442138,-1.1715603,0.019992415,-0.36010677,-0.3493695,0.16303584,0.029696777,0.33489484,-0.32940862,-0.32498065,0.098667085,0.39357984,0.20404126,-0.26660806,-0.45426875,-0.2058952,-0.5079347,0.03482303,0.12499452,-0.8220593,-0.33492488,-0.21338995,-0.0060954536,0.20391765,0.13539934,0.13676609,0.25287178,0.23207623,-0.0015148534,0.20710514,-0.47813058,-0.23921198,-0.25363383,-0.11716015,-0.185684,0.07196323,-0.15415634,-0.024523495,0.29193795,0.16970123,0.2296406,-0.44424424,0.24235317,0.45624515,0.07870012
OAS1_0104,1.7298775,-1.243416,-0.035347402,0.33520654,0.18734302,-0.47843197,0.90381444,0.6520178,0.45175254,-0.31582016,1.242119,0.46887732,0.3201237,-0.11547719,0.8968693,-0.4728181,-0.38007596,0.23653726,-0.3213535,0.3164767,-0.08344286,0.15012836,-0.22831288,0.006934637,-0.44735664,-0.28790972,0.19464669,-0.4148844,-0.3044572,-0.4473996,0.023254016,0.1735445,-0.6802703,0.12481684,0.22181696,-0.16555806,0.10455358,-0.3153308,-0.98893696,-0.67712414,-0.4305424,0.25675255,0.26941523,-0.2496501,0.5163936,0.20100626,0.40824625,0.40935022,0.22123365,-0.24273482,0.34207222,-0.0049193343,0.56941247,-0.31752896,-0.09964781,-0.83108944,0.12349765,-0.02899893,0.042425923,-0.2962645,0.20042944,0.11987024,-0.2573423,0.118191406,0.11409998,-0.34382918,0.6246952,-0.5174624,-0.36759487,0.71800286,-0.21394277,-0.3685581,-0.7629994,0.059643723,-0.30174068,-0.046538364,-0.0986812,0.26135218,-0.31461933,-0.051251803,0.18960817,0.07108558,0.40494725,0.4070409,-0.37333798,0.47325355,-0.3587132,0.20527263,-0.05403438,0.6104685,-0.21909417,-0.0028551766,-0.15255469,-0.21015851,-0.84729815,-0.047834817,0.051227592,0.409523,0.026480677,-0.3740086,0.24847953,-0.58392876,0.19813131,0.2806729,0.42317805,-0.642812,-0.09854875,-0.17902268,-0.39725655,-0.21466729
OAS1_0105,0.7231355,-0.958591,-0.34060025,-1.4222715,0.55188835,0.40080732,-0.2528601,0.15349303,-0.43251818,0.24482268,-0.57878023,0.14344518,0.67994446,0.26042992,-0.48205787,0.29552215,-0.2885253,-0.514091,0.0007736989,0.4000177,0.7161693,-0.32197577,0.44934088,-0.5579236,0.029042229,0.30063334,0.07388695,0.89170563,-0.124740034,0.41305158,-0.40419114,-0.0996997,-0.33406746,1.077764,-0.44709316,0.56483054,-0.2961561,-0.42430326,0.032563955,-0.5942669,-0.15966648,-0.29652447,-0.3822702,-0.17458968,0.18917002,0.03549341,0.6137359,-0.48293117,-0.24664198,0.37487993,0.27214965,-0.29025543,-0.56246394,0.06549223,-0.103542335,-0.6394723,0.4340482,-0.35771355,0.07845046,0.34546614,0.11396689,0.46561047,0.5280491,0.51538694,0.069054194,-0.06482626,-0.68536323,0.27558425,-0.260258,0.89909315,-0.19856302,-0.198838,-0.61177254,0.21110924,0.11236229,-0.09344581,-0.49534032,0.06975541,-0.12928301,0.15656246,-0.048550796,0.3143633,0.024740377,-0.20940219,0.5396445,-0.07698287,-0.2548703,-0.041069925,-0.22571108,0.025762836,0.53606623,-0.09070789,-0.4622218,-0.5005902,-0.15530342,0.23264174,-0.076230094,0.07914683,-0.031180674,0.0336771,0.4728116,0.55143625,0.30824265,-0.28462553,0.2913148,0.021833198,0.10721352,0.34461445,0.072531424,0.16816653
OAS1_0106,-0.25544524,0.32757014,-0.12783681,1.2382784,0.86350733,0.193709,-0.099096075,-0.5015807,0.1637425,0.49202585,0.46839422,0.5717615,0.06928061,0.17202333,-0.14090262,0.0114243375,-0.06155487,0.5621988,0.13072652,0.035347555,1.7160679,-0.77291673,0.20502433,0.06591708,0.32748514,-0.12544219,-0.6706154,0.9627464,-0.57745016,0.738634,0.7158639,0.13481045,0.53121376,-0.39612654,-0.44111305,-0.4941136,1.2239981,0.083603635,0.3786708,0.46368742,-0.545723,0.26040575,0.056947157,-0.2847398,0.11407916,-0.05750528,-0.2389548,0.2645969,-0.51806045,-0.6856809,0.5694214,-0.7498326,-0.27157938,0.26215845,0.11016939,-0.5146774,-0.45851362,0.09289812,0.34019446,0.45542806,-0.0814331,0.20631818,0.39736563,0.03706505,-0.033356108,0.43737024,0.52541023,0.043082945,-0.23372266,-0.6272618,-0.17981562,0.11318345,0.5806839,0.26772836,-0.28574452,0.022969628,-0.027491543,-0.713657,0.06288716,0.11468383,-0.09321849,-0.33508155,-0.0072859353,0.2289537,0.07992126,-0.13364153,0.15689443,-0.8338504,0.05528977,0.24321416,0.24252139,-0.705918,-0.6398218,-0.120341375,-0.13239412,0.0848867,-0.09599637,-0.25769415,-0.21114114,0.22772494,-0.17938556,-0.16380607,-0.1206369,-0.10405205,-0.32161704,0.46170804,0.41452268,-0.16662793,0.171497,0.1792849
OAS1_0107,0.55760896,1.1507156,0.06818466,-0.97961974,1.0552268,-0.3731466,0.102628596,0.6047048,-0.35303476,-0.109972864,-0.49972722,0.4083022,-0.742243,0.7660776,-0.5766131,1.5351553,-1.14748,-0.13653596,0.056780152,0.7240986,-0.34364563,-0.10863215,0.07655685,0.3811953,0.39159495,-0.097069174,0.15450694,0.29853725,0.30374095,-0.30701143,-0.35843304,-0.47048995,0.0162752,0.3001605,-0.04027608,0.01633124,-0.05689934,-0.14184102,0.043103814,-0.7956648,-0.61013377,0.26728633,0.8154296,-0.21502607,-0.04552965,-0.06830366,0.24209386,-0.006452826,-0.5813362,-0.15980047,-0.38993296,-0.10361591,0.47236934,0.04579729,-0.34071139,-0.18688029,0.04415359,-0.5259231,0.22956267,-0.60618967,-0.35763007,-0.02624803,0.16343781,-0.8046905,-0.3686146,0.15178755,-0.20752667,-0.40018892,-0.24722604,-0.034682706,0.43666953,-0.20060422,0.30872887,0.64827925,-0.21625026,-0.043083724,0.33979526,0.56656194,-0.146875,-0.36831033,-0.10546125,-0.0061369045,-0.0686911,0.2470267,0.23045832,0.17782147,0.10059693,-0.17838414,0.5235742,0.21518083,-0.25198424,0.40721822,-0.31558537,-0.06663062,-0.007711459,-0.22758092,0.30860296,-0.14434856,-0.35292757,0.13936055,-0.3898687,0.3690178,-0.16400075,-0.32171902,-0.2461983,0.22963463,-0.009088872,0.124005415,-0.26472524,-0.1353185
OAS1_0108,0.55697256,0.05703885,-0.12305181,-1.596021,1.3022149,0.5071142,1.0032779,-0.34159458,-0.80117816,0.17908484,-0.37420923,0.8901478,-0.14826514,0.04449754,-0.042361025,0.2411442,-0.02617942,0.06385598,0.25710008,0.6770741,0.009020136,-0.046725255,0.65684694,-1.0979778,-0.25937465,0.09157088,0.2069417,0.53930557,0.1799493,-0.081820324,-0.55975795,0.2844338,-0.316601,0.40567216,0.032556955,0.9062765,0.84117866,-0.21120012,0.13633041,-0.024812616,-0.04788318,-0.32964987,0.48762262,-0.14525004,-0.054018233,-0.28585643,-0.2769813,-0.17085348,-0.54561794,0.14538942,0.42934632,-0.32314813,-0.46570235,0.50852144,0.21198577,-0.39827377,0.23186058,-0.0065605813,-0.34054872,0.3920042,-0.16253282,-0.048743017,-0.34354064,0.20341454,-0.17850193,0.74226916,-0.20105547,-0.069353074,-0.42120194,-0.41984802,0.3009967,0.04579122,0.26934487,-0.436027,-0.057102006,-0.36416015,-0.09059996,-0.24797565,0.36661053,0.20770644,-0.0538515,-0.3964117,-0.108415335,0.13024393,0.65676755,0.37748432,0.23741779,0.25014725,-0.40725932,0.5202447,-0.5571879,-0.8471743,0.5654454,0.3644691,0.06726846,-0.08386872,0.47363776,0.35207373,0.018466152,-0.7786183,-0.14033586,-0.25773934,-0.24477391,-0.19598679,-0.4953237,-0.0425915,-0.0134590315,-0.59653544,0.74576664,0.15864666
OAS1_0109,0.8881709,-0.503594,-0.19496125,0.10228171,-0.9238395,-0.019111732,-1.1091622,-1.3963664,-0.09239773,-0.13294148,0.048392877,0.3515702,-0.002985168,-0.24246304,-0.23784974,-0.12810683,-0.25901684,0.6418333,-0.38474002,-0.89781606,-0.010732157,0.47057533,-0.7880388,-0.43190703,0.3392543,-0.12756203,0.5930819,-0.12000084,0.7716496,-0.18989849,-0.5758649,-0.07309129,-0.5363331,-0.5889766,0.58045197,0.017661756,-0.61618745,-0.083697006,-0.16538735,0.7281265,-0.3304648,0.61723626,-0.4263461,0.15104052,-0.011669504,-0.30793515,0.30034813,-0.3155969,-0.2769158,0.25307506,0.28863117,-0.48229575,-0.09247684,0.0884673,0.1539559,0.4487502,0.38982388,-0.12812108,0.25711095,0.64744043,0.11754449,-0.14701563,0.12275092,0.15323655,-0.3375086,0.15124351,0.07826384,0.5849289,-0.27627432,-0.2182895,0.27521658,-0.4465208,0.1765864,-0.2731848,0.04172972,0.22051676,-0.8923143,0.32016772,0.62581617,-0.18981628,-0.43022534,0.12555179,-0.047223072,0.13741198,-0.015317168,0.26838255,0.2737582,0.05574833,-0.13377337,0.05330381,0.24286754,0.10738759,-0.16864526,-0.17399344,-0.2289157,-0.33059937,-0.03819148,0.68286794,-0.39205343,-0.11428992,0.18717673,-0.26502138,-0.25035408,-0.105051614,0.121482365,-0.08697286,0.20734578,-0.037013758,-0.14213671,-0.049509626
OAS1_0110,-1.43899,1.3807943,-0.32533675,0.8956339,-0.029498037,-1.3720177,-0.2782624,-0.6116825,0.077888235,0.552534,-0.88589007,0.59042174,-0.5939559,-0.6017925,0.56287074,-0.2520164,-0.61967796,-0.06424783,0.32872462,0.12872523,0.19751167,-0.069975406,-0.29422647,0.31558484,-0.31251585,-0.05286421,0.589821,-0.28295344,0.1788469,0.54276973,0.6076748,0.23278567,-0.7220098,0.3182181,0.748671,-0.15681094,-0.00994165,0.008201711,0.15573554,0.6605549,-0.105365545,-0.01069468,0.07807813,-0.7236742,-0.46141264,-0.21587859,0.4015632,0.29206395,-0.37492585,-0.3553066,0.25788653,-0.21090606,0.38343462,0.100720905,0.26369616,-0.1632669,0.04131128,-0.7990302,-0.0037560698,-0.051309846,-0.14429697,-0.7054061,0.6432574,0.31311724,-0.42171046,-0.1015063,-0.09800529,-0.96481735,0.2915639,-0.04670006,0.17403865,0.35445014,-0.024244782,0.58500475,0.25007778,-0.07939625,1.0732169,0.07295012,0.18087538,0.022395005,0.025868643,-0.08172322,-0.8648375,-0.289316,0.024931079,-0.07975857,-0.15489225,0.17845567,0.42174402,-0.31445512,0.51302207,0.48686525,-0.3080054,0.48340797,-0.19000834,0.30358592,0.22930847,0.37079766,-0.19424817,0.079426356,0.9364774,0.21525735,0.23598537,0.51990575,-0.50897616,0.43069777,0.021336557,-0.19530007,0.013295891,0.26180124
OAS1_0111,-1.204214,-0.44399732,0.2704403,-3.2192285,-0.2628427,-0.12582345,-0.38091144,0.41020477,0.82692343,-0.978335,0.198761,-0.7304741,-0.2218439,-0.6075863,0.2505173,-0.20479946,-0.17271458,-0.5645709,-0.8496511,1.1223868,0.15315402,-0.24970463,-0.010114624,-0.11665885,0.50496495,-0.6628947,0.49629566,0.06959806,0.08570179,0.3565934,-0.5963171,-0.3862379,0.17404808,-0.8964416,0.2687573,0.4148533,-0.6820562,-0.2738918,0.10615778,-0.08939172,0.24215898,0.509499,-0.11689856,1.4904472,0.0923446,0.046197467,-0.5935956,0.024196504,0.010288343,0.43653816,-0.53167856,-0.7607647,0.027789127,0.27859184,-0.006232391,-0.20047918,0.2272733,-0.09369874,0.37197772,0.331992,-0.2957376,-0.8303513,0.3398833,-0.093674995,-0.322353,0.15474312,0.2676901,-0.5649701,-0.0031695643,0.0552704,-0.5193857,0.017069638,0.0056295176,-0.68654186,0.06271588,-0.2834124,-0.023446826,-0.5001783,-0.06180004,-0.10660013,-0.2970586,0.25217205,-0.39845666,-0.2506455,-0.3281328,-0.095837206,-0.2493847,0.111898355,0.02615709,-0.043158792,0.38468683,0.13698262,0.22653905,-0.64731544,0.041820027,-0.20367327,-0.053711053,-0.32429403,0.10591559,0.03740204,-0.376902,0.074670464,0.33466652,-0.46723586,-0.46774247,0.07654098,-0.2501859,-0.13926752,0.1528584,-0.5303335
OAS1_0112,-1.1613419,-0.27527797,-1.1392443,0.72913307,-0.46846715,-0.024713341,-0.5914774,-0.06164648,0.050080415,-1.3305144,-0.4488165,0.46490625,0.36352187,-0.27110842,-0.6917901,-0.068843335,-0.036901496,0.78205454,1.0294361,0.0011434866,-0.30657652,0.16118373,-0.14587222,-0.75781065,-0.16521055,0.055270888,-0.53754824,-0.32621875,-0.30451855,0.9135198,-0.38466018,-0.22464748,0.5133748,0.32332364,-0.40693694,0.55206144,0.24041498,-0.25746027,-0.21068409,0.17436534,0.76115847,-0.15045735,0.10120827,-0.46927708,-0.026740173,-0.4517585,-0.6721098,-0.25994715,-0.5622218,-0.30877,-0.45305252,0.31796888,0.49379957,0.26904938,-0.277748,0.027389634,-0.4766885,0.124179736,-0.2715656,0.41088477,0.4181302,0.5780095,0.12448253,0.13207991,-0.026143169,0.62985915,-0.23038477,-0.47612706,0.28086212,-0.038319636,-0.7494571,0.31888762,-0.13652465,-0.00044081756,0.117560916,-0.061789114,-0.3107408,-0.039999645,-0.1283767,0.32024983,0.297227,0.32964262,-0.2373647,0.0855601,0.49517345,0.086485095,0.37061822,-0.31402376,0.3036548,0.016395522,-0.15080273,-0.16389008,0.22511643,-0.29741043,0.5388186,0.24628645,0.4580027,-0.25039893,0.020090552,0.2541026,-0.33527514,-0.1788642,0.15915273,-0.04996518,0.11816976,0.35020489,-0.408511,0.29903758,0.112576015,-0.011077414
OAS1_0113,-1.1922929,-0.54840183,-1.7438844,1.5014355,-0.34465536,0.43866402,0.03552717,0.7141823,-0.019927211,-0.34702638,0.77721786,0.5871593,-0.16714376,1.6971331,-1.1104164,0.12377661,-0.57780945,0.29410613,-0.61791265,0.5477717,-0.39180696,-0.405649,0.3397901,-0.2461275,-0.061125565,0.04989379,-0.248331,0.56353337,0.27837107,0.41962773,-0.12181267,-0.7237146,0.43204266,-0.15760875,0.17511874,-0.02531493,-0.45900935,0.027411135,-0.58022124,0.15165457,0.21294731,0.024233308,-0.07393967,-0.15856764,-0.19859721,0.1545825,0.01666415,0.27026114,0.11644047,-0.014725392,-0.30020073,0.20203978,-0.034332663,-0.73202175,-0.43860465,0.26199424,-0.4166095,-0.10775649,0.34930518,-0.015593901,0.005260715,-0.112424426,0.08372972,0.05229305,-0.06831329,-0.554648,-0.25404975,0.4242791,-0.16658707,-0.15826786,0.14326052,-0.5671102,0.013058488,-0.32143858,0.35945657,-0.098389976,0.19443356,0.27746782,0.36122996,0.14691572,-0.40190357,0.08481424,0.18379602,0.76308244,0.6067135,0.33781385,-0.19320911,-0.51152784,0.16586313,-0.15245518,0.4114588,0.34180948,0.6360909,-0.14781961,-0.25863788,-0.1446727,0.16585359,-0.11556588,0.15934019,0.5404062,-0.24598831,0.27545705,-0.014488498,0.3418363,-0.18713345,-0.18963794,0.32160673,0.3642351,0.53958595,0.15557586
OAS1_0114,0.71642166,3.1426275,0.95325166,0.30391753,1.3447802,1.1443824,-0.59619564,-0.46317056,0.21207263,0.6700651,0.14718783,0.25699177,-0.79796606,0.9153401,0.19127783,-0.92781013,0.44016594,-0.62110424,1.0192951,0.18952544,-0.033757944,-0.12296381,-0.30617216,-0.14840865,0.034505427,-0.1052612,-0.2671359,-0.22939639,0.3262721,-0.04341515,-0.50051516,-0.032300003,-0.74415445,-0.35468203,-0.32254836,0.13279194,-0.33310968,-0.075354315,0.90745515,0.30269352,-0.18117917,0.14872469,0.17556392,-0.25722158,0.28090572,-0.7922273,0.13333002,-0.3304743,0.06336225,-0.20404136,-1.2961878,-0.6026602,0.061812367,-0.24052188,0.2927367,-0.18021391,0.011323521,-0.5125543,-0.30501997,-0.3350981,0.24576563,0.20507416,-0.62288547,0.94628173,0.16066454,0.7420352,0.014137764,-0.15519883,-0.20701309,-0.13235368,-0.38655534,-0.036296047,-0.0038890895,0.0964154,0.30708072,-0.25352088,-0.44920152,-0.06841501,0.68598264,-0.08800251,-0.06714124,-0.07454276,0.7069833,-0.64924985,0.15138991,0.50657666,0.38978335,-0.2275349,-0.24365903,0.25296742,0.34515226,0.22459988,0.05842304,0.14406101,-0.47230482,-0.024705088,0.11854023,-0.21878655,0.17075147,-0.080865175,-0.8045344,0.27728215,0.25776157,0.3486188,0.11937597,-0.07352585,-0.05741544,-0.15916379,0.29147792,-0.17184244
OAS1_0115,-3.6371644,0.07073708,-0.91443837,-0.25558227,-0.17037167,0.37701112,-0.6105693,1.0846378,-1.3806393,0.39019054,-0.95667124,-1.6486189,0.7099725,-0.45578372,0.18447809,-0.36693856,-0.7926622,-0.18661906,-0.95820105,0.3914817,-0.009642981,0.73170614,0.21426204,-0.34985885,-0.38322276,-0.47240147,-0.48139712,-0.25287846,0.35120744,0.075934164,0.013277091,-0.47718784,0.2660287,-0.84682,-0.6079997,-0.28407878,0.976161,0.16323043,0.73433495,-0.38635442,0.9974854,1.1720017,0.4088446,-0.5758176,0.5979772,0.8075241,0.74452955,-0.4086735,-0.4349809,0.335229,-0.15875149,-0.09795763,0.07051311,0.4605075,-0.39259908,-0.71306705,0.48768052,0.05998239,0.70473915,-0.05399496,-0.33186355,-0.14575925,-0.5197237,-0.19607179,-0.19627891,-0.51516944,-0.017253434,-0.0024676595,-0.23204812,0.11331272,-0.13402276,-0.17476736,0.24001886,0.3824525,0.529705,0.82695,-0.76589835,0.4509082,-0.23095456,-0.4378743,0.19976579,-0.63350546,-0.4600295,0.5713067,0.78364456,-0.116979055,0.28328326,0.5378842,0.20826341,-0.08717002,-0.61528665,-0.11402361,-0.3824867,0.37775844,-0.49400705,-0.9520413,-0.42904505,0.36469474,-0.36674643,-0.15457459,0.01951193,0.00026138138,-0.38343436,-0.15274997,-0.03678446,-0.23071969,-0.018972592,0.7568651,-0.19689952,-0.13303432
OAS1_0116,1.1139088,-0.1961705,-0.70441055,-0.10718114,0.5807795,-0.9022963,-0.25222576,-0.4847577,0.54091364,0.0027276871,0.3956557,-0.15880185,-0.05088891,-0.29657483,-0.20721962,0.18024138,0.005902766,0.44754344,-0.27043617,0.5442593,0.12974983,-0.2320999,0.5041476,-0.39146,-0.56325823,0.5826917,0.6567026,-0.12744945,-0.55998033,0.01170059,0.10495665,0.22950895,-0.44022417,0.27526367,-0.07140839,-0.08059859,-0.16414742,0.43851012,-0.07046704,0.110871196,0.23991965,0.46022877,0.24025387,0.6506406,-0.023938883,0.50470537,0.2783159,-0.36934042,0.27928624,0.031518478,-1.2402457,-0.16154201,-0.23773097,-0.48160374,0.23522896,-0.05046999,-0.17967637,-0.1331834,-0.3858838,-0.2041927,-0.13102576,0.56501967,0.24200365,-0.11909793,0.27379775,0.3938012,0.60919577,0.58870256,0.48716024,0.3072374,-0.3741781,0.22516342,0.32063627,0.05109507,0.11079681,-0.38169864,-0.26019138,0.38275558,0.27257589,-0.3948562,0.035703544,0.122203454,0.03294381,-0.22209017,-0.14184098,-0.05159854,0.33008286,-0.1283746,-0.16632295,0.104030564,-0.4172485,0.04367223,-0.33897322,0.28725553,-0.07482133,0.15851188,-0.20867364,0.36087173,-0.26511207,-0.2921618,0.07716447,-0.23403804,0.24910772,0.012278749,0.032727707,0.3298171,0.005044824,-0.09043397,-0.0873801,-0.18005262
OAS1_0117,-1.970144,-0.17923014,-0.023980869,-1.5052476,0.058985993,0.35218772,0.729699,-0.47978324,0.43979096,-0.6113216,0.3868773,0.42389166,0.31758842,1.2341598,0.49794763,0.32322332,1.0337788,0.11708682,0.5635878,-0.3668042,0.16084053,0.63884556,-0.19591007,-0.15546657,-0.04022364,-0.63930124,-0.5703151,0.97339696,0.24599658,-0.053731367,0.459804,0.3069772,-0.30058977,1.2757808,0.09904569,-0.9945663,0.10398148,0.060938805,-0.5953587,-0.2197627,0.83375734,-0.7958133,0.64341974,5.5768676e-05,-0.04705499,-0.40214324,-0.6699422,0.126352,0.7693611,-0.21297716,-0.24362402,0.165966,-0.49781108,-0.07098046,0.4128751,-0.4900708,-0.2053343,-1.1147885,-0.07310146,0.5948011,0.3243002,-0.19630504,-0.36626723,0.10834547,0.031197913,0.2673652,-0.008385609,0.14914933,0.11432328,-0.12491936,0.20074087,-0.25605324,-0.24158512,-0.3555001,0.29347253,0.0048768297,0.1398785,-0.5234377,-0.29893866,0.11381473,0.10250247,0.48181322,-0.26280648,0.39281502,-0.39429355,0.2523002,0.6687024,0.276216,0.23043478,0.48305538,-0.08691936,0.2947377,-0.46732688,0.594114,-0.0699817,0.028022785,-0.57465297,-0.7765932,-0.29964533,-0.14352256,-0.42635456,-0.3122167,0.21233894,-0.1924412,-0.2634681,-0.17672567,-0.22200705,0.3428388,0.010840867,-0.5069776
OAS1_0119,1.0995542,-1.686701,1.2566136,0.4567592,1.0825882,1.4181399,0.028651336,0.8971696,0.30729723,0.46527538,-0.1316368,0.21577847,0.4659924,-0.6667651,-0.066157795,0.4841006,-1.1501483,-0.21992533,0.23589261,-0.9317261,0.4781073,-0.10097352,0.108650416,0.34325853,0.14818071,0.12437262,0.28028235,-0.27987334,0.3548021,0.10981399,0.41933492,0.044727843,-0.12481355,0.35866067,0.3697848,0.089524545,0.15436971,-0.5216566,-0.031455312,-0.5334472,-0.0013732546,-0.22775489,-0.01218791,-0.48562646,-0.3165975,-0.047215603,-0.31017762,-0.19683689,-0.2816993,0.6817899,0.006602813,0.116493404,0.19624545,0.57866687,0.42872486,-0.470574,0.09146297,-0.11662418,0.21558328,-0.35525024,-0.1396488,-0.31154302,0.6374929,0.37674046,0.04575479,-0.6871005,0.41693836,-0.0047844965,0.2636951,0.03591763,-0.57723176,-0.32853267,-0.15415148,-0.9130055,-0.50282,-0.82813114,0.19677524,-0.13378188,-0.015703745,0.69175684,-0.21166526,-0.1531278,0.057206452,0.06340219,0.48760304,-0.11992599,0.024226058,0.4352324,-0.5549924,-0.24513498,-0.19978592,-0.049683057,-0.3399392,0.036198817,-0.2670649,-0.24263601,-0.7032524,-0.37098724,0.13552421,-0.30798578,0.19018964,0.14469787,-0.3088228,-0.6281358,0.32200468,0.09399475,0.05852663,0.3423395,0.5170623,0.04229074
OAS1_0120,-3.1452427,0.9776692,0.052068964,-1.1128244,0.38678324,0.1194038,-1.1590519,0.03217816,-1.4755042,-0.40152165,1.4004003,-0.9283515,-0.057753637,-0.8026495,0.0055545713,-0.124316186,-0.6773502,0.23941407,-0.114984475,0.24525042,0.477225,0.6795174,0.15324593,0.17261676,-0.07137199,-0.092139415,-0.4855619,0.50031763,-0.6372052,-0.21658106,-0.122530654,-0.58748305,-0.5413987,-0.39450404,-0.007249795,-0.24845736,0.44021723,-0.31153294,0.14573269,0.15854025,0.5619266,0.3654413,-0.3800683,-0.01614545,0.12865578,0.85416824,-0.9820117,-1.0491656,-0.23972894,0.30110946,-0.5233398,0.33026692,0.4741136,-0.26993653,0.26901466,-0.37491387,-0.42062965,0.7373451,0.47517303,0.54865885,0.086285755,-0.75082064,-0.21553627,0.23359722,0.14985,0.86208105,-0.02996147,-0.061148457,-0.32699126,-0.011883255,-1.1733581,0.22236906,-0.04031373,0.4466152,0.22460851,-0.36539716,-0.030616708,0.53211254,0.87748957,-0.5426345,0.027276184,0.016893858,-0.33562073,0.121863745,0.4143454,0.09855555,-0.110951476,-0.22758421,0.14621732,0.36997175,-0.3470824,0.22902976,-0.33250576,0.14713171,0.13338517,0.31381792,0.039276868,-0.23431693,-0.0054410305,0.23813802,0.5402601,0.23429999,-0.32106486,-0.44669256,0.5212533,0.109675966,-0.38239476,-0.61878765,-0.8206603,-0.11687841
OAS1_0121,-1.1215718,-0.6327615,1.3454018,-1.3481401,0.30845794,1.929692,-0.023438597,0.16824456,0.39667353,-0.9272785,0.5477259,-1.1183484,-0.0027693948,-0.36326566,0.21724962,-2.1902068,-1.6881629,0.23659217,-1.0216434,-1.2307086,0.9252103,-0.2683399,-0.4090257,-0.35108894,0.95382226,-0.31129736,-0.42199883,0.10402373,-0.7830563,-0.5581434,0.28699622,-0.59918654,1.1158941,0.2474822,-0.5957874,0.91867924,0.3752315,-0.86933357,0.5757064,-0.88781756,-0.68602395,0.69554156,0.9100576,-0.1065726,0.34932145,-0.88426644,0.6901301,0.13931333,-0.55733615,-0.020420475,0.1392219,0.6122923,-0.43667287,0.51537883,-0.20355478,0.37790573,0.52081484,-0.6189536,0.30975518,0.8970067,0.32561997,0.33410147,0.46526566,-0.39508653,0.4529129,0.039302662,0.20931803,0.9378599,0.68100965,0.8357707,0.52994084,0.49462554,-0.63637066,-0.067541584,-0.25130233,-0.06328437,0.38392988,0.45812407,-0.18977542,0.30222347,-0.37355307,-0.11162732,0.019308325,-0.0699728,-0.1311239,-0.21838008,0.31300357,-0.35244474,0.51854885,0.3043683,-0.20738474,-0.077009276,0.57160926,1.5677775,0.09111443,0.15747076,-0.051125698,0.13350971,-0.37254867,0.78748465,0.038369577,-0.60371566,0.05978839,0.29266638,0.11649381,0.17870247,-0.034171075,0.11016112,0.196168,0.25203484
OAS1_0122,-0.46641412,-1.4963338,0.3098695,1.4366623,0.26981997,0.8201704,-0.29828382,0.45518437,1.0816927,0.59575105,0.24252585,-0.6710627,-0.5953694,-0.49628103,-0.078193136,0.39243883,0.16906649,-0.49392596,0.16446096,-0.42100796,-0.40453795,-0.013804977,0.75510854,0.5071129,-0.87183744,-0.06582166,0.24029183,-0.75640357,0.13243797,0.26603922,-0.12242162,-0.811676,0.030241821,-0.58150643,0.2460679,-0.61018175,0.15203951,0.24435666,0.23673952,0.009792278,0.5140272,-0.26458794,-0.4659306,0.5981802,0.10086965,-0.304183,0.23729125,0.39910713,0.40475065,1.1038368,0.17841841,0.39047948,-1.0241672,0.4067198,0.07421232,-0.40537927,-0.029211892,-0.38402447,0.20390756,-0.36093935,0.12064863,-0.48597178,-0.6491542,0.4812307,0.0788913,0.44039458,0.39655864,0.74978334,-0.33742493,-0.18991476,-0.31168056,0.06126693,0.44188887,-0.15443265,-0.18542594,-0.37895873,0.49107063,-0.06741492,0.3694469,0.72171634,-0.3692525,0.089302994,0.0312564,0.94768745,0.062132426,-0.2557454,0.3964606,-0.77924496,-0.39097086,0.20484304,-0.4100435,0.43154648,0.14686991,-0.06620393,0.026765086,-0.05057995,-0.3934996,0.25756755,-0.15598889,0.55386335,-0.5014353,0.3183808,-0.057984646,-0.008436559,0.98949987,-0.17158581,-0.26324826,0.3518291,0.019703476,0.103782944
OAS1_0123,0.12891568,0.1664013,2.4265535,1.976959,0.923754,1.1855198,0.5626133,0.91809887,0.5409853,-0.02359711,0.3936042,-0.22295873,-0.9115944,-0.34308058,-0.11180738,0.73347497,0.045459032,-0.39471227,-0.36102512,-0.13350232,-0.7474312,-0.39121538,0.8785936,-0.2545799,-0.16250978,-0.012305842,-0.2500346,-0.6075451,0.3237214,1.0442958,-0.14386426,-1.263055,0.34832293,-0.08388245,-0.29722553,-0.1554034,-0.18730359,-1.1499596,0.77669424,1.2086314,0.16740578,-0.35936227,-0.36408728,0.5306269,-0.39632964,0.25134552,0.12607633,0.3118157,0.6712089,-0.07698784,0.7210302,0.72775245,0.05863039,-0.007189865,-0.33795184,0.38907096,0.3448479,-0.37767133,-0.7484082,0.42518646,0.6014452,-0.47078377,-0.067549646,-0.57369465,-0.61709785,0.2352587,0.65926653,0.28749853,-0.42182395,0.282698,0.28167847,-0.41507667,-0.15961725,0.098947756,0.39314747,-0.35438442,-0.09068863,0.31036407,0.4704913,0.35265073,-0.091435075,0.042814262,0.10122412,0.8188011,0.21737814,0.5488462,-0.029374266,0.21588524,-0.5224279,-0.79239845,0.2185607,-0.19310166,-0.046434544,0.55924904,0.74283594,-0.20011343,0.20848069,-0.8103155,0.057378523,-0.30332014,0.28372994,-0.028135145,-0.071331255,-0.0040456066,0.0135481935,0.762697,0.07726659,0.1379337,-0.61686903,-0.43398654
OAS1_0124,-1.1950892,0.421982,-1.5335264,1.6636593,-0.8479086,1.2758249,1.7570758,0.6765843,-1.0775319,0.04061387,0.6613618,-0.24552472,0.5964639,0.6869637,-1.1452286,0.75245756,0.82597095,0.044083826,-0.14247921,-0.31245524,0.3239296,-0.02252169,0.5960396,-1.0693378,-0.3972859,0.20940359,0.0339677,-0.42145196,-0.21104237,0.16384494,0.31043845,0.57684743,0.21245682,-0.32471713,0.6042819,0.4839089,0.11355734,-0.0841631,-0.18446986,-0.35480437,0.33099195,-0.020065498,-0.22268888,0.6826401,0.025396265,0.35984752,-0.58929163,-0.34458643,-0.46536303,-0.7663681,-0.1368845,-0.4912223,0.0012787884,0.5418268,0.3379903,-0.42462635,0.3481207,-0.13426349,-0.07634413,-0.023570558,0.15567489,0.045673136,-0.1640408,-0.10366002,-0.11832186,0.79267675,-0.20903964,-0.006947843,-0.16529542,0.40615162,0.36500648,0.6942049,-0.42640385,0.23955409,0.08762274,0.20860884,-0.19656491,0.63371676,-0.50626534,-0.05907438,0.5932078,0.3479676,0.9476205,0.31566656,-0.09154759,-0.27676913,-0.006364497,0.020327967,0.21873838,-0.000688463,-0.47007728,0.24433912,-0.28250346,-1.260494,0.06503162,-0.110512,-0.20021267,-0.0654581,-0.08011881,0.09096962,0.18956576,-0.31237125,-0.37831664,0.15194122,-0.04831865,0.18835539,0.3379772,-0.54791325,0.63059944,-0.011782016
OAS1_0125,0.78195614,-1.5798525,-1.0678402,-0.76057595,0.24522205,1.06513,-0.4888,-0.25316596,-0.4115412,-0.026561791,0.6664562,0.018001297,-0.84514606,0.05656243,0.12336276,-0.10493867,-0.29972607,-0.26922914,-0.28297073,0.5212432,-0.5574669,-0.11975503,0.17726494,0.550894,0.3597922,-0.44402587,-0.5302029,0.5929179,0.422507,0.045165963,0.00298319,0.3038141,-0.49864155,-0.94943374,0.23285586,0.62582344,-0.2608745,0.053419355,-0.120184995,0.6988418,0.10453321,-0.15002029,-0.19338185,-0.5638596,0.49756837,0.44558546,0.022904117,0.1183848,-0.2890696,-0.5741082,-0.4921132,0.20495307,-0.18014872,-0.070362344,0.77895874,0.3402634,0.224697,-0.37973824,-0.21061175,0.11321406,0.66175467,0.09436382,-0.0916852,0.093463086,0.3379249,-0.3074469,-0.4466435,-0.09802582,-0.18917844,0.002555609,0.05449432,-0.0751572,0.45367786,0.37419066,-0.339117,-0.36609277,0.3280468,-0.53204113,-0.8401699,0.31520084,0.36145872,0.037913304,0.108699724,0.0619215,-0.09142357,-0.85434526,0.12627764,-0.085399136,-0.16078894,-0.34812018,0.0059390482,0.40518665,0.029768255,-0.059738368,0.47991788,0.03656711,-0.49603274,-0.6483453,-0.37933558,-0.5909853,0.017863883,-0.103759274,-0.7463263,0.31743702,-0.06825957,0.24841546,-0.15567258,-0.23131093,-0.21601412,0.11309746
OAS1_0126,0.7067012,-0.08243659,0.42380938,-1.3608167,0.9498604,0.1273508,1.3412176,0.16236667,0.5757962,0.06599147,0.08099143,0.54023105,-0.6788262,-0.36314458,0.46868825,0.23737161,0.581137,0.093207695,0.20924579,-0.42404425,-0.16793907,0.6060904,0.58990794,-0.20514834,0.07654217,0.0023879022,0.3118717,-0.07867635,0.3950589,0.44653034,0.6251213,0.25976014,0.36364838,0.45951268,-0.5533041,-0.6500335,0.041950375,-0.018288126,0.19823033,0.08457706,-0.09761397,0.561179,0.37499857,0.17707811,-0.24069674,0.55696595,-0.27614495,-0.03051401,-0.39377967,-0.68707824,-0.43271643,-0.18435685,-0.20428517,-0.762382,-0.21497504,0.5961463,0.32578495,-0.03400767,0.38971215,0.07111318,-0.86294943,-0.46813276,-0.18726838,0.42369637,0.36358023,-0.004202371,0.6845843,-0.5509186,0.10075092,-0.33866525,0.5284482,-0.2043407,0.42887065,-0.28102002,-0.07271083,0.051789876,0.025581975,0.4221178,-0.507234,-0.06049397,-0.48023415,0.19175874,0.24503903,0.33721572,0.43042395,0.11878756,-0.31597298,0.038335305,0.29248357,-0.028378112,0.11899895,0.038562536,0.551405,0.5759274,0.3115709,-0.4219345,0.15428326,-0.09300956,-0.43263018,0.080804676,0.49728137,0.21038936,0.38365498,-0.39916402,-0.08471794,0.33547398,-0.035737056,0.0043575373,0.02498256,0.032316253
OAS1_0127,0.911541,0.16734247,-0.22105528,0.09733968,-1.0784385,0.4652473,0.78411865,0.4118155,-0.2825871,0.8827239,0.16792369,0.8652851,0.17608672,0.0061455164,0.052625395,-0.15224206,-0.09409469,0.4488122,0.44988072,0.19336838,0.77750665,0.037257574,0.018870905,0.28612408,-0.11055832,-0.27547356,0.15838605,-0.110189214,-0.53974974,-0.16227937,0.7073332,0.05625571,-0.2629591,0.48173782,-0.37659606,-0.4768384,0.23760201,0.16475977,0.40137574,-0.23938881,0.6804839,-0.11534224,0.07010815,-0.27811602,-0.39673027,-0.01953452,-0.63254595,-0.2603119,-1.0795054,0.48785543,0.47584757,-0.0032931673,-0.29070708,-0.5181575,0.105479494,0.18725269,-0.12528716,-0.04505344,0.5069113,-0.26922506,-0.20834033,0.37419006,-0.5232448,-0.27069306,0.15901582,-0.5012152,-0.23644802,-0.0900223,-1.0108144,-0.08958338,-0.28871188,0.3333832,0.20566097,0.28659385,-0.03950922,0.05543284,-0.050476804,0.03692721,0.7889363,-0.6384498,0.19447073,0.48148155,0.31162414,-0.41575435,0.27487358,0.31941625,0.3521115,-0.17131224,0.5109602,-0.58231705,-0.12881777,-0.21038574,-0.18063445,-0.18346906,-0.016506033,-0.5203655,-0.2048572,-0.10522661,0.07256412,-0.0028741248,0.3383834,0.4461409,0.0324531,-0.057391696,-0.57116127,0.10757568,-0.008957016,-0.37466425,0.3288294,-0.15437557
OAS1_0129,1.0280488,-1.6140248,0.39081153,-0.4586078,0.22875582,1.3873454,0.42734858,0.21957369,0.44177634,-0.29277134,0.23054966,0.92177653,0.6153423,-0.34439933,0.50823116,-1.0410956,-0.012776623,-0.5625647,-0.14624314,-0.115386486,0.42378104,0.3571808,0.43105543,0.50435674,0.22943574,0.49932477,-0.05560647,-0.274963,0.11531915,0.2000513,-0.4473099,0.4679136,0.46452963,0.3109283,-0.0039198115,-0.39051625,0.09268946,0.38413718,0.5649267,-0.3655743,0.42601606,0.2084208,-0.0323906,0.17789268,-0.042673625,-0.0022449244,-0.03061966,0.48941818,0.347886,-0.39374954,-0.16419591,-0.08311018,0.8459122,0.15547425,0.20145637,-0.67571527,-0.20952828,0.5509347,0.46971297,0.5917895,-0.1623287,-0.030222675,-0.132954,-0.6233843,0.17215002,-0.33352196,-0.01022001,-0.61426747,-0.029787358,0.2385588,0.37819827,-0.046117093,-0.18149781,-0.14754885,-0.64319515,-0.08804141,-0.25826627,-0.11214385,0.09536291,0.012861853,-0.48244005,-0.46491188,0.009591131,0.51203746,-0.18373531,0.038899,-0.25350282,-0.008173677,-0.1484998,-0.33958337,0.14086889,0.23872678,-0.27852678,-0.0320514,0.6446867,-0.22409846,-0.48585638,0.3640846,0.48074004,-0.021840401,-0.474644,-0.08617834,0.14070946,-0.34481254,-0.1078554,-0.08407295,0.397893,-0.18428732,-0.9157865,-0.1395218
OAS1_0130,-0.46081865,0.7436128,0.5097732,-0.46865913,-0.61844975,0.7404284,-0.117050864,-1.7707195,0.5545624,-0.9392759,-0.6695231,-0.3800272,-0.05226392,0.8535183,0.80861086,0.6204135,0.3390401,0.34531814,0.8393189,-0.6925302,-0.28528363,0.37950355,-0.060106903,0.07070202,0.8635827,0.5513335,-0.38254723,0.40212193,0.32810295,-0.027887221,-0.19390203,0.38611865,0.47637975,-0.21081674,0.48847094,-0.35134462,-0.5980144,0.4829404,-0.7966948,0.023281896,-0.112838365,-0.18134631,-0.45580816,-0.56806254,-0.23915125,0.05909319,-0.30700204,-0.12526324,0.596468,0.013092349,-0.089601696,0.52063894,-0.78969055,0.19442779,-0.24344522,-0.2756609,0.58064014,0.023103233,-0.1777006,0.21758607,0.17678997,-0.47581503,-0.40690416,0.44492635,-0.6860302,0.14112891,0.025040595,0.027237149,-0.29815245,0.5067816,-0.23403478,-0.1415349,-0.6735499,0.17076512,-0.2841983,0.28440085,-0.2047592,-0.066554256,0.1823656,-0.19734481,-0.05843073,0.16181473,-0.2928623,-0.2838485,0.19725192,0.7170431,-0.21323527,0.2590117,-0.23582166,-0.13449909,0.1134486,0.14965451,-0.30379826,0.71083236,-0.5720184,0.13564123,-1.2438232,-0.07801848,0.046646494,-0.45365167,-0.04045591,0.5570613,0.09152464,-0.5212717,-0.031201616,0.3416652,-0.32839903,-0.14270334,0.14723511,0.32967398
OAS1_0131,0.33614272,0.78186554,0.48904404,-1.34209,-0.016079094,-0.3201349,-0.8378783,1.0663145,0.39706883,-0.19630218,-0.49147734,1.3912003,-0.17892392,0.2305099,-0.49354133,-0.07935657,0.19160405,0.81546134,0.21366027,-0.43133357,0.7260471,-0.45390838,-0.26173884,0.18086602,-0.26261467,0.12767147,-0.38162923,-0.8917907,-0.39532316,0.1566869,0.18070936,0.16062771,-0.31093606,-0.19348963,-0.36365435,0.022308726,-0.39934385,-0.56962985,0.21472965,0.26273012,0.0741531,0.5785216,-0.0649251,-0.76125675,0.04598156,-0.16059697,-0.03089129,0.54316586,0.48857746,-0.05613852,0.057276655,-0.06881094,0.37422708,0.41085902,0.102867484,-0.33162418,-0.625269,0.89355236,-0.07396321,-0.061810806,0.035636403,-0.25678253,0.8402723,0.51309377,-0.50210494,-0.34108952,-0.72412854,-0.38352647,-0.3745458,-0.2207459,0.38847476,-0.26128292,0.44407427,-0.10565461,-0.19841303,0.10280172,-0.0023377945,0.19729458,-0.37709656,0.46055236,0.28662187,-0.27217758,0.34290463,-0.025165554,0.17502157,0.49442896,-0.5290225,-0.032083068,-0.3757264,0.058174506,-0.5020456,0.17452854,-0.3869753,-0.21211699,0.082605,0.49339116,0.05666264,-0.2571478,0.33158797,0.063972756,0.20847602,0.6366389,0.078199536,0.0010887145,0.054162323,0.046652317,-0.76728344,0.38953,0.17498308,0.095344566
OAS1_0132,1.2412115,-1.0792032,0.32949898,-0.38443676,1.0099374,0.8421384,-0.5967349,-0.29284152,0.64244133,0.27685538,0.41038552,0.38817313,-0.144612,-0.8786339,-0.58410954,0.05981606,-0.084677696,-0.5072245,-0.70370704,0.18233703,0.9802978,0.08773917,0.06582801,-0.28135616,-0.18711233,0.05065324,0.19191489,-0.1433666,0.011053803,-0.6959883,0.6800739,0.43044704,-0.4908343,0.2402484,-0.52817905,0.13877569,0.28389972,0.4864223,0.14276507,-0.07763656,0.17328012,-0.28875053,0.06843707,0.36347312,0.23227654,0.09868311,0.32625628,0.059347138,0.16533588,-0.675427,-0.7749509,0.6895547,0.45669857,0.16190872,0.15521173,-0.92891246,-0.049274027,0.30962366,-0.12676688,0.2572878,0.19090559,0.10895493,-0.11629969,0.48855025,0.35623655,-0.38414246,-0.33585086,0.4401251,-0.12880541,0.4451007,0.2858163,-0.38822946,0.095538795,0.37791252,-0.5030691,0.26994178,0.2636249,-0.02303349,0.034006983,-0.6286857,0.9538816,0.2619273,0.34003863,0.9713956,-0.24638438,0.062302813,0.16397408,-0.14175709,0.19652267,0.46928644,0.33672842,0.1327848,0.17269826,0.13336506,-0.46748558,-0.4995096,-0.43790796,0.2896901,0.10411195,0.19146197,0.07513183,0.08157509,-0.17523484,-0.062497105,-0.292103,-0.35820553,0.37945554,-0.11090011,0.13439986,0.04448825
OAS1_0133,1.2010095,-0.07205974,0.24437353,0.06598587,-1.3377104,-0.5334024,-1.1181641,-0.37613544,0.09430534,-0.07071884,-0.75201064,0.6247266,1.5555395,0.21874702,0.041733768,-0.15631187,0.16596171,1.1596012,-0.29301128,-0.10107775,0.09393472,-0.29544848,0.24051261,-0.26266676,-0.7293788,-0.39485487,-0.42043126,0.51637346,0.20181674,-1.0625305,-0.022971189,-0.38203865,-0.22526659,-0.013570324,-0.1418191,0.102429174,0.11042322,-0.3272309,0.025962058,0.5325285,-0.26158404,1.0380443,-0.36831608,0.044767182,-0.5042811,0.1311488,0.017386375,0.024556985,-0.69265246,0.4681341,-0.054640397,0.15786698,-0.08703365,0.35079986,0.49264148,0.020325717,-0.09285984,0.049856942,0.1789119,-0.10493324,-0.40044793,-0.62930405,-0.010996082,-0.201028,-0.47595417,-0.42952785,-0.067390166,0.4391778,0.21801342,-0.6354102,0.0468325,-0.027677383,-0.18850432,0.0034570727,-0.009079324,0.13949104,-0.2662813,0.0005257987,0.4228827,0.12066653,0.059901748,0.027590847,0.08321557,0.027782869,-0.3306368,0.549058,-0.49108243,-0.12624985,-0.11027513,-0.10698983,-0.31992728,0.032365322,0.17830625,-0.09280153,0.041633084,-0.027456086,-0.25880608,-0.31988794,0.05457053,0.26687986,-0.13672756,-0.33688644,0.4078073,-0.5188217,0.64905244,-0.10518435,0.60366744,0.7311138,-0.09820118,0.15921634
OAS1_0134,-2.1400187,-2.2310796,2.833754,2.2533891,0.9475866,-1.2929255,0.72786266,-0.43054467,-1.0144802,-0.42497298,-0.74274725,-0.043670904,-0.20724884,1.1230003,0.5875626,0.0032845486,-0.5148656,0.35348234,-0.6962293,0.09382023,0.11580061,-0.2390859,-0.07195584,-0.2272851,0.7232093,-0.2755435,-0.8657855,-0.0098755015,0.8367509,-0.20351802,0.08709409,0.61514413,-0.2979974,0.26080865,-0.3535201,0.015956204,-0.7110005,-0.8989544,0.124045506,-0.07528077,0.9513409,0.48149845,-0.30581555,-0.1682431,-0.04895855,0.78937304,0.81787044,-0.46351403,0.09045951,-0.46631247,-0.37416404,-0.15027982,0.43529543,-0.36770317,-0.13446708,-0.47207063,0.19589093,-0.34498456,-0.46406034,-0.2959147,-0.36588418,0.11844082,-0.11580561,0.6348929,0.3010121,-0.29774904,-0.37319955,-0.39897037,-0.023609202,0.43536338,-0.27383542,-0.32598454,0.14887173,-0.5822373,-0.13963701,0.15660574,-0.36261037,-0.044850305,0.08183803,-0.35034323,-0.20721276,0.28817388,0.02223601,0.35366607,0.05817462,0.31799257,0.09848987,-0.036367834,-0.16478768,-0.54965156,0.10045463,0.10982342,0.07683483,0.20925619,0.33001205,-0.059935216,0.11034233,0.012787315,0.49916705,-0.09722651,-0.002643734,-0.238184,-0.04443958,0.3032312,-0.34428304,0.8261548,0.16083494,0.04347803,0.055100296,0.37137038
OAS1_0135,0.038104486,0.4586163,-0.47101855,-0.09628059,0.49737114,-0.5786331,-0.51490724,-1.1671782,-0.6619234,-0.19273424,0.80372447,0.5790234,-0.071457066,1.3538693,-0.75918514,0.16493763,-0.59361327,-0.68579775,-0.60849917,0.6276235,0.00094735925,-0.9352597,0.11482903,0.14985491,0.08490627,0.118840195,0.15570773,0.37550122,0.75135994,-0.98694414,-0.048021898,0.59935355,0.24944659,0.318599,-0.13073847,-0.3428595,0.19815892,0.3513018,0.6612771,-0.15454541,-0.4990439,-0.10029431,0.92118734,0.2032118,-0.30297646,0.37198454,0.10054794,-0.3792348,-0.7886252,-0.43503633,0.29074302,0.2397776,-0.3292675,0.38519,-0.073496856,-0.06644215,0.12999454,0.30598056,-0.6295542,-0.42773974,0.1323205,-0.19282559,-0.020134935,-0.13523507,0.28303257,0.35828888,0.06329501,-0.61340797,-0.4122797,-0.6140758,0.1850141,0.47237578,0.7238379,0.28551856,0.26803848,0.20297624,0.30957615,-0.206777,0.06761918,0.3656686,0.61026067,0.1522851,0.09586372,-0.08953513,-0.50844806,0.11691185,0.19536611,-0.18761215,0.22188075,0.1721487,-0.16980973,0.31198835,0.2589061,-0.2675544,0.19618289,0.43247572,-0.1318471,-0.3513437,0.033893276,0.014868799,-0.15077835,0.5885664,-0.055943344,0.12498931,0.19431855,0.031045072,-0.09221182,0.35778,0.08823252,-0.14669304
OAS1_0136,2.2320132,0.031436235,0.8292764,0.4313801,0.09157679,-0.07837122,-0.29505736,-0.21914478,-0.5183273,-1.0392019,0.6000816,-0.64939284,1.2513969,0.13720873,0.14568715,0.25821653,-0.22248894,-0.040962636,0.34683788,-0.2808876,-0.46833134,0.31177896,-0.35264346,1.0266887,-0.027357267,-0.35515288,0.026557676,-0.5490783,-0.39752263,-0.21877795,0.34034577,0.1672485,0.056187566,-0.27228448,-0.8940122,0.27652156,0.01760107,0.35441232,-0.1354347,-0.094321385,0.06179768,0.25638074,-0.036623202,-0.33071047,0.3424533,-0.31463987,-0.08457567,-0.2116212,-0.061164293,-0.06480507,0.25525415,0.43562984,-0.44188505,-0.72327876,-0.025537167,-0.11652524,1.0875812,0.1402053,-0.109102935,0.031237278,0.34946123,-0.017684326,0.3818587,0.04254059,0.40029904,-0.18083389,0.6231798,-0.07765822,0.43353933,0.10421927,-0.22489735,0.20763491,0.3984476,-0.6217777,0.0953481,-0.04879195,-0.10854113,-0.12275447,-0.14929564,0.12632926,0.5448649,0.24977635,-0.528071,0.36404717,0.46383658,0.03216425,-0.21352948,0.059869222,-0.21920747,-0.113069944,0.2642684,-0.24588203,-0.10095963,-0.3309231,0.04662993,0.20660649,0.76828516,-0.11310137,0.21573459,-0.086135425,0.11101299,-0.21529539,-0.12018912,0.10280648,-0.43018413,0.034241732,-0.22430404,0.15505311,-0.1082923,0.3594766
OAS1_0137,-2.1452208,0.6254754,-1.2054,0.8302631,-0.40820464,-0.23657295,0.70165235,0.89452267,-0.20971252,-0.6807692,-1.3676373,-0.25721058,0.4866845,0.12989743,-0.47627476,-0.68047434,-0.33690193,-0.13210618,0.018604403,-0.36132443,-0.38331077,0.0007164172,0.6863414,0.3811681,0.2713067,0.5185413,1.0154907,0.16166607,0.32670024,0.32734552,-0.007723518,0.7865591,-0.6869792,0.24714483,-0.8746818,0.30818543,1.2311115,0.5132548,-0.32459116,-0.01937868,0.11147837,0.09405722,-0.43717384,0.0035920278,0.1966667,0.051789705,0.4986656,-0.5806634,-0.2599098,-0.48449963,0.14907984,0.3252341,0.15042298,0.034823112,0.2726148,-0.32065788,0.12561892,-0.99242216,-0.11870194,-0.059586015,0.27489263,0.39935046,-0.17729402,-0.37765795,0.06461331,0.074723706,0.39565295,0.0050307303,-0.44580328,-0.23271294,-0.7981792,-0.6016434,-0.5598559,-0.067510925,-0.06206383,0.20797698,0.55392975,0.29905868,0.20891534,-0.56352854,0.26668504,0.11191039,-0.5049887,0.43419385,0.16033058,-0.71720624,-0.18607166,0.11878909,-0.14921248,-0.0039284327,-0.22697303,0.2137099,0.17125335,0.47994116,0.16262448,0.28067622,0.15937564,0.1879672,0.04994357,0.32082665,0.1651613,0.08478793,0.40446037,-0.49959025,-0.24269843,-0.34666616,-0.25137326,0.2946457,0.40533426,0.080224365
OAS1_0138,-3.5714898,0.4707,0.025238864,-0.92398655,-0.044488993,0.3112463,0.47004175,0.00819523,0.35952958,0.7131262,2.0255187,-1.3393421,0.63363427,-0.73015505,-0.39812446,-1.2711239,-0.07915144,0.84959507,-0.23704427,-0.45809004,0.9433477,-0.11419743,0.58999014,-0.378324,0.044235956,0.176714,-0.35254166,-0.3783747,-0.79042614,-0.08158104,0.3272446,0.062738195,-0.1126465,0.16971219,-0.27342674,1.1874377,-0.31305996,0.24570411,-0.4008943,-0.026718479,-0.19742781,-0.14973168,0.18315569,0.37861344,0.828695,-0.102101244,-0.1443124,-0.05047664,0.27227125,-0.16394986,-0.047550555,-0.40202522,0.11254117,0.7673378,0.02793386,1.3325602,-0.50223047,-0.42000455,-0.4246977,0.06243271,-0.24457255,0.98694897,-0.42041412,-0.5363399,-0.041564647,0.31296688,-0.017722005,0.33306405,0.626242,-0.16065644,-0.039160695,-0.32618934,0.14736925,-0.1710035,0.22346793,-0.08911237,0.2523983,-0.10525088,-0.038971707,0.29833075,-0.6071845,-0.050745834,-0.4817829,-0.1997658,0.13994448,0.31234556,-0.45092985,0.03264687,-0.12451439,-0.15036704,0.06765001,0.46146184,-0.38855806,-0.4764126,-0.51853263,0.19366454,-0.14364664,-0.06510191,-0.7043591,0.2461528,0.33641106,-0.1496031,-0.25471961,-0.4610094,-0.17873126,-0.2974632,0.0039552753,0.028762115,0.2963296,-0.118479915
OAS1_0139,0.5054208,0.15031204,-0.42339098,0.012477462,-0.5113282,-0.010448653,1.0134656,-0.54526615,0.31264135,-0.038660973,-0.41657695,0.34163922,-0.165693,-0.6198909,-0.452061,0.30560946,-0.3862092,0.88644063,0.44350296,0.55547494,-0.37660658,-0.40784857,-0.080474116,-0.34831896,-0.78367156,-0.40304977,-0.23741712,-1.0227063,0.12864763,0.35812002,0.8535872,-0.20213854,0.5053322,-0.43397036,-1.1240801,-0.6634627,0.36249596,0.5511062,-1.1996335,0.11925529,-0.5265428,0.3404948,-0.5612566,0.11501741,0.12958668,0.6593837,-0.45519835,0.33680713,0.48866555,0.2218662,0.08340918,-0.1438359,0.17351602,-0.08255558,0.5707644,0.012107033,-0.19799012,-0.24392834,0.093742,0.2530359,0.030249717,-0.38665023,-0.048757967,0.20923518,-0.46451816,-0.38890782,0.46966696,0.124373965,0.0489207,0.47259352,0.14597596,-0.8114499,0.002928093,0.3450431,0.30072922,-0.3152374,0.13346003,0.9053755,-0.15742166,0.027170558,0.5984746,0.13495064,-0.05819247,0.29184157,-0.33647212,0.5778347,0.7675433,0.31397822,-0.03076874,0.040330857,-0.28618452,-0.16821806,0.26031607,-0.1708232,0.034915235,0.09703536,-0.16757266,-0.06317077,0.05289348,0.13786983,-0.07285299,0.29777986,-0.75787765,0.016782796,-0.08345444,0.102946326,0.026612747,-0.24105546,0.21296026,0.44862992
OAS1_0140,1.3308704,2.1768625,0.84382224,0.2125223,1.1653173,-0.026279537,-0.003941154,-0.4187481,0.07014023,-0.23450741,-0.060323056,0.037582524,0.12640214,-0.36957154,-0.2589991,-0.5796862,-0.0091687925,-0.08933844,0.05403207,-0.7990408,-0.7877375,0.2970528,0.26207376,0.4615075,-0.3938614,-0.7874348,0.13684788,-0.3000903,-0.5666986,-0.41512808,0.7288456,0.002174531,-0.025430458,-0.7115332,-0.17011733,-0.20433345,0.23740123,-0.52540386,-0.29400882,-0.6162067,0.11850613,-0.0986915,0.2779021,-0.19100745,0.19584057,-0.19872846,0.015649816,-0.025289312,-0.40151158,0.74165696,-0.1265682,0.16184595,-0.0790697,0.6527997,0.16948989,0.12620947,-0.5652543,-0.21230862,0.16004093,-0.29649857,-0.315925,1.0033343,0.52802396,-0.28635195,0.026723316,0.04111566,0.060663886,-0.3811093,0.015939815,0.2612747,0.17243354,-0.5407445,0.09169033,-0.21843153,-0.021033801,0.008033502,-0.5107773,-0.18049248,-0.43800536,-0.14228418,-0.43483496,-0.1787643,-0.37255776,-0.2969876,0.19239669,0.13559052,0.4008298,0.4908581,0.3077648,0.49910718,-0.08493455,0.0351464,0.10777925,-0.3737974,-0.15587296,-0.039490025,0.061547466,-0.59519815,0.38462767,-0.38967192,0.420284,0.11990564,0.108296886,0.1422233,0.63784677,0.30226725,-0.27117544,-0.13566214,-0.26970524,0.46152028
OAS1_0141,0.75518453,-0.44674602,-0.093602516,-0.65232396,-0.8293179,0.7587161,1.9874182,-0.5951782,0.13302763,-0.30192047,-0.18648513,0.41817045,0.78027445,-0.77979696,0.57539886,0.25034148,0.14277068,0.14542016,-0.011636252,0.23803197,0.08904529,0.24915421,0.23939614,0.104554646,-0.20755747,-0.073633604,0.12830597,-0.25299278,0.22302723,0.21829659,-1.1254405,-0.06410832,0.97770333,0.23020951,-0.62166715,0.45753935,-0.601478,-0.23038398,-0.24561052,-0.115918644,0.43274158,0.39366493,-0.87879354,-0.053347457,0.49498668,0.13485278,0.85030466,-0.1441477,-0.16637515,-0.48753828,-0.3645691,0.3503938,-0.24644658,-0.29953828,0.23674287,-0.5336517,0.032920055,0.16092062,0.14613904,-0.24349113,0.02517203,-0.097739376,-0.43037266,0.3503648,0.61271083,0.46481043,-0.25093213,-0.38588518,-0.35215148,-0.3370663,-0.069742344,-0.17776889,-0.3065208,0.317151,0.16555983,-0.53066736,0.19002621,-0.17818214,0.23626433,0.2855764,0.303183,-0.370092,-0.2092756,-0.4860708,-0.045533516,-0.5636125,-0.19462043,-0.014584927,-0.040508557,-0.15141994,0.38337043,-0.16662972,0.2652532,0.23585163,-0.5841627,-0.30197504,-0.2537799,0.09957377,-0.110595785,0.27583072,-0.019586293,-0.08767757,-0.38278002,0.07671725,0.17877041,0.35671636,-0.12834814,0.09616031,-0.16334012,0.11464169
OAS1_0142,-2.1879745,0.9202461,-0.4295329,-0.0012496028,0.4028899,0.5850159,-1.0395972,0.6810119,-2.1085248,0.23839949,0.46348602,-0.023380894,-0.47113693,-0.28232554,0.8575512,0.24043614,0.57670665,-0.2330599,-0.15784657,-0.38126087,-0.02473972,0.4011584,0.034129266,-0.17131989,-0.66079646,0.4487308,0.16414735,-0.70373696,0.24266651,0.45984644,0.26085913,-0.053926233,0.2440999,0.5061021,0.008295574,-0.114490345,-0.507161,0.0883537,0.18149126,-0.14926532,0.058794152,-0.33570498,-0.91595215,-0.1869186,-0.67599547,-0.02983161,0.43413216,0.72896856,-0.06288462,0.7456921,-0.26857266,0.32156664,0.023012718,0.4414427,-0.03960678,-0.62022585,-0.5946657,-0.94201374,-0.39563715,0.7925656,0.018871998,-0.17969961,-0.4202738,0.67651343,0.31277847,-0.2548891,0.15189025,0.052624572,0.071239874,-0.15677957,-0.42269382,0.4173294,0.07904342,-0.119919516,-0.54623175,-0.09938494,-0.5674216,-0.12356944,0.30134097,0.21081074,-0.03118811,-0.6596933,-0.12759244,-0.2775343,-0.23382221,-0.75405467,0.1527928,-0.23445308,-0.055242524,0.21883334,-0.14009851,-0.2849163,-0.6018,-0.24837062,-0.34001806,0.3368885,0.51359683,-0.3145408,0.16428447,0.14017867,0.09359342,-0.045698985,-0.4800658,0.1740536,-0.63399893,0.18085082,0.16218099,-0.5046342,-0.011892075,0.022291679
OAS1_0143,-1.5481462,0.39650756,0.7765716,-2.192979,0.27231103,-0.06711987,-0.05023357,-0.35370728,0.9742762,0.22291903,1.4454356,-1.3238266,-0.25198206,-0.71541256,-0.8053738,-0.16252103,-1.234166,-0.17007022,-0.39824098,-0.9981857,0.6260549,-3.6253703e-05,-0.16845496,-0.14566885,0.263211,-0.11189439,-0.19124712,0.4760812,-0.1713926,-0.1535501,0.018845912,-0.0019550528,0.08356735,0.32551613,-0.1138421,0.72073233,-0.87323636,0.08493163,-0.38008568,0.21589981,0.32946247,-0.33004895,0.44353816,0.008028091,0.43743086,0.45153272,0.09485153,0.35120228,-0.3783118,0.6034597,-0.059240796,-0.39013425,-0.2753951,0.099188976,-0.47317895,0.5506787,0.78221875,0.9746591,0.63598204,-0.055817068,-0.3820988,-0.22840263,-0.6548701,-0.4707618,-0.5479255,0.067465596,0.491574,-0.44414562,-0.2057042,-0.46489054,0.44506377,0.032121994,-0.013249321,0.1535862,0.21740898,0.40798765,-0.026693612,-0.19997407,-0.1413204,-0.08528294,-0.274319,0.14800227,-0.24093013,0.21123499,0.41762778,-0.35066503,0.25607723,-0.304381,-0.6719823,0.22719613,-0.32536647,0.18644948,0.37916988,-0.2475814,0.07746172,0.6482024,-0.5141047,-0.18438292,0.42536786,-0.28735605,-0.3260088,0.11137685,0.37268782,0.17770778,-0.20980299,-0.24548055,0.2892126,-0.09856187,0.017806519,0.34454525
OAS1_0144,0.2436866,0.09848601,0.40407625,-1.3761972,0.9715767,-0.8637309,-1.0418876,1.018684,-1.4289218,0.32017788,0.03799788,0.41837603,1.0261747,-0.47132862,-0.021358907,0.5645875,-0.41643393,0.07221915,0.25194284,0.093356125,-0.7692656,-0.56443906,-0.75572264,0.025271272,0.31277478,0.33105126,-0.4537131,-0.43770608,-0.5400224,-0.02329202,-0.10109365,-0.23929656,0.21782589,-0.8630122,0.90757215,-0.08985393,-0.28890413,0.8456987,-0.07071523,0.09120656,-0.0024883682,0.06364002,0.63158876,0.2556668,-0.8981435,-0.17647901,-0.03793397,0.98399115,-0.42763737,-0.27267218,-0.31389964,0.7665868,0.18151508,0.17957821,0.0775518,0.26160607,-0.14434409,-0.6596387,-0.7837459,0.04186203,-0.33716294,-0.32046217,0.6054067,0.21938428,0.17815982,0.5570873,0.14679663,0.01811227,0.17705047,0.653081,-0.09123785,0.06978459,0.32541713,-0.8110361,0.38691714,0.27902344,0.6091984,-0.9977592,0.44473737,0.29066947,0.32706413,-0.2568492,0.52230275,0.045095522,-0.07846235,0.21379644,0.27999485,0.7485954,-0.22465421,0.2817774,0.16573957,0.0010594429,0.2953866,-0.25743037,-0.3624342,-0.08726997,0.076344825,-0.44944006,-0.12829863,-0.035417866,-0.09047192,-0.47577184,0.004604067,-0.45073387,0.033572417,-0.3705376,-0.38243625,-0.41222763,0.015280454,-0.19861506
OAS1_0145,0.2660231,1.0986723,0.5125303,-0.9077439,1.1852983,0.121144645,-0.06397165,0.053852346,0.2575709,-0.17322756,0.42604727,1.2307625,-1.0555598,0.54404384,-0.09662061,1.0143827,-0.13795902,0.6252691,0.33196196,-0.28695068,-0.34453672,0.23020159,0.5597678,0.026119137,0.3402376,0.39453414,-0.45604536,-0.6453159,-0.20785822,-0.122926906,0.2469226,-0.20220046,0.78198856,-0.80876106,0.300289,0.07566882,0.16462174,-0.25613716,0.051414892,-0.47962856,-0.22584629,0.8039676,0.30457908,0.35935882,0.60087514,-0.53930974,1.0795678,-0.53542393,-0.017973062,0.039450716,0.5716758,0.13912195,0.03105356,0.28070366,-0.053766575,-0.038986538,-0.62882245,0.5650104,-0.10174524,0.2375245,0.19534028,0.17023395,-0.0037772167,-0.20341185,-0.07164579,-0.8380919,0.079549454,-0.50411916,-0.28014216,-0.2431896,-0.009346396,0.31380406,0.29827914,-0.5360807,0.18574408,0.67439234,0.678751,-0.60640836,0.5430986,0.25710773,-0.082482934,0.74732906,0.33573678,-0.6854026,0.5766492,-0.72145206,-0.37258074,-0.17059731,0.31880715,-0.15953672,0.5316973,-0.21744837,-0.12200745,0.17272677,0.032646123,-0.060718622,-0.0057862545,-0.34886637,0.26053154,-0.28914946,0.33587772,0.30686834,0.28346318,-0.18099143,0.39296383,-0.0064656506,-0.35504785,0.02446431,0.44529474,-0.64221686
OAS1_0146,-1.629374,-0.06985239,-1.0068655,0.5424318,0.4471993,-0.8655015,-0.69545954,-1.1598374,0.1593193,0.9953317,-0.32934576,0.9137635,-0.11873099,-0.20181401,0.7876853,0.047005888,-0.45293903,-0.64006823,-0.12771852,1.2970186,-0.42246667,-0.0028919072,-0.1711128,-0.5570419,0.47058463,-0.07951692,0.48910263,0.0813518,0.746306,-0.24598004,1.2076038,-0.14473142,-0.26042184,0.24652934,0.13878714,0.025100198,-0.35707584,0.31892192,0.06518199,-0.26537624,-0.36821797,-0.27603766,-0.24565801,-0.010743315,0.13487437,-0.018696243,0.51339966,0.2138581,-0.037047513,0.021980751,0.576719,0.19420327,-0.14460365,0.41281617,0.55037045,-0.3535822,0.09109651,0.5791378,-0.073905274,0.4366296,0.23766826,0.19578545,-0.10941247,-0.68430287,0.05618597,0.48014292,0.12364401,0.1900617,0.16733299,0.11560321,0.03486969,0.33674875,0.14542167,-0.40714094,-0.25821507,0.015537587,-0.24944305,-0.06768503,-0.029329281,-0.0028280565,0.04337269,-0.2788822,-0.25556958,0.21677129,0.054650582,-0.035495292,0.33581004,0.107293196,0.26754892,-0.034410022,-0.36518484,0.6948204,-0.5756952,-0.34289604,-0.19369103,0.27269974,-0.42199528,0.7387653,-0.15779239,0.56777257,0.033703428,0.07048181,-0.4511158,0.03663571,-0.039760344,0.16761185,0.45290756,0.38400128,-0.6327864,-0.18356678
OAS1_0147,0.5973576,-1.1079488,-0.74657583,-1.0474913,0.39587414,0.27687714,1.3212287,-0.20622052,-0.27424282,-0.40729707,-0.51190287,-0.26863438,-0.4359218,0.35466456,-0.23063195,0.059809677,-0.056740925,-0.25944844,0.5762199,0.84953046,-0.0625751,-0.45318863,1.1697308,0.3024402,-0.080714725,-0.6847277,-0.5299769,0.25590283,0.18045785,0.5870572,-0.1384173,-0.2217017,0.35991624,0.32155874,-0.123049885,-0.21909016,-0.32652873,0.99978524,-0.0022874598,0.19080079,-0.49593368,-0.056594547,-0.08872823,-0.18438692,0.27649847,-0.060854044,-0.6426844,0.24420686,-1.5225041,-0.15450849,-0.13934433,-0.064336725,-0.20143221,0.7184963,0.7267377,0.5416366,0.3492051,0.25565183,-0.0040807026,0.15857227,-0.096808344,0.18917856,0.23054379,-0.34324628,0.68757206,-0.0105360905,0.2145599,0.143803,-0.36144868,0.20617938,-0.33272415,-0.5525689,-0.15527868,-0.29176077,-0.07179016,-0.6486948,-0.83377445,0.065445706,0.120158285,-0.31832653,0.7628876,0.32072926,0.036089372,-0.38530573,0.6857339,0.37961468,-0.086174,-0.16705862,-0.40204048,-0.3208536,0.38265306,-0.39148295,-0.6324073,0.14959492,-0.35921016,0.21758717,-0.0399418,0.44032454,-0.008043084,0.3299239,-0.5501353,0.121461205,0.26672313,-0.18470527,0.31123173,-0.4037804,-0.03566629,-0.46054092,0.041235983,-0.44281104
OAS1_0148,-0.67795205,-2.3663938,4.4123106,-0.5730574,-0.06660336,-1.1089506,0.84881115,0.48813048,-0.9255027,0.29515427,-1.0414854,-0.0065616244,-0.5242053,-0.19217627,-0.20287557,-0.14609143,0.17486626,0.02814127,0.11487307,-0.6224198,0.30975056,-0.16437748,-0.1223857,-0.30037022,0.1621252,0.37819663,0.20019212,0.09106221,-0.20728518,0.043355316,0.13834937,0.45153236,-0.12766105,0.2617462,-0.10537837,0.25386608,-0.05095464,-0.56546396,0.53844184,-0.27797335,0.30668595,0.752979,0.12481185,0.05962768,0.038780667,-0.16838136,0.009625369,0.027727073,0.136524,0.44437978,-0.20421611,0.062269136,0.07190947,-0.16531304,-0.30362704,-0.052371267,-0.73784125,-0.46045223,0.25422728,-0.115787655,0.50261414,-0.09537464,0.15300612,0.40266764,-0.016574612,0.18526971,-0.52140725,-0.3064466,-0.34248912,0.16291574,0.5011825,-0.0108545525,-0.316586,-0.015291834,0.040911753,-0.5572924,0.022186788,-0.58140665,0.1941191,-0.32106796,0.293182,-0.19253759,-0.47090685,-0.08865658,0.13299647,-0.14018919,-0.31689906,-0.55334204,0.09701947,0.12986399,-0.24720028,0.29364428,0.51954967,-0.21026675,0.28209472,0.37852234,-0.09932849,0.26055035,0.053306468,0.18126808,-0.49635884,-0.20033185,-0.1276962,-0.503015,-0.12400375,-0.14285566,0.2490997,-0.2424912,0.33741003,0.23210043
OAS1_0150,1.3896406,-1.2256416,-0.45251107,-0.9402238,1.3645612,-1.5177755,-0.7135242,0.4143234,0.47146878,0.12914933,-0.75430167,-0.06347243,0.1974628,-0.9120848,0.073587805,-0.33849567,0.45506206,0.22568296,-0.8237001,0.37335023,0.043862563,0.014669413,0.43318674,0.20792852,-0.9781921,-0.07852147,0.7335499,0.45137516,0.36753848,0.305109,0.00017873227,-0.37745216,0.40722275,0.4388219,0.6017643,0.060724042,-0.3742575,-0.34468427,-0.12301936,0.14491221,0.680368,0.07179218,-0.33074448,0.09352078,0.07861904,-0.4138373,-0.39818037,0.34549087,-0.22315906,0.14667101,0.44118077,-0.33658233,0.2355197,-0.62925667,-0.46527842,0.62073267,0.33666238,0.07164966,0.29044345,-0.016636897,0.58827007,0.29602557,0.15502952,-0.4943113,-0.33836237,0.15185378,-0.040567055,0.5718181,-0.19184878,-0.13894445,-0.23494308,0.18783085,-0.30900854,0.059400998,-0.12465212,0.18930076,-0.037089474,0.3654959,0.09601584,-0.21521208,0.18055674,0.67592573,-0.3677707,-0.36782485,0.24360412,-0.10889787,0.23539108,-0.08509439,-0.16087626,0.34400496,0.34197766,0.029519318,-0.04989789,-0.103564665,-0.13134655,0.100605205,-0.82194126,0.35297683,0.19239266,-0.36921546,0.06935069,-0.2988809,0.036259416,-0.12791292,0.21934864,0.2774636,0.16594571,-0.5468698,-0.01649463,-0.4163079
OAS1_0151,1.9041997,-1.1399475,-0.6102508,-0.17589343,-0.0101687405,-0.16478373,-0.105517544,-0.6371192,-0.42786735,-0.49295542,0.33050692,-0.5958814,-0.075151585,-0.51094544,-0.3711861,0.042335786,-0.068161964,-0.5608355,0.04396246,-0.19049466,-0.19070396,-0.21294102,-0.46710184,-0.21151769,0.4091183,-0.032783397,-0.26737645,-0.73959416,0.053309377,1.2677808,0.030222641,0.16397256,-0.3901682,-0.1006457,0.41597378,0.0743722,0.950559,0.61252046,-0.52101606,-0.25792763,-0.14602625,-0.1993058,-0.12522578,-0.16631487,-0.25910795,0.16242659,-0.05672021,-0.5538879,-0.03556251,-0.30043316,0.62789506,0.2150803,-0.4088358,0.03345528,-0.19458346,0.86733127,-0.42612895,0.18078785,-0.6918835,0.62005246,0.27794862,-0.71827734,0.14661111,-0.22578175,0.054272916,0.007568551,-0.48794493,0.33238465,0.15338169,0.39098433,-0.093819536,0.47228885,-0.15213917,0.0632667,-0.49591744,-0.82984096,0.3261529,0.40784752,-0.0769173,-0.40095454,-0.24200925,0.35800382,0.13937162,0.18384254,0.48096246,0.16979448,-0.3473026,0.08011075,0.16740254,0.37111247,0.19807701,-0.15960017,0.24850671,-0.064231694,0.2647096,0.28140748,-0.3577399,0.6250383,0.026130961,0.017413307,-0.78562135,-0.011075618,0.3798176,-0.3150922,-0.2740788,-0.12516077,-0.0088482555,0.16022134,-0.07218539,-0.07092876
OAS1_0152,1.3120313,0.024275042,-0.5647116,0.21447219,-0.8373273,-0.32208136,0.24376689,0.1663593,-0.84323883,-0.03170686,0.4053213,0.4906315,-0.08693701,1.0435143,-0.04384426,-0.012877199,-0.7955851,0.5811156,0.090235636,-0.13894312,-0.11566073,-0.41196766,-0.013389888,0.27592415,0.5469213,0.15852958,0.046235774,-0.42668614,0.2915963,0.30639824,-0.30930385,-0.2788647,-0.055675026,0.32948372,-0.05585966,0.85856986,-0.10480878,-0.03127258,0.018476179,-0.31769893,-0.54477865,-0.24074784,-0.31273073,-0.28253016,0.28852934,0.03636326,-0.6418171,-0.14371248,-0.3093572,0.31071112,-0.24328071,-0.07961625,0.12714513,-0.013804542,0.4899438,-0.15902598,0.14705299,-0.34707898,0.077746876,-0.43735734,0.6583051,-0.20407368,0.056376327,-0.36587575,0.34813002,-0.29486707,0.27149042,0.017277153,-0.17766188,-0.34722242,-0.08279977,0.26978958,0.4863113,0.37271386,0.2523206,0.6243292,-0.15954687,-0.006947484,0.21516962,0.22165826,0.106164806,-0.13023326,-0.14007434,0.21538824,-0.7205307,-0.25749686,-0.3180557,0.47541344,-0.15949073,-0.12673965,0.065974735,-0.097999334,-1.0042211,0.26520383,-0.1310971,0.40650773,0.038103625,0.10950778,0.71870154,-0.30564636,0.33317047,-0.12227111,-0.22443385,0.012829794,-0.2256275,0.26535,0.13582271,0.4459424,0.39940792,-0.3068331
OAS1_0153,0.67464393,0.8170503,0.7907356,-0.63783115,-0.19425645,-0.89656365,-1.0568665,0.63499546,-1.007002,0.23972133,-0.15379927,0.52755797,1.5663834,0.24798624,0.41781163,0.759797,-0.55212533,0.27385175,-0.04119029,-0.62919253,-0.5382352,-0.42805323,-0.09079581,0.12886882,0.001900745,-0.21271123,-0.26014307,0.21839741,-0.8662416,0.2714057,0.3812622,-0.9744018,0.08095114,-0.7157161,1.0018269,-0.12613729,-0.36982915,0.30228475,-0.7062331,0.13649169,-0.10730577,-0.33386675,-0.083345614,0.24420269,-0.42181805,0.4854524,0.27176753,0.3303358,-0.20632917,-0.26099515,-0.87977767,0.23018962,0.20852306,0.17322916,0.3244319,-0.12752889,-0.34136653,-0.50868165,-0.543566,-0.48349705,-0.76796144,0.12022475,-0.22241865,-0.4751385,-0.13134319,-0.50633097,-0.4984873,0.3728422,0.30497232,0.089890726,0.73953813,0.45114204,-0.67120385,-0.38209334,0.4497959,-0.61468107,0.051991027,-0.28289795,0.6782229,-0.17699479,-0.48778337,-0.5553308,-0.06946681,-0.15670104,0.26219752,0.045537546,-0.2513562,0.42200956,0.282649,0.3666749,0.38190576,0.124072984,0.032582298,-0.682111,0.48786595,-0.37515903,0.2630534,0.23984498,-0.41246507,0.099029735,-0.36302167,-0.042114165,0.08709023,0.08948568,-0.5816986,0.15746309,0.001740867,-0.27966812,-0.14630282,-0.29355508
OAS1_0155,0.0044639353,1.0940984,-0.8047404,1.2134515,-1.3903439,0.07809694,0.07166428,-0.3752365,0.2439032,-0.42054293,0.37172854,0.29262856,-0.6045122,-0.18463336,0.2490595,-0.089652725,-0.22473288,0.059193287,0.28386214,0.14518654,0.36284733,0.007095716,-0.41562515,0.06193464,0.35704523,-0.23706049,0.34509212,0.87796706,-0.3047207,0.23181252,0.4417865,-0.73776084,-0.6866069,0.23984818,0.19307564,0.24124472,0.002175824,0.6537389,0.19366379,0.1950037,0.22034858,0.38880867,0.5608958,-0.09449636,0.6022718,0.35881197,0.25031978,-0.09678513,0.23536389,-0.23720177,-0.46368715,-0.40366858,0.2282786,-0.47068694,-0.1228163,-0.13019876,-0.14532287,-0.33403397,0.04464373,-0.46283245,0.0017981286,-0.037945375,-0.101714626,-0.18334867,0.4460832,0.17064282,-0.05595371,0.0148221,-0.39493597,0.2876722,0.012530406,0.2526109,-0.5887012,-0.47064358,-0.12501013,-0.054800965,-0.35667494,-0.3861556,-0.14826196,0.8404271,-0.32152006,-0.04612176,-0.035857737,0.22385214,-0.06040091,-0.08436824,-0.18594834,-0.19625844,0.09327239,-0.085195154,-0.023208225,-0.7767106,0.111502916,0.2631168,0.5395907,0.3512919,-0.45228574,0.3306198,0.06751623,-0.09405972,0.21527521,0.2043435,-0.54398906,-0.06675215,0.0083531365,0.16008088,0.10651677,0.15206774,0.61127716,0.019981287
OAS1_0156,0.77680033,-0.54327077,-0.6400943,-1.4507787,0.38996953,-2.104388,0.8779034,-0.060341533,0.25523406,-0.008538226,-0.25437143,0.22930732,-0.12394353,-0.265882,0.0014484068,0.4474265,0.38101968,-0.6110442,-0.7728023,0.034669593,0.3176443,0.86429876,-0.4358736,-0.15414366,-0.53393865,0.36987138,-0.5742395,0.22150695,-0.58690137,-0.2536951,0.3313234,-1.381859,-0.35667965,0.548443,0.24231495,0.31720188,0.4062713,-0.13218907,1.0620786,-0.2874659,-0.2681871,0.012384716,0.011016321,-0.03545354,-0.3074688,0.030754328,0.2782504,0.23855866,0.5709468,0.555449,-0.3905561,-0.70398974,-0.1812696,-0.13932924,0.26052818,0.31592998,-0.16831575,0.014793902,0.4496551,0.17688793,0.7045276,0.3935774,0.35151765,0.4781511,-0.41434744,0.45348907,0.33265838,0.163608,0.2040748,-0.22599728,-0.007470764,-0.08478411,-0.3477322,-0.17677411,-0.4680122,0.46233425,-0.36227018,0.018740091,-0.20099327,0.4498323,0.34277612,-0.042755324,-0.2093594,0.9143501,-0.12337738,0.31323627,-0.029372022,-0.481287,-0.10732251,-0.019701563,0.22634976,0.315656,-0.24608587,-0.15457445,0.3030624,-0.4375805,0.15836962,0.113130815,-0.11765703,0.29274905,-0.06255515,0.40319934,-0.26729786,-0.029251816,0.0735568,-0.41536668,-0.005792082,-0.4722291,-0.08532487,-0.017745705
OAS1_0157,0.58532447,1.1463289,1.1819266,1.5304259,1.2788609,1.0782485,-1.0862606,-0.09560844,0.6846375,0.50089866,-0.3253757,0.29893336,-0.4499021,-0.80195504,0.3905801,0.22919907,-0.6911163,0.15108232,-0.50610363,0.6169378,0.44901147,-0.5382499,0.4195898,0.9704665,-0.29449463,-0.6295714,-0.32362148,-0.013888713,0.5416428,0.46848056,-0.009990691,1.3412067,-0.11376471,-0.2616769,-0.37445918,-0.19570802,-0.40337428,-0.40233657,-0.6106175,0.048883762,-0.27176782,-0.833164,0.29415298,0.5212615,-0.65278053,-0.20483993,0.16951771,0.57265645,-0.099977955,0.22845204,-0.48257342,0.08161127,-0.23886949,0.39896747,-0.15804875,0.4761077,-0.5287155,0.39988112,0.50320035,-0.66325665,0.46474314,0.013619389,0.18438137,-0.273592,0.03736216,0.4880389,-0.49003986,-0.18077879,-0.5893658,-0.25851724,-0.103733756,-0.19127393,-0.5672058,0.09031695,-0.06540097,0.077713214,-0.7571296,-0.44906643,0.3667169,-0.019184196,0.31927928,0.00065820594,-0.8319855,0.15113787,-0.5985531,-0.43600255,-0.10194686,-0.025120607,-0.10541827,-0.4520038,-0.6669026,-0.62182266,-0.355223,-0.2496296,-0.005266234,0.15396285,0.5879801,-0.02945999,0.06439763,0.07752341,0.13188225,0.07696165,-0.138316,-0.05853349,0.029844865,-0.23021032,-0.3656261,-0.07269194,-0.4399474,0.22256352
OAS1_0158,-2.328082,0.50457746,-0.44081208,-1.2036351,0.6993621,-1.2707387,-1.8565167,0.7018465,-0.63173497,0.38009366,0.29239392,0.06996238,0.2560514,0.029753651,0.21197346,0.066615514,0.1949316,-0.72872525,0.21260913,0.06409755,-0.41100496,0.22523335,0.041058227,-0.23009934,-0.5675976,-0.23936427,0.65750605,-0.15401481,0.3536108,0.09290389,0.08654295,-0.22680391,-0.13652618,0.3745742,-0.21988666,-0.071906626,0.69791573,0.13672316,0.26195073,0.19527522,-0.13045985,0.21614146,0.42344016,0.21337304,0.0063089537,0.5298251,-0.1308185,-0.08329439,-0.5807623,-0.33396518,0.49170664,-0.17012289,0.1432167,-0.273379,1.0212587,0.41413304,0.26151454,-0.16789137,-0.6989934,0.20444159,0.30722573,0.41174215,0.1157324,1.3647304,-0.14164402,-0.23896873,0.80225754,0.15292521,-0.385643,-0.0987454,1.1039635,0.1825018,-0.58331895,0.45564955,-0.011559939,-0.05909222,-0.7479889,-0.6160327,0.07234991,0.36988553,-0.25427154,-0.5667988,0.03004661,0.23145217,-0.20970882,0.019339977,0.18118262,0.40380886,0.0008449352,-0.6041979,-0.21190943,-0.65688777,0.43774137,0.1849563,0.089628026,-0.38840333,-0.4405292,-0.0820062,0.11229096,-0.16170052,0.35610473,-0.028117487,0.002503044,0.069366924,0.43196186,-0.32034737,-0.47350863,0.5703985,-0.47202992,0.25831094
OAS1_0159,1.3777766,-0.17264628,0.29012418,0.3535442,0.97821337,0.86212367,-1.0207776,-0.03159085,-0.068402715,-0.4244131,0.8000623,-0.70714396,-0.30825773,1.1361504,0.24186908,0.995423,0.32315433,-0.11428134,-0.588503,-0.5456322,-0.16617058,-0.37512377,-0.6992452,0.17034625,0.29948214,-0.69862586,-0.05293442,-0.35375285,-0.23056036,0.45506677,0.51772517,0.2231505,-0.37326786,-0.3714987,-0.67795694,-0.70506406,0.56675214,-0.13138534,-0.5607886,0.6858973,0.16040668,-0.27377227,-0.4268932,0.3271062,0.032754734,-0.7031317,0.022996962,-0.22488974,0.3265824,-0.19218029,0.22271419,-0.26909795,0.26649058,0.36949456,0.123169936,-0.10664804,0.51438695,-0.1714495,-0.8080139,0.3987905,-0.279594,0.8459009,-0.43352687,-0.20604365,0.19449751,0.4678026,-0.3014962,-0.07186447,0.02195925,0.27581826,-0.061965723,-0.08617018,-0.41111165,-0.22190009,-0.079391524,-0.20960794,0.6006407,0.1896435,-0.065852515,0.71671796,0.21060234,-0.36950722,-0.18078972,-0.44414765,0.9488026,0.4899739,-0.23169732,-0.014525237,-0.29656687,0.3432077,0.26603714,0.3588298,-0.41891515,-0.234108,-0.5100443,-0.20087218,-0.19539626,-0.28964177,0.08355457,-0.031339787,0.029394632,0.2524556,-0.47463223,-0.15991339,-0.2888825,0.19914773,0.27936605,0.4101033,-0.10871164,-0.0010730568
OAS1_0160,-1.3296599,0.73065436,0.13716845,-1.5416694,-0.5354579,-0.9662698,-1.8302661,0.50095904,-0.2936576,0.89106166,0.62802595,0.41885564,-0.6299521,-0.7017563,-0.04802701,-0.08528645,-0.15877512,-0.57932365,-0.28908908,-0.10072542,-0.035588942,1.2017026,-0.07596917,0.2463288,-0.82033443,-1.7111416,-0.08338515,0.23706661,-0.23685147,0.086537115,0.0009149736,-0.046267398,0.12593341,0.65433306,1.1515672,0.7870835,0.7952299,-0.07039738,0.23181863,-0.08385865,0.20266597,0.45506904,0.4740797,-0.18063422,-0.13900942,0.54353344,-0.5406312,-0.4126076,-0.3428993,-0.6551021,-0.08009103,-0.16513757,0.4009021,0.17536867,-0.33292502,-0.90884835,0.5158673,0.11409631,-0.522058,-0.11694073,-0.008341691,-0.08720087,-0.63856906,0.14410385,0.023590187,-0.16452204,-0.553296,0.8217917,-0.29698485,0.028180275,-0.39655593,0.11338239,-0.2308143,0.61912364,0.3639863,0.16458344,-0.11592288,0.097361125,-0.22283094,0.6335973,-0.13786857,-0.56910646,-0.720738,-0.055460956,0.1262463,-0.72073364,-0.0060167364,0.7876493,-0.08785708,0.17145628,0.1241616,0.4163923,-0.37270856,0.5248495,-0.036047053,-0.02150133,0.46560067,0.17828783,-0.63243425,0.193425,0.17721303,0.07637692,-0.16809574,-0.7890754,0.16842431,0.110749334,-0.030063732,-0.08987748,0.13008049,-0.13040777
OAS1_0161,-0.4915282,-1.4442363,0.01859911,1.9304383,-0.22751531,0.30678537,-0.5272146,0.50690633,1.3260089,0.57943714,0.12929775,0.10720586,0.9864101,-0.35067067,-0.28268504,0.5462078,-0.18387955,0.13411927,0.23516674,0.13865872,0.5757549,0.8940475,-0.6168396,0.36537567,0.8483245,0.34885994,0.22409618,0.032614816,-0.2860813,-0.36362073,-0.19124623,-0.14909768,0.04800425,-0.29486963,-0.41813642,0.63111335,-0.474318,-0.07363095,0.95794445,-0.89384204,0.20568569,-0.22143479,-0.18095209,-0.33566794,-0.12115116,0.16236007,0.24091142,-0.4059947,-0.014613478,-0.4824024,-0.18868104,-0.11781221,0.8454877,0.25998563,-0.24907206,0.015955046,0.042500056,0.29808813,-0.5918175,-0.15861945,-0.28977787,-0.23944415,-0.79135114,-0.08312919,-0.5887839,0.16553013,-0.25225255,-0.5235323,0.29186267,-0.49549457,-0.15166087,-0.13391331,-0.0062284516,0.090647124,0.023493819,-0.18265325,0.03848204,0.34074035,0.509999,0.03134777,-0.052063156,-0.26672497,-0.47026077,-0.5792865,-0.03157497,0.30381063,0.5695184,0.12266488,0.6305684,-0.015358557,0.11027881,0.17962596,-0.20257123,0.11737776,0.17616911,0.5607336,0.19576293,0.13194717,0.47124302,-0.12725191,-0.60695744,-0.5391149,0.45534286,-0.59247833,-0.018370567,0.090734884,-0.13600409,-0.014692903,0.07352528,0.61500263
OAS1_0162,2.2815661,2.224676,1.1770544,0.712163,0.28559908,0.26199186,-0.49156326,0.4421462,-0.77953285,-0.46967953,0.3766562,-1.3275267,0.25123805,-0.34974498,0.16305238,-0.8946547,1.0151497,-0.36953947,0.084785484,0.86464953,0.044601277,-0.16970061,-0.48726618,-0.015405281,0.6553376,0.15712135,0.14719076,-0.76954716,0.79379225,-0.6347272,0.3111481,-0.29935166,-0.0720847,-0.2349743,-0.32827336,0.04562513,-0.35867363,-0.03585914,0.37805638,0.3461658,-0.23690958,-0.4441146,-0.2885338,-0.2119338,0.22795154,0.12342829,-0.26853916,-0.8278427,-1.2288222,0.24517028,0.41420332,-0.5267268,0.35982868,-0.53308266,0.08100138,-0.15975831,-0.41250336,-0.3625119,0.15838173,-0.5938296,-0.48341787,0.17834659,-0.31178442,-0.47007778,-0.023268433,0.027194072,-0.18694301,0.24390867,-0.16857971,0.046703964,0.33409643,-0.20317313,-0.609422,-0.30379558,-0.17298535,-0.22764826,0.020979606,0.70957303,-0.47240257,-0.12780684,-0.36732796,0.18435994,0.22909915,-0.14158979,-0.19107434,0.12794071,0.4289826,0.07230227,0.029974248,0.34198642,0.076700926,0.13465083,0.80833423,-0.16423301,-0.17013264,-0.36412624,-0.08978976,-0.6869235,-0.2741078,0.42864996,-0.36936495,-0.18474574,0.12271027,0.2744859,-0.27800062,-0.04645294,0.43769443,-0.009705834,0.029794468,0.112807125
OAS1_0163,0.95275575,-1.2338632,-0.9173369,-0.4919791,-0.42700097,-0.34481534,0.74784446,0.58713675,-0.3199666,-0.5439296,0.11681525,0.22107919,-0.24031991,1.2135807,0.05174534,-0.46612388,-0.537559,0.39455324,0.49475747,-0.50446516,0.34492266,-0.034722418,0.6039624,-0.16991876,0.31706434,-0.08662038,-0.22560434,0.2238915,0.32217225,0.04715985,-1.0706019,-0.65628344,0.53600436,0.35102218,0.08387204,-0.3403194,-0.5250377,0.10255967,0.2999049,-0.10956437,-0.29681846,0.0025721835,-0.031170765,-0.45860207,0.5424126,-0.3198477,0.2731783,0.34344932,-0.24668379,0.49578598,-0.8707927,0.4589072,0.253092,-0.55543363,0.16473924,-0.10721058,-0.18762802,0.2974639,-0.9405295,-0.054193553,-0.082463525,0.23168455,-0.0852221,0.32059914,-0.59763753,-0.32248884,0.15989009,-0.20411843,-0.74031234,0.42648396,-0.35168946,-0.31538275,-0.5626585,-0.15929483,0.27053776,0.29065672,-0.08995793,0.70423245,-0.19165485,-0.3529586,0.7569414,-0.29405063,0.099461555,-0.41809595,-0.042283215,0.1486441,-0.09576289,-0.22131038,-0.16285136,0.10818096,0.026162064,0.43114358,-0.064728804,-0.27611092,0.09268899,-0.058273163,-0.006288978,0.4049682,-0.16047081,0.47997808,0.5490849,-0.12924303,0.5048984,0.0216753,0.10280708,0.06092756,0.27568087,0.17150658,-0.08079955,-0.041720815
OAS1_0164,-1.420096,-1.9445393,0.532381,1.1614542,0.32610354,1.1855348,-0.6488146,0.23203376,0.8257274,-0.34159562,-0.38586697,0.09536427,0.32130793,0.23431414,-0.7551737,0.56512517,-0.3361803,-0.32208976,0.60101146,-0.33904898,0.3088951,0.55066067,0.021659128,-0.5133739,-0.50542873,0.25341457,-0.21215227,-0.26625094,0.31412324,-0.8684955,-0.8722821,-0.16361716,0.5115509,-0.5776561,-0.2830251,0.603001,1.3767987,-0.64100784,0.075564176,-0.053100962,-0.34286636,-0.30091015,-0.38524207,-0.8152623,0.23993546,0.29213327,-0.7775705,-0.13284345,-0.31811753,-0.081792794,-0.14774236,0.43003416,0.09062334,-0.10556734,0.71238357,-0.11724961,0.6325374,0.8871067,0.096830085,0.00046171967,-0.24212432,-0.038130827,0.42872936,0.2869718,0.01053433,-0.4150595,-0.543887,-0.10852269,1.3269374,-0.3239856,-0.05383497,0.85125256,-0.38884464,0.21363303,-0.19772428,-0.7245396,-0.14107054,-0.49417844,-0.09835196,-0.18322818,-0.27430212,0.39826712,0.46003854,0.1643984,-0.35822126,0.5262499,-0.1780263,0.57204205,0.2972895,0.20236488,0.064144745,-0.30414847,-0.41847888,-0.3675566,0.15196496,0.33273393,-0.24567671,0.39528206,-0.13327193,0.12311002,-0.09429921,-0.5301068,-0.19333485,0.267718,0.24548583,0.24244708,0.027678667,-0.6342079,0.38914493,0.012160436
OAS1_0165,0.73392016,1.1421841,0.028482616,-0.09206446,0.3819319,-1.9539182,-0.4282854,-0.103942834,0.6852599,0.13214438,0.1527112,0.1288999,-0.07620523,0.5534304,0.097108275,0.3562984,0.6205442,0.47362256,-0.82104474,-0.7497706,0.10909831,-0.3016476,0.06555784,-0.7880876,0.103396885,-0.2232036,-0.5191483,-0.44615602,-0.8124562,-0.56911534,-0.021589011,-0.5900599,0.17401463,0.24141863,-0.31770292,0.08369445,0.19869809,0.6207135,0.3307689,-0.18998925,-0.6633331,-0.9584964,-0.25035298,-0.92738795,-0.22007856,1.1888828,-0.29060632,0.18372688,-0.3500078,-0.1577125,0.2645467,-0.28241304,-0.38065815,0.84762967,0.54836386,-0.63007057,0.26857695,0.11728975,-0.06520557,-0.26781008,0.68704623,-0.47264352,-0.46165282,-0.27430627,0.43349034,0.18029794,0.05974157,0.08038525,-0.17558783,-0.08028606,0.22372663,0.15252627,0.22140403,-0.66664743,-0.02196505,0.122958675,-0.0061052293,-0.18762352,-0.061984196,-0.15440163,-0.17945638,0.14844234,-0.5437489,-0.11865796,0.14785726,-0.30479196,0.36418775,0.10797675,-0.53972733,0.16538407,0.13739589,0.021490544,-0.15865785,-0.009805978,-0.23434138,0.5641289,-0.3404387,0.18274635,-0.07761725,0.26699844,0.25129357,-0.43459573,0.35972098,0.19118685,-0.18508923,0.5592496,-0.38990375,0.19154969,-0.030740412,-0.10256838
OAS1_0166,-0.8317155,-0.18516304,-0.12883621,1.0829378,0.0029699246,-0.69096303,-0.28840283,0.026548766,1.1787753,-0.2566487,-0.2549641,1.2386826,0.57543075,-1.0904055,-0.00801621,0.1250176,-0.6284146,-0.207748,0.09457753,-0.14000717,-0.12130378,0.39877522,0.15519646,-0.041332595,0.075630955,0.45442683,-0.65155673,-0.2797806,0.52071744,-0.054522708,-0.0035478936,0.6920101,0.004366536,-0.045435295,-1.3633547,-0.041755155,0.14767753,0.41533712,0.050470453,-0.7769946,0.18483157,-0.60589975,0.3849549,0.32747167,-0.103520274,0.37291485,0.5002388,-0.052090764,-0.34106383,-0.14578448,0.5479209,-0.051704615,0.8682401,0.12837195,-0.10773525,-0.084873915,0.5397515,-1.1750101,-0.39415243,-0.7925239,-0.036327202,-0.697411,-0.9125388,0.08596212,0.23417655,0.23961115,-0.1511096,-0.5679962,-0.2856827,0.16940008,-0.63860697,0.015213222,0.041521434,0.2537062,-0.04635168,-0.1708781,0.08485255,-0.11665261,0.054195356,0.67489004,0.32954565,0.38193196,-0.52631795,0.3401686,-0.6392995,0.38474151,-0.21253975,-0.9475313,0.51431954,0.32076725,0.28654683,-0.25312486,0.22313768,-0.7592831,0.09433226,0.23957074,0.023450628,-0.31738037,-0.36657724,-0.003827277,-0.45067403,-0.20597401,0.107126,-0.56527305,0.06739409,-0.12182416,-0.13580325,-0.0107994545,0.1113524,-0.11872928
OAS1_0167,2.604493,2.2597206,0.9378556,0.3389553,0.6719427,-0.23472524,0.37725788,0.2572207,0.23371023,-0.3603739,-0.030685363,-0.7591321,0.7513494,-0.4948737,-0.40129253,-0.75789726,-0.04797905,-0.18662265,0.8956279,0.83628416,-1.3579711,0.23134069,-0.37261507,-0.5535986,0.49144354,-0.19885549,0.060423214,-0.4726303,0.475664,0.49748266,-0.20311241,-0.09531462,0.3984418,-0.39497504,-0.13635625,-0.16775663,0.5607885,-0.3805774,0.018161362,0.6531173,0.04338378,0.017625948,-0.017511502,0.24423327,0.7213926,-0.020023596,0.28708225,0.109891586,-0.052621514,-0.09632152,-0.1008232,-0.3092214,-0.47664893,0.5971261,0.2992254,-0.4012773,-0.37137046,0.042329602,0.15502194,-0.0080399085,0.9824869,-0.020557664,0.22629568,0.17237884,-0.018144062,-0.39140752,0.14683667,-0.03626391,0.3622424,-0.08605087,0.37184888,-0.2713863,0.32059738,0.3844898,-0.159876,-0.4589207,0.21979034,0.15530033,0.44462562,-0.05850802,-0.08262623,-0.06511104,-0.46735463,-0.022158833,-0.03187623,-0.33663008,0.55450296,-0.0034501497,-0.39380556,0.027477901,0.27818152,-0.32022855,-0.37712756,-0.1706333,-0.09325171,-0.15592556,-0.17275384,0.18646821,0.20490025,-0.026399352,-0.27451822,-0.10743872,0.37551397,0.16241385,-0.30652514,-0.43116444,0.1926406,0.44137755,0.31741327,-0.01882524
OAS1_0168,1.0957186,-0.59665394,-0.9874471,-0.012891026,-0.6831346,-0.64962983,0.36106765,-0.21427394,0.27885783,0.1690528,0.8316877,-0.08827671,-0.9140211,0.049973704,-1.4641162,0.7043362,0.036531594,0.08982195,-0.17080124,0.07891149,0.11760806,0.7020293,-0.118515424,-0.6027074,-0.23795995,-0.3011649,-0.39109537,-0.20152467,-0.044020973,-0.4948774,0.010368879,0.28969142,-0.6401561,0.15033677,0.3464969,-0.2860219,0.023729458,0.23695883,-0.0074910214,-0.38958007,-0.27113098,0.06961829,0.5237892,0.3433098,0.3391383,0.3366162,0.117078476,-0.29506955,0.43912032,0.3486835,0.27055344,1.3571194,-0.11099238,0.31838694,0.45709082,0.3803856,-0.21751499,0.12471571,-0.20025216,0.03300538,-0.11532354,0.470994,-0.39177448,0.42263433,0.52533466,0.37660766,-0.24258709,-0.1760583,0.84516174,0.18995574,0.05375224,0.81350315,0.260011,-0.09548193,-0.30199468,0.16736746,0.7259493,0.54191947,-0.13255292,-0.85002667,-0.2596263,-0.29398683,-0.35080934,-0.47736335,-0.06441284,-0.00496952,-0.19208121,-0.5076258,-0.17135803,-0.49979714,0.6389478,-0.47681764,0.012791425,0.029884677,-0.14449331,-0.6534038,-0.1285343,-0.10122674,-0.12520337,0.12247193,0.2381287,-0.24588685,0.053740133,0.0027617621,-0.12346815,-0.011480507,0.20081927,0.18041693,-0.035654683,0.26192942
OAS1_0169,-2.125298,0.24110578,-1.7454545,0.5717764,1.6358789,1.1912638,0.7739257,0.544549,-1.1724296,0.049239732,-0.6900351,0.14432512,-0.024031566,0.34372994,-0.79751205,-1.3804716,0.65541846,0.31722784,-0.57416624,1.839171e-05,0.11107559,0.5197082,-0.51586854,-0.28273132,-0.12054254,0.1829798,0.70062673,-0.10041524,-0.7062771,-0.22217071,-0.4811076,-0.56758195,-0.47907957,-0.10351679,-0.3580392,-0.3736799,0.041949775,-0.10993039,0.506457,-0.25304595,0.8118114,-0.35382485,-0.01690751,0.26450413,-0.23618245,0.12329903,-0.49225995,-0.3781841,-0.080238044,0.06786862,0.004279254,0.2636189,-0.4020004,0.0319074,-0.6871601,0.074186794,-0.06780333,0.3712924,0.58160794,-0.31178483,1.0540264,-0.6164509,0.87171847,0.4771856,0.11183527,0.1251405,0.26369247,0.10655617,0.039925687,0.147448,0.365914,0.24937667,-0.19325325,0.2580779,0.27596056,-0.6671721,-0.08871103,0.055408135,-0.5347647,0.046422493,1.0369148,-0.06329255,0.2304469,0.33622873,-0.09834304,-0.33249325,0.39260033,0.058035653,0.35947728,0.23100394,0.6354525,-0.16905259,-0.00362015,-0.045395836,-0.08684835,-0.08083947,-0.029326094,-0.17281686,0.26685202,0.17316593,0.2950599,0.1016685,-0.06264916,-0.4187619,0.111507095,0.6063733,0.4521217,0.47129896,-0.66052663,-0.14568494
OAS1_0170,-1.3607432,0.95615864,-0.8880943,0.4425906,0.9962491,0.6051238,0.063288264,-0.7360721,-0.86481714,-0.470667,-0.25277314,0.19449963,-0.6315633,0.110458046,-0.5103188,-0.10103314,0.2605642,-0.034820158,-0.34328744,-0.51360404,0.8575023,-0.09113021,-0.10324768,0.31362614,-0.97163975,-0.29688758,0.7577617,-0.11659351,-0.16108087,0.109196514,-0.23003797,-0.078755036,-0.055693906,-0.13610606,0.34074694,0.21246189,0.83876354,-0.6657357,-0.40978456,0.14553685,0.29104793,-0.015372605,-0.11296295,-0.81884146,-0.5701655,-0.21704279,0.47099388,0.25594017,-0.18470651,0.43225172,-0.37906024,-0.07610683,0.36386195,-0.2237846,-0.2692299,-0.45084912,0.43487012,-0.2176737,-0.1817474,0.4764474,-0.033926584,-0.23427184,-0.29185686,0.03614722,0.4453739,-0.397973,0.26935658,0.23130865,0.31472224,0.050562743,-0.79681593,0.12408482,-0.40049624,-0.43965963,0.26970643,0.4446717,0.1438991,0.36521348,0.21158998,-0.4023105,0.23113796,0.063125804,0.28034607,0.38442454,-0.4171759,-0.45483488,0.3227688,0.27222374,-0.3786284,-0.11593527,-0.22859944,-0.13161366,-0.42069498,-0.13242275,-0.3126177,-0.2031792,0.41214487,-0.1320575,-1.0783497,-0.110179804,-0.37530088,0.50443727,-0.44449666,-0.28937113,-0.47734123,0.2834813,-0.28618294,-0.116884604,0.3553677,0.28603184
OAS1_0173,0.44563478,2.120254,0.2784779,-0.86528385,0.31875047,-0.12786733,1.39115,0.9581859,-0.045777075,0.6047154,-0.07663846,0.69404215,-0.09792697,0.37469283,-0.64871144,-0.24151838,-0.3011206,-0.108864404,-0.65228206,-0.39439633,-0.7586549,-0.077958696,0.61973643,0.26566255,-0.48120007,-0.07275495,0.35755864,0.0046862946,-0.67670256,-0.11790994,-0.11679241,-0.5657394,0.505984,0.24843183,0.44141018,-0.5509597,-0.23726498,-0.43058214,0.016407128,-0.31680268,-0.25506556,-0.33222175,-0.34213838,-0.3456589,-0.400361,-0.67172706,0.18073754,-0.85389775,0.064088136,-0.07395786,-0.16017398,-0.4025264,-0.4636856,-0.42341298,0.46884978,-0.23113337,-0.8354805,-0.062377483,0.13170433,0.02992484,-0.073055126,0.3036228,-0.17516245,-0.11186261,0.43335852,0.033520065,-0.3783091,0.06983602,0.27641508,-0.71241146,-0.35334125,0.22215332,-0.4348066,0.06898504,-0.5114518,0.12448754,-0.1387732,0.17039442,-0.7014252,-0.23280223,0.31577167,-0.27183592,0.24437362,0.14899346,-0.19399802,0.16607569,-0.9488244,0.1959224,-0.0076599275,0.80511814,-0.40627378,0.37388593,0.4686002,-0.21230854,-0.19163993,0.77581,-0.19588965,0.5519524,-0.19151983,-0.23934497,-0.53071326,-0.12547636,-0.3576274,7.0338836e-05,0.69091386,-0.013622333,-0.08275728,-0.18110281,-0.32234865,-0.09094663
OAS1_0174,1.8505757,1.7386904,0.72671556,-0.52626926,1.0475936,1.1781209,0.11045607,0.36573392,0.42734566,1.0526747,-0.92565686,-0.17686763,0.5006553,-0.73489803,-0.82220554,-0.46916312,-0.3370788,0.43543625,0.5624985,0.6431196,-0.50143784,-0.012531974,0.045695826,0.06227064,-0.37134048,0.05230463,-0.47274172,0.37491736,-0.3354562,0.26479042,-0.60722953,-0.032484822,0.052205037,0.16536339,-0.083713904,-0.30532444,-0.13199738,0.09066905,0.10520733,0.382512,-0.173083,0.54557294,0.30781436,0.10166686,-0.48139706,0.21016276,-0.24228059,0.08879175,-0.03501503,0.2750714,-0.45014322,0.28935888,-0.13285622,-0.85666984,-0.19210196,-0.36898175,-0.22023734,-0.46472585,-0.6724057,-0.20681696,0.22555526,-0.4121272,0.0040378645,0.026497602,0.110751234,-0.4654051,0.15146434,0.029648827,-0.02038846,0.04080664,0.5390128,0.40643808,-0.48981732,-0.6439789,-0.53869885,0.004165756,-0.3369254,0.20502068,-0.3544944,-0.1709874,0.047127724,0.3002821,-0.6668322,0.11703955,0.37006596,-0.088928945,0.2560231,-0.00994676,-0.031080663,0.3334407,-0.2767513,0.29161954,-0.6941436,0.0032473821,-0.20799537,0.048888244,-0.11176467,-0.34846172,-0.082945734,-0.18666542,0.25242344,0.24647896,0.18455778,-0.17211911,-0.15670648,-0.5327344,0.3954444,0.022113236,-0.06356815,0.34450623
OAS1_0176,-1.8189095,0.025299817,-0.67860276,2.0263624,0.3886697,0.16766728,0.47346807,-0.26222417,0.37573588,-0.1372172,0.20040469,0.82297695,0.7009207,-1.1574163,0.08070823,-0.3269117,-0.29793596,0.28735355,-0.6717507,-0.20762172,-0.109575085,0.22422844,0.397342,0.37620923,0.355264,0.44469497,0.24830975,0.16095334,-0.14512883,-0.33035907,-1.0343603,-0.42053086,-0.3101762,0.18322116,-0.8081417,0.12821338,0.42713854,-0.09989969,-0.6407336,-0.2862734,-0.7814779,-0.101408854,-0.35753995,-0.59763116,0.059897866,-0.19299603,0.49836382,0.42068124,-0.0043174033,-0.6274273,-0.36002254,0.3745263,-0.35545367,-0.23647833,-0.25235942,-0.19764102,-0.006483665,-0.0796895,0.02202873,0.2475812,0.1807447,-0.25565147,0.18977083,0.36658362,0.24988748,0.97383434,0.5431848,0.04522224,-0.027869308,0.28216845,-0.2516704,-0.4518126,-0.00416298,-0.18609385,-0.19409814,0.22050543,-0.35318592,0.040436514,0.5956925,0.058652602,-0.33927533,0.31721652,-0.50447893,-1.0393367,-0.3117152,-0.21317098,-0.35380095,0.76988935,-0.23653854,-0.11778944,-0.0037979018,0.5345199,0.012501319,-0.18675403,-0.050733108,-0.48505393,-0.16959383,0.16464987,0.2351124,-0.09591063,-0.45320034,0.45569777,0.06418563,0.31633848,-0.24276984,0.275577,0.39107892,0.17732476,-0.21274121,0.10023837
OAS1_0177,1.9468459,0.14845368,0.042787,-0.053505495,-0.66098803,0.09274843,0.9743502,1.2936085,0.41979343,-0.056804042,0.73601806,-0.1248167,-0.050307408,-0.1731501,-0.5413183,0.13765669,-0.26345554,-0.14154917,-0.06484391,0.3406233,-0.715671,-0.15233035,-0.2643455,-0.092070304,0.54515374,0.32488018,-0.18760836,1.0856454,0.13912502,-0.050251544,0.8542885,-0.109297074,-0.4848869,-0.4444897,-0.2873798,0.013323424,0.09850727,0.3383794,0.57547635,0.95873624,0.23639207,-0.4144323,0.5833447,-0.3362049,-0.2675555,-0.0032488345,0.13178125,0.36631227,-0.60336703,0.41754925,-0.9318801,0.03323484,0.1968308,0.09542833,-0.4696056,-0.056193452,0.25981674,-0.2860666,0.032481454,-0.073333636,-0.010622349,-0.27820554,-0.5949094,0.19334343,0.035313446,-0.18200414,0.64880383,-0.15959634,0.6300033,-0.002446432,-0.26298168,0.3057423,-0.29975724,0.35453597,0.20808624,-0.11137971,-0.5192644,0.21061276,0.10827467,0.31975734,0.12382577,-0.26378232,0.19327928,-0.114164434,0.34467903,-0.32558936,-0.91992575,0.03416076,0.044768393,-0.1192268,0.13398422,-0.051466476,-0.33826265,-0.042533435,-0.26125014,-0.37435246,0.45145237,-0.4035825,0.111610234,0.108647354,0.27264154,0.063632265,-0.24237718,0.31686914,-0.065967396,-0.113241784,0.09264487,-0.21135457,-0.31547663,0.16964217
OAS1_0178,2.0948558,1.7682723,1.3727899,1.3858664,0.0010228439,0.44818652,-0.07054538,0.5031305,-0.0781397,-0.80702716,1.1407144,0.10775714,1.051687,-0.0427888,-0.17434712,-0.72702485,0.08039063,-0.64277387,-0.24911308,0.95968246,-1.2871287,0.2567405,0.16783942,0.7645832,0.47249383,-0.60411847,-0.19494212,-0.37466043,0.30354398,0.099537395,0.6159808,-0.22423166,-0.21076624,0.6325745,0.30468535,0.4064878,-0.26992688,0.07971953,0.36249366,0.49539962,0.19112676,0.29460347,-0.9361438,0.19973311,0.47206792,-0.4127249,-0.40262803,0.7067342,0.4585027,-0.060035333,-0.15509127,0.1382902,0.2680511,0.29256842,-0.22475322,-0.6573729,-0.030985584,-0.64664036,0.3124069,0.42656758,-0.07582978,1.0184196,0.60559064,-0.46223086,0.44685832,-0.14619444,0.108145565,-0.1108014,0.56792754,-0.1742363,-0.03556208,-0.14326185,0.08479116,0.595687,0.179543,0.15838908,0.012935561,-0.08215565,-0.092917725,0.009325996,-0.2037938,0.08632609,-0.28602475,-0.2596972,-0.38970774,-0.24173172,0.23573141,-0.14430813,0.30511895,-0.57993615,0.07919371,0.15611547,-0.013204953,0.35532,0.44739443,0.14282773,-0.667679,-0.17665383,0.22343828,0.025147649,-0.018662356,-0.20166788,-0.089519374,-0.80773854,0.15770175,-0.12676868,0.024289472,-0.19119577,0.2295584,-0.13354579
OAS1_0179,-0.5129077,1.6220782,-0.5694209,1.7384857,-0.024495857,-1.461212,0.743068,0.31999785,0.24969494,0.539268,-0.12952194,-0.49690935,-0.51178503,-0.7093534,0.28918886,-0.41946697,0.6535839,0.19068874,0.24169917,0.08095453,0.34615725,-0.077004425,0.6824546,0.053962294,0.24187672,-0.44608548,-0.97557366,0.8347019,0.4146608,0.3081776,0.77877367,-0.7608579,0.5752657,-0.016709784,-0.19242471,0.1946687,-0.09139482,-0.040345304,0.3128338,-0.37509254,-0.43837696,0.07197807,0.33432457,-0.07327263,0.472176,-0.0637836,-0.11009634,0.22599117,0.7014094,-0.7324886,-0.30144796,0.12826766,0.23201427,-0.3915883,0.41610536,0.12613747,-0.28345826,-0.46910262,-0.32994258,0.09372499,-0.31705204,-0.26185736,0.38018957,-0.3066911,-0.22353072,0.32937098,-0.5410349,-0.8885099,-0.14084649,0.031011572,-0.12904611,0.52019185,-0.6583628,-0.5277527,0.38781518,0.07482955,-0.35919636,0.01789058,0.37359306,0.16014114,-0.13447195,-0.45859405,-0.3837203,-0.09114511,-0.70276356,0.021142736,0.016264105,0.18091111,-0.32428035,-0.18638866,0.008287988,0.13350026,0.37512764,-0.021233227,0.31105298,0.028285328,0.01997351,0.33026564,-0.6825699,-0.42515114,-0.034617074,-0.19309913,0.05209789,-0.13967532,-0.11044365,0.15244356,0.23227276,-0.1158128,0.12992334,0.28338236
OAS1_0180,-0.48918274,-0.12635812,0.73249644,1.5222361,-1.1094301,0.11789881,-0.63216466,0.8698189,1.0852579,0.20872007,-0.6028344,0.18957284,0.18442309,0.5744537,0.44645035,0.09811223,-0.28731877,0.49642888,0.4616564,0.66730064,-0.11209902,-0.14218214,-0.09843231,0.20939258,-1.3546629,0.40864864,-0.95147586,-0.58146775,-0.149155,0.52255124,-0.052107,-0.5803142,-0.6153006,0.5867215,0.03997855,0.10057086,0.5555437,-0.7289489,0.37806422,0.9576333,0.21182726,-0.31641468,-0.5388459,0.907994,-0.4195469,0.1366732,0.34977064,0.70564604,-0.083530195,0.1404815,-0.0009255302,0.26604375,-0.75571144,0.64583623,-0.4913136,0.017380863,-0.46498895,0.07063579,-0.5674164,0.41089377,-0.8865397,-0.38655525,0.41365188,0.033011522,0.20848903,-0.29591122,0.0072665457,0.3606761,-1.0116712,0.015530369,0.7980237,-0.2522384,0.43116903,0.22592619,0.7853642,0.016796803,0.4598749,0.51386833,-0.32344773,0.1940098,-0.09087882,0.3453393,-0.70394117,-0.464244,-0.4713807,-0.09690148,-0.13450971,0.01155303,-0.17873812,-0.12649679,0.10199322,-0.098257676,-0.04719854,0.1683758,0.34550184,0.26903906,-0.14555997,0.06982014,0.049177766,0.16315016,0.0710039,-0.040710203,-0.43766567,-0.051189378,0.25493932,0.036316454,-0.16342987,0.19698532,0.38695082,0.4267255
OAS1_0181,1.3681557,-0.3166742,-0.59295183,0.17803222,0.7796201,-0.67841405,-0.6327951,-0.44840977,0.3111559,0.02571386,-0.21998324,-0.63888,0.7063843,-0.055418525,0.39360553,-0.7007628,-0.53914505,-0.010856781,-0.47520185,0.027038462,0.670154,-0.5292556,0.07268328,-0.5635729,-0.30933478,0.010025708,0.10586376,0.31613323,-0.44627702,-0.54289657,-0.6093907,0.53238803,0.33361182,0.29174268,0.6358803,0.29315174,0.92222077,0.42448387,0.2378969,0.014712881,0.6051892,0.07576644,0.4543484,-0.48171905,-0.7448047,-0.19291382,-0.031034112,0.7420688,0.10361853,0.5964886,0.26763156,0.039624553,-0.12501435,-0.2252878,-0.1872397,0.64222723,-0.72737116,0.43970007,-0.5604327,-0.6600794,0.11668468,-0.1068811,-0.51577836,0.67694426,-0.059999336,-0.06988735,0.2881975,-0.42593998,-0.01096661,0.44498506,-0.6268706,-0.58717805,0.44693002,-0.686664,0.2217318,-0.023614604,0.11277957,-0.06683304,0.37356243,0.26540935,0.52788514,-0.36504015,-0.055456903,0.25076327,-0.40881628,0.5589967,-0.10581107,0.075905375,-0.0035888916,-0.03305296,0.39456862,0.012025741,0.2893893,-0.16559225,0.291416,-0.34997436,0.2422736,-0.1376758,0.19868435,0.28896776,0.13092421,-0.33170834,-0.54437846,-0.3230905,0.24441445,-0.06370776,0.14150007,0.46004415,-0.17946261,-0.2820789
OAS1_0182,1.0652324,1.7348229,0.6529278,-0.5414451,1.2813915,0.23074856,-0.22044645,1.2499105,0.87276393,0.93000025,0.31166264,0.02019649,-0.6073525,0.13164143,0.73880655,0.05169785,0.17792778,0.043721028,-0.50774115,0.34480447,-0.71621156,-0.15406746,0.073133454,0.7251179,-0.7087244,0.5480987,0.28917885,0.10281854,-0.17705363,-0.45230496,0.40455335,0.4898551,0.3610551,-0.43366167,0.5190806,0.12407792,0.02006361,-0.34750712,-0.12415241,-0.6276184,-0.40143737,0.53114337,-0.76925486,-0.06426478,-0.29834616,0.28213948,-0.052818675,0.1758807,-0.39016524,-0.16593894,-0.20907101,-0.5929064,-0.4899184,-0.829046,-0.035447646,0.3824314,0.43471354,-0.20122574,-0.13403954,-1.013898,0.9999114,0.09258435,-0.41737977,0.2106087,0.04230876,0.9132506,-0.3466095,0.42697328,0.55119056,0.18965556,-0.47876397,-0.42309713,-0.06834892,0.22983557,0.20199677,0.4193415,0.29522008,-0.5266175,0.018662324,-0.5693351,0.20044973,0.38198248,-0.8199935,0.025048831,0.77446496,-0.3318502,-0.55045396,-0.42384166,-0.18837163,0.093164675,-0.02922059,0.1141372,0.14065151,-0.579621,0.5620803,-0.25971976,-0.6825034,-0.47208646,0.13853112,-0.32418928,0.065405846,-0.52180314,0.2872973,-0.053852532,0.26360536,-0.2203704,0.17571218,0.35386288,0.5966321,0.31867567
OAS1_0183,-1.8422098,-0.32985532,-1.1171944,-0.91894,-0.07768945,-1.0467945,-0.7841323,1.7126775,-0.32702005,-0.75458694,0.57237256,-0.88219917,-0.7049416,0.40993643,-0.19395594,-0.34641448,-0.7185605,-0.28305888,0.3672068,0.1646039,-0.57564396,0.270085,0.6418212,-0.9363896,-1.1252528,-0.49250206,-0.043261643,0.19003512,0.23294511,1.0748003,-0.24909073,-0.09500795,-0.073535554,-0.2646969,0.5430474,-0.42629957,0.5897958,-0.2040049,-0.12487665,-0.40618044,0.048433576,-0.44505888,0.66852367,0.8052976,0.13526076,0.12173608,-0.14913578,-0.23980144,0.5228049,-0.28020188,0.09441075,-0.4713692,0.07260645,0.1412539,0.46940735,-0.18369567,0.13126288,0.8779767,-0.055045363,0.6146158,-0.724999,-0.2865852,0.05364944,0.352667,0.2026237,0.2821549,0.02838151,0.21789582,-0.43955716,0.073450655,0.2741023,-0.25561288,-0.076607026,0.6519638,0.10037954,-0.40265724,-0.48729256,-0.06498688,-0.6711531,-0.27982986,0.09455995,0.35779876,0.13520013,0.11338591,-0.3017391,0.1111209,0.5071076,0.12822692,0.3793745,-0.38217506,0.6152328,-0.55793005,0.15967809,0.13480914,-0.26678702,-0.31157407,-0.4712613,-0.33916408,0.3471921,-0.058627237,-0.16490051,-0.32104272,0.12391015,-0.35835618,-0.0607408,-0.44104052,0.21950215,0.91944647,-0.37353998,0.20218973
OAS1_0184,-1.8454432,0.15715346,-0.9476525,0.2160067,-0.043743767,-0.8586383,0.7398881,-1.1264999,0.21995807,-0.76785743,-0.6590849,-0.14329249,-0.4206525,-0.38568327,0.17237203,-0.5119064,-0.13629778,-0.34443694,0.38669077,0.10456935,-0.5241435,-0.8435988,0.2998722,1.2581391,0.31804907,-0.21221615,1.0683388,0.2892474,0.59463423,0.39712185,-0.014874265,-0.28573874,-0.18864863,0.3043954,-0.030195655,-0.5660175,0.6714137,-0.8914987,-0.79616314,0.67978126,0.2349256,0.058696408,-0.23032884,-0.3850484,0.35374093,-0.2701192,-0.25685993,0.31021744,0.49904275,-0.29591164,-0.3177613,0.28940636,0.17287523,-0.14758795,-0.070507534,-0.56068814,1.1330929,0.5944209,0.23380552,0.38960153,0.24773069,0.1789535,-0.21996804,0.1490161,-0.08241768,-0.12183877,-0.4608986,-0.8837279,0.7173544,0.6839556,-0.119492196,-0.8130053,-0.055999648,0.17613567,-0.16218117,0.38949227,-0.13669936,-0.07946086,0.06888696,-0.38651115,-0.5441337,0.45244288,0.39305013,0.029695254,0.062618546,-0.760807,0.47104526,0.19731592,0.34978575,0.3987642,-0.06690215,0.20461822,0.34268102,-0.103247754,0.2673717,0.17549522,0.06422715,0.009097882,-0.6747725,0.4044668,0.12881957,-0.18864496,-0.37422904,-0.39770854,-0.20172378,-0.21306051,-0.43264818,0.089519285,-0.29063737,-0.048814774
OAS1_0185,-0.86082935,-0.23838677,-0.09304704,-0.6283464,0.8209112,0.34000394,0.44936994,-1.7770681,0.2115544,0.64098805,-0.5630013,-0.57374436,0.095719874,-0.46926895,0.38809234,0.35857394,0.5262651,0.26788685,0.7165519,-0.44372863,-0.2789986,-1.2307187,-0.46857014,0.10283759,-0.052262947,0.051203858,0.26341158,0.15519786,-0.17121519,-0.57162637,-0.51473784,-0.87357694,1.010881,-0.33470497,0.18776894,0.12148025,-0.27373776,-0.63980794,-0.3446715,0.3484082,0.453981,-0.740583,0.682875,0.026474472,0.8487718,-0.121299885,-0.0057638893,0.13867874,0.60272443,-0.2916615,-1.0696433,0.03861637,0.6309573,-0.14044563,-0.84635395,0.4184605,0.2021652,0.0006502724,-0.34719095,-0.46085402,0.15157957,-0.76418495,0.05895403,-0.21748324,-0.34661883,-0.0049469564,-0.26940197,0.45417562,0.27320513,-0.0642141,0.6291105,0.5289555,0.015075969,0.12811263,-0.08716356,-0.04356537,0.023304937,-0.17213613,0.3690919,-0.486284,0.5146496,0.018868878,-0.11605431,0.20741212,-0.46150374,0.12125182,0.07142212,-0.5075187,-0.06352793,-0.37053233,-0.3607756,-0.18587877,0.08972551,0.10500368,0.24765739,-0.6781975,0.061487865,0.20853984,-0.14250493,-0.029349014,0.6169788,0.014067016,0.27343816,-0.031855788,0.24732322,0.56967527,0.05864525,-0.33694372,-0.029312648,0.39327782
OAS1_0186,-2.46764,0.74344045,-0.20806049,0.13601962,-0.38688946,-0.9033799,-0.40057835,1.4540917,0.87570333,1.1555444,0.08302781,0.27819437,0.35683656,1.151161,-0.18548878,0.16892388,-0.030039074,-0.8774317,-0.17619497,-0.30743393,-0.7389983,-0.39078322,-0.70937085,0.15540808,0.58108205,-0.2357519,-0.8584715,0.40549886,0.17029545,-0.6840331,-0.29429048,0.5862121,0.7921349,0.52261513,-0.34313905,0.23962565,0.11275519,-0.025903257,0.033806793,0.7543443,0.49675632,-0.29770693,-1.0596888,0.29285553,0.20599045,-0.2790081,0.73121357,0.47976127,-0.35191318,0.18934529,0.058349986,-0.44462252,-1.037758,0.75400174,0.28592867,0.0071562603,-0.12342874,0.7739874,0.9323611,-0.37086806,-0.37283278,-0.28863534,0.08136488,0.50360525,0.15441097,-0.25112468,0.9224017,-0.22596487,-0.22705404,0.7893753,-0.040823217,0.8153671,-0.20294388,0.008356711,-0.7868964,-0.30967087,0.9538632,0.7764831,0.18697004,0.28938702,-0.02145029,0.15969086,-0.095045306,-0.22770794,-0.25830275,0.012416042,-0.00078650884,-0.42836305,-0.4120761,-0.046299797,-0.71277916,-0.22537982,0.058393583,0.5390033,-0.36355343,-0.9841846,0.32044506,0.4938467,0.7708527,-0.34294727,0.2573279,-0.32389507,-0.84767884,-0.3934073,0.20441946,0.23677689,-0.60225266,0.08608644,-0.62199247,0.10736527
OAS1_0188,-1.1492649,1.4591808,0.82636225,-1.5415219,-0.99900705,0.009233534,-0.71378744,-0.9640708,1.0267746,0.4066348,-0.21327993,0.08983015,0.07452925,0.7557805,-0.51011246,0.84174335,0.29972214,0.43889457,0.013453761,1.3425741,-0.13899262,-0.23521236,0.22824785,-0.18307321,0.07748029,-0.6609907,-0.6034081,-0.6469503,-0.2401175,-0.8886764,0.97340155,0.5213912,-0.3982887,-0.25692603,-0.060937855,-0.980011,0.60763806,0.22887827,0.0030041526,0.8058409,-0.39321747,-0.22992131,0.8864361,-0.61054355,-0.32465178,-0.44444644,1.3574351,-0.68575245,0.76370883,0.30046165,-0.38928622,0.039926052,0.7777153,-0.7399949,0.4968534,-0.07792616,0.045729987,0.24979144,0.029332995,0.11879886,0.32684228,0.31528217,0.78159297,0.2294271,-0.35618755,0.26115435,0.69386196,-0.18949701,-0.34243903,0.5046824,-0.28728324,0.24070643,0.1630663,-0.35979468,-0.12906334,-0.06144561,0.18094097,0.03595597,1.160335,0.3336005,-0.39906767,0.5286899,-0.3757966,-0.09785432,-0.35881472,-0.115643896,0.034904346,0.10584583,0.611736,0.04097817,0.055413675,0.06127701,-0.5914176,0.37978366,-0.16898078,0.2212604,0.102201596,0.5164993,-0.07087187,0.42438188,-0.42456982,-0.115980975,0.5308641,-0.099131785,0.07217567,-0.31451064,0.15458772,-0.36773935,-0.19626378,0.033657324
OAS1_0189,0.96077013,-0.7727684,-0.1084503,-0.80539733,0.6974715,0.0717753,-0.9637174,0.65897286,-0.07555458,-0.34745878,-0.89762664,0.5209605,-0.064603664,0.6437503,-0.06840559,-0.003926537,-0.2045394,0.65361595,0.6061583,0.2941122,0.7918643,-0.76031494,0.26209563,0.019917741,-0.7079864,0.4625195,0.095316276,0.6527852,0.51904666,-0.36933848,-0.051047564,0.040323667,0.5835292,0.41323608,0.6170936,0.22240871,-0.5890106,-0.31947547,0.08705011,-0.14641246,0.70171124,0.0674926,-0.114059314,0.25251293,0.22031894,-0.19388676,0.736489,-0.62030655,-0.05148087,-0.26738688,-0.025461685,0.4272067,-0.04798641,-0.26982749,0.46957105,0.50947297,-0.26336023,-0.35700846,0.37278283,1.0435824,0.08564489,0.2637629,-0.410291,-0.43015033,-0.3925679,0.50168526,-0.46054268,-0.015231435,0.5594559,0.008614065,0.15857998,-0.33205032,-0.2420612,-0.17612602,-0.29971758,-0.35748273,-0.23337449,0.106930956,-0.56737405,0.2869513,-0.38902694,0.3579676,-0.23408276,-0.3611298,-0.30768242,0.15476094,0.20363171,0.38716352,-0.04361486,-0.59426284,0.27912298,0.11149044,0.18517357,-0.2790123,0.2144031,-0.022490181,-0.29315776,0.1844186,-0.44286898,0.26671275,0.4687249,0.012613948,0.15752906,0.119818516,-0.48563465,0.37326548,0.017727988,-0.14090094,-0.0944404,-0.16878438
OAS1_0190,0.1358101,1.512627,1.2695881,-1.379875,-0.8521435,-0.03969606,0.30796793,-0.11006769,1.9154562,-2.3412468,-0.34353846,-0.061027154,0.17761312,-0.3862492,0.2107536,-0.20918351,1.1088877,-0.78067124,-0.24380025,0.68730336,0.44914514,0.48472053,-0.4063811,0.48627663,-0.32131028,0.39866146,0.88115084,0.7863053,-0.030248307,-0.44715115,-0.6681011,-0.26097512,0.20003219,-0.87262845,0.034063086,-0.42004347,-0.030367248,0.12896314,-0.15548503,-0.14171883,0.21341676,0.8765202,0.241552,0.39678028,-0.6918032,0.19064051,0.368457,-0.09094985,-0.29899412,-0.62124056,0.121596344,0.04661102,-0.4865006,0.28643876,0.0070446646,0.13664147,-0.4944599,-0.23838733,-0.86497533,0.19539359,-0.7232819,-0.33906803,-0.14672028,-0.51422215,0.05706912,-0.16248651,-0.14198749,-0.10641979,0.1669551,0.070031784,-0.17047879,0.049748197,-0.06436432,-0.19413158,0.15733379,0.014860703,0.22679542,0.39758235,-0.055644408,0.22501795,0.18795152,-0.5255074,-0.11559122,0.33352625,0.18375993,-0.8606601,0.062281076,0.4269993,-0.005146196,-0.18749964,-0.42729852,0.18848,0.06979301,-0.2480564,0.28024107,0.57552594,-0.5192869,0.18540053,0.85958976,-0.20607232,0.31572115,0.42211667,0.13365304,-0.045729224,-0.14209849,-0.31544256,-0.45948103,-0.33610773,-0.0039581354,0.36476645
OAS1_0191,1.3312219,-0.5941127,-0.7065442,-0.60414195,-1.3035321,-0.780563,-0.097328514,-0.15532018,-1.2264302,-0.3349013,-0.8946554,-0.15616943,0.027707107,-0.23652567,-0.78393,0.6658017,-0.39485866,0.34520537,-0.2518453,0.58771956,0.43419075,0.4180376,-0.298461,-0.3707812,-0.071391284,-0.58453774,-0.55842924,0.38037103,-0.24930444,0.012355668,-0.48419577,0.14328967,-0.104453616,0.06382012,-0.68326503,-0.3476327,-0.8368819,0.25682834,0.4692005,0.10851531,-0.02962607,-0.05580228,-0.742466,-0.5803698,-0.2954465,-0.00019834844,0.46168032,-0.0686455,0.08781417,-0.027508603,0.18370485,-0.45302677,-0.56811494,-0.37160012,0.43290937,-0.05105906,-0.15302825,-0.37158924,0.04323038,0.17607638,0.062412713,-0.0281088,-0.53396934,-0.42695135,0.114619665,-0.60914505,0.14676425,0.68647677,0.12730874,-0.6934078,-0.37567523,0.2853043,0.24370706,0.15366572,-0.2656318,0.15520641,-0.4194321,-0.097574234,0.20108846,0.23998702,0.2911224,-0.13181248,0.34854338,-0.036591828,0.28728274,-0.4551189,0.030418964,-0.2821072,0.3372154,-0.17059937,0.41794246,0.5688086,0.57179385,-0.042022377,-0.4112467,0.21672453,0.049480084,0.24530385,0.16543216,-0.18473555,0.021401422,0.30487797,-0.42012516,-0.34331676,0.0790541,-0.31891292,-0.008145715,-0.13780199,-0.056879576,-0.07943791
OAS1_0192,1.4123982,-0.5394836,0.11298813,0.21144268,-1.2568773,0.13547671,0.4863411,1.0890687,-0.90498376,-0.81134915,0.84002036,-0.22273791,0.3921909,-0.18622665,0.86459786,-0.17015938,-0.83276784,0.24815103,-0.16663475,0.19488358,0.30543947,-0.20205598,-1.1465456,0.56175,1.7110981,0.51068616,-0.08438217,-0.30110472,0.4504619,0.47536433,0.45633358,-0.42886367,-0.07278424,-0.5251283,0.5349659,-0.06107532,0.63716084,-0.20253159,-0.34235737,-0.02287675,-0.73027456,0.12146445,0.83373916,-0.09647887,-0.47865415,-0.34760216,-0.17641477,-0.3375935,0.27029338,0.0010980851,0.0015285139,-0.47027898,-0.14799972,-0.1125485,-0.33868116,-0.2859385,0.030475365,0.012375235,-0.15639317,-0.020957,0.26913494,0.15210032,-0.49527627,0.35171798,0.25685686,-0.2763939,0.2052418,0.19251733,-0.52155036,-0.2633106,-0.11059014,0.28724077,0.4783436,-0.22480297,-0.4224115,0.09271537,-0.22773756,-0.09149436,-0.016865393,0.12173685,-0.21912135,0.17031556,-0.004501172,0.13405342,0.54872394,0.25118613,0.32486027,0.14564522,0.059671164,0.34680608,0.024440112,0.06143681,-0.28239214,-0.15347406,0.6205725,-0.012469517,0.034536548,0.16666488,0.2560105,-0.11311415,0.3889771,0.13319713,0.5456045,-0.28861642,0.2647042,0.2997111,-0.16204193,0.036416195,-0.07626464,-0.021874338
OAS1_0193,0.9716697,-0.25241923,-0.7765088,0.117925756,-0.2960458,-0.67595965,-0.7175601,0.56269914,0.6310511,1.2748283,-0.23806395,-0.57021123,-1.0910141,0.25385097,-0.09499033,-0.042144362,-0.00016018558,0.99587077,-0.13907008,0.32661402,0.7489314,-0.72949356,0.4584332,-0.14748599,-0.55770344,0.3913556,-0.10277757,0.2373674,0.19851491,-0.34504735,-0.8671815,0.03965889,-0.24687225,-0.08427502,0.42301172,-0.112206616,-0.31321886,-0.4932178,0.23162399,-0.18514879,-0.09303897,-0.13866349,-0.4404072,0.29492712,0.24634342,0.10143627,-0.36740363,0.21626882,-0.07712139,-0.50413,-0.16259584,-0.34679124,-0.5541193,0.8154465,-0.67925376,-0.5751171,-0.19203666,-0.025025835,0.14729996,-0.10609468,0.46143883,0.09377769,0.16739047,-0.38531935,0.6336575,0.12976447,0.8502469,-0.26811153,0.48473662,0.38724396,-0.46146336,-0.2098743,0.47353238,-0.6040905,0.1176405,0.22598867,-0.22656952,0.2131308,-0.6733739,-0.34019503,0.11275305,-0.089119144,-0.39007172,-0.06943646,-0.22232744,-0.16136451,-0.58770365,-0.054315496,0.26827922,0.008245779,-0.38316113,-0.3957729,-0.3793633,0.04304405,-0.012368822,0.05173126,0.062115837,-0.27451673,0.060559906,0.051727176,-0.25448325,0.050667394,0.64946175,-0.038519476,-0.33156842,-0.023799712,-0.0420406,0.13990265,0.32077423,-0.054398455
OAS1_0195,-0.32100955,0.5291153,0.20001829,1.035058,-0.087694034,-0.6278889,-0.7325165,-0.9595527,0.9623921,-0.29404354,-0.15887053,0.6208403,0.592846,-0.48624825,-0.14869839,0.4972343,-0.4400322,-0.06301346,0.313235,0.6458046,0.69714105,-0.12854497,0.34662846,0.30325064,-0.83738816,-0.0016967221,-0.3090498,0.40555823,-0.37716636,0.28987256,0.35449654,-0.86708134,0.47503474,0.37638155,-0.83207715,-0.34641707,0.68190664,-0.10782413,0.2657298,-0.98227996,-0.8630688,0.29299122,0.26793346,0.4421848,0.93802744,0.03986582,-0.21640874,-0.5077866,-0.45370468,0.018980175,-0.5160706,0.13088126,-0.6211448,0.29627877,-0.18998268,-0.12802193,-0.028948726,-0.8154654,0.4316718,0.16929726,0.046867706,-0.24277796,-0.1634338,-0.24775098,-1.1240894,0.40289497,-0.18867064,0.13336226,-0.53823674,0.728806,-0.11960267,0.24872503,-0.28183347,-0.50656605,-0.13352707,0.027661564,0.13458903,0.22716019,-0.2150423,0.59024215,-0.24560659,0.03864665,0.18176262,-0.1919372,0.1607826,0.4472529,-0.027086394,0.10410601,-0.24170281,0.14901225,0.30317867,-0.22066769,0.016075404,0.2404454,0.5027275,0.48973295,0.1656044,0.20105766,-0.21955521,-0.00040159933,0.23805621,-0.28108048,-0.08407628,0.5351888,-0.0775203,-0.42166883,-0.001917665,0.1984064,-0.13926545,0.43783948
OAS1_0197,0.5867642,1.138159,1.7314526,1.3917288,1.337967,-0.07435835,-0.64188474,-0.92267793,-0.6910252,0.18812658,0.24187388,-0.61866874,-0.4121976,0.17717728,-0.15054293,0.03252132,-0.30707726,-0.29689485,0.6598243,0.3876447,0.64343023,-0.42384416,-0.09063638,0.9595488,0.67052007,0.050748996,-0.3090801,-0.67705804,0.71161413,0.09456297,-0.7256506,-0.17904858,-1.0098329,0.37931478,-0.35889167,0.46980628,0.005236267,0.027033886,0.39048645,0.04231179,-0.6640241,-1.1644149,0.805741,1.0443528,-0.6273567,0.84493405,0.45602542,-0.5453799,0.390804,0.25720334,-0.31306118,0.5159512,-0.5165488,0.0006561342,0.034438826,0.29681206,-0.060792606,0.19681123,0.8316935,-0.64759254,-0.44953722,-0.57433826,0.20504634,0.08696663,-0.5902012,-0.16506238,0.179769,1.3326797,-0.5903913,0.28023824,-0.5919619,0.4989593,-0.30274418,-0.48343807,-0.20664474,-0.044341892,0.16735373,-0.638934,0.27496275,-0.2962364,0.62233096,-0.13612378,0.023845436,0.22149111,-0.11534572,-0.0922991,-0.25738698,0.17281061,0.109194554,0.26068497,-0.51752156,0.113234386,0.72454584,-0.08054509,-0.24590576,0.10384175,-0.22344941,-0.06952645,-0.033587147,-0.36158088,0.1904523,0.4559249,-0.017598134,0.12502131,-0.06998491,0.42871833,0.042806175,-0.007257258,0.40314308,-0.0050483514
OAS1_0198,2.2621548,0.8353861,-0.12513402,0.48127726,-0.1460704,-1.2700925,0.68039185,0.86999875,0.10421427,-0.009259042,0.39100155,-0.102905825,0.35134238,-0.17023021,-0.33155403,-0.68621963,-0.4187418,0.0071807005,0.12679636,0.48426652,0.6655223,-0.26240742,0.25316125,0.4582646,-0.10611225,0.043327715,-0.33594695,-0.4928001,0.3532555,0.08811555,-0.17128383,0.3469317,-0.013806819,0.27369246,0.13007219,-0.24920632,-1.100323,-0.5555334,-0.68946093,-0.050319538,0.26163355,-0.1272994,0.19885564,-0.3415362,-0.056151867,0.022476606,-0.0724041,-0.58346665,-0.83222586,-0.3082406,0.25639626,0.016466018,-0.20140798,0.36632964,-0.27506816,0.12433081,0.39594913,-0.46917528,0.45185357,-0.37095386,0.11375736,-0.63771605,0.77784616,0.34319213,-0.30579078,-0.45911723,-0.20342931,0.28725126,-0.06823379,-0.2570448,0.07870459,0.3138456,0.253097,-0.59808993,0.12842791,0.43054128,-0.47618988,-0.31416884,0.165624,0.36544576,0.10881637,-0.14229304,0.37328207,-0.07240367,-0.08884519,0.15263656,-0.03506467,0.6243758,-0.08543948,-0.4460345,0.14166212,-0.23507483,-0.07957751,-0.17098401,-0.03737566,-0.49114135,0.13142613,0.66104376,0.100780584,0.26505497,-0.1381387,0.12021738,-0.15621635,-0.48975995,0.17509578,-0.13066716,-0.15758885,-0.08827324,-0.26752335,0.41491365
OAS1_0199,0.31828693,2.3644712,0.4035218,0.7705252,0.05330698,-0.06752265,1.0292892,-0.2187045,-0.12507814,0.06435896,-0.33649722,-0.17905493,-0.8769562,0.46627846,0.3354257,-0.51648986,0.017727138,-0.5268426,1.0276014,-0.018407412,-0.06166739,0.95584834,-0.313032,-0.24176854,0.048868712,-0.12428551,-0.8904157,-0.19978443,-0.44710445,-0.5778119,-0.5626161,-0.02008834,0.809416,0.49966145,0.74628127,-0.31436074,0.1826702,0.28337103,0.13401973,-0.2309103,0.20876276,-0.41170448,0.21550559,0.7082472,-0.48608333,-0.16571367,-0.27226418,0.20526855,0.17216732,0.49057224,0.39470154,-0.16737626,-0.032946438,0.015608811,0.20020619,0.17864574,0.5670804,-0.17527184,0.3156581,0.5755157,-0.89299375,-0.24090868,0.01597088,-0.036808647,-0.16224732,-0.3532633,0.027104806,0.044496395,-0.27447158,0.1323524,-0.990369,-0.16058363,0.16392547,-0.41778356,0.18605219,-0.35905868,0.13526236,0.35297817,-0.8094522,0.039846376,-0.74722475,-0.7834806,0.31748438,-0.14785184,-0.36438125,0.55346364,0.23326261,0.5123632,0.05812314,0.34181553,-0.07708481,0.30499446,-0.2428322,-0.021238582,0.47579896,0.44797873,-0.21921925,-0.3060138,-0.27323407,0.45401022,0.070217535,0.23887245,-0.48434657,0.5509387,0.60935736,0.14405817,0.37530652,-0.40151286,-0.30362183,-0.32891276
OAS1_0200,0.932087,0.2567929,-0.058434162,0.06223165,-0.91511554,0.4145958,1.2862108,-0.57171,-0.22741973,0.11777025,0.16932325,0.24622951,-0.11053352,-0.5960673,-0.77951366,0.06524831,-0.29189178,0.35189742,0.44191477,0.10164136,0.7369359,0.4770802,0.878521,-0.1073294,-0.63194627,-0.74181634,-0.36673433,-0.3266562,-0.43459648,0.36549032,0.5716358,-0.24223338,-0.1639402,0.29231304,0.05816614,-0.22276406,0.05833174,-0.046759017,-0.14264517,0.6049867,0.03970529,0.6149674,0.17221469,-0.3460943,0.17761463,-0.5800456,0.26571667,0.42234817,0.26392666,0.097597145,-0.2707688,-0.427061,-0.48392653,0.078352645,0.040585883,0.5710866,0.24809617,0.094361335,-0.50850356,0.14293833,0.20996097,-0.42198697,-0.46501112,0.6618565,0.35354453,0.26628006,0.27509773,0.04380434,0.030898927,0.19310613,-0.40010902,-0.23918277,0.11220087,-0.021025054,0.39181525,-0.15312168,0.54378116,-0.1963005,-0.24130073,0.21228218,-0.008114445,-0.6167023,-0.20454058,-0.2461986,-0.6022664,0.39718974,0.10488784,-0.6084456,0.42410222,-0.013257839,0.0613316,0.07183377,0.24245824,-0.17565748,-0.24263333,-0.15818073,0.13752933,0.42425,-0.64971447,-0.8833512,0.21844164,-0.23846531,0.21327318,-0.05985545,0.26131478,0.21030715,-0.049876884,0.22260706,0.13411076,0.249448
OAS1_0201,-0.87127566,-0.5647115,0.44478953,0.79817617,-1.027048,-0.036643032,-0.5711793,1.2502592,-0.10247235,-0.42344895,0.25285682,-0.104085654,-0.24981266,-0.28871608,0.8490837,1.0099128,-0.12750477,0.9566281,0.74732095,-0.5142795,-0.1671891,1.1029643,0.73308337,-0.48948684,-0.3060471,-0.76696754,0.06537872,0.15666476,-0.15769516,-0.29663676,0.05445246,-0.51657414,0.22104819,0.59579307,0.46193898,-0.63754517,0.51775336,0.07691854,-0.40810946,-0.0069622956,-0.1020712,0.19132279,-0.0067337467,0.03307131,-0.58943826,0.113522395,0.44468594,0.75825226,0.07176262,0.24925631,0.32966086,-0.6040959,0.42216668,0.08528061,-0.48704892,-0.21377276,0.16764455,0.10471145,0.3495259,-0.06178363,0.49313468,0.23289289,-0.12888776,0.087455146,0.11093447,-0.24307357,-0.3296675,-0.011442507,0.44387734,0.27787286,0.55737424,-0.025057642,0.3253571,-0.8262904,-0.44642237,-0.62702924,0.29978594,0.2643138,-0.18409443,0.036086172,0.49323866,0.14494485,-0.39657164,-0.30963916,-0.4381771,-0.11144991,-0.07422943,0.07218064,-0.1359873,-0.16481102,-0.16527537,0.28797907,-0.13926426,0.26898474,0.071390666,-0.7090304,0.61687154,0.25860962,-0.2036666,-0.17739204,-0.36812225,0.70875746,-0.11660309,0.28708923,-0.16895352,-0.07261647,0.44926867,0.17926347,0.14926817,-0.09497471
OAS1_0202,1.5903244,-1.5485499,-0.40491027,-0.9632821,0.65926814,-0.54433733,0.5959012,-0.49510792,0.47643322,-0.064767495,0.07000987,-0.019733522,0.48034355,0.43529823,-0.6722548,0.07272601,-0.08544457,-0.850538,-0.5647638,-1.0675225,-0.4012554,0.8520309,-0.5221266,0.43176454,-0.26633993,-0.8898043,-0.48150325,0.49152157,0.8364226,-0.2730053,0.12822,0.012940573,0.40496916,-0.3278015,0.17850658,0.6902107,0.13396826,0.26594934,-0.17575802,0.46015197,-1.0981191,-0.6617983,0.2903193,0.80243635,0.4212809,-0.7865587,-0.6045152,0.08701799,0.30328107,-0.33437896,0.18271063,-0.35229477,0.06715065,0.14097437,0.19828545,-0.4131004,0.26294115,0.14280726,0.2592974,0.01652737,0.66787976,-0.06829068,0.02875707,0.8915267,0.37706605,0.046351757,-0.37606314,0.26159266,0.14167602,-0.55097026,0.16651544,0.2967102,-0.67496866,0.37116846,-0.33058786,0.008955226,0.285196,0.2493754,0.5368325,0.118103094,0.15196295,-0.10768393,-0.19849946,0.104719184,-0.0018665852,0.039947398,0.043084834,0.39727277,-0.119064815,-0.5594858,0.113512814,-0.8813095,0.035651613,0.14922823,-0.23641528,0.13364987,-0.031323273,-0.074646086,-0.009315172,-0.31153008,-0.05492292,0.026512295,0.73141205,0.2495899,-0.19305573,-0.2730075,-0.056870073,-0.18680331,-0.31212944,-0.23620789
OAS1_0203,0.20590746,-0.6968994,-0.14764856,1.3698144,-0.564977,0.4299016,-0.3331015,-0.20018181,0.012063478,-0.27623585,0.9256726,0.40158796,-0.38005096,-0.41079283,-0.3660431,0.37033942,-0.9964567,0.06599494,0.6028127,0.15847947,0.28961936,-0.6115133,-0.36076546,-0.31847364,-0.016812097,-0.039733674,-0.051483482,0.029712979,-0.52172565,-0.19218227,-0.9553453,0.7991304,-0.28193846,0.4995914,-0.57422507,0.24435501,-0.11129321,0.08797885,-0.05675846,0.19585906,-0.36242935,0.5772334,-0.04021239,0.36221877,-0.10235859,1.2213464,-0.038591497,-0.14826296,0.40375322,0.12460498,-0.580175,0.17657617,0.08273111,-0.15018244,0.23635863,0.39060074,0.3826436,-1.0601859,-0.045303445,-0.27835795,0.06432223,0.25687882,0.39382046,-0.1668354,0.030453606,0.093620956,0.6156684,-0.28331378,-0.383757,0.054479375,0.8515739,-0.027188025,-0.07118365,0.23822035,-0.38040075,0.2981561,0.31760842,-0.6888672,-0.11631085,0.30950648,0.10198297,-0.28736833,-0.93958646,0.30693212,0.3997551,-0.027952943,0.21767798,0.062401053,0.04943758,0.14066476,0.26393363,-0.4012214,0.2655077,0.08914877,-0.45558003,0.59168446,-0.23347388,0.1299605,-0.030479373,0.3565581,-0.5213204,-0.2527705,-0.2674217,0.25155792,0.17908451,0.2337385,-0.58152616,-0.37465712,-0.10167528,-0.42421773
OAS1_0204,0.56288326,0.485689,-0.28254113,-0.31392792,0.41716242,-0.40104744,-0.888465,0.43809995,0.12619625,-0.8337489,-0.1581731,-0.05889506,-1.5380403,-0.2517776,0.44243765,0.20505847,1.1382512,0.4549346,-0.6523942,-0.2685617,-0.5881632,0.6680462,0.41751495,0.57981205,0.6164882,0.36761475,-0.73008937,-0.3535645,-0.055669226,-0.117619425,-0.5665516,0.98050195,0.44732872,-0.06968585,-0.2447224,0.43723792,-0.550758,0.06742048,0.12781344,-0.32262897,-0.05628243,-0.3778137,0.12809524,-0.67392206,-0.077135935,0.44608608,-0.5404608,-0.0316434,-0.05809582,-0.5033176,0.16354132,-0.51333076,0.13079216,0.11051644,0.13388054,-0.50260496,0.42287272,0.4846954,-0.88005763,-0.13794774,0.18672003,0.2377518,-0.16304123,0.25608516,0.112704635,-0.019215738,-0.046011597,0.27950197,0.00052706455,0.62419593,0.20827307,-0.38141158,-0.2829152,0.5268239,0.10996082,-0.63712484,-0.19842005,-0.13645814,-0.071407504,0.049172334,-0.8246207,0.59943974,-0.49517772,-0.25889987,-0.2061579,0.16512686,-0.039612677,0.0085327495,-0.5473497,0.106463514,-0.1027434,0.33918896,-0.13457303,0.15036747,0.014389428,-0.38710842,0.3621856,0.061212596,-0.44497463,-0.04269038,0.3912477,0.049414128,-0.21857221,-0.10629566,0.18742499,0.04033241,-0.09385321,0.026607307,-0.20399527,0.44287387
OAS1_0205,-2.5477698,0.96027094,-0.5160492,0.10574031,1.3670291,-0.022528479,1.6227646,-0.2615458,-1.0507666,0.21740249,0.3526054,-0.548508,1.2533165,-0.27281734,0.45338935,0.90855986,0.64448136,1.1982038,-0.8676738,-0.37989736,0.4647737,-0.021755837,-0.02545062,-0.84717435,-0.5030343,0.33944795,-0.65916324,-0.25152498,0.59131914,-0.44985133,0.4444049,1.1337515,-0.65464044,-0.17977737,0.46613565,0.083124176,0.34502837,-0.055841543,0.3401812,-0.2868232,0.3456744,0.65406,0.43179294,-0.5605833,0.09465633,0.5279347,0.5252771,-0.8769949,0.77615815,-0.0156223085,-1.1527842,-0.08297161,0.10395109,-0.6276398,-0.39350548,0.3309323,-0.10329988,0.1604034,-0.29922062,0.016529744,0.5591385,-0.18585634,-0.11715685,-1.3008126,0.31297314,-0.78691375,-0.5646308,-0.019517774,-0.6070967,-0.655866,-0.06610546,0.41223994,-0.012027705,0.82307506,-0.32487214,-0.6032016,0.32937863,-0.054363485,-0.37564543,0.92445105,0.036200825,-0.2183889,-0.07181574,-0.05630758,-0.32893574,0.7978235,-0.047392637,-0.17228413,-1.0961319,-0.00513258,0.29474908,-0.51030594,0.27960888,0.4342787,0.10643533,0.012790964,-0.25063354,0.35785395,-0.01740566,0.27173543,-0.26875463,0.18636759,-0.8662023,0.78676766,0.3817089,-0.5286285,-0.6624884,-0.06743567,0.52866393,-0.4980978
OAS1_0206,0.030670136,0.679601,-0.1705804,0.9756845,-0.9538267,0.47942212,-0.2875893,-1.4112787,0.58488566,-0.05769206,-1.0408726,-0.13850394,-0.3312235,-0.8716631,1.7180593,0.6225785,-0.06331913,0.46534804,0.5255721,0.6788766,-0.3088591,0.7722779,0.8763828,-0.6046958,-0.2326434,0.18357289,-0.54128325,0.1584419,0.2920447,0.34271458,0.29013157,0.21768901,-1.3678457,-0.17742318,0.48284364,-0.2252485,-0.43066946,0.15566833,-0.012191266,-0.31604725,-0.48754552,1.0092808,0.2706071,0.3323368,-0.2699227,0.026436685,-0.4126651,0.01894843,0.3267742,0.12730716,0.12052438,-0.4541463,0.17918238,0.18965422,0.16098516,-0.13166593,-0.054943115,0.025308657,0.57743317,0.4508035,-0.2582389,-0.77131885,-0.13118176,0.48982093,0.4959332,-0.091510534,-0.33312935,0.2823782,-0.40521944,-0.10202244,0.49623713,0.5883582,-0.61725664,-0.28456023,-0.5172224,-0.27891034,-0.1488323,-0.4466426,0.1101033,-0.059033718,0.0029177184,-0.14268117,-0.17441562,0.02086204,0.010205545,0.21184085,0.08874795,-0.034941602,-0.1664941,-0.0622674,0.106778204,0.035953436,-0.13544947,0.1917577,-0.52455676,0.49004874,0.40341094,-0.867982,0.27733985,0.11137464,0.12673661,-0.14775433,-0.4202998,-0.2042989,0.06996706,0.26322383,0.41452175,0.22261819,-0.051550757,-0.13095473
OAS1_0207,-1.31196,0.6174323,0.5034068,-1.9664178,0.035296857,0.2910054,-1.1337738,-0.42733243,1.3154408,-1.2556328,0.100867525,0.49591988,0.016613035,0.4637994,-0.104922034,-0.082885884,0.09332637,0.35630783,-0.69649494,-0.23866124,-0.8918284,-0.28338286,0.12431263,-0.5022957,0.20966445,1.0557538,-0.72680753,-0.71471345,0.09576469,-0.40977046,-0.5156606,0.66411614,0.2827119,0.7650074,0.4261465,0.76983625,0.0035000404,-0.45924935,0.54042053,0.068291895,0.66127205,0.2470791,-0.20469522,-0.15363011,-0.28644168,-0.39723903,-0.56396,0.24517234,-0.4536491,0.47936085,-0.72769934,0.21608412,-0.45528618,-0.04599516,-0.47509128,-0.6307165,0.24213248,-0.50954103,-0.06470085,-0.048214983,-0.35561925,0.24451868,0.29994,-0.5997375,-0.27870023,-0.35165185,-0.10854665,-0.57810694,-0.05937981,0.10846776,0.52058965,0.13601404,0.13681942,0.22365049,0.09465326,0.43875256,0.1684331,0.3245713,-0.10094666,-0.12115446,0.03444889,0.20097186,0.3760078,0.44504717,-0.12292721,0.256749,0.10691134,-0.2420947,0.11168853,-0.11860236,0.28443205,-0.081444345,-0.39203727,-0.04057758,0.13013536,-0.31735054,-0.13007799,0.7638086,-0.5235162,-0.16161953,-0.32832277,0.40995827,0.24979164,0.5524261,-0.38861936,-0.0074925846,-0.060803436,-0.39334044,0.27685094,0.5839481
OAS1_0208,1.4918953,0.25580814,0.4162846,0.60579365,-0.41479856,-0.9056892,-0.38166502,0.31949306,0.7425052,0.17906961,0.3900756,0.068013825,0.80452955,0.16791376,-0.14285243,0.7183522,-0.14273317,1.1781342,-0.23178485,-0.68687344,-0.3794886,-0.009072906,0.24981637,-0.50444037,0.8378635,-0.034554735,0.42445955,-0.40435022,0.2678475,-0.19676717,-0.10755721,-0.23364234,-0.27171832,-0.17607832,0.090241276,-0.31992504,-0.24778232,-0.67659706,-0.07101811,0.41357654,-0.5559758,0.8840334,-0.042380325,0.20596984,0.034794863,-0.10060343,-0.27463195,0.054978825,-0.09956983,0.029864775,-0.1443127,-0.2823929,-0.041899797,0.3447114,-0.08003915,-0.115956105,0.22877392,-0.46186158,-0.1651739,0.1300469,-0.26100233,-0.23878558,-0.2757155,0.59495294,0.18969998,0.4719803,0.066352375,0.06217697,-0.13992892,-0.4752217,0.45462015,-0.27812397,0.10272261,0.23277,0.62288415,0.03047283,-0.0973073,0.10681036,-0.69949985,0.48872632,0.05955882,-0.076179296,-0.0037368014,0.4264234,-0.13276924,0.07602372,0.0074347877,-0.5843096,-0.070684,-0.47896236,-0.21523054,0.47820273,0.15681645,0.35242444,-0.6109301,0.48100668,-0.1378502,0.15230615,-0.2861145,-0.034452684,0.08476659,0.4559319,-0.06948772,-0.10918714,0.40698627,-0.6809682,-0.19390585,-0.42384914,0.025352878,-0.40761212
OAS1_0209,1.3547056,-1.6802056,-1.0574706,-0.50093126,-0.11977677,0.33095634,-0.34240067,-0.3188075,-0.68425703,-0.08163825,-0.64345276,-0.6419166,0.18094245,-0.66977084,-0.35895985,0.10805884,0.1481577,-0.5405022,0.11095294,0.425058,0.6475565,-0.21545613,0.46639517,0.46508542,-0.10641509,-0.79694587,-0.4198825,0.9855586,0.050573558,0.55075914,-0.019274537,0.04606727,-0.38665885,-0.53192425,0.45164824,0.49677753,-0.36039215,-0.19815995,0.2021024,-0.18953267,-0.6626408,-0.6606648,-0.27316523,-0.4042799,0.013485463,-0.50385815,0.9207318,-0.115734875,-0.017018558,0.20585883,0.5292475,-0.46870685,-0.48313493,0.4292176,0.3651507,0.22910619,0.31892243,-0.40081587,-0.26738152,0.07737427,-0.18992038,0.061583053,-0.56049055,0.38668692,-0.06486162,-0.22731918,-0.7089125,-0.26515505,-0.43197984,0.2923118,0.045550913,0.0576453,0.334682,0.10209559,-0.52397645,-0.14848104,0.24485539,0.06459162,0.0585153,0.29983532,0.07777603,0.49882478,-0.20365345,0.300259,0.30360204,0.3597764,-0.08380797,-0.06867735,-0.16061562,-0.0471794,0.09124103,0.32431418,-0.14343488,0.33347937,0.31869096,-0.21994646,0.2127012,0.13243689,0.9293495,0.551391,0.13614465,-0.6324991,0.28658932,0.17074153,0.14672728,0.46632943,-0.24417834,-0.30426073,0.2892079,0.19753629
OAS1_0210,-1.5086207,-0.15042359,-1.8005168,1.3022418,-0.2677254,0.077120766,0.4866727,0.32256392,-1.3554031,-0.38219896,0.05203386,0.009188435,1.1810055,0.35113144,-1.0998783,0.22755973,-0.124222904,0.49685156,1.0102595,0.36173537,0.17067689,-0.23410332,0.16167143,-0.12433845,-0.32470515,-0.34478623,0.5170089,-0.090163425,-0.51768816,0.2387085,0.17210135,0.9663039,-0.3199587,-0.2445493,0.49190956,0.2733793,-0.6227949,-0.24406943,0.43311122,-0.12379356,0.21452926,-0.25460818,0.031775635,-0.34896648,0.11546775,-0.0088864025,0.060190834,-0.085135505,-0.15156524,0.3965183,-0.21844624,0.25599056,0.4701932,-0.38267535,0.042554434,-0.5337113,0.048606906,-0.13317311,0.38914186,-0.09403943,0.46118653,0.020985391,-0.13832057,-0.008192407,-0.4116922,0.09298282,-0.0022024533,0.08196192,-0.04950787,0.2993018,0.5577565,-0.12179685,0.16829622,0.54401755,0.09178893,0.32829896,0.758343,0.07198808,-0.18331707,0.20763376,-0.67298734,0.26194987,-0.36482304,-0.3247479,0.21928957,0.026105765,-0.002033845,-0.12550813,-0.025749028,-0.5162495,-0.075654514,-0.41824466,0.30382088,-0.32868347,-0.31723106,0.5754797,-0.315025,-0.5339978,0.1708855,0.04106106,-0.3595456,0.2594819,-0.31296438,0.32152686,-0.75988984,-0.06817611,-0.066308565,0.020007879,-0.4298285,-0.26636165
OAS1_0211,0.83049214,1.6434519,-0.05823533,-0.32528868,0.43591294,-0.64447534,-0.029437196,0.77622014,-0.015685119,-0.6118751,-0.7636646,0.6200031,-0.88990086,0.23602094,0.0680697,-0.10487549,-0.29375935,-0.19935267,0.26496458,-0.3852929,0.17939249,-0.35693458,0.16248661,0.5132629,-0.47365645,0.54894155,-0.29916084,-0.47479364,-0.25534192,-0.60350037,-0.8608223,-0.074873365,0.2823202,-0.32369006,0.5420212,-0.056580883,-0.330202,0.5173506,0.14862691,-0.7398151,-0.2984761,0.12862602,0.09417524,-0.5288182,-0.22919458,0.53681767,0.3227261,-0.33299974,0.23021927,0.0621061,0.6186422,0.23856771,-0.13075815,-0.10138868,-0.30226323,-0.5410711,-0.46959645,0.3136242,-0.45868766,0.31332824,0.31807768,0.93674743,0.053989377,-0.27199748,-0.03214464,0.35278565,-0.29395765,0.29850522,-0.7166983,-0.00083623093,0.36892596,-0.47585642,0.5249411,0.15822469,0.95292395,-0.2990649,-0.195791,-0.18759635,-0.07217511,0.9288752,-0.596654,-0.0027063412,-0.54310286,0.6422147,0.13371749,-0.16120134,-0.7254014,0.059416745,0.061475348,-0.39006254,-0.0792018,-0.35961753,0.08145154,0.067143016,-0.00748405,0.1368432,0.16217223,-0.34759367,-0.5875895,-0.15512295,0.06628161,-0.04714965,-0.2120119,0.282157,-0.5498265,0.35329777,-0.23488165,-0.1300785,-0.079921246,-0.4126751
OAS1_0212,-1.1723557,-0.44309118,-1.5951294,1.3204521,-0.047014583,0.7216879,-0.10960374,1.2978643,-0.25069842,0.34484312,-0.74007803,0.037949193,0.8321592,0.56300205,0.26883692,0.22342172,0.15699326,0.27699366,-0.002117724,0.40451765,0.04376763,0.13720946,-0.22649094,0.13503419,0.07488984,0.27079207,-0.123506874,-0.17267282,0.1471977,-0.5400908,0.10776908,-0.22753496,-0.26534054,-1.3349315,-0.07951627,0.8945034,-0.723482,1.0006045,0.47457907,0.18796119,-0.33573642,0.65650266,-0.1458083,0.41676623,0.45666882,-0.49988577,0.7063126,0.33571708,-0.31755823,0.31348193,-0.15465227,0.19504304,-0.2591813,-0.06241771,-0.007694769,0.51798743,-0.12719816,0.20405325,-0.55359274,-0.24221615,0.30059355,0.19241819,0.6931562,-0.22674198,0.2752826,0.14385478,-0.3183059,0.59297967,0.15850301,0.3420964,0.34918603,0.075886026,0.34753704,0.35666978,0.42786255,0.029694814,-0.55431634,0.22194844,0.5355276,0.1858672,0.79059,0.5534134,-0.08744219,0.38136354,-0.26891652,0.32189867,-0.41896498,0.18075836,0.3104475,0.21859519,0.080925316,0.39330682,0.14841956,0.46383858,-0.21539806,0.19238001,-0.15833397,-0.39022136,-0.43261337,-0.019825064,-0.03722696,0.016282212,0.434795,-0.4586951,-0.002245402,-0.04521392,-0.21200949,0.27575624,-0.15453254,0.26780802
OAS1_0213,0.09792226,-0.9701045,0.31368172,-0.50459254,-2.0026808,0.528227,-1.6426133,0.09137053,-0.64630365,0.47027794,-0.6554718,0.3165227,0.7795825,-0.16775012,-0.38571885,-0.33277634,0.008094075,0.023243219,0.23635246,0.15955752,0.07492328,-0.115888685,-0.2414061,0.045723327,0.81707454,0.12644581,0.41991493,-0.23505265,0.40638357,0.27171534,0.5494801,-0.6858947,0.09693141,-0.118481725,0.09837121,-0.25868678,-0.36597735,-0.36721805,-0.045022126,-0.23880982,0.12535396,-0.0524475,0.47420835,-0.109138645,-0.5023328,-0.3927229,0.26968083,0.11258952,0.47829276,0.20210524,-0.19693713,-0.020473208,-0.8151621,-0.22958408,0.031901527,0.0066429223,0.3943133,0.42689204,0.40784782,-0.51070493,-0.47186044,0.23532061,0.15948947,-0.28272495,0.49398565,0.8221345,-0.5783787,0.34053248,-0.20650047,0.35385737,0.5632114,0.068393,0.31078795,0.47410446,-0.58433783,-0.835888,-0.2508526,0.4730482,-0.32451662,-0.32879415,0.3362701,0.13198736,-0.3230885,-0.22823793,-0.15646803,-0.5752352,-0.6165757,-0.36782748,-0.07922812,0.1289483,-0.4542163,0.19444118,0.30484274,0.103266425,0.22481884,0.08119249,0.03600202,0.05666445,-0.024894644,0.1248248,0.5467583,-0.1640837,0.27076378,0.37778226,0.22703734,-0.48667076,-0.06944582,0.24179871,0.37496412,0.07391143
OAS1_0214,-0.8531673,0.11226959,1.2786698,-2.2764657,-0.10747307,-0.6583161,0.23398353,0.83735865,1.5268261,-1.0060871,0.0775596,1.1321286,0.3376256,0.33686948,1.012243,0.060389552,0.5537405,-0.11324475,0.026325727,0.0071038655,0.6317988,-0.13390712,-0.5003663,0.5891424,-0.21807694,-0.4436599,-0.53971356,-0.31293565,-0.09114504,-0.07581931,-0.2759239,0.12239134,0.19542702,-0.8042712,0.64358515,0.6281105,0.24453554,0.24959338,-0.046190474,0.02802599,-0.0892915,-0.15543596,-0.12032492,-0.89685386,-0.5812822,0.3924495,-0.35306638,-0.38132152,-0.07901938,-0.18936501,0.10024769,0.27713224,-0.780665,0.22975777,-0.3574143,0.2107076,-0.5122751,-0.11932368,0.03999633,0.6529375,-0.014009509,0.19906437,-0.72627103,0.18848056,0.4699215,-0.17205608,0.18584597,-0.6730639,0.67415047,0.32218432,0.40127102,-0.062168732,-0.271311,0.89951426,-0.30174744,-0.2365961,-0.48584408,-0.06491939,-0.23361626,-0.8571502,0.5270052,-0.6347858,-0.20777078,-0.0714072,0.7338177,-0.5558971,0.29026142,-0.1281245,-0.024279475,-0.09149945,0.54069716,0.054952607,0.45500824,0.30602467,-0.2167866,-0.3167564,-0.073416956,-0.3463986,0.3724623,0.24311377,-0.10272812,0.6249019,-0.39373505,0.4476039,-0.27050465,0.14103436,-0.7408695,0.47732797,0.26505432,-0.5075803
OAS1_0216,-0.95290893,-1.1825956,0.51968503,-1.3877729,-0.8706107,1.7009352,-0.7990023,-0.77311194,1.1986797,-1.330469,-0.67796326,-0.028115403,0.36024633,-0.053892523,0.72898805,0.38291922,1.1082909,0.4680529,0.14433512,0.7880951,-0.6270817,-0.41140947,-0.12557836,-0.55145746,-0.06884947,-0.12109469,0.044156436,0.13507561,0.12927692,0.43787667,-0.47814843,-0.29145858,-0.019048996,-0.055862624,0.68190205,0.40374574,0.29548508,-0.40008116,-0.26925084,-0.31685063,-0.08459825,0.23574461,-0.72792226,-0.32003465,-0.40763855,0.1874136,-0.316393,0.10024869,0.0794663,0.07494798,0.33590493,0.527926,-0.029209407,0.31626937,-0.0507522,0.38265982,0.653749,-0.61209744,0.24495395,-0.27507004,-0.22829762,1.0682539,-0.343825,0.23656055,-0.12377614,0.29209447,0.021276638,-0.25843298,-0.13898316,-0.33899236,-0.9185996,-0.21153261,0.1785362,-0.08472239,0.3297157,-0.5508534,-0.37493926,-0.03473687,0.10644154,0.41299102,0.34164166,0.6114042,-0.10819704,-0.25122276,0.042223804,-0.44505665,-0.1408641,-0.20569828,0.092590705,0.25577343,-0.20126875,0.26031044,0.62181664,0.35006994,0.2120506,0.2125815,-0.19230008,0.41117132,-0.17246148,0.61662394,-0.07107192,-0.17341481,-0.5268029,0.29132748,0.3071662,-0.28053692,-0.12875439,0.28198954,0.07146798,-0.22140434
OAS1_0217,-0.70033807,0.06453272,-1.0497112,1.2484918,0.6019375,-0.5386555,0.029596055,-0.78610843,-0.26532745,0.08952638,0.11572485,0.7382852,-0.47812167,-0.26750523,-0.40243182,-0.30215335,-0.19231607,0.8237358,0.35636124,0.59484637,0.58504677,0.03768349,0.6721692,0.7158918,0.2577196,-1.0088801,0.5414602,0.15086646,0.53316694,-0.06652502,-0.22324601,0.507523,-0.4614623,-0.028505275,-0.53749895,0.45931554,-0.19539145,-0.27717513,-0.114938244,-0.6402624,0.48746938,-0.026154494,-0.47430927,0.16987097,0.23380026,-0.16204932,-0.25283447,0.35509604,-0.67540205,0.13436873,0.034952346,0.27245417,-0.7357679,-0.5719394,-0.3499773,-0.33253545,-0.3499871,0.0045892186,-0.46744707,-0.030876318,-0.11871193,0.052130293,-0.6769461,0.03870606,0.25457093,-0.17400505,-0.27339122,0.6059098,0.7155017,-0.112592004,0.023838641,0.27301106,-0.08641697,-0.6814771,0.32306856,-0.05986211,0.89412194,-0.043008905,0.065399215,-0.13540636,0.3078396,-0.63626486,-0.14596103,0.4012508,0.15653394,-0.010294143,-0.14094235,-0.21773179,0.061335053,0.1236937,0.17087437,-0.62711054,0.04703106,0.017216746,-0.1394774,-0.39662933,-0.8969327,0.21742186,0.21557316,0.24572675,0.14953294,-0.43849885,-0.15545318,0.06996755,-0.15725821,0.059129667,0.2371698,-0.18502842,-0.21095619,-0.046230834
OAS1_0218,2.4969943,1.3333784,0.7623087,0.3400439,1.4628108,-0.62943995,-0.065457426,0.08077629,0.8891205,-0.39161724,0.7320626,-0.9598158,0.73200107,0.47384214,-0.6514539,0.114066646,-0.24852474,-0.05430421,0.21505922,0.03670077,-0.34826687,0.55032206,0.22461042,0.6331134,-0.27850333,-0.17807159,-0.024193976,0.32400024,-0.6606372,-0.13091254,-0.19708923,0.5133457,0.040081687,0.086275846,0.43772948,0.4960947,-0.042781156,0.38981164,-0.4112995,-0.1707222,0.1074663,0.95915073,0.23229729,-0.6551779,0.46252206,0.2788614,0.20699763,0.2948173,0.3806381,-0.28886887,0.267274,0.044667505,0.14303292,-0.14402755,0.32982016,-0.28064662,-0.01971607,0.21349703,0.19218151,-0.16823874,0.27416182,-0.2548182,-0.04435641,-0.19558409,0.18409008,-0.22518903,0.008910955,0.14583011,-0.5318978,0.08837532,-0.11613377,0.26909268,-0.42181054,0.20469163,-0.065225326,-0.4043833,-0.1861412,0.11656115,0.645427,0.095770314,0.46842387,0.59726614,0.15312319,-0.21340191,-0.12511447,-0.19213112,0.048420493,0.7515547,0.46743733,0.14401336,-0.18963413,-0.1210167,0.1702188,-0.51182294,0.20915799,-0.47918698,0.3870388,0.34331027,-0.26809618,0.62241054,0.48166707,-0.0802145,-0.0037195573,0.3418597,-0.37892798,0.24450785,0.11283076,0.18929626,-0.20642711,-0.105519935
OAS1_0220,-0.47605485,-1.7315629,-1.1532078,0.031754352,0.53138536,0.09951132,-0.44705588,-0.24471988,0.60561734,-0.55925584,0.4748379,-0.15406398,-0.26298213,-0.40951836,-0.9349887,-0.47613984,0.87521386,-0.09454928,-0.3196561,0.8215726,-0.36802822,0.3690812,0.23310113,0.5465835,-0.095122606,0.3053854,0.305135,1.1598157,0.1572722,-0.6397849,0.35753044,0.8210797,1.0566236,0.23125577,-0.6581972,-0.012268685,-0.06945716,-0.9642772,-0.4293697,0.15757178,-0.018916268,-0.22635593,-0.322118,0.32755643,-0.7701386,-0.14239036,0.4358,0.3655558,-0.27556142,0.07800449,-0.17755817,0.09717327,1.126251,0.012075028,-0.12414518,-0.2556531,-0.62262785,-0.4333827,0.17102402,-0.00097355084,-0.35838595,-0.3271514,0.113003016,-0.46015093,-0.14195754,0.36388445,-0.02387781,0.20040476,-0.12014925,-0.7776363,-0.25527796,-0.089136995,0.5537147,-0.37220436,-0.30467972,0.3727868,0.26321635,0.33797085,-0.5508136,0.07285412,-0.5887774,0.05213163,-0.09190542,0.13639149,0.416076,-0.04495555,0.09544074,-0.6226421,0.15041083,0.33976293,0.29390955,0.58335793,-0.092361346,-0.020488003,-0.7631784,0.15580896,-0.16519433,-0.2355892,-0.3035574,-0.5059969,0.093664326,0.0882548,0.1146217,0.3609827,0.44149706,0.2635768,-0.17642851,0.28236982,-0.037348673,0.28428462
OAS1_0221,-3.1271095,-0.75557923,0.87460136,-0.19368604,0.08935003,1.6408678,-0.48231006,0.57392675,0.17752938,-1.1015476,0.4362726,-1.0539443,-0.14274393,0.25512916,-0.61285204,0.038253285,0.90425926,-0.18747957,-0.45618385,-0.1402694,-0.016387371,-0.66608584,1.0821475,-0.82149607,0.07707938,-0.00802465,-0.059163578,-0.12322981,0.9460447,-0.20422816,-0.0057381922,-0.6223139,-1.531019,1.1528596,0.6855772,-0.5830951,-0.17638966,0.7615932,0.36973044,-1.2126994,-0.34181693,-0.35781157,-1.0554284,-1.279666,-0.13693939,-0.13175432,0.0039857035,-0.13344696,0.57741207,-1.5724597,-0.44873914,0.19373757,0.09205551,-0.81132615,-0.8152898,-0.031578425,0.16519526,-0.33763117,1.0947608,0.22438887,-0.504156,0.40938511,0.08180568,0.49415207,-0.51785517,-0.6706104,0.59241813,0.37134573,0.15713309,0.12145957,0.36507675,0.39366618,0.2123422,0.21217379,-0.0074943076,-0.52744853,0.78907275,-0.39729077,0.4836361,-0.2445485,0.7152815,0.068145886,-0.17977795,-0.21768704,0.046926256,-0.27398568,-0.22583449,0.812564,-0.025854455,0.5065192,0.12077299,-0.5597296,-0.1616866,-0.24313389,0.2509651,0.46953195,0.07478548,-0.25136817,0.7928253,0.20843437,-0.039491184,-0.08003518,0.68649876,-0.31913432,1.175779,0.12936904,0.6409032,-0.11092804,0.15150417,0.5437768
OAS1_0222,1.8724638,2.514489,0.5159237,0.558869,0.08492854,-0.6027032,-0.2543073,-0.5053338,0.42467168,1.0518563,0.3312144,0.1402486,-0.27326608,0.27741623,-0.462047,-1.4342296,0.99732554,-0.5025553,0.04522668,0.22923079,0.44240072,0.5624137,0.505136,-0.2741763,1.1085585,-0.29832828,-0.3840089,0.08142297,0.5741915,0.296262,0.1884327,0.67289716,0.13314126,-0.058181547,1.0241314,0.12837505,0.37172532,0.17440143,0.18716033,0.39040515,-0.0017856002,-0.09033062,-0.61114705,0.11906561,0.82907933,0.33939603,0.11890852,0.7778984,-0.31108886,0.446403,-0.075538985,0.42791504,0.12969314,-0.49633798,0.25244537,-0.24956353,-0.43762174,0.6485641,-0.03003918,0.59975934,-0.13916151,-0.30151105,0.052974176,-0.23865458,-0.47894278,-0.26491475,-0.43024048,-0.18715374,0.79120386,-0.5289054,-0.20678169,0.13078234,-0.172948,0.2527531,0.61305183,0.65077233,0.051639296,-0.24425316,0.066701695,-0.07384706,0.08595,0.20596682,-0.2897038,0.0020196685,0.36799082,0.4260946,0.20083582,0.34331316,-0.5559049,0.30304447,0.507667,0.50948185,0.5153772,-0.10592968,0.13689817,-0.17089602,0.337851,0.075161,0.39079928,0.43430096,-0.21686152,0.056766573,-0.19905534,-0.37267217,-0.31040555,0.1827758,-0.09549046,-0.00095324765,0.025856359,-0.03913728
OAS1_0223,-2.3602319,1.112974,-0.98265254,0.44814777,0.5437702,-0.42174643,-0.06487665,0.49486434,-0.6073395,-0.32841754,-1.3677975,0.03169694,0.53007543,0.3591565,-0.06774992,0.1304495,-0.35155413,-0.791658,-0.61058706,-0.32055676,-0.31723514,-0.3478699,-0.20392342,-0.2115629,-0.35853457,0.057376087,0.24410245,-0.17656437,0.17892863,-0.41946715,-0.4055617,0.43929774,0.65062296,0.6498671,-0.2529843,-0.012182117,0.22099786,1.0899109,0.5042984,-0.0022002128,0.18387935,0.22628494,-0.5590327,0.14125016,-0.1065241,-0.48513776,-0.3753123,0.2378334,0.07086536,0.45095766,0.7524669,0.09242138,0.31741318,0.49894273,-0.29379332,-0.08825859,-0.14167498,-0.14133348,-0.43714708,-0.03227203,0.27499366,-0.11241702,0.18408993,0.26754332,0.048445627,-0.44811678,0.14457853,-0.34160498,-0.06250216,0.31478158,-0.63375515,0.082658015,0.32925767,0.47723994,-0.037812717,-1.0794702,-0.4823229,-0.2723173,-0.2684078,-0.086401924,-0.26622695,0.22048643,-0.11479977,-0.35036135,0.5670313,0.35740533,0.11532717,-0.81101185,0.48313898,0.20240147,-0.42353743,-0.1330228,-0.39141634,-0.102566436,0.26075193,-0.36751726,0.11588615,0.5388592,-0.28946644,-0.2910577,0.22079057,-0.39968342,0.07099489,0.070131555,0.35673496,0.023245532,0.15952082,0.0035450284,-0.20087734,-0.1422753
OAS1_0224,1.1784984,-1.6611102,-0.49208364,0.15892541,0.054763526,1.5401434,-0.030964464,0.21052794,-0.16003387,0.04186498,-0.3054603,-0.9371502,-0.8393152,-0.019891486,0.5478759,0.83206904,0.08267719,-0.5554141,0.31794629,-0.30517453,0.5208463,-0.06131941,0.030848285,0.6382323,-0.7232696,-0.35839608,0.10377323,-0.10688097,0.37980777,-0.6059214,0.6153322,0.5267391,0.1348215,-0.36434698,0.044073988,0.26194316,-0.09021086,0.15454496,0.5087276,0.3705981,0.78069514,-0.3344258,0.5871627,-0.233045,-0.1824475,0.36485067,0.25759634,0.43442857,-0.64810663,0.19563463,-0.23303533,-0.041018005,-0.6201428,0.34087276,-0.25589144,0.3331632,-0.7776953,0.1483107,0.6989502,-0.2218231,0.32185233,0.50531566,0.053215593,0.16158432,-0.089978285,-0.2735389,-0.15651996,-0.5708929,0.14360864,-0.027772512,0.21694082,-0.55142784,0.72897774,0.1645953,0.23581013,0.7417972,0.04286971,-0.10016441,0.24147274,0.5985252,-0.19114442,0.25810012,-0.29292917,0.09253273,0.45573562,0.24116336,-0.6328384,0.5822323,0.060482655,0.29529053,0.4755571,0.4974474,0.39321512,-0.13550112,0.27915236,0.18262598,-0.13747692,0.3252972,-0.35594618,0.057702065,-0.26947987,-0.40910044,-0.026212102,-0.06837878,0.055664238,0.38558304,0.56672686,0.071864836,0.23300985,0.3841728
OAS1_0226,-2.9930768,0.86631846,0.14672942,-1.5087155,-0.12954062,-0.33554178,-0.041744288,0.2085863,0.47815812,0.74254876,-0.31801236,-1.4264479,-0.38166323,-0.6987541,0.4964967,-1.2958341,-1.3643392,0.76544946,0.27271584,-0.024841186,0.23173524,-0.052540217,0.61658645,0.21908706,0.05043803,-0.5167511,0.11897269,-0.7565488,-0.046665195,0.3656601,0.8065321,-0.80251896,0.05648726,0.13394077,-0.15245911,0.19247133,-0.44292927,0.6953376,-0.18294008,-0.17821439,-0.5244649,-0.13384709,0.19582292,-0.015498378,-0.22597158,-0.14707363,0.52483416,0.069682315,-0.10115845,-0.21502015,0.023284972,0.001898993,-0.3284576,-0.4423381,0.14477631,-0.72222716,0.42583612,0.054799505,0.20331447,0.22259466,0.21054427,0.4566024,-0.15149032,0.6418531,-0.11717676,0.32750762,0.26347348,-0.06443836,0.34237367,-0.81625897,0.15920863,-0.16898218,0.19679934,-0.067452446,-0.0062798895,0.4660703,0.43633997,0.32131788,0.25108433,0.24305195,0.3461708,0.19997612,0.67127806,-0.14842026,-0.5783308,0.12409818,0.21016727,-0.2741031,-0.37615693,-0.33757386,-0.34051797,0.15273511,-0.09443712,-0.2311608,-0.13010481,0.99122036,-0.2014808,-0.016070984,0.23267592,0.022570027,0.26206428,0.26790676,0.18022262,0.114136234,-0.7023398,-0.35936296,-0.31015244,-0.06951031,-0.35747328,0.01173771
OAS1_0227,1.8677232,2.739734,1.0146773,0.7051328,0.7458035,0.21405588,-0.64172345,-0.5852127,-0.21583094,-0.6465288,-0.46798855,-0.66884726,0.10318398,-0.41562706,-0.7749347,-0.95376045,0.4675725,-0.34292957,0.43207112,0.40160245,0.09838517,-0.39985174,-0.17506811,0.073251754,-0.56992835,-0.20646937,-0.103910066,0.7624469,0.41758177,-0.10027642,-0.5213018,0.18561661,0.05193773,0.10211918,-0.00023694559,-0.44135126,0.45867667,0.2836523,-0.35269397,-0.9546793,0.29963484,0.03350145,0.55724823,0.33888927,-0.40290958,0.09438009,0.032715436,0.24567017,0.79198974,0.27982837,0.3233763,-0.45947257,-0.12399629,-0.5201183,0.36600843,0.51279753,-0.06307758,0.40205014,-0.090101235,-0.3180761,0.41381156,0.46249273,0.060691617,0.086865604,0.852303,-0.35031268,-0.1922137,-0.1965593,0.18183617,0.049918476,0.1630144,0.10211711,0.0873886,-0.5856706,-0.13530989,-0.011446806,0.23617738,-0.13049051,0.15967149,-0.033425093,0.12664789,-0.14501372,0.71792954,-0.41139036,0.17485744,-0.036080055,0.021744028,-0.39219546,-0.4445348,-0.51644397,0.40277547,0.2582654,-0.35594282,0.5526407,0.16615438,-0.15101625,-0.68333673,-0.22059257,-0.40957016,0.059402768,-0.7001806,0.27986062,-0.49025872,-0.30896786,0.049953885,-0.39651853,-0.37879446,0.06537342,0.39443645,-0.2858688
OAS1_0228,-1.3060771,-1.3815466,1.7685226,-0.45607093,-0.16676787,0.6808551,-0.19245866,0.017969202,2.2648556,-0.276212,-0.7025559,0.1862032,0.35986632,-0.54211736,-0.32535383,0.92605346,1.035466,0.65300006,0.46995932,0.18290676,0.38871765,-0.18385307,-0.3492348,1.0341959,0.8831668,-1.002737,0.4072826,-0.7688574,-0.4316686,-0.16771162,-0.50012624,-0.6799855,0.3777429,0.36608925,0.63260764,-0.4215664,0.24756896,0.08444903,0.8892935,0.23789538,0.2361465,-0.24789779,-0.2380364,0.47000483,-0.07536516,0.600143,0.06894453,0.10400116,-0.11955914,0.12775967,0.38056916,0.38395903,0.05681482,-0.22436967,0.039364677,0.103465766,-0.12104092,-0.09399151,-0.12658803,0.31749555,0.64735156,0.6345333,-0.0061221644,0.2007916,0.39809188,0.4789793,-0.250559,0.25885946,-0.38754815,-0.56861216,0.061143618,-0.37255198,0.037566278,0.52278954,0.6710624,-0.0016096839,-0.10196326,0.14204854,-0.045320716,-0.60334283,0.14591023,0.01259336,0.17612414,-0.100282036,-0.099554725,0.37764502,0.015760105,-0.11778743,-0.05705235,0.3396958,-0.15106684,-0.87492704,0.33855137,-0.27782515,0.07007075,0.018279193,0.20380574,0.46955273,0.12946308,-0.33341455,-0.1097643,0.6857955,-0.18364306,0.016287196,0.06795244,0.1340056,0.63749224,0.21665914,-0.11789046,-0.11973029
OAS1_0229,1.5670826,1.5998476,0.5794017,1.1004491,-0.39601353,-0.3331886,-0.29706553,-0.055090044,0.6012175,0.44536078,0.35591367,-0.6853337,0.2556631,0.8924899,0.49669692,-0.3551828,0.46388933,-0.16170841,0.18607406,1.2024777,0.45250943,0.12049912,0.32513428,-0.17200729,-0.04364385,0.14166752,0.7191879,0.8746476,-0.2956106,-0.7413816,0.14087123,-0.20529222,0.3664833,0.006558964,-0.3023518,0.31459546,-0.12248966,-0.36752993,0.30080116,-0.21459109,-0.3715739,-0.12679392,-0.10430287,-0.25804642,-0.23368065,0.5249862,-0.18500772,0.6657401,0.39610302,0.4255388,0.51452583,0.80079055,0.7224362,0.06590555,0.3643341,-0.32035127,0.68426937,0.18740338,0.057612587,0.0851326,0.39021403,-0.1443078,0.28557476,0.39789444,-0.8494068,-0.16878058,-0.5726007,-0.2595688,-0.15585922,-0.7989137,0.2547232,-0.14778541,-0.20608449,0.06694917,-0.36025056,-0.11169958,0.07089317,-0.42842814,0.21490736,-0.3331428,-0.04129877,-0.028699528,-0.19921793,0.18523867,0.16000049,-0.20440793,-0.064217225,-0.36368188,-0.2227914,-0.005568778,-0.38807702,0.16563125,0.12206735,0.7089408,-0.025092945,-0.25097433,-0.11587123,-0.06966719,-0.3966294,0.0715828,0.4591044,0.4100125,0.33027583,-0.1701575,-0.1718706,0.10413529,-0.051097192,-0.009709273,0.21582407,-0.598005
OAS1_0230,0.864434,-0.7973472,-1.0046667,-0.50227624,-0.0114915045,-0.27244988,-0.17242683,-0.036554236,-0.3642172,0.16959573,0.12334713,-0.3247137,-0.4422854,0.6873494,0.21191004,0.25359902,-0.72944564,-0.92485213,-0.08823409,-0.44141635,-0.13692935,-0.12371547,-1.013737,-0.052221037,0.21463029,-0.0058418903,0.4758401,-0.12863632,0.13421875,-0.54189074,-0.35479122,-0.20764953,-0.45508865,-0.0015095659,-0.11905053,0.31865185,-0.2926512,0.16538091,-0.47360116,0.1591541,-0.026731962,-0.3167361,-0.22615884,-0.7451875,-0.041040927,-0.11913512,-0.4898827,-0.08870223,0.2045656,0.12562385,-0.45584884,0.2528321,-0.29983047,-0.5557735,0.89211684,-0.30802685,0.13106884,-0.13948008,-0.49998802,0.2011907,0.48243546,0.116423085,-0.016837193,-0.38666156,-0.30678266,0.39260396,-0.19940929,0.25140882,-0.32033813,-0.22845162,-0.19632626,0.11002101,0.73368347,-0.44874838,0.26075646,0.057888735,0.4051369,-0.019404255,-0.39033002,-0.40147838,-0.22535273,0.39489156,0.14392526,0.1792939,-0.3635557,-0.34121212,-0.03066846,-0.04536701,0.17909402,-0.059747517,-0.109557636,-0.19407599,0.23019704,0.3968201,-0.24232036,0.433792,-0.042643655,-0.13674831,0.32470328,-0.027320018,0.4896127,-0.17407607,0.2305668,-0.020182628,-0.18535504,-0.53744084,0.35901442,0.24532798,0.46608165,0.010625934
OAS1_0231,-0.34116417,-2.8949838,3.595,0.38315555,-0.5860963,-1.5836875,1.2421215,0.37989458,-0.82714415,-0.33284867,-0.5263935,-0.3834832,-0.5119048,0.53262985,-0.4157292,-0.5569037,0.60345036,-0.21828282,-0.39707896,0.08139342,0.1372103,-0.39960244,0.21257348,-0.14216955,-0.67161626,-0.086360365,0.38083383,-0.37210682,-0.5483353,-0.7143352,0.30496606,-0.3294503,0.38463798,-0.122536466,0.03576281,0.2586216,-0.587978,0.00039810958,0.21480674,0.27382648,0.53772455,0.01857323,-0.3491402,-0.24943918,0.067163736,-0.3845611,-0.12608668,-0.29079187,-0.70745075,-0.109660804,-0.10494161,-0.08056068,0.14057018,0.05809415,0.17813773,0.20201088,-0.21606201,-0.13338307,0.0041221636,-0.15307583,0.4109355,-0.060321152,-0.13465987,-0.25265115,0.079035394,-0.17898294,0.05316315,-0.47618958,-0.38466272,-0.05733407,-0.7338599,0.18811691,-0.08178219,0.37852302,0.25324374,-0.030091621,0.037076924,-0.08442109,0.33741122,0.10779416,-0.10113866,-0.53642386,0.068024024,-0.5018631,0.18419832,0.5131697,0.1344746,0.14409173,-0.03996533,0.19992912,-0.12960653,0.08950141,-0.0042955773,-0.0011193749,-0.060001552,0.21656102,0.1151833,-0.46574038,-0.53678495,-0.17989188,-0.102458864,-0.4333673,0.10130912,-0.12575652,-0.34386712,-0.4800236,0.06632502,0.36545542,0.03505579,0.07550613
OAS1_0232,0.80896866,-1.1320403,-0.78829974,-1.0099323,0.98355454,-0.6453454,0.8578779,0.3948033,0.34074157,0.01970928,0.595274,-0.049170572,-0.35759646,0.37499884,-0.4457145,0.13531032,0.51433253,-0.58071214,0.0117699085,0.017265812,0.39606133,0.48501405,0.18653066,-0.34511742,0.0021823521,0.15275544,-0.04107911,0.48180747,0.0030274806,0.04538642,0.79142064,0.039124336,-0.22372484,0.04692854,-0.39067003,-0.73031604,0.0006802101,-0.16665593,0.43366623,-0.15556772,0.143833,-0.59131885,-0.39096284,-0.35310346,-0.58611274,-0.33652377,0.15466896,0.14565438,-0.70025903,0.6926853,-0.19610256,0.07824663,-0.20286284,-0.40233466,-0.4586518,-0.24169284,0.60306716,0.57003945,0.31298774,0.05337884,-0.50159156,-0.10548085,0.24246822,0.07282171,0.08192372,-0.08626503,0.6199539,-0.54430383,0.024548927,-0.3149011,0.08362457,0.13694933,0.22408277,0.4272711,-0.169559,-0.4242266,-0.85136664,-0.6235025,0.006646248,0.46378702,-0.36864594,0.7579414,-0.33496207,-0.5148921,-0.13581279,-0.31147546,0.10357305,-0.12632723,-0.42368612,0.0740952,0.42517966,0.50035673,-0.007237264,-0.48956332,-0.36216095,0.29697996,0.028283231,-0.19291642,0.254233,0.15259594,0.83805335,0.15680858,-0.17414036,-0.6614055,0.17612904,0.43083763,0.2673236,0.15434301,0.7871713,-0.05881794
OAS1_0233,-2.6019037,-0.11273618,-0.880159,0.30296063,-0.54524046,-0.6213763,-1.232427,1.1932786,-0.4984975,0.35689437,0.2049484,-0.91521007,-0.29011753,-0.34427395,-0.2866052,-0.5544139,1.1691166,-0.28279886,0.2525418,-0.82593125,-0.279768,1.0318582,-0.073107325,0.10053905,0.30676603,-0.35189033,0.6141188,-0.13011724,-0.73850447,-0.019455735,0.53485084,-0.731365,0.4932128,0.22189541,-0.57202303,-0.57614386,-0.10913603,-0.9702718,0.32680365,-0.35788387,0.22984761,0.09047656,0.2522241,0.00876719,-0.4437997,-0.046434563,0.07147539,0.7140162,-0.20916423,-0.32831383,0.5947742,-0.2926174,-0.13749152,-0.0033687819,0.41457146,-0.22650349,0.27900705,-0.24629691,-0.897256,-0.2595061,0.53068197,0.07037852,-0.52681804,0.15156111,-0.33734116,0.57608855,-0.041044187,-0.6080801,-0.09109669,0.4319188,0.07392266,0.61186105,0.15049358,-0.3429627,0.46797726,-0.221344,0.15712704,-0.5932736,0.08248984,0.1996996,-0.15308417,-0.10957399,0.119442135,-0.043521304,-0.3900844,0.33275908,-0.16931899,0.6948687,-0.1533087,0.57864934,-0.29369825,-0.20796546,0.37610853,-0.043357622,-0.31995466,0.057732623,-0.579076,0.19170417,0.33921123,0.41766828,-0.109726995,0.034459714,-0.3010942,-0.058851767,0.50113946,0.13548619,0.039329316,0.035897776,0.16186687,0.16532658
OAS1_0234,-2.9674766,0.5943603,0.9232445,-1.5451176,-0.6831214,-1.3273109,0.18950124,-0.4557901,0.86150813,0.5217873,2.3634624,-0.41142264,1.1294224,0.8368644,0.7197795,0.28945535,0.83004075,-0.1292916,0.7548405,-0.5048685,0.060259975,-0.5108838,-0.39947957,0.34259334,-0.10487158,-0.18313313,-0.26041174,0.96163976,0.9293972,0.07746539,-0.38115495,0.4733718,0.64727414,-0.16333354,-0.23423117,-0.50330096,0.48300844,0.4505853,0.5455573,-0.19008088,-0.25740865,-0.040405504,-0.18251808,-0.7979845,-0.497353,0.13956597,0.15247981,-0.3112078,0.5756166,0.5614847,0.03236283,0.118047126,0.002406832,0.6539666,0.352633,0.34860134,-0.6695398,0.038929027,-0.018236222,-0.20644583,0.40323117,0.058275018,0.18959397,0.013587764,0.14126404,0.26746187,-0.48661494,0.22148024,0.09722169,-0.23683283,0.01873476,-0.2949635,0.27905732,-0.6750068,-0.61628366,-0.09340369,-0.23363502,0.2999197,-0.4641192,0.58079267,0.24163525,-0.21125726,0.7697759,-0.00041984222,-0.14729328,0.16120112,-0.036213946,-0.0054521686,-0.2088717,-0.23848246,0.017528024,-0.026266642,0.28759947,-0.49328303,-0.38596043,-0.11125794,-0.04905253,0.13752316,-0.16853574,0.31069413,0.31264776,-0.2515356,-0.38023552,0.43043536,0.12895603,0.07568135,-0.009793092,-0.477193,-0.14926854,1.0714084
OAS1_0235,1.2693648,-0.17776738,0.28049928,-0.0069192536,1.2308213,1.4738928,0.31077576,0.792543,-0.24969575,-0.2961361,0.2534097,0.69143516,-0.20949979,0.0797356,0.15131271,-0.19413851,0.81574905,1.4265348,0.4066935,-0.91835207,-0.038363203,0.23344453,0.07780885,-0.024485007,0.31805304,-0.572477,0.6965831,-0.45285544,0.554163,-0.19468452,0.41019586,1.0151976,0.18318935,-0.31067035,0.27479228,-0.39226165,-0.5277692,0.20581909,0.7040435,-0.27900484,-0.6532162,-0.09005052,0.21830657,0.5950008,-0.104079925,0.2811732,0.04179167,-0.40647462,-0.30336076,-0.19891556,-0.25938383,-0.6923305,0.1179003,0.06709801,0.04429223,0.41350532,0.6606214,0.06594556,-0.07185472,-0.17016879,-0.3699173,-0.22398719,-0.1302649,0.33774105,-0.7361357,0.83381665,0.35053384,0.15323347,-0.08879757,-0.16219497,-0.26891613,-0.18278897,-0.73121333,-0.05794613,0.014773889,0.077810295,-0.6425631,-0.6220503,0.10121554,-0.20382972,-0.5319746,-0.13796444,0.2539606,0.08654555,0.053693026,-0.4892112,-0.23574533,-0.20870891,-0.38430646,-0.2135614,-0.06355571,-0.05396497,-0.083719306,0.02444799,-0.11181873,-0.36304617,0.36505395,0.21130896,0.1905443,0.44679424,-0.63257605,-0.0025166906,0.041082714,-0.08705002,-0.5250077,-0.44726783,-0.10972867,0.74677104,0.014059541,0.33875352
OAS1_0236,0.8783836,-0.1871603,0.7494071,0.31229523,-1.5895721,1.297083,0.7054556,-1.1004627,-0.97759855,-0.26915646,-0.07029538,-0.1200855,0.654511,-1.1785899,0.11394899,0.32903874,0.2702983,0.05686065,0.073228605,-2.025346,-0.35314402,0.032652978,0.4348054,-0.2503626,-0.48147133,-0.5042955,0.5099384,-0.2639201,-0.14830613,-0.8434849,-0.3458293,-0.27333492,0.20085023,-0.40208963,0.62952876,-0.16218929,-0.9820426,-0.009512192,-0.14176598,0.5859433,0.26323292,-0.87944424,0.13485737,0.00041882307,0.68387806,0.7290335,0.64037174,0.4970673,-0.26413372,0.15337047,-0.02829253,0.37554252,-0.81765795,-0.012050643,-0.12420904,-0.48975524,-0.28947684,0.021696178,0.47534433,-0.044391453,0.4842482,-0.0829741,-0.005732881,0.18104225,0.063630894,0.088553585,-0.18739821,-0.40650547,0.20195106,-0.6867985,-0.28549272,-0.057234976,-0.6566701,-0.0028722126,-0.37746608,0.19880202,0.038283452,-0.56702614,-0.016199926,-0.273707,0.004374587,-0.0533382,-0.011633291,-0.32456735,0.47786376,-0.37437773,0.43475172,-0.2812079,0.18853174,0.08925956,0.4945704,-0.036356557,-0.34844682,-0.22209705,0.13374381,0.12561856,-0.2227588,0.05613373,-0.19831283,-0.057650447,0.27761194,0.73284084,-0.41676673,-0.3118301,-0.07439216,-0.13817814,-0.49919197,0.28118166,-0.27999434,0.26994267
OAS1_0237,0.10846789,-1.0579966,-1.1315265,-0.07042084,-0.3804149,0.09800713,-0.7972226,0.13979124,0.18527862,-0.581639,0.43351123,0.3081112,-1.2210513,0.35840327,0.3723457,-0.45144394,-0.1291386,0.78656447,-0.79047877,0.042291712,-0.16643052,0.278436,0.012796709,-0.76465976,-0.055860147,1.2903392,-0.5064184,0.027677756,0.15091453,-0.18525165,-0.37750444,0.45598313,-0.3057375,-0.23119418,0.27182037,-0.33766544,-0.50605834,-0.3870928,-0.08793914,0.809098,0.010935361,0.99333996,0.92342603,-0.22840369,-0.21655855,0.33699346,-0.007027385,-0.34969935,1.0712793,0.5185888,1.3571557,0.40864712,-0.1405946,-0.25383344,0.35572413,-0.25090313,0.516797,-0.32064238,-0.5104187,-0.17393187,0.5841549,0.1768999,0.4939529,-0.501811,-0.16057685,-0.071216084,-0.013879218,-0.31770137,-0.7891377,-0.053376477,0.08048819,0.15531576,-0.3248221,-0.31077814,-0.0334672,-0.12716824,0.21243292,-0.10973979,-0.45803714,-0.2717956,0.02781844,-0.119715735,0.21958661,-0.42786288,0.6129937,-0.24717246,0.32828456,0.3736413,0.3923684,0.32113037,0.053610153,-0.6200363,0.016472893,0.06749929,-0.53204966,0.0613224,0.31690115,0.3078827,0.22318819,0.7143624,-0.09774755,-0.24915594,0.09511858,-0.41954783,-0.12317795,-0.38547382,-0.03152803,-0.69177336,0.0044874395,0.37612182
OAS1_0238,-0.061633375,-0.35523167,-1.032951,0.7125604,-0.22131081,-0.757035,0.17981298,-0.5119427,0.4286473,0.5915252,0.027696291,-0.41988087,-0.13100305,0.41927838,-1.0845578,0.05759614,0.11751486,0.49040017,-0.3677352,-0.14718935,0.37861595,0.7544819,-0.228542,0.12592432,0.096804455,0.087070234,-0.2952527,-0.034311857,-0.18275987,0.55532455,0.13557911,0.8424698,-0.8167764,-0.31640315,0.88479805,0.32253572,-0.26706845,0.001501541,-0.67218024,-0.09799558,-0.6235204,0.35470214,0.74683076,-0.39592195,0.09804704,0.29888764,0.054952797,0.7778774,-0.10727236,0.43890268,0.13114019,1.0885495,-0.09540585,-0.15411049,0.5259783,0.4718544,-0.53976375,-0.112413876,0.5176279,-0.1517694,0.5126033,0.40498808,-0.373981,-0.17070757,-0.17910191,-0.015965369,0.16060023,-0.05307269,0.15788303,0.5457601,0.519836,-0.3990444,-0.07670506,0.034591597,-0.33800098,-0.645194,-0.35273534,0.87872326,-0.54757816,-0.40502232,-0.1804231,-0.20545723,0.03435109,-0.23093373,-0.40904307,-0.21900639,-0.17235021,0.221372,0.30725947,0.55810434,0.2473982,-0.037429705,0.1364162,-0.114132896,-0.07373208,0.20559753,-0.0037654818,-0.36008874,0.046106875,-0.75803417,0.10094879,0.07415275,-0.095954835,-0.23184773,0.2569672,-0.2307684,-0.58174855,0.3187907,0.39116427,-0.3277574
OAS1_0239,1.0978926,-0.5398867,-0.2858366,-0.25507307,1.3750572,-0.7231608,0.6377416,-1.2282847,-0.43281487,-1.4712956,-0.040519502,-0.066027254,0.7943575,0.288475,-0.29435498,0.17158288,-0.08536324,-0.3436818,0.8241485,0.2204897,-0.28583682,-0.34421507,0.30084115,0.17031169,0.45227477,-0.13459326,-0.82506645,-0.3085652,-0.31418303,0.16550496,0.38849056,0.10601663,0.33094135,-0.62178606,0.43090552,-0.0878585,0.46269166,0.20144764,0.25330412,-0.14709035,-0.10426538,0.26635152,0.013951007,0.44288406,-0.45048866,-0.15582003,0.62669533,0.5117771,-0.71382236,0.34987712,-0.31378955,0.061488084,0.67843056,0.098357834,-0.039647587,0.3287408,0.1983822,-0.42197862,-0.067593455,-0.09268836,-0.1457118,-0.28163072,-0.042752083,0.0623708,0.4354957,0.2833293,0.0030366345,-0.23171714,0.14265609,-0.30777514,-0.10813357,-0.5108869,0.04379455,-0.46471786,0.22272997,0.37895826,-0.12851879,-0.04676021,-0.24834199,0.29439667,-0.2754138,-0.2466531,-0.031649902,-0.17718595,-0.27082485,-0.090667546,0.3037374,-0.04930511,-0.53456175,0.14251514,-0.2609664,-0.3656674,-0.21130323,0.21138106,0.6642157,-0.6004342,0.023386138,0.63034856,0.5405896,0.0067358813,0.54023767,0.27132788,-0.3162415,-0.34075364,-0.14325318,0.31913593,-0.07490941,0.50565886,0.25743777,0.21537721
OAS1_0240,0.08477813,1.0249814,-0.06600601,-0.3316079,0.47215173,-0.6617106,0.3497409,-0.49240014,0.590771,0.42367977,-0.12373379,0.50763506,-0.67678565,-0.52875453,-0.7586403,0.263673,0.27658346,0.8929681,-0.12980828,0.40832868,-1.2417564,-0.14984708,1.2842438,0.6983275,0.30328757,-0.32371882,-0.29667157,-0.8617535,-0.73563254,0.0017386618,-0.8220314,0.35524422,-0.07023275,0.29114416,0.39474857,0.07504748,-0.34521842,0.26602328,-0.09340659,-0.20226832,0.103151344,-0.44819093,0.81456614,-0.7318082,0.24393502,0.44561982,0.17600149,-0.443112,-0.03728958,0.51175857,0.54072416,-0.33959794,-0.09260031,0.11161766,0.5387514,-0.029128913,0.029645238,-0.20185617,-0.16721506,0.48849237,-0.37623307,-0.2068956,0.27908725,0.14436315,0.45715007,-0.41692272,-0.39131972,0.4726924,0.9037566,-0.87806714,0.014484028,0.7037333,0.12158447,-0.3247,-0.22899343,-0.4287212,0.035737365,0.407299,-0.07774307,0.08215479,0.42636707,0.016740844,-0.63677585,0.014614164,0.54788584,0.25831476,0.011198994,-0.07999409,0.06279012,0.28174353,0.21316166,-0.11801765,-0.032646157,0.5338747,-0.24377114,-0.55837095,-0.1325081,0.20240997,-0.10457629,-0.14066587,-0.14451763,-0.7943675,0.9380739,0.13957216,0.06174325,0.5589212,0.09796506,0.08247969,-0.1642902,0.3384767
OAS1_0241,-0.22230047,-0.44105777,-0.4698112,-0.059792325,-0.20814875,-0.9685718,-0.81904924,0.63027966,0.43790025,-0.27226052,0.08844534,1.096594,-0.07780167,0.054833133,-0.013636057,-0.8156115,0.5318141,0.84230006,0.19010921,0.1725463,0.11310484,0.23599166,0.6391098,-0.04413795,-0.1718599,-0.06558269,0.25897408,-0.19540426,0.66665643,-0.49455914,-0.16147225,-0.65743846,-0.6793131,-0.0707381,0.2260895,0.013126152,0.23743333,0.644647,-0.3345946,-0.30356383,1.0978105,-0.2097928,0.066402435,-0.2801016,0.2469674,0.1543482,0.34854433,0.30102545,-0.73574847,0.080706485,-0.046879586,-0.03751139,-0.46883124,0.17156038,0.4863532,0.0058214916,0.050052367,0.24546324,-0.06267355,-0.08185264,0.3890679,-0.016536199,0.2900283,-0.041546073,-0.30189773,-0.10540297,0.11125045,0.44227365,-0.44325984,0.055913456,-0.16777068,-0.22475131,0.34317872,-0.41882005,-0.45060888,0.6738827,0.0035941077,-0.1813084,-0.003933987,-0.46166727,0.14483346,0.18087421,-0.17176576,0.57072634,0.014235403,0.20975575,-0.41842997,-0.24889986,0.030596681,-0.032171454,0.12621112,0.07152861,0.7698361,0.6045826,0.62946266,0.301567,0.22898813,-0.97639513,0.17645258,0.26727983,-0.023616059,0.12616062,-0.40471625,0.4394632,0.10493702,0.062455565,-0.5551097,-0.36345574,-0.120155714,-0.93525755
OAS1_0243,-0.24650851,1.5504693,0.17644823,-0.7790335,0.4458909,0.077312596,-0.080947876,-0.6392434,-0.64596814,-0.9539488,-0.98188555,0.21104741,-0.7476096,-0.10790591,-0.27206632,0.35214397,-1.26147,-0.22172602,0.13788646,-0.015361439,-0.080645114,0.33289292,0.3132084,0.32385734,0.27049464,0.7598975,-0.40929833,0.5120131,-0.7683024,-0.100812286,0.4759245,0.14251868,-0.28644764,-0.5503421,-0.23640177,-0.027768653,-0.8656267,0.17597125,-0.07090148,0.24795817,0.4190594,-0.25541472,-0.090976186,0.29977146,0.09894642,-0.07363881,0.23669824,0.21374118,0.29947516,-0.21522726,1.2397906,-0.78806764,-0.00858835,0.18281132,0.053458106,-0.87303346,-1.006434,0.30843762,-0.2924708,0.027524687,-0.53420967,0.20072377,-0.46710366,0.14069636,0.42468953,-0.066369765,0.8614016,0.5919707,0.81265205,0.021690741,0.19715048,0.40971452,-1.270426,0.11158656,-0.15756993,0.24912429,0.20629382,-0.5146149,0.053186927,0.47839698,-0.14797872,0.21583374,0.1318202,-0.50819784,-0.1103103,0.16976255,-0.48056257,-0.6658445,-0.4272513,-0.33400854,-0.120532155,0.09956324,0.012975282,0.012564459,0.15132649,-0.052102346,0.1552572,-0.12783185,0.19000266,-0.084765285,0.1682874,0.15206344,-0.037307836,0.6303086,0.7109776,-0.13875799,0.4584592,0.51926965,0.31680974,0.18629418
OAS1_0244,-0.5338993,-0.5366105,-1.65292,1.1901834,-0.075405255,0.51792026,0.15110336,-0.01427429,0.39738253,0.36454988,0.30922464,0.20545846,-0.20968781,0.4137737,-0.58004487,-0.13688965,0.5017844,0.44911498,0.17955475,0.28458977,-0.20620388,0.39667678,-0.4031806,-0.0322504,-0.13653047,-0.340876,0.5354473,0.25541925,-0.8906228,0.2380873,0.03397747,0.27900448,-0.7558252,-0.3947449,-0.036095407,0.232568,0.032693435,0.09003687,-0.45549378,-0.6030645,0.20361592,0.06641506,0.124094926,-0.08655202,0.03992094,0.24660853,0.009071574,0.3888134,-0.2343134,0.24203035,-0.034176685,0.089824654,0.18703766,-0.2376872,-0.41359493,0.17918086,0.3410431,-0.3820777,0.15065233,0.1030513,-0.33263165,0.10725226,-0.25351572,-0.3710191,-0.015829781,0.08368076,0.07737208,-0.11057841,-0.44380987,-0.0960143,0.78104377,-0.2743933,0.04943921,-0.470244,-0.4258704,0.20770031,-0.19872102,-0.15859546,0.46853372,-0.03662482,-0.062708534,0.042707793,-0.3477578,-0.44804537,0.09447119,0.60183287,0.33182535,0.07063213,0.44751626,-0.41298547,-0.07323041,-0.51937425,-0.8223271,0.20557676,1.0056304,-0.15328465,-0.27652958,-0.46440107,-0.12652239,0.069310226,-0.26749358,-0.43844548,0.24765535,0.6595461,0.2828484,-1.0312415,-0.14248265,-0.23556176,-0.31661558,0.13045853
OAS1_0246,1.5103927,1.3800995,0.33734244,-0.3650494,0.7960971,-1.2077975,0.3254211,-0.18790601,0.48510775,0.3529836,0.3930241,0.40049958,0.15475403,0.06621401,0.20952901,0.028694533,0.26612765,0.28449196,-1.3935639,0.7237218,0.33294845,0.5074423,-0.03484237,0.039684847,-0.33488825,0.6628333,0.44709387,0.23381062,-0.6007439,-0.07999181,-0.3581854,0.20122,-0.14724211,-0.19765314,-0.8999255,0.09547337,-0.28580642,-0.24499932,0.15543212,-0.26331067,0.5807845,0.25054753,0.008222462,0.35852385,-0.09674621,0.15092754,-0.21740302,0.26871082,0.51543784,-0.26992202,-0.26007807,-0.3041239,-1.0110182,0.517055,0.55963117,0.31738937,0.622998,0.19253762,0.040449373,-0.19520585,0.3004205,0.17944188,0.13820902,-0.24716745,-0.4491186,0.21833305,0.008450179,-0.117660925,0.08404578,-0.16914938,0.13212292,-0.27724352,-0.007299747,0.5771106,-0.07296103,-0.06444404,0.35823402,0.031763777,0.13912344,-0.022742525,-0.32564044,-0.5899142,-0.233993,0.110660695,0.37966183,-0.26154065,-0.08725509,0.2749722,-0.35524842,-0.034735437,-0.39394224,0.083778605,-0.09137627,-0.08661159,0.4228308,-0.16011591,0.5984701,-0.015044922,0.30063868,0.79837435,-0.40569857,0.3514948,0.07960595,-0.16552168,0.18514341,-0.1177114,-0.20612851,0.1406353,0.28380954,-0.07439396
OAS1_0247,-1.1397625,1.6630138,-0.9433272,1.3142573,-0.64573365,0.059774213,-0.081091486,0.6680501,-0.42285,0.030020816,-0.08479141,-0.28136644,-1.0221858,-0.28621465,0.49708843,1.0348151,0.7485089,-1.0132884,-1.1816373,-0.4468332,0.5420807,0.20429827,0.2710573,-0.31078294,-0.118686326,0.013903559,0.06310168,0.16943102,0.47927466,-0.21905844,0.061249774,-0.012987141,0.48893327,-0.4572096,-0.30641082,0.64723986,0.5069562,-0.07616662,-0.319304,0.12528822,-0.06139283,0.07149555,-0.1402308,0.080281876,0.4540183,-0.8801548,-0.09087177,-0.0352543,-0.16358422,0.60903823,0.022394646,0.02535407,-0.020434745,0.17805852,0.31066394,0.33469018,0.71091473,-0.32132384,-0.2710438,0.030400442,-0.28668964,-0.28844672,0.0706415,-0.25752145,0.2969293,0.124837786,-0.15136509,0.26390582,0.0042362865,-0.03368859,0.2629623,-0.6356004,-0.018254228,0.121164516,0.7493081,-0.031658847,-0.48058376,-0.46021864,0.05050207,-0.19085363,0.05912864,-0.73530465,0.2662948,-0.06768604,-0.3299756,-0.08072735,-0.2101959,-0.06917337,-0.12678623,-0.006180709,0.63982517,0.1589173,0.35685188,0.13175537,-0.19263434,-0.27222723,-0.121274956,0.15565261,-0.2717297,-0.47102192,0.263975,0.19987012,0.4536992,0.072661385,-0.10214809,-0.048084356,-0.31599265,-0.35117334,-0.06670716,0.18056425
OAS1_0249,1.5347161,0.5662599,1.1119491,0.9030797,-1.1775832,1.3931668,0.051374935,-0.100144885,0.0070821703,0.036129277,0.19917789,-0.5089134,0.860563,0.35737276,0.3798301,-0.062223922,-0.77517533,-0.7936656,0.4518909,0.38374567,-0.9650218,0.1125247,-0.61689276,0.28506666,-0.7757846,0.4212089,0.095640756,0.23266925,0.2545234,-0.46702853,0.88489616,-0.16494885,-0.85815436,0.42964986,1.0360755,-0.3355452,0.27238554,-0.99750423,0.44177672,0.4182895,0.577306,-0.11022918,1.1271348,-0.46388102,-0.058801107,-0.0595936,0.18286481,0.6177993,-0.48045167,-0.13660865,-0.13108705,-0.1738491,0.07976473,0.5940826,-0.09864919,-0.08327197,0.0015221927,-0.2103391,0.17374884,0.56862855,0.48404545,-0.3302554,0.29917777,0.033259206,0.06977969,0.28001663,0.71144396,-0.15894715,0.77250224,-0.6446596,0.0896723,-0.17400402,-0.11873645,0.68946916,-0.30007467,-0.5665436,0.13905106,0.9171289,-0.07764164,0.13290891,-0.17745833,-0.02380841,-0.6911463,0.28086776,-0.24222644,0.77463317,-0.5986337,-0.26388004,0.12330732,-0.74487627,0.65704334,-0.09140173,0.1265882,-0.29148567,0.24752326,0.54337746,-0.1867205,0.6915883,0.34803715,-0.3689656,-0.36018834,-0.17819996,-0.3480165,-0.34869832,0.17454715,0.11335223,-0.11270588,-0.0076454403,0.36068696,-0.07635775
OAS1_0250,0.5584325,0.3053632,-0.1199887,-0.6754817,-0.4698401,2.0707803,0.83978593,-0.09786036,-0.8021457,0.15041508,-0.19259177,0.50024605,-0.6561203,-0.47520474,0.61971337,-0.68336904,0.4751472,0.0592213,0.45365041,-0.26377106,0.06938638,-0.45402423,0.14870194,-0.88192606,-0.046559714,0.10742093,0.06261749,-0.63030005,0.082623325,0.5976697,0.40848637,-0.38439766,0.19904275,0.19535968,-0.28618583,0.7673785,0.5206037,0.09544589,-0.3617709,-0.037745032,0.040871516,0.10455765,0.1890196,-0.2304217,0.33734262,-0.13367897,-0.2925864,0.21399114,0.528856,0.13470003,-0.18994844,0.4857532,0.62715155,0.45163018,-0.10658918,0.36512032,-0.85478824,-0.3177876,0.28479686,0.06408513,-0.094866395,-0.1703438,-0.14023156,0.74720114,0.6244159,-0.38415807,0.20868766,-0.18102351,0.2965415,0.084364995,-0.07309658,0.093846545,0.050752793,0.17805716,-0.51208544,-0.03532347,0.13001007,0.25657412,0.34690905,0.5128584,-0.07996059,0.29600635,-0.41904092,0.044402067,0.25278512,-0.2110828,-0.46203297,-0.09097036,0.31395048,-0.17486426,-0.15023774,-0.34012562,-0.26483148,-0.47058973,-0.29640612,-0.5531396,0.3512053,0.1619513,0.39140844,0.36920637,0.27461076,0.37857634,0.18765643,-0.044294726,0.514925,-0.0651987,0.122404985,-0.060732722,0.14514008,-0.08775755
OAS1_0253,1.4418051,-0.6817647,-0.2511559,-0.7508608,2.1913433,-0.51323366,-0.35445327,-0.22258535,0.5210898,-0.4033366,0.4180986,0.27148196,0.008319768,-0.16302432,0.28884453,0.14328828,-0.300974,-0.16274421,-0.28891978,0.5276143,0.030751549,0.102520645,0.031838782,-0.77562183,-0.83566296,-0.43931204,-0.8036187,-0.31110373,0.04376248,0.30866128,0.68682826,0.15504225,0.1175025,0.38966385,0.47700697,-0.36528176,-0.12453121,0.042845644,-0.10976407,0.041875217,-0.4957241,0.043930877,-0.35261896,-0.12793207,0.5954601,-0.5583781,0.19062819,-0.18707664,-0.107427694,-0.3654026,0.01494182,-0.30070487,0.02448101,-0.02708157,-0.057403,-0.07810651,0.0016500991,0.07975866,-0.41154426,-0.14317983,-0.046956375,0.07296386,0.1223519,-0.048535507,-0.025698328,0.385414,0.28230467,0.025487047,-0.49516708,-0.23872681,0.35346258,-1.1930639,0.43096715,0.111111015,-0.19719642,-0.39841264,0.529134,-0.63765395,-0.03306209,-0.85266966,-0.24487492,-0.11270826,-0.22221668,-0.6637938,0.48291612,-0.16113067,-0.34693,0.11811547,1.0962873,-0.49314493,-0.24451967,0.24471678,0.13414282,-0.5778857,-0.50209916,-0.031163046,-0.31193572,0.25956514,0.39884746,0.09109806,0.28666526,-0.061476085,-0.64129686,0.19430052,-0.1673895,0.15612487,0.093405716,0.45459616,0.34697774,-0.42398256
OAS1_0254,-2.5558462,-2.7536206,3.5812917,0.96893626,0.21917152,-0.04888987,0.07361428,-0.2169838,-1.4849313,-0.82406414,-0.79706365,-0.3756409,-0.5628633,0.15199472,-0.41691023,-0.12382867,0.059707742,-0.071032226,0.13239908,0.47424707,0.5089797,0.035916753,-0.21310641,-0.38122416,0.03991874,0.18830362,0.46353436,0.5250584,-0.55393285,-0.14772622,0.53635395,0.051310807,-0.348401,-0.602754,-0.29973352,0.03818187,-0.05057097,0.09362298,-0.32158864,0.1925477,0.29596317,0.19535476,0.2910409,-0.2582562,0.44262102,-0.33150145,-0.9122814,0.36679983,-0.36275294,0.33698642,-0.27942088,0.09437778,0.058126915,0.3945922,0.014231751,0.2241644,-0.045368362,-0.036750115,-0.49654725,0.1839388,0.26154122,-0.071146496,0.19056895,-0.15295933,-0.23261508,-0.24381548,0.25155613,0.15282562,-0.38256806,-0.57697105,0.15103282,0.09956188,0.15740107,-0.24188043,0.009372502,0.040610615,0.5481387,0.32406938,-0.39657444,0.103226595,-0.39760876,0.39020458,-0.1771269,-0.097248286,0.19678138,-0.35123238,0.17494859,-0.39274886,0.0019309158,0.37356135,0.2117739,-0.51062375,-0.14825068,-0.024926854,-0.4887075,-0.12311128,0.15840313,0.046505522,-0.20288654,0.620679,-0.11730275,0.20041436,0.4511478,-0.34453124,0.12668084,-0.104343265,-0.34934816,0.07563497,-0.78263706,0.574596
OAS1_0255,-1.2376747,-0.36258596,-1.1013602,0.8599369,-0.5625106,1.4463714,1.091495,-0.7203144,0.42912725,1.05033,0.038147595,0.4275163,0.30033264,0.4016428,0.27506804,-0.9085461,-0.022383593,-0.40973592,-0.096310675,0.5811295,-0.7165871,0.43295258,-0.30489886,-0.16725022,-0.4253081,0.00016935778,-0.1092962,-0.45171773,-0.73053515,0.08696259,0.21434057,-0.7066893,1.2848136,1.0005472,-0.32664505,-0.4281045,-1.0277622,-0.32058746,0.04602227,0.37956712,-1.0509568,0.93483245,-0.4526541,-0.03344203,-0.5301303,0.5606967,0.44576457,-1.1164093,-0.2667603,-0.25963035,0.5587959,-0.74322784,-0.2786565,-0.6131704,-0.07200587,-0.7878665,0.009305387,0.9129327,-0.14027959,-0.686153,-0.23537675,-0.407205,0.27073067,-0.22799172,0.34170344,-0.053093884,-0.07205758,-0.055770874,0.3227212,0.55156124,0.35541287,-0.037296705,-0.14576502,-0.058494955,0.3612799,0.023112882,0.5826754,0.056515187,0.22716345,-0.33858073,0.1356415,-0.21712679,-0.2742136,0.8747215,0.24820876,0.23281549,-0.56086195,0.50933653,-0.32732004,-0.531386,0.5143555,-0.5267104,0.017479097,0.2022332,-0.06002561,0.12785995,-0.15503195,-0.7446539,0.056125533,0.0046723215,0.28596812,-0.028811552,-0.26137164,-0.011166168,-0.031603865,0.104920834,-0.5522627,0.07179138,-0.28413302,0.27488503
OAS1_0256,-1.5308167,1.5292536,0.06753285,-0.7066342,0.5227015,0.46389583,-0.34259048,0.6276386,-0.2909674,-1.6199886,-0.92790526,0.15179488,-0.8910284,0.23861463,-0.16873914,0.23260505,-0.62781566,-0.4186584,0.6031828,0.24070503,0.22288336,0.29791984,0.6292515,-0.0929849,0.2490674,0.38250974,-0.047599822,-0.5501816,-0.35594976,-0.61383015,0.10524459,-0.4012579,-0.09611293,-0.6483211,-0.24877825,0.059627414,0.59141105,0.39768368,-0.4580743,0.048662122,0.42936996,0.11525529,-0.6372021,0.29271045,0.3254275,0.97970414,-0.9948332,0.2423529,0.217159,0.08678416,0.42907798,0.17530839,-0.030616349,0.05627995,0.015837003,0.09517031,-0.18706685,0.23517357,-0.31048372,-1.0735564,0.26770785,-0.1882066,-0.10563243,-0.21462248,-0.021636244,0.0037682408,0.26044917,-0.059686795,-0.062051434,-0.79720306,-0.024870703,0.2091726,-0.20315804,-0.52928495,-0.62140214,-0.30363765,-0.007967018,0.072174735,-0.2649284,0.30180547,-0.25870052,0.045430057,-0.11645875,-0.058978774,-0.3214415,-0.48866686,0.719805,0.38758016,0.47111455,-0.24167754,0.022330984,-0.37356666,0.19182636,-0.1381302,0.20726606,0.5337324,0.41425,0.92815584,-0.4006073,-0.4531544,0.118110254,-0.13342401,0.12207317,0.24144909,-0.06538997,0.35888964,0.3515034,-0.383496,-0.45748153,-0.16291489
OAS1_0258,1.4325879,-1.0784211,0.09804452,-0.70099425,1.684748,-0.09210955,-0.14758,-0.80294025,0.02380552,-0.07643298,-0.4135941,0.4405167,0.5123301,-0.7339044,-0.39404756,-0.10831629,0.051647723,0.56969446,-0.08286218,0.47477284,-0.20848812,-0.3579957,-0.5030256,-0.19785407,-0.99273545,-0.3939313,-0.07724884,-0.36019057,-0.101965025,-0.34619856,-0.29614645,-0.28864285,0.28885752,-0.2138741,-0.39996493,0.26025146,-0.9348112,-0.4448406,-0.44199002,-0.25939626,-0.030417856,0.36567163,0.21873873,0.12805794,0.1304404,-0.54598224,-0.48442194,0.5306753,0.1527879,-0.68286127,-0.06554556,-0.018343683,-0.023493689,-0.62268335,-0.6240645,-0.42341393,0.2507104,-0.32846427,0.1174382,-0.070334904,-0.03571461,0.21762142,0.577202,-0.047913473,-0.052891888,-0.4725408,0.07931793,-0.05904783,-0.769791,-0.3982615,-0.40399727,0.6157691,-0.39619362,0.6763164,0.34061027,0.42066738,-0.098212145,0.18201773,-0.08157371,0.29915363,0.39604548,-0.36941156,0.52923536,0.062316936,-0.55465484,-0.6488388,-0.3361675,0.13740829,-0.25182495,-0.42687923,0.6024576,0.19125906,-0.29246226,-0.29710296,0.024982816,0.08801346,-0.09198862,0.3835527,-0.0073878295,-0.0629397,0.11604054,0.14677784,0.42901286,0.04848687,0.2929873,-0.0834482,0.26065376,0.28373504,-0.06071477,-0.094803214
OAS1_0259,0.37014702,-0.110004276,-0.9245285,0.7868911,-0.2259373,-0.032466125,-0.048296604,-1.0399096,-0.1883307,0.23098718,0.480577,0.47368738,-0.10736983,-0.10162678,-0.015606486,-0.3370416,-0.0056907004,-0.160728,0.62105674,-1.2017274,0.47310486,-0.63664705,-0.776475,-0.7095774,-0.080294,-1.0435766,-0.14587027,0.32455105,0.2864046,-0.037536133,-0.13760936,0.01845954,0.048615787,-0.16921361,0.31021258,-0.35748437,-0.3173817,0.82794505,-0.09598129,0.1057291,0.36785135,0.42146796,-0.10269117,0.17901067,-0.5961605,-0.08425174,-0.76438504,-0.2527418,-0.07846678,-0.17941678,-0.12405511,-0.22735105,-0.58339524,0.4893187,0.08483054,-0.34376794,0.01971608,0.17898995,0.21909156,-0.13623369,-0.48567152,0.3264246,0.50856346,-0.028339908,-0.044494577,-0.8490338,0.4748096,0.20457391,0.49682787,0.11552684,0.08002975,-0.11610477,-0.0019792402,0.8557847,0.103043534,0.010750834,-0.31873864,0.41865727,0.3763525,0.29950455,-0.3181738,0.5837701,-0.04135398,-0.09094266,-0.054618597,0.072890766,-0.13159233,0.19841622,-0.15296255,0.3234859,-0.5375689,0.19461209,-0.21516927,0.72232264,0.38520434,0.34030345,0.29373363,0.11634068,-0.08161154,0.049452055,0.37119758,-0.0039795325,0.27044407,0.026388792,-0.2469056,-0.3925977,-0.17983855,-0.020226909,0.2526663,0.105682515
OAS1_0260,-3.5489244,0.40612003,-0.7360536,-0.9163107,-0.2965613,0.9006059,0.80641603,0.38186142,0.5046144,-0.13714652,-0.7106857,-0.64593226,0.71212953,0.57414585,1.0008942,0.0670568,-0.5440566,-0.6210014,-0.94711614,-0.04612458,0.7315975,-0.3438751,0.4718865,-0.41061035,0.17459361,-1.0585493,0.15750073,-0.048607945,0.4200264,0.40985215,-0.0057409634,-0.3485772,-0.18372877,-0.43740174,0.21787786,0.26311728,-1.0045962,0.07236577,0.085285015,-0.2195883,0.10266822,0.579524,0.88615894,0.4224307,-0.029763915,0.02680995,-0.28328994,-0.5791693,0.044477623,-0.18919837,0.7019774,0.44474852,-0.13997008,-0.43169054,-0.04943123,-0.4690194,-0.21390606,-0.5402887,0.10362031,-0.45551792,-0.15492971,0.12575358,0.6746532,-0.3220837,-0.21811198,0.16776149,0.3807302,-0.6170856,0.61737037,-0.24140733,-0.1974792,-0.9786147,0.06648898,-0.4504663,-1.0387787,0.14595531,-0.4897423,-0.45864695,0.5581415,0.15227805,0.474984,0.36112562,-0.22790541,-0.0010021018,0.14250627,-0.024549281,0.67766,0.05824875,0.19547264,-0.12948494,-0.03181564,0.10733472,-0.20401654,-0.23138186,0.13794902,-0.15507211,0.19885321,-0.37259743,0.35260683,0.1636033,-0.2162555,-0.18282886,-0.8545408,-0.014380696,0.037650995,-0.12039809,0.23093042,-0.31129402,0.2806675,-0.06541241
OAS1_0261,1.6557778,2.5129592,0.87781775,0.033036813,0.117821045,1.3972775,-0.65843165,0.20774531,-0.062351245,1.2664489,-1.0145915,-0.5802277,-0.14348166,-0.19686766,-0.26958755,-0.06939901,0.34603938,-0.12030633,0.01942033,0.7966769,-0.3848755,-0.35439515,-0.50917035,-0.7923308,0.064766996,0.4723424,-0.3916699,0.23858331,0.7991136,0.32730198,-0.1894588,-0.6803603,-0.05164381,-0.26863343,-0.2753709,0.5346376,-0.07579694,-0.2752213,-0.117600225,0.042003695,-0.042288877,-0.6376667,0.029978111,-0.3914233,-0.09705672,-0.23657027,-0.55729246,-0.6466504,-0.0763608,0.60633403,0.34035847,-0.12277836,1.2347355,-0.5828192,-0.54872227,-0.46770298,-0.2691607,-0.119190015,0.37644273,0.09657996,0.22482154,0.30979514,-0.34689683,0.12678398,0.19202186,0.52345383,0.3873033,-0.9118757,-0.004280586,-0.2692853,0.06971501,0.110576056,-0.034289025,0.20791315,0.7085896,-0.5546314,0.473977,-0.3188776,-0.97593486,0.50162554,0.4300706,-0.3421662,0.61886203,-0.15524656,0.16492163,0.052337255,0.3832562,-0.45256284,-0.03236526,-0.6381404,0.32509446,0.6378777,-0.29850903,0.490135,-0.19947074,-0.06940628,0.75661516,0.098105095,0.2924508,0.19509853,-0.07328981,-0.069537416,0.17805277,0.29620975,-0.691053,-0.2342252,-0.35500842,-0.096714646,-0.27479675,0.35518444
OAS1_0262,0.55426717,0.41226774,-0.69097346,0.015577731,0.7102491,0.20403309,0.5092961,0.23298323,0.055216238,-0.09403096,0.18902445,-0.4250813,-1.2225648,-0.8030825,0.23039995,0.9072481,0.05384563,0.38864326,1.1202742,0.75790614,-0.4384482,-0.18494841,0.4433916,-0.6543953,-0.37368843,-0.25732937,0.0067760623,0.5240933,-0.3109814,0.15240256,0.40031824,1.0462533,0.30655003,0.5448553,-0.12977171,-0.15480472,0.44796053,-0.14875057,-0.21166113,0.15034793,-0.05804369,0.79690665,0.49952787,-0.40214297,-0.25718215,-0.737063,0.51996034,-0.18395002,-0.31953153,0.02197874,0.12763166,0.6435265,-0.7789274,0.23161794,0.245065,-0.17390776,0.04314393,0.46339658,0.28630394,-0.6208563,-0.61635035,0.3796435,0.5538805,0.19735803,-0.21391834,0.3071758,-0.46445233,0.22102419,-0.1921158,-0.007361793,-0.18434176,-0.097924426,-0.4316392,0.30801538,0.617571,-0.44412184,-0.16249695,-0.4368786,0.12868789,-0.20143197,-0.1077374,-0.021402042,-0.04551657,-0.14149727,-0.800866,-0.0041061733,0.2609302,-0.43178025,0.27354538,0.5125975,-0.12562296,0.022273995,0.2079848,0.356617,0.6023147,-0.002296688,-0.26753235,0.10403091,0.39341414,-0.37270856,-0.4337755,-0.13733278,-0.24238041,-0.32884052,0.1845594,0.5715576,-0.30322298,-0.19628409,-0.7912689,0.6455905
OAS1_0263,-2.5958383,1.0810074,-0.27493307,-0.006027751,0.43817082,-0.7584232,0.65863633,-0.6616708,1.5662068,-0.26277265,-0.5586955,-0.3666106,-0.023408407,0.11674469,0.07318396,0.08894672,0.23751062,0.6421289,-0.2713223,0.74525875,0.7123714,-0.018803462,-0.3040899,0.56402177,0.5521034,-0.27635038,-0.10517694,-0.31858188,0.46496856,0.36987853,-0.5329388,0.38991898,-0.05393177,-0.22302283,0.13114223,-0.18114918,-0.4467602,0.12866443,-0.2950011,-0.4724036,0.5428768,-0.818585,-0.40258494,-0.6330829,-0.8533595,-0.10459915,0.48262644,0.55334467,0.6587294,0.2270592,0.1510381,0.09443392,0.16801453,0.31341645,0.06021046,-0.13968953,0.081477396,0.056656275,0.106098704,0.21648926,0.20800899,-0.023701651,0.5200667,0.2658486,-1.0558186,-0.06985793,0.25738257,0.46628433,0.28511986,0.3880719,-0.25044194,0.08253414,0.33277172,0.28894225,-0.56925017,0.25038958,-0.40751666,-0.07781952,-0.4127211,0.5468763,-0.2539622,-0.40450487,0.3775693,-0.11411237,0.34049016,0.054068927,-0.4217071,-0.29066837,0.22116426,0.43815824,0.8044655,-0.4216762,-0.033666573,0.6991257,0.071349375,-0.49639562,-0.51977795,-0.18568616,-0.6986187,-0.06272622,0.30552897,-0.4233958,-0.5000006,-0.9074697,0.009474255,-0.55794996,0.22642083,0.13723032,0.23254862,-0.13790408
OAS1_0264,0.7923644,-0.24785379,-0.23298459,-0.8203261,0.59258455,1.0724415,-0.21984045,-0.69613016,-0.28077242,0.22875814,0.06666826,0.8655607,0.6596937,0.51051074,0.02137024,-0.85435987,-0.4599672,-1.151383,-0.016694363,-0.33262104,0.19492064,0.26863816,-0.04287574,0.22455749,-0.10928157,-0.54061455,0.47984824,-0.38578996,0.4064123,0.34777877,0.07326218,0.30353132,-0.02694357,0.030349063,0.17954001,-0.01037223,0.3419292,0.8193558,0.38968602,-0.49509138,0.019201413,0.10824832,0.17226526,-0.65312123,0.21103968,-0.0061481637,-0.30500197,0.2560649,0.1359325,0.15523106,-0.18711087,0.49384218,-0.8322195,-0.67270136,-0.37362245,0.6143024,-0.32763755,-0.2862729,-0.025114724,0.68924975,0.23053372,-0.402193,-0.74609697,-0.49027124,0.5854966,0.3000862,0.33336213,-0.22715834,-0.05709091,0.55015033,0.33060494,-0.13279504,0.11421757,-0.6287416,0.55381465,-0.27129334,-0.50367975,0.8112413,0.009104642,0.12526956,-0.47824678,0.6649852,0.51127577,-0.1827173,-0.05055332,-0.20118564,-0.7511972,-0.22966582,0.36912614,-1.1678152,-0.4119191,-0.5764309,0.12834366,0.28263387,-0.26828426,0.4578816,0.043298412,0.043802723,0.026696334,-0.27233413,0.21377857,-0.014296409,0.13046782,0.05836935,0.2596462,-0.28546405,0.07083296,-0.43759954,0.03143445,0.1012052
OAS1_0265,0.7027054,0.056484025,-0.7077263,0.70454735,-1.0288664,0.056751266,0.24648184,0.09144104,0.48311746,0.50365484,0.78940517,1.4777762,-0.2787175,0.02868328,-0.090998314,-0.20560546,-0.029166348,0.20493792,-0.35008013,-0.31125566,0.09775134,-0.45037004,-0.5404044,0.13141875,0.17350869,0.13361241,-0.6783404,-0.9036933,0.776516,0.08577048,-0.24143624,-0.11233864,0.083601594,-0.26068187,0.22202992,0.46831003,0.50700796,-0.12711541,-0.75935256,-0.27051267,0.24669018,-0.037500262,0.5852153,-0.07718881,0.3360218,-0.061331153,-0.4865346,-0.35521817,-0.38863516,0.9073776,0.12066083,0.81442106,0.21661258,-0.4234194,-0.1664046,0.13914163,0.5239467,-0.08619064,-0.45700195,-0.61831135,0.06728641,0.03453774,0.38886824,0.67693824,-0.42025402,0.07737948,-0.36847845,0.19962215,-0.3026681,0.34458545,-0.09061767,0.07452964,0.48936543,0.29257447,-0.15172823,-0.43247086,0.48734465,-0.40084875,-0.019170063,-0.3180165,0.44586462,0.35601133,-0.044976197,0.040513653,0.39666027,-0.18156575,-0.28235808,-0.20297518,-0.037832484,-0.29496688,0.23159309,0.26786643,-0.3096798,-0.22388957,-0.093995824,0.27349472,-0.28522077,-0.27882922,0.07213036,-0.45540434,0.2171223,0.15382953,-0.005484994,-0.034207106,-0.20408276,-0.1680323,0.10979617,0.03998127,-0.4473139,0.18833077
OAS1_0266,-1.7318071,0.41937634,-0.4198662,-1.0812448,-0.40378824,1.1121968,0.1728119,-0.23231529,0.6129534,-0.97942394,-0.6381569,-0.77773905,-0.19490333,0.08471381,-0.14225194,-0.9799606,-1.4216123,0.86916196,-0.2293334,-0.31456694,0.03655339,0.33313328,-0.8985791,-0.6330686,-0.46684393,0.3658291,-0.778441,-1.0178757,-0.18091872,0.41930372,0.615657,0.4525633,0.86407,0.18230033,0.313828,0.29784858,-0.45224127,0.21871059,-0.3078023,-0.14530261,-0.50470495,-0.4480815,-0.24226591,0.71160835,0.058336563,0.31635892,0.44528195,0.016037982,-0.010041689,0.46840793,0.11840808,0.15184876,0.26451787,-0.33373746,0.17403857,0.15974945,0.66961193,0.34543228,0.28668675,0.20774755,0.29252636,0.103082865,-0.46904978,-0.031588577,-0.36077273,0.049046528,-0.9131062,-0.15561241,0.014033139,0.1668896,0.12770118,0.261115,-0.11911006,0.19495127,0.7167052,0.33993787,-0.41000804,0.14761186,0.07980072,0.54652673,0.3199382,-0.34690082,-0.6876421,-0.24116354,0.06432965,0.4233231,0.2176327,-0.21551917,0.20524482,-0.34171945,-1.0528595,0.06642722,0.08812718,-0.3675566,0.2250195,-0.94230664,-0.30987397,-0.8046392,0.4591439,0.20860703,-0.19109114,0.19082245,0.61865747,-0.045637723,-0.010137355,-0.18793933,-0.59145385,-0.42455512,-0.13415822,0.21844827
OAS1_0267,-1.1261771,1.5430665,-0.8563298,0.9101701,0.22090834,0.10097282,0.54240716,0.8161612,-0.2560837,-0.694277,-1.2608252,0.11743825,-0.41103905,-0.84574944,-0.4322784,0.1743091,-0.3949891,0.70979714,0.024157263,-0.12685955,-0.5879037,-0.09887813,-0.381717,0.55105364,-0.12324142,0.6172585,1.196913,0.1302203,-0.6276721,0.32296002,-0.07335653,0.20409127,0.5924381,-0.15238282,0.43674147,-0.23546174,-0.014989615,-0.64026475,-0.026516074,0.11587459,-0.4512505,-0.77935237,0.27720797,0.07011151,0.40576896,0.29062733,-0.3540627,-0.34305474,-0.2787986,-0.03892332,0.015830586,0.23834825,0.27535367,-0.1562137,0.45323125,0.074701,-0.29690963,-0.04961925,0.40845245,-0.004672585,-0.42978588,-0.5287094,-0.11601225,0.40592742,-0.54311657,-0.5719909,-0.18037274,0.3216769,-0.53193766,-0.03246857,0.098792255,-0.5525358,-0.43264782,0.15963021,-0.24559662,0.25975838,-0.15186477,0.17244941,0.13780718,-0.21832584,0.054093823,0.16432248,0.3883605,0.002830741,0.40408143,-0.25898898,0.046087448,0.117437005,0.21826406,-0.1680178,0.18149011,0.17504826,0.22078328,0.40118146,0.010084232,-0.50517285,-0.1574571,0.21694969,0.6765459,0.13520585,-0.14999203,-0.37981847,-0.6599548,0.9185109,-0.020967448,0.74299574,0.2547906,-0.08076275,0.24238978,-0.1481226
OAS1_0268,-1.4527318,1.5933319,-0.10666682,-0.42237684,0.2670723,-0.9093677,0.04293988,0.6609665,0.88825065,0.21889809,-0.9930215,0.28976333,-0.80041337,-0.45159236,-0.37066126,0.1285802,-1.1264678,0.11414706,0.7489569,0.10351737,0.15858361,-0.11614264,0.5701319,0.46399772,0.56631535,-0.0032905256,1.0730114,0.07765813,-0.059231095,-0.507588,0.1996331,-0.5485007,-0.35109568,0.381691,0.028357424,-0.30683953,0.009420129,-0.17860112,-0.69408,0.66523737,0.13011196,-0.13056102,-0.34449583,-0.054577053,0.26383248,-0.12580769,-0.53104913,-0.5455008,-0.13113666,-0.17027451,0.11927321,0.29597315,-0.41115654,-0.3474787,0.22877602,0.0048544193,0.18667778,-0.37861025,-0.12413904,0.25894168,0.32296735,-0.10202333,0.39233896,0.2803048,0.13726568,-0.1330302,0.31209502,-0.16682707,0.3349255,-0.16903242,-0.19361573,-0.32212105,0.5590538,0.0104933325,0.028920315,0.43230602,0.11222648,0.22889723,0.08990867,-0.12279086,-0.11460621,0.13252375,0.40597725,0.05700509,0.34477404,0.4735434,-0.77130055,-0.19765013,-0.49568605,0.2040981,0.04318891,0.37863803,0.15731014,0.085259944,0.0050211367,-0.24811386,-0.15187314,-0.2002194,-0.07699746,-0.14816828,0.41519755,-0.6917849,-0.026812233,0.35434186,0.069341876,0.13176543,0.19282949,-0.3447898,-0.58010066,0.022952383
OAS1_0269,-1.4915022,-0.84200275,0.3462023,-0.012772387,0.8668323,0.23864038,0.42662963,-0.89622843,0.90267015,0.30460918,0.22809878,0.9534183,0.33899814,-0.77293324,-0.0054747625,-0.97602373,-0.013904451,-1.022597,-0.8811629,-0.21396635,-0.5521455,0.91535246,0.53301716,-0.1901407,-0.09966863,0.4438997,0.14746325,-0.5029568,-0.3325682,0.15962984,-0.7617917,0.47097665,0.10320109,0.015996708,0.2775748,-0.118759364,-0.50332075,-0.26069048,0.17897698,-0.2123741,0.6493176,-0.5222449,1.1671336,0.44037926,-0.6845211,0.16536768,-0.86167514,-0.14045848,0.28842452,0.031951398,-0.1746826,-0.59565157,0.7450691,0.077614106,0.69186485,0.14906396,0.23450507,-0.24728449,0.13702534,-0.185462,0.6629569,1.255268,-0.0047781547,0.42751977,-0.06456091,-0.69598854,0.24545053,1.3140348,0.4564294,0.46642292,0.73110926,-0.6289203,0.44884667,-0.65434533,0.97894216,0.10881566,0.08025432,0.41610277,-0.036034334,-0.13565306,-0.55538356,-0.4229625,-0.6060315,-0.37364396,-0.021207409,0.23980427,-0.22900711,-0.43196347,-0.13224277,0.12682837,0.36617017,-0.46681,-0.09514368,-0.07954694,0.26008305,0.5477661,-0.1458663,0.46711618,0.75771314,0.033860218,-0.09446249,-0.11894232,0.28142914,0.49255157,-0.24487613,0.48432824,0.2713231,-0.19940564,0.37521994,0.13527343
OAS1_0270,-1.0170358,-1.7301115,0.7072204,0.84605384,1.3406965,0.090197876,-1.2292963,0.31441027,0.54279274,0.8517832,0.68619895,-0.222068,-0.26836863,-0.6063083,-0.065338016,0.6144741,-0.4306092,-0.63333213,0.034682926,-0.16433263,0.114371866,-1.2721678,0.38106087,-0.28991842,0.45590734,-0.28954676,-0.07526694,-0.02182817,0.3796683,0.35094473,-0.8046886,-0.5716717,0.04153568,-0.15344022,0.3369182,-1.197571,-0.20278963,0.42935938,0.017205592,0.38703462,-0.100675546,0.40445742,0.047831055,-0.48393747,0.44380796,-0.0937749,-0.63751423,0.06029703,0.108868815,-0.58265615,0.71574205,-0.19421062,-0.1470547,-0.69207215,0.5005263,-0.5025798,0.4438868,0.033000708,-0.10000405,-1.2733941,-1.1426622,-0.05576421,0.22066139,-0.05539633,-0.25441322,0.5180818,0.014906259,-0.10284278,0.09283277,1.0617379,-0.15046892,0.37558782,0.7063767,0.40328997,-0.690142,0.6310913,0.0042083757,0.7744563,-0.3589233,-0.24559517,0.10999586,-0.11597683,-0.35875136,-0.3259803,-0.6611643,0.014804547,0.50079423,-0.33805782,0.13556026,-0.4381508,0.34801072,-0.048075866,0.9072427,-0.30160224,0.24467553,-0.039565396,0.71979237,0.411026,-0.6925353,0.20829272,-0.23118237,0.26663718,0.058402486,-0.12810306,0.45560542,-0.051669125,-0.33239555,0.19471008,0.34907025,-0.07300637
OAS1_0271,-0.694644,0.8001851,-0.08850332,0.005985404,-1.3851057,-0.951554,-1.1520141,-0.25779897,0.5047687,0.027686968,-0.86092746,1.029789,-0.15034026,-0.50903094,0.0031975412,-0.19736049,-0.82597685,-0.47230637,-0.041644294,-0.21364714,-0.102587536,-0.32717085,0.25818813,0.6302762,-0.052094977,0.79115945,-0.39442697,0.65221757,0.34612045,0.5904528,-0.031439137,-0.26058096,0.07209742,0.40283668,-0.019279223,0.14544603,0.27015305,0.34323302,0.086236805,-0.17870116,0.34534395,0.2959145,0.051116645,0.18821117,0.7431079,-0.17712444,-0.046482645,-0.14237766,-0.29900372,0.16478217,-0.620309,0.011831312,0.24995421,-0.14800993,-0.4630501,0.7540795,0.4375475,-0.7843359,0.41054967,0.1983308,-0.26454693,0.23213843,0.21668471,0.009315307,0.19206713,-0.050628413,0.37742677,-0.11353703,-0.84302014,0.5610235,0.30449754,-0.6592958,-0.26067483,0.5153873,-0.31825382,-0.54366225,-0.32673714,-0.30665383,-0.055729486,0.120847695,0.4110065,-0.1175646,0.06889815,-0.6779867,-0.17651749,0.3292209,-0.53169394,0.06795336,-0.6366404,0.10986683,-0.41695404,0.06957276,-0.3218653,-0.29225752,0.110474095,0.44207308,0.047589924,0.15797378,-0.45209518,-0.33303735,-0.6715402,-0.075688675,-0.042443216,0.24681583,0.46536005,0.40264565,-0.10559315,-0.11559687,0.11050947,0.116553016
OAS1_0272,0.062814206,-0.409592,-0.7842043,1.2018838,0.9941844,0.5233033,-0.54411894,-0.19680391,0.117765844,-0.87003803,1.0927447,0.3653491,0.27391133,-0.6049745,-0.8878044,-0.08306433,-0.0111514125,0.1313108,0.16602051,0.582536,0.45199302,-0.5521092,0.36394334,-0.13319583,-0.10427578,0.00017616579,0.11470036,0.035628542,-0.23453169,0.12017623,0.22810765,0.17470233,0.099397264,0.31785828,0.035602525,-0.68864954,0.53044003,0.46398458,-0.5364252,0.4558283,-0.38960716,0.4850539,-0.5596157,-0.033557106,0.075673364,-0.14134648,-0.041736726,-0.023322131,-0.056938007,0.5484134,-0.14381692,-0.40154138,-0.7369959,0.044681963,-0.60456693,-0.0444173,-0.07300963,0.26269364,-0.42947695,0.42188218,-0.07341947,-0.49281847,-0.11859135,0.4829377,0.69274575,-0.060458183,-0.29144365,0.16112548,0.27797458,-0.22893356,0.30478814,0.010785128,0.08482146,-0.08801276,-0.11066957,0.5676411,0.5289365,-0.6092685,0.7473926,0.3813615,0.07770448,-0.1315147,-0.00061858556,-0.1017067,0.046631686,0.26993924,0.5057705,0.19952308,0.92472404,-0.20784543,-0.3932719,0.45167506,0.017335033,0.057948735,0.47019923,-0.05612591,-0.04424259,-0.24756528,-0.14222105,0.034859225,0.27157527,0.2844891,-0.043790326,0.023627669,-0.45140347,-0.2704683,0.19193095,-0.48114014,0.058114287,0.3022139
OAS1_0273,-2.0059545,0.012487818,-0.4974252,-0.48281318,0.9421557,-0.7274388,1.0133536,-1.2209404,-0.5409631,0.59578776,1.0952435,-0.33032757,0.31932294,-0.80408996,0.018336367,0.45344558,0.6021146,-0.09844842,0.92050004,0.39942703,-0.380469,-1.1292617,0.63174933,-0.4617876,-0.21339999,0.64318806,-0.16806136,-0.27470827,0.19002928,-0.37221292,0.6154269,-0.5680717,-0.22428158,-0.011436496,-0.28226995,-0.29760873,0.119299315,-0.022102851,0.918282,0.58093214,0.6563443,0.84927046,0.2627702,-0.37721777,-0.88448393,-0.6707529,-0.43528607,-0.30822477,0.13776839,0.22445476,0.0745105,-0.13349435,0.74295056,0.41760013,0.68211776,0.032511264,0.43242267,-0.05818011,0.2215185,0.26204476,-0.19658715,-0.33764344,-0.72106075,0.59579176,0.2523269,0.15875058,-0.46673062,-0.15448418,0.28679892,-0.40020534,0.42008296,-0.9823964,-0.78120935,0.032096736,-0.62185127,0.91659105,0.26758915,0.39536655,0.562934,-0.14572723,-0.1756718,0.34564745,-0.63880396,0.1790794,0.053043004,-0.2608894,0.3139653,-0.4401778,0.3088219,0.11935654,-0.5043951,-0.23309223,-0.027054125,-0.22349657,-0.088829994,0.30960894,0.025823677,-0.63754296,0.16854748,0.01779041,0.14788678,0.3867449,0.20820962,0.22312035,0.1774549,0.44911218,-0.3713004,-0.15281129,0.19691536,0.01181851
OAS1_0274,0.7783333,-1.0211589,-0.33504766,-0.47959855,0.53427947,-0.40204346,-0.061947074,-0.1386194,0.45708436,0.26943222,0.8840576,-0.47252947,-0.12637337,-0.84694415,-0.45910636,0.6176043,0.85039335,0.022943154,-0.092789285,-0.3725858,-0.41148704,-0.59120464,0.03330984,-0.55746335,-0.027223784,0.7305857,-0.2500786,0.12991703,-0.46780947,0.21886957,-0.089147255,0.14983316,-0.49061206,0.056214016,-0.70896846,0.40162128,-0.85810536,0.20405519,0.07560928,0.7006383,-0.03158031,0.26471102,0.20479468,0.13021295,0.024127116,-0.43223557,0.604522,0.6583471,-0.55069757,0.0328091,0.34757134,-0.8808545,0.32671183,-0.6792056,0.45085806,-0.70863456,-0.14443186,0.023268888,0.759209,-0.2623296,0.09871866,-0.8778396,-0.12358272,-0.20402351,0.37684575,0.26175463,-0.46185958,0.08535207,-0.10756998,0.5872904,-0.64525,-0.25650653,-0.47551268,-0.5639024,-0.06742786,-0.26978004,0.14662448,0.13164565,-0.660642,-0.03068731,0.91564816,-0.07162867,0.37554425,-0.7752879,0.23608142,-0.0016866794,-0.051423218,0.09046522,0.49998137,-0.12904215,-0.3459406,-0.8403725,-0.079566576,0.17229185,0.51510185,0.15654674,-0.47633722,-0.088626675,-0.09530857,0.78300005,-0.14071125,0.14355099,0.18126191,-0.061192207,0.022731462,-0.12851554,-0.13676807,0.08508451,-0.052369446,-0.21934009
OAS1_0275,-0.5861305,-0.493878,-0.91459775,-0.62706476,0.62359107,-0.16347238,0.81644857,0.1963188,0.44875664,-1.1436225,-0.1875841,0.85081136,-0.6667688,0.7029643,0.6599748,-0.0784869,-0.4083207,-0.54251915,0.43845943,-0.19460335,0.07569427,-0.026558463,0.50647134,0.03835243,0.3381267,-0.014132846,-0.008724861,-0.07816548,0.5169546,-0.14592654,0.5008945,-0.09668668,0.07753844,-0.22895446,-0.113582164,0.15641005,-0.026372416,-0.020048546,-0.27161643,-0.65592337,-0.23262464,0.33592644,0.021871038,-0.061546065,-0.29704472,-0.4147587,0.108538136,0.6738545,-0.17458399,-0.10535697,-0.34451905,-0.9437159,0.3458539,-0.017764958,-0.14201564,0.19964226,-0.54684293,0.4498734,0.57107556,0.30877358,-0.087653056,0.24128589,-0.5477568,-0.20028785,0.5554802,0.25136924,-0.6251548,0.5838866,-0.028117204,0.23906939,-0.029461058,0.73988086,-0.7279417,-0.24011332,1.0026135,-0.5375928,0.29345593,0.26418743,-0.24619935,-0.31496257,-0.011662297,0.043724347,-0.07371087,0.74108773,0.49231133,0.27264988,0.212982,-0.100869276,-0.36954606,-0.7536328,0.5778776,-0.28332072,-0.20554312,-0.1780102,0.26489705,-0.041187037,0.2881202,0.1710222,0.43194863,-0.41413268,0.0072219507,0.17084703,-0.29320306,-0.46077168,-0.1698955,-0.26467586,-1.0825536,0.059702184,0.03272416,0.2914028
OAS1_0277,-0.6782491,0.14461198,0.18137223,-2.3409846,-0.496891,-0.11106488,-0.60785997,1.5235138,0.31990236,0.674941,0.6078971,-0.37329617,0.058370654,1.0629967,-0.2001111,-1.19684,-0.95919836,0.040329803,0.8306234,0.6663237,0.23419248,-0.08622887,0.4337234,-0.04973173,0.7123055,-0.90168643,0.64753985,-0.63771135,-0.70300084,-0.124952585,0.27127787,-0.0056570796,-0.2467819,-0.65146726,0.2732435,0.08015305,-0.35443932,-0.290878,-0.30123198,0.024817316,-0.29011047,0.08347171,0.11549722,0.68490356,-0.74290746,0.11670114,0.13572933,0.123544715,0.6408406,0.18695907,-0.35153016,-0.5371014,0.6526025,-0.029438907,0.19955653,-0.72033566,0.7006042,-0.09071128,-0.07234062,0.45223024,0.17511755,-0.04341312,-0.05964905,0.08982307,0.15109836,-0.6017973,-0.16418822,-0.42928427,-0.35941792,0.5370194,0.1378545,0.37253758,0.08043392,0.1535958,0.21651629,-0.5020551,-0.05289844,-0.81200963,0.01900599,-0.23969771,-0.25918272,0.0018684156,0.3825143,0.064155616,-0.35484853,-0.2250418,-0.82579935,-0.44357446,0.29407978,0.17973557,-0.08459575,-0.39580762,0.050228205,0.2542759,0.26707464,-0.3402898,-0.2255643,-0.51765335,-0.34189123,-0.1457872,-0.37769872,0.21691729,-0.24802262,0.23153968,-0.012259156,-0.07610634,0.7334403,-0.43720314,0.306124,0.287513
OAS1_0278,-0.7362233,0.2200813,-0.5758799,1.4526476,-0.19047473,0.43761024,0.028495671,-0.16010661,0.34051937,0.68487513,0.45237467,0.293197,-0.33203775,0.6970744,-0.66307944,0.74676293,0.039084844,-0.2052604,-0.18731582,-0.05495043,0.28307113,-0.57785374,-0.30168363,0.039888132,-0.2734723,0.08739373,0.20744579,0.69090766,-0.37642637,0.7576553,0.23446603,-0.6427269,-0.16798514,-0.07407419,0.39103276,0.66214925,0.18612553,-0.4670993,-0.107535616,1.0123409,0.037550423,0.26055136,-0.22022222,-0.0666052,-0.2493192,0.18664938,0.6104766,0.09859979,-0.68709666,0.2703927,0.6808606,-0.39107615,-0.014855287,0.34264362,-0.7356679,0.82703614,0.024374822,-0.20664892,-0.04334994,0.4394449,0.07728837,-0.30644473,0.1507921,0.03756093,-0.3103206,-0.44714373,-0.18927607,0.23745841,0.66193944,-0.16608499,0.25963485,0.22019486,-0.6149826,0.05801868,-0.19918062,-0.30777213,-0.2842782,-0.0783575,0.24691832,-0.51087797,-0.75641215,-0.3665681,0.5276624,0.2877769,-0.061177474,-0.726118,-0.63128555,0.8435643,-0.08975152,0.27524695,-0.29873514,0.15198052,-0.17343208,0.03269748,-0.021761846,0.58065933,-0.43645942,0.11387321,0.08705541,0.33996102,-0.6484123,-0.09867758,0.08723701,0.08732875,-0.23584613,-0.25185537,-0.07372833,0.26084858,0.39724392,-0.21137185
OAS1_0279,-1.8786516,-2.7114377,3.2298129,1.0167648,-0.6568407,-1.0876784,-0.4228632,-1.0153975,-0.3235595,0.0676442,-0.3301867,0.08507089,-0.69258803,0.11645756,0.6021583,0.109181955,-0.09457457,-0.15032949,0.33538234,0.2386738,-0.9940563,0.33536828,-0.3994361,-0.6392964,0.025381917,0.10631866,0.57972157,0.89754295,-0.39764884,0.34188223,0.008325724,0.016332837,-0.3607696,0.05615971,-0.38159296,0.12230226,-0.46928024,0.5993247,0.18294497,-0.29755777,-0.39914897,0.28113818,0.398925,-0.19669008,0.4187164,-0.37182564,-0.03529286,-0.1380618,-0.47196716,0.28331065,-0.28768772,-0.47538915,0.54114556,-0.24530506,0.25180587,0.2711706,-0.17809759,0.31145206,-0.3472257,0.31024867,-0.022024736,0.0947779,0.25328165,0.10783306,0.20071326,0.15791418,0.0034779033,0.5141267,0.15504116,-0.28768113,-0.72205657,0.09556168,0.26747778,0.20014071,-0.32331258,0.55339104,0.16408071,-0.1338392,-0.21366425,-0.34260765,0.08474418,0.021991707,0.388056,0.20441341,0.15215646,-0.53433996,-0.20638572,0.2186062,0.34782255,-0.3530624,0.062738314,-0.08192532,-0.077850334,-0.008833189,0.10303225,-0.20267446,-0.64432424,-0.07925369,-0.3260913,-0.31306455,-0.106058165,-0.14444263,-0.33008805,0.5469186,-0.010061516,0.14760777,-0.46970284,-0.022580108,0.04937853,0.039531074
OAS1_0280,-1.3150989,-0.7334584,-1.5427759,0.6891777,1.1137452,-0.43767715,0.84675694,0.23178227,0.19766837,0.52470887,-0.24195252,-0.49446422,0.78294307,0.91302407,-0.70881504,-0.107612476,0.6783476,0.1217758,0.46457243,0.22302727,-0.12858646,0.82906,-0.3269249,0.30968767,0.9732537,1.0774549,0.95135856,-0.29566294,-0.57812464,-0.07521959,0.67904836,-0.31499863,-0.42122555,-0.20749684,0.68401754,0.13788444,-0.09861955,-0.34048653,0.092544906,0.06789239,-0.5282166,0.6003313,0.12951538,0.05362927,-0.2227687,0.19087534,-0.62813026,0.14362754,0.08175944,-0.66561586,-0.022385757,0.37225145,-0.07901609,0.32250032,0.11618757,0.1455605,-0.2865475,0.25720176,0.15067397,-0.041540656,-0.060983185,-0.39822584,-0.39077845,-0.30403808,-0.13799201,-0.4147698,-0.0080687655,-0.2764156,-0.8245263,-0.26991275,-0.23889804,0.6319171,-0.38042313,0.6501376,0.37033716,0.47885796,-0.0700726,-0.39855087,-0.2376298,0.4146315,-0.20512313,0.7092365,0.021214534,-0.13879597,0.30861637,-0.16221586,-0.43922693,-0.54935205,-0.59234256,0.050246567,0.5322142,-0.35078013,-0.088810995,0.11509102,0.13767166,-0.28076178,0.15383445,0.187495,0.032650694,0.30171826,-0.5567816,-0.2923824,-0.21148421,-0.2913454,-0.18803638,-0.110762216,0.057670303,-0.25204417,0.19408408,0.65791893
OAS1_0281,1.4443401,1.7056649,0.7008567,-1.0763615,0.97825074,0.64638233,0.70402825,1.1629057,-0.91563207,-1.0324662,0.45225838,0.7247024,-1.0941079,-0.8592854,-0.521996,0.17282842,0.37570614,-0.42725408,-0.2641483,0.29446855,-0.36796686,0.28556114,-0.0629513,-0.4435848,0.24907708,0.035299208,0.32351562,0.39860258,-0.16882975,0.14804268,-0.18774536,-0.2949439,-0.15808453,0.04292777,-0.264406,-0.17483966,0.03400762,-0.26341718,-0.27099,-0.36889482,-0.010739996,0.2776627,0.27156216,-0.19821292,-0.27916077,0.026919179,0.64714915,-0.5133587,0.50529295,0.31915522,-0.069793165,-0.103907265,-0.107520394,0.459761,0.0069228397,0.4252713,0.70648456,-0.12831832,-0.22849046,-0.060554206,0.0075416695,0.08283587,0.73700243,-0.17025301,0.031098071,-0.010750325,-0.33083442,0.4093827,1.2633233,-0.33060092,0.21672963,-0.14417405,0.19488981,0.09913104,-0.7009044,0.11603865,-0.17645429,0.15180269,-0.05831974,-0.35517192,0.7643702,0.189358,-0.015687706,0.47514394,0.41864195,0.22912063,-0.42014843,-0.80871344,-0.6086917,-0.32051036,-0.67418194,0.041737445,-0.04390194,-0.31757942,0.027821604,0.53426373,-0.011000899,0.33230433,-0.36853993,-0.29932463,-0.40220088,-0.17972682,-0.09627635,-0.6429147,-0.24684486,0.25977048,0.47761008,0.21388777,-0.34389198,-0.22544496
OAS1_0282,1.5235806,0.37210608,-0.0033983595,-0.024166347,0.7547116,-1.8237116,0.3488918,1.2293055,0.772184,-0.016947938,0.22550577,-0.30536073,0.3909635,0.26805234,0.8805439,-0.4582618,0.017492477,0.40390286,-0.17412964,0.1738077,0.014053424,-0.05339462,-0.19758892,0.042734627,0.045337897,0.8375137,0.70820653,-0.115125485,-0.57867277,-0.043333393,-0.36781856,-0.49848437,-0.06742053,-0.47848698,-0.20626381,0.068010606,-0.08246334,0.11531346,0.4053175,-0.39881468,0.08813491,-0.056894634,0.041429657,-0.14603631,-0.15655513,-0.315642,-0.29373688,0.03283585,0.054109145,-0.02175951,-0.07517746,-0.8144194,-0.47835964,0.030219927,0.15959992,-0.11909198,0.59249187,0.39997816,0.5251233,-0.20277299,0.53478426,-0.18549848,0.20313787,0.4282925,0.3554366,-0.71727985,-0.19527102,-0.03926529,0.14753939,-0.43554622,-0.12425604,0.2695708,-0.26411897,0.16377059,-0.102996506,-0.20946392,0.56622016,0.2676536,-0.49418762,0.56520885,0.017226234,0.418397,-0.5016943,-0.065057576,-0.06493007,0.7595613,0.5150934,-0.26465103,0.49886048,-0.35201117,-0.3876448,-0.02381063,0.1572429,-0.1940419,-0.39994064,0.7550107,0.051077235,0.32948822,-0.23717526,-0.31468323,-0.27837056,0.36537796,-0.18975523,-0.21038654,-0.7022095,0.29247665,-0.11955687,0.35760474,0.059728812,0.042926844
OAS1_0283,1.2136258,-1.861852,-0.6307509,-0.4843626,-0.25148594,0.3077283,-0.10357634,-0.17879833,0.16629982,0.2736226,-0.32957408,-0.7793544,-0.28755787,-0.30307093,0.78475267,0.14185885,0.03316946,-0.5691623,0.14466184,0.12178361,-0.45576712,-0.51724005,0.0350412,0.18296711,-0.09935474,0.26332363,-0.07518595,-0.46229225,0.875071,0.9013241,-0.09147496,0.33715668,0.23929414,0.18784542,-0.16325341,0.69889444,0.0816594,-0.3231878,-0.48489794,-0.10551813,-0.2741874,0.015378313,0.89337975,-0.5735441,0.33553132,-0.31247583,-0.14262034,-0.52250165,0.16548109,-0.23975113,0.21583918,-0.07840908,-0.13598292,0.325666,-0.3253988,-0.2515716,0.24069105,0.06427425,0.19083658,-0.10033159,0.11424964,0.08769432,-0.7359695,0.1801723,-0.25445148,0.19675145,-0.08790327,0.07849035,0.04195425,-0.23786451,0.1401699,0.080098376,0.36678305,-0.57714045,0.16117957,0.33249584,0.28887466,0.10547896,0.23865117,0.09841711,-0.32554528,0.1804719,0.40094098,-0.01817761,-0.228684,-0.06864744,-0.43943718,-0.42103803,-0.45734116,-0.12848501,0.09312432,0.24827318,-0.28329128,-0.41065812,-0.26956266,-0.07912387,-0.3660706,-0.09681384,-0.44595623,0.45059574,0.14654472,0.15089002,-0.30852383,-0.5305573,0.15269247,0.580578,0.046285972,-0.70046073,-0.32064357,-0.8963211
OAS1_0284,-1.3322363,-0.26097524,-1.0359652,0.1719651,0.78948927,-0.19042848,1.3637177,-0.39138067,0.3291489,1.1514609,0.13941155,0.8849988,0.37706882,0.69254136,1.050911,-0.3080755,-0.14481293,-0.13816413,0.14827405,-0.14670469,-1.0256575,1.0203372,0.08311727,-0.4528379,0.037499838,-0.09766383,0.12887016,-0.016650423,0.16856804,0.7455878,-0.77242076,-0.6301975,-1.096577,0.07277339,-0.30022913,0.2529963,0.27690756,0.12564293,0.03984665,0.25798714,0.0709027,-0.273852,-0.14037912,0.42260098,-0.8144661,-0.87912184,-0.29954517,-0.37390015,0.5442653,-0.2745241,0.32441977,0.9552205,-1.0039046,-0.012185041,0.01934923,-0.12388264,-0.6322251,0.14787829,-0.5127255,-0.0734734,-0.27765167,-0.12660463,-0.4219349,-0.6178246,-0.25149643,-0.075914316,-0.1617724,0.24915287,0.25818172,-0.19009174,0.26011232,-0.05447418,-0.16197157,-0.14239842,0.045690134,0.44201308,-0.23772041,-0.26507363,0.5490678,0.31049857,0.05928485,0.018721364,-0.11041489,-0.35493475,-0.37292087,-0.41155097,-0.115867265,-0.08246654,-0.34707978,0.35643205,-0.07006503,0.11320936,-0.13494615,-0.17594253,0.03071334,-0.8751708,-0.14199089,0.045075737,-0.19916187,0.64925694,-0.51423585,0.10157233,0.6625834,-0.17517127,-0.40952748,-0.12893271,0.075691245,0.39575207,0.08876931,-0.032950893
OAS1_0285,1.6973337,0.73163295,0.9115787,-0.7516481,1.0958742,0.37935176,-0.5544821,0.71883905,-0.33186078,0.10852297,-0.45177317,0.66277206,0.48147294,0.42944044,0.9128625,-0.4212215,0.04973525,0.65288156,-0.5212093,-1.2040421,0.21153842,-0.0060166377,-0.50977916,0.2987134,0.3019745,-0.8014869,0.36818638,0.22640665,-0.18374461,0.35756856,-0.59124386,0.28410527,-0.16401853,-0.43842518,0.11687568,0.24125959,-0.09029815,0.2559947,0.63980573,-0.19076514,-0.43803698,0.16700238,-0.3512372,-0.16826858,-0.66172546,-0.040642675,-0.19455336,-0.115125835,0.11495734,-0.48245883,0.42695335,-0.037883963,-0.19318642,0.6073525,-0.34060594,0.061421692,-0.4848352,0.2341192,0.33450577,0.4294238,-0.082025684,0.25647724,-0.48691612,-0.7573033,0.07968145,-0.16217487,-0.14384182,0.30691472,-0.2535375,0.25178462,-0.20195697,-0.35554728,0.31328696,0.13009721,-0.25054824,-0.11875818,-0.18890037,0.3700451,0.014902217,-0.078647494,-0.080100015,0.24385437,0.28356317,0.17180796,0.05782679,0.101579815,0.012171577,0.042812865,-0.47822616,-0.36369967,0.3530941,0.621764,-0.081856176,-0.2861818,0.037537128,-0.2246172,-0.0443755,-0.4046737,-0.5300923,0.103891924,-0.084317036,-0.26850316,0.25426674,-0.07588513,0.32716745,0.12186893,-0.23308705,-0.5961494,-0.6471756,0.14802252
OAS1_0286,-2.0546288,-0.3661266,-1.4317466,-0.107117295,1.2651728,0.65286875,-0.8572537,0.2146183,-0.25615543,0.20123674,-0.91714954,0.07097686,-0.38922396,-0.6242112,0.11450624,-0.44486544,0.38588694,-0.26961207,-0.7164318,-0.15785402,0.14406514,0.11585983,-1.1607151,-0.43308747,0.95732796,0.00211746,-0.45819098,0.2878202,-0.15078071,-0.6847071,0.23509009,-0.8190579,-0.35242102,0.57877696,-0.33282253,-1.5545806,-0.08918818,-0.20225081,-0.49997047,-0.078656286,-0.26690742,-0.2734453,-0.06630557,0.41666543,0.082957044,0.49772313,-0.0069205742,0.104937844,-0.6476261,0.6522514,0.24479988,-0.12415388,-0.29744023,0.16421676,-0.96908814,0.41650537,-0.15332164,-0.06519419,0.3110344,0.09865259,0.2804153,0.069637604,0.21293466,-0.048592433,0.55022204,-0.7361566,-0.001990861,-0.075832695,-0.5101769,-0.31721568,-0.2799261,-0.70000714,-0.7781227,-0.21875557,0.09809615,-0.11778488,0.114351206,0.44335777,0.007702015,0.20579635,-0.052694198,0.13711682,-0.15878646,0.34192067,-0.023947211,0.1518736,-0.5087228,0.14613998,0.34402028,0.08489265,0.60017276,-0.47318053,-0.053230617,-0.6312265,0.2264893,-0.27467942,-0.44312638,-0.14575866,0.024716372,-0.19872658,-0.34241727,-0.3880399,-0.10581852,-0.12515795,-1.2299371,0.15278701,-0.19985856,-0.03149393,0.26763847,0.032610197
OAS1_0287,0.3719834,0.39733398,-0.65021986,0.49315467,-0.2023284,-1.0816523,-0.13615234,-1.2273881,-0.6557604,-0.41751978,-0.25098795,0.3484401,-0.61887616,-0.07079111,1.1167576,0.04521183,-0.08596975,0.09683562,0.4584923,-1.0012031,-0.10288382,-0.68163323,0.91120327,-0.8612047,0.21721242,-0.26133546,0.13728715,-0.7934414,0.7603636,-0.03416145,0.1850464,-0.09131675,0.5323833,-0.23573704,0.13061443,0.026709916,-0.052570354,-0.7806361,1.0270658,-0.69444764,-1.0847236,0.47708452,-0.7088349,0.34077194,0.4947907,-1.2077028,-0.7177949,-0.1322217,-0.16493718,0.062876135,0.3602559,-0.30687526,0.70820737,0.056800824,-0.5951732,0.2378457,0.040623534,-0.025696134,0.27922553,-0.12120769,0.13238533,-0.5970776,-0.02719616,-0.33336934,0.3605188,0.559787,-0.2973588,-0.17872545,0.16173719,0.25147045,0.41090792,0.62466824,-0.10209686,0.33694535,0.035938602,0.6760452,0.3156382,0.41257232,0.21726792,-0.29547957,0.13833015,-0.2810933,-0.5453621,0.20966633,0.28731954,0.031142868,0.40975267,0.29631776,-0.5221331,0.060803197,0.08395787,0.13471414,0.43362296,-0.007949135,0.22237739,0.03979791,0.12845166,-0.055910096,0.4915892,0.10075729,-0.24866349,-0.5349108,-0.25344837,0.1366026,0.28267008,-0.21638095,-0.024795555,-0.059471045,-0.31154534,-0.35539183
OAS1_0288,-2.5567453,0.4863203,1.1680702,-1.3283536,-0.10717464,-0.66977763,-0.6052176,0.16022196,-0.6545094,0.7251166,1.36585,0.37115744,0.8606405,-0.32030067,0.6749804,0.15001796,-0.7366246,-0.012508602,0.8334225,0.18036382,-0.32970738,0.0042233635,-0.37285015,0.41690648,-0.13038123,1.3979481,-0.6238449,0.9092683,0.913244,-1.0198556,-0.2241786,0.25685602,-0.18240647,-0.3028721,-0.1291143,-1.2890408,-0.36176205,-0.08015513,0.51744604,0.042813312,1.130474,-0.49449718,0.07069845,-0.12019768,1.2206014,1.3159912,0.26995483,-0.115850516,-0.5749219,0.36428413,0.005497914,-0.1473979,-0.24070746,0.9077532,0.03562902,-0.040886894,-0.0742085,0.5826859,-0.78588367,1.0281436,-0.28620765,-0.27363613,0.26118615,0.40279266,0.3649735,0.10482073,-0.060840093,-0.21815127,-0.21377723,-0.008670598,0.34314692,-0.23802409,-0.51285857,-0.09127499,0.31041333,-0.22700122,-0.046855435,0.062822334,-0.0021411653,-0.7011147,0.12788975,0.4331811,0.10560677,-0.0019873504,-0.18241905,-0.2185868,-0.24548931,0.441709,0.06329143,-0.26639095,0.46779877,0.14259312,-0.06358814,-0.05462925,0.62627876,-0.19430679,0.21071573,0.24788322,-0.3398362,0.04321973,0.13669986,-0.44213396,0.18297437,-0.41677278,0.5399243,-0.420676,0.011472386,-0.21488148,0.43186292,-0.3904653
OAS1_0289,0.34105355,-1.3110602,-0.44214785,-0.8656786,-0.076110646,1.6439219,0.33331594,-0.7958339,-0.18062636,0.660944,-0.40658206,-0.166299,-0.7128455,-0.21395876,-0.90561664,0.37569794,0.6375428,0.3034684,0.13755669,-0.22873881,-0.42521933,0.1553828,-0.19360866,-0.1296781,0.06715543,-0.22965865,0.6114451,-0.2418185,-0.3708568,-0.122660376,-0.024222907,0.09418691,0.48392358,-0.3422121,-0.05463871,-0.26677975,-0.075948164,-0.051552024,0.27612886,0.31176454,0.40938103,0.5074102,1.2463349,-0.04523319,0.1337376,0.2825431,-0.21840139,0.29164213,0.68226767,-0.45948753,0.9317715,-0.058144003,-0.1489829,0.66050327,0.23995276,-0.0045512617,-0.0028395227,-0.59847045,0.18695997,-0.27890506,-0.34167123,-0.17153437,0.41516167,0.09758098,0.1982412,0.042125005,0.07646514,0.47367954,0.1965785,0.31694275,-0.53033227,0.2549164,0.23650931,0.35004216,-0.93272924,-0.30724397,0.18273461,-0.36700457,0.14534329,-0.22590777,-0.25464392,-0.19808295,0.576909,0.23361075,0.23553781,-0.016028434,-1.1783744,0.17690493,0.24716786,-0.5853043,-0.36846495,0.42184868,-0.13326325,-0.7199025,0.53381586,-0.311375,0.019828243,-0.15535116,0.4092343,0.10479611,0.3124124,0.640498,-0.41318226,-0.29505244,-0.071979046,0.061991204,-0.8196325,-0.34238276,-0.27667284,0.52525824
OAS1_0290,-3.47355,0.56549424,0.13456126,-1.7421713,0.24294984,0.17668307,0.07251432,0.3624031,-0.3374819,-0.107359834,1.7723838,-1.477606,-0.3803653,-0.6719661,-0.10939713,-0.15374978,-1.4373072,1.0207202,-0.18666014,0.06548681,-0.7052224,0.43449888,-0.046924144,0.08806559,-0.7434741,0.029369866,-1.058169,0.77188087,0.1888426,0.60443884,-0.11817369,0.03288654,-0.17494462,-0.29347607,-0.13029367,0.086024575,-0.30837476,-0.96071345,0.2547575,0.45919782,0.2953009,0.28305754,0.2950105,0.1418792,-0.5681233,0.60254294,-0.32406506,0.13288376,-0.6669885,-0.046590462,0.29912204,0.6387405,0.032665882,-0.77955604,0.6531861,0.2663434,-0.3755778,0.49805647,0.6487824,0.4504911,-0.6994004,0.076901086,-0.085929275,0.092750534,0.12713206,0.3594212,-0.08060174,-0.21799716,-0.33444148,-0.046317887,-0.8657607,0.07175201,0.24438508,0.47330877,0.47912744,-0.076638654,0.14541918,-0.23904285,0.2810496,0.36226344,0.3083849,-0.27202237,0.17001846,0.09347742,-0.010152294,0.09626109,-0.30511463,0.09313028,0.13876499,0.5130183,0.47286806,0.101209,-0.5343637,0.61029947,0.39716578,0.6731369,0.19773361,0.3746384,0.17432937,-0.14185113,0.04797411,0.14439434,0.42827567,0.20311965,-0.3858225,0.19116965,0.38377458,0.049343817,0.041280195,0.06904319
OAS1_0291,-0.361553,0.25072858,-0.064847276,0.2126046,1.3690928,0.5953764,-0.8017465,-0.3487919,0.6397509,1.9853344,-0.5809159,0.14812158,0.5879488,-0.07379963,0.49366137,-0.3832158,0.36962757,-0.53045714,-0.14061071,0.80015916,-0.3723739,-0.41381606,0.80837,-1.1066676,0.2378876,0.9897204,-0.46182767,-0.919033,-0.0052603986,0.5049394,0.7850608,0.06680261,1.1032841,0.83756936,0.6353359,-0.037548266,-0.15097234,0.9117659,-0.45646974,-0.32822365,0.24195178,0.08284808,-0.27254507,0.7410053,-0.30960697,-0.6052605,0.58735853,-1.0266529,0.07099872,0.2764108,0.32877693,0.7701015,0.14013721,0.403795,0.28419578,0.7362366,0.11358982,0.419646,-0.053983495,0.024788443,1.2186823,-0.9615655,0.028248446,-0.6024803,0.090546064,-0.8607251,-0.39953023,-0.32141665,0.21595713,0.9102953,-0.2256595,-0.11470828,0.051108178,0.23423631,0.39637503,0.53154266,-0.26342916,-0.043705706,0.0010975383,-0.09441289,-0.18737419,-0.5916192,0.3403309,-0.06744894,0.3776918,-0.26421764,0.14992706,0.09780663,0.2627407,0.10049063,0.3697449,0.00876155,-0.14610982,0.11283565,0.49163207,0.83184695,0.40411082,0.5250812,-0.18678983,-0.32642826,0.24380183,0.5316919,-0.48625094,-0.11856329,0.16913548,-0.20615073,0.21737044,0.21916203,0.25595054,0.36263612
OAS1_0292,0.6780266,-0.8462964,-1.1377033,0.40130097,-0.18147287,-0.19272247,-0.84660774,-0.88049215,-0.5666555,-1.0069963,-0.73573285,0.21318525,-0.57023674,-0.9957683,0.2545744,-0.3371526,0.31342068,0.66063195,0.35289642,0.32786945,0.36273172,0.74093693,-0.8069326,-0.78116864,0.11085512,-0.53260714,-1.2969948,0.3766914,-0.6538659,-0.04397066,-0.35849923,0.06550474,0.16438496,0.5644474,0.14471969,0.043776423,0.25505933,0.3884617,0.6623857,0.39976004,0.43035302,-0.35766676,-0.49908525,0.3354689,-0.1688524,0.12559117,-0.035802778,-0.32294786,-0.34522176,-0.01506033,-0.46968114,-0.10711164,-0.06533597,0.516137,0.46219763,0.12749448,-0.008948532,-0.16194536,0.24290998,-0.6328137,0.46900475,0.053837985,0.14244479,-0.18828525,-0.45233017,-0.30232465,-0.3983805,-0.116741635,0.24143931,-0.6029282,0.13876264,-0.36346018,0.24478449,0.12510018,-0.5400203,0.22872344,0.14378649,-0.27172545,-0.0637176,-0.32780412,0.111085586,0.15062156,0.17028506,0.20724878,0.078566596,-0.032886494,-0.37404564,0.25875142,-0.19210805,-0.38327265,-0.44004494,0.56122875,-0.05126027,0.52904594,-0.20029312,0.07112455,0.20424832,0.123415016,0.015427211,-0.0827523,-0.5142417,0.4100587,-0.048168644,-0.03249591,-0.19264147,0.029521298,0.22961262,-0.11091793,-0.035597894,0.28265244
OAS1_0293,-0.082912095,-2.265664,0.32596308,1.0030719,0.6081646,1.5072707,-0.3072764,0.21989413,0.8529794,0.75523084,0.10934343,-0.17874454,-0.527236,-0.53984386,0.12410592,0.16845289,-0.77311987,-0.7116861,-0.36735553,-0.39966837,-0.26876315,0.2459252,0.39304918,0.54225576,-0.5854379,0.50759524,0.26076552,-0.17992763,-0.105256185,-0.35309315,-0.4784966,-0.30645767,-0.5214946,0.1600909,0.34852293,-0.21638536,0.64878005,-0.26556623,-0.041657377,0.39764032,-0.3524566,-0.08039425,-0.03265304,-0.7985858,0.023579963,0.6757058,0.42853048,0.14349629,0.22530073,-0.07610838,0.05300855,-0.38344446,-0.172744,-0.24723922,0.08132765,0.5804533,-0.1872412,-0.15971576,-0.576165,0.39822936,-0.55896723,-0.7906921,0.30808657,-0.75044924,0.033955794,-0.4334491,0.40474576,-0.17341432,-0.029808305,-0.123573385,0.22967951,-0.13408205,0.14220029,0.0136850905,0.22029263,0.12446711,0.14054269,-0.9653804,-0.33006302,0.16304304,0.44238457,-0.47519347,0.26759356,-0.7793748,0.20341021,-0.03798995,0.34199816,0.13155703,-0.34780124,-0.4888474,-0.13774024,0.21469133,-0.22434598,-0.05676473,-0.20184821,-0.590655,-0.45008308,0.041991048,-0.08870634,-0.1932968,-0.45737466,-0.35870096,0.09490502,0.1605172,-0.26140857,-0.13035637,0.079116896,0.070727445,-0.37374792,0.6505642
OAS1_0294,1.6843927,-1.0504067,-1.0588875,-0.18286012,-0.841152,-0.5601116,0.79993194,0.37150663,-0.32625005,-0.15005526,0.04875727,-0.31626555,-0.44326884,0.057406556,-0.17367037,-0.15289213,-0.10219165,0.018894732,0.097895816,0.15807915,0.9087734,0.48037872,-0.17268859,0.79897875,-0.24782886,-0.14452697,0.06836734,-0.51655763,0.20427036,-0.61347395,-0.12904419,0.09153434,-0.17553143,-0.3329819,0.00015212261,0.019822054,-0.2727907,-0.10635814,0.09690895,-0.018577468,-0.20323445,0.13223033,-0.07323006,-0.1992009,-0.16804647,-0.67347074,-0.2825388,-0.06491862,-0.38449833,-0.027421657,-0.011370356,-0.22775126,0.003053963,-0.19402947,-0.17148174,0.46847123,0.1636701,0.5931544,-0.65353566,-0.21814139,-0.26087198,-0.14068379,-0.36211577,0.23166847,-0.07262252,-0.260032,-0.01164407,0.68784875,0.016146552,0.026140561,-0.009143946,-0.64736694,-0.18981993,-0.05219269,-0.17762706,-0.052408878,0.15707414,-0.020752877,0.11784644,0.3551254,-0.12339803,-0.022080986,0.20738839,0.25947618,0.027421953,-0.4705295,0.5400502,0.710072,-0.026746916,-0.25676525,-0.060144782,-0.17486084,0.41509607,-0.0069582183,-0.0025220162,0.12073178,0.5657196,-0.35679212,0.3482794,-0.3051745,0.01224287,-0.3973396,-0.15593292,-0.012211617,0.20218877,0.09929637,-0.42757794,-0.17121427,-0.0063516097,-0.28695813
OAS1_0295,1.1049043,-0.9869442,-1.379051,-0.07391717,-0.8454443,-0.2863736,0.6488602,0.024040157,-0.21157545,0.0022246204,0.29046452,-0.60223675,0.052103937,-0.17627078,0.10100073,-0.51518255,0.91547996,0.010326619,0.31168088,-0.50844496,-0.71641093,0.1201698,-0.14915779,0.10707784,0.96316046,-0.7077552,-0.124182604,-0.23065586,-0.5548309,0.9937933,-0.72247165,-0.33842257,-0.75609154,0.6007188,-0.41533366,-0.6861284,-0.033760488,0.31233397,-0.8852687,-0.09796977,0.0242677,-0.5786816,0.039243735,0.42677465,0.18526316,-0.112839654,0.44129694,-0.110772766,-0.02097045,-0.1144346,-0.0016180921,0.40590617,-0.12114744,0.26977608,-0.82123005,-0.14345793,-0.6732786,0.48073217,-0.2566245,-0.7996687,0.3176892,-0.35596508,0.3365812,-0.14206955,-0.08436011,0.29263005,-0.3429467,-0.5811391,-0.08894326,-0.2751778,-0.24873737,0.2675579,0.30552682,0.57718337,0.26185596,-0.19168639,0.084805846,-0.3326795,0.34242338,0.10945341,-0.14226937,0.40582505,-0.02792521,0.52932227,0.18131971,0.15450458,-0.016853571,-0.08045268,0.26788995,0.16265716,-0.19594201,-0.22780974,-0.51963335,0.14803421,-0.17776795,0.22185035,0.27242965,0.025554946,-0.16973981,-0.040080357,-0.13582945,-0.82978886,-0.04367484,0.065551125,0.12264033,-0.11465899,-0.71483105,-0.10984664,0.39059365,0.2893259
OAS1_0296,1.3146456,-0.66341645,-0.6961381,0.2579191,0.61693174,-0.36262017,0.10630076,-1.1056014,-0.54056305,-0.67917556,0.16625188,-0.28474382,-0.11599406,0.33730105,0.20731163,0.0568716,-0.51013494,-0.4381117,-0.07952801,0.6283328,-0.55858874,0.37390792,-0.2603598,-0.6248248,0.32557783,-0.0538335,0.8647558,-0.61173517,0.24049309,-0.2763313,-0.22401293,0.15575641,0.06716278,-0.35568163,0.2155744,-0.3176324,0.18644829,-0.3646886,0.55901474,-0.42518958,-0.16799818,-0.44577226,0.08818288,-0.19181387,0.842151,0.22531016,0.7946571,0.36626044,-0.04119891,-0.9464624,0.21703416,0.14296435,0.037108727,0.1876744,-0.5199281,0.28149506,0.45114484,-0.58787435,-0.28897455,-0.401227,-0.49275732,0.2608768,0.04638305,-0.0074842977,0.072356395,-0.18886323,-0.58809936,0.12559856,-0.29023263,-0.44521293,-0.7952988,-0.34072196,0.026097853,0.7106829,-0.5155206,0.14973268,-0.12720378,0.060453348,-0.21183856,0.47046155,-0.21714893,-0.39201,-0.4354238,-0.08099834,-0.40962657,0.34057164,-0.18044569,0.20487021,-0.19525672,-0.6500848,-0.2826787,-0.14220716,0.16582559,-0.10812927,-0.09335497,-0.090424396,-0.28369588,-0.5648594,-0.10577058,0.15744634,0.0870515,0.50122625,0.07402584,0.012055628,-0.08608391,0.20355597,0.47469994,0.47580332,-0.0865774,0.01712815
OAS1_0298,-0.67886215,-0.62247235,-1.2838433,0.28260818,-0.01256769,-0.39765865,0.86397576,-0.17421561,0.055318736,0.8081514,1.1495255,0.30847242,-1.1534538,0.2417163,-0.555835,0.071757145,0.2710172,0.5327299,-0.32308766,-0.42617315,-0.4047148,0.59399563,0.29988742,-0.0351806,0.88760436,-0.2535705,-0.73659813,0.76626474,0.49457923,0.06800713,-0.076966226,-0.91637003,0.050495062,-0.37188676,-0.96110886,0.4583296,0.36249056,-0.68581194,0.19101456,-0.6079903,1.0647974,0.46897995,0.18112944,0.07182962,-0.5395656,0.0015674542,0.108293265,0.15810607,0.7536246,0.14083688,0.31370127,0.11327221,-0.56470263,-0.31153837,-0.41970056,-0.08828026,0.0689599,-0.28607652,-0.0870863,-0.43651012,0.2622594,-0.58448714,-0.07649947,-0.15134615,-0.028993981,-0.27613294,0.39813107,-0.89305604,0.29318592,0.11233329,0.26844123,-0.47746098,0.2250188,-0.46202454,0.07780448,0.05905303,-0.037326198,0.0148445945,0.18854034,-0.50126207,-0.030200606,-0.043363065,-0.22027078,-0.26788783,0.14484794,0.16894233,0.17322485,0.52516806,-0.21712624,0.23316945,0.21421829,0.23933738,0.08206629,-0.63193727,-0.201473,-0.1393254,0.08551243,0.18584792,0.14830124,-0.5039697,0.5376946,-0.14032818,0.38026032,0.23319337,0.23058826,-0.5160664,-0.3620946,-0.6354928,-0.23415396,-0.5891336
OAS1_0299,-2.0004268,-0.4246378,-0.8584539,0.12793322,-0.29265717,0.78588426,-0.5085621,0.71520483,-1.0857174,0.13913792,-0.7175128,0.37100202,0.7218867,1.3028525,-0.11287149,-0.014617922,0.965648,0.42548516,0.11040906,0.7129543,0.18716095,1.172706,0.49266186,0.6786142,-0.48195493,-0.27484748,0.3605007,0.007340452,-0.027059302,0.7817313,-0.112777784,0.030278984,0.287068,0.31620127,-0.5556814,0.14529106,-0.17634928,-0.5572422,0.0405329,0.67524105,0.083894536,-0.1166271,0.060446884,0.046352785,0.4745033,-0.10710912,0.81834394,0.3916093,0.43101075,0.34567094,0.38299707,-0.22163792,0.19031186,-0.44766212,0.6309348,0.6100128,-0.24003746,0.3082665,-0.17033772,-0.055686142,-0.15745485,-0.025809089,0.138607,0.040918346,0.60104114,-0.25880727,0.41380572,-0.04136833,0.39963323,0.41659844,0.6552858,0.3584116,0.904079,-0.42559916,-0.10609348,0.4900515,0.36812702,-0.024515146,-0.13539757,0.548477,0.308805,0.059864275,-0.7243144,0.22108789,0.23524028,0.13601708,0.5194839,0.1500807,-0.0033244712,0.4951021,-0.4163517,0.5100605,0.571719,-0.29946804,-0.17872871,0.15306476,0.070531726,0.20423569,-0.11813667,-0.3906482,-0.06759237,-0.07555922,0.33302474,-0.4689387,-0.5196487,0.14264913,-0.06579188,0.046860874,0.44660738,-0.24358846
OAS1_0300,-2.184898,0.29207852,1.1144211,0.118101954,-1.7709221,-0.14797862,0.97039455,0.74844813,1.4166522,-0.5309485,0.3285902,0.074448556,1.7176256,0.41862255,-0.7954309,0.84241444,0.6233035,-0.60011935,-0.471208,0.7666787,0.7236823,0.7572251,-1.0862305,-0.111648016,-0.23939237,0.6651123,-0.32980096,-0.12960838,0.15389563,0.989729,-0.29621136,0.32278606,0.636982,-0.08310646,0.46285477,-0.61390597,-1.0406581,0.29560873,0.48169854,0.08849191,-0.048379052,0.058907747,0.46383867,-0.7646932,-0.018998915,-0.81427735,0.14711566,-0.82732856,-0.5709919,0.28441304,0.15207022,-0.016575344,0.5177395,0.3365649,-0.59083337,-0.39285266,0.0263048,-0.59438205,0.12678432,0.056721557,-0.54898685,0.61301106,-1.002561,-0.0742216,-0.39857996,0.00836646,0.26663545,0.47043106,0.7023988,0.18987921,-0.06975649,0.088601045,0.5888219,-0.24640526,0.21991181,-0.10606742,0.7339923,-0.28464764,0.6944593,-0.4398048,0.4224969,-0.14904533,-0.34949145,0.121707015,-0.63999134,-0.6820333,-0.01737112,0.5477216,-0.027599167,-0.14822106,-0.33372292,-0.77272856,0.28659537,-0.38923886,0.016307807,0.052702088,0.7963704,-0.1855512,0.11586399,-0.5757839,-0.050264917,0.21067294,-0.10554903,0.33119836,0.7990341,0.18398108,-0.022765912,0.13943654,-0.6070925,-0.09600678
OAS1_0301,-2.7491271,-1.7842405,2.8658538,0.7419164,-0.6449122,0.052633632,0.5868363,-0.10463083,0.2596075,0.18091169,-0.77440745,-0.09815873,-0.7674086,0.16894849,0.49927226,-0.43427655,-0.8461436,0.21825397,-0.6662897,0.582952,0.13494597,-0.03864393,-0.26556194,-0.39035782,-0.2663287,-0.9637797,-0.6885591,-0.03418506,-0.8969473,0.5113739,-0.20761046,0.46206933,0.5299373,-0.9746377,-0.30210328,-0.16659625,0.3129929,0.32584527,-0.042690355,-0.018073209,-0.048186768,-0.26331732,-0.0038717624,-0.05543718,-0.2306311,-0.5510283,0.28521058,-0.03712064,0.48894948,0.70023984,-0.20309582,-0.06296794,-0.1535147,-0.10166655,-0.28004658,-0.2290657,-0.15811053,0.025986286,-0.24192813,-0.0885143,-0.46469885,-0.90705717,-0.2663242,-0.3178719,0.7217831,0.67217666,-0.060958948,-0.25664094,0.30859056,-0.29190758,0.03525567,0.49906886,0.25548506,0.45410323,-0.27823058,0.5367471,-0.69662774,-0.08072796,-0.5325809,-0.4936942,0.17525655,0.3951433,-0.4792696,-0.33665588,-0.3168125,0.48608968,0.16381794,-0.11848771,-0.30193877,0.36859483,0.20220044,-0.048447616,0.6924847,0.23069738,0.48625824,0.03915604,-0.7254786,-0.31595296,0.5061934,-0.062881425,0.24861918,0.43242136,0.05803671,0.26269844,-0.5249448,0.104129314,0.021460801,-0.13150075,-0.09335317,-0.3728276
OAS1_0302,-1.252646,0.17766868,1.2201151,-1.7426175,-0.524588,-0.32840103,0.43820107,0.2538806,-1.200422,0.30876374,1.4794378,-0.20307238,0.76942587,-0.91670126,0.011498019,0.9963464,0.7824486,-0.3678617,1.1363401,0.092922896,0.9803982,-0.9003675,-0.29215735,0.66554797,0.32094127,0.26121405,0.28445607,0.027963975,-0.14995074,-0.36604482,0.6691558,0.014929839,-0.21696964,0.108686425,-0.04324954,0.6841155,0.05569915,0.22452842,-0.5562144,0.38803586,-0.21228407,-0.17323115,-0.36816356,-0.36881462,0.76216364,-0.5631492,0.27529415,-0.19442497,0.25000224,0.38101256,0.0751857,-0.095727555,0.11022371,0.09876887,-0.20208222,-0.32200858,-0.026635857,-0.19130209,-0.7884541,-0.29566032,0.29163262,-0.3227408,-0.4228242,-0.2881094,-0.3604538,-0.44774997,0.13029951,0.04730829,-0.33799964,0.0653588,-0.005374321,-0.1880384,0.021896439,0.10077663,-0.27502826,0.399009,-0.20360944,0.30503005,-0.70511395,-0.6781996,-0.061128855,-0.30665195,-0.33076197,0.05512214,-0.43309245,0.77682304,-0.33139595,0.3786652,-0.12041448,-0.10616444,-0.362889,0.0810771,-0.074740015,0.13945575,0.3866569,0.03915307,-0.30279934,-0.12105697,-0.20406808,0.5948374,0.21447071,0.11101606,0.4060193,0.22009723,-0.4967462,0.10648798,-0.0038750686,0.12635076,-0.25419343,0.114165425
OAS1_0303,1.3004564,-0.05210689,-0.121660136,0.28983617,-0.9684897,-0.27998608,-1.0356897,0.22895193,-0.613556,0.028247695,-0.081776395,-0.13069417,-0.534378,-0.5336065,-0.19975026,0.36391324,0.35386437,0.7484739,-0.43487,-0.22987936,0.37731764,-0.06543473,-0.67285407,0.79305804,-0.2960986,0.03859025,-0.41666466,0.12184236,0.25595447,0.58241844,0.74052835,0.40538216,0.08648196,0.16324973,0.32052115,-0.3270265,0.27880982,0.35715523,0.74185866,0.016329147,0.020680882,-0.8571382,0.3230125,0.22513594,-0.17109135,-0.16477332,-0.48821113,-0.6992705,0.4892352,-0.33726594,0.33935603,0.65226865,-0.25156525,-0.9368616,-0.30723357,-0.49267837,0.048946507,-0.32260558,0.17782813,-0.40808082,0.10410117,-0.16288891,0.13973899,0.02349671,0.5496868,0.57378316,0.20873502,-0.22975977,0.0019999167,-0.008266506,0.34829143,0.17917956,0.49179044,0.28211665,0.3937525,-0.23726568,-0.042859305,0.3880423,0.51146376,-0.4226481,-0.18534507,0.032742452,-0.20608415,-0.6817951,0.534023,0.338368,-0.45385972,-0.03278385,-0.1937459,-0.0007095525,-0.26476088,-0.6366288,0.14720604,-0.29718828,0.04468103,-0.14477198,-0.75311583,0.408416,-0.27490386,0.10941633,0.66465855,-0.0068940213,-0.047747534,0.07941661,-0.39069188,0.037263576,0.046438448,0.44533232,-0.1404111,-0.112556584
OAS1_0304,-0.81736594,1.9136685,-0.1341203,0.9870465,-0.08940522,-0.65042675,0.5607073,1.4035583,-0.1825694,-1.2143211,0.5701539,-0.029218182,-0.5156176,0.22849548,-0.5887977,0.14333254,0.37428474,-0.36962315,-0.104402296,-0.33013108,-0.14737158,-0.75546813,-0.23826161,-0.02385987,-0.1094271,0.42153642,0.34715924,-0.4132544,0.55205095,0.014579538,0.40760058,-0.5929315,0.4389561,0.42650813,0.09821471,-0.04580369,-0.560413,0.12555254,0.23862675,0.2685945,-0.28971562,-0.30735072,0.21952634,-0.6753196,-0.44979337,0.115863025,0.024660971,0.6232067,-0.54159784,0.19321397,0.34664708,0.115995854,-0.10973952,0.52672195,-0.32763058,-0.5226277,0.16817279,0.07243511,0.183772,-0.044768617,0.4340664,-0.91747516,-0.6096856,-0.31817636,0.23848224,0.33732194,-0.15314913,-0.32292238,0.13580316,-0.26612467,-0.050729625,0.68329376,-0.33273506,0.20501329,-0.5643702,0.0732559,-0.074573375,0.104119115,0.12715814,0.042118248,-0.451021,0.39781272,-0.43315345,0.038175635,-0.3508553,-0.19168068,0.010550272,-0.03611251,0.054570965,0.3897255,0.8791035,-0.14353378,-0.17701708,0.30685666,0.5810744,-0.035975046,-0.9252154,0.47956362,-0.32635355,0.2605583,0.0755458,-0.18350479,0.20081568,0.47232082,0.042996027,-0.21262835,0.0892157,0.36500558,-0.45851505,-0.031247284
OAS1_0305,1.953778,0.9257046,0.9457065,-0.2078851,0.58404255,1.0683559,-0.9337389,0.9386665,-0.1778701,0.2634147,0.13824622,-0.0066090436,0.3397241,0.48753822,-0.104772516,0.04968929,0.059344254,0.39698517,-0.51141924,-0.19001654,0.1425679,-0.7200738,0.22613084,0.92025125,0.11479186,0.10333959,-0.5818086,-0.30014125,-0.40449038,0.23529282,-0.30105188,0.35857204,0.14236657,-0.23962311,0.23159446,0.016472118,-0.6124061,-0.14274696,0.2662759,0.6669689,0.20883669,0.9503127,-0.39253497,-0.09404901,-0.46515372,-0.46480083,-0.083685674,-0.25291196,0.6824864,-0.24788152,-0.0783664,0.38110405,-0.6248967,-0.4021365,0.19517021,0.19150668,0.044001494,-0.051669657,-0.026706932,0.40410897,0.090710275,-0.6190055,-0.48931253,0.36589378,-0.49189728,0.62948245,0.3460847,-0.080686405,-0.3886321,-0.5262845,-0.05204576,0.1657166,0.5860584,-0.42849275,0.13270745,-0.2112763,-0.67140734,0.708956,0.48930272,0.15650244,-0.06767543,0.3683829,-0.37184998,0.46833402,-0.11104087,0.12469641,0.47174442,0.27496958,0.38736227,-0.33370203,0.6197082,0.043493982,0.4939665,-0.66723186,-0.72323644,0.17532967,-0.037306774,0.28251636,-0.12932698,-0.21573707,0.4657239,0.20792975,-0.16507678,-0.2593217,-0.121251576,0.07330503,0.094636016,-0.1692681,-0.18922955,0.0012815979
OAS1_0307,-0.45203358,1.3333524,-0.5293729,1.602766,-0.5290198,0.10665011,0.25874528,0.102977976,-0.08832639,-0.70578074,0.74064034,0.14064035,0.022701476,-0.13222572,-0.7176724,0.88761693,0.1817273,-1.4781678,-0.5798394,0.02694162,0.04493043,-0.39608783,-0.37266612,0.1347261,0.020815099,-0.3152349,0.17567748,0.25969216,-0.30161202,-0.26224685,0.8174204,-0.20159861,0.87157744,0.6186842,0.62013507,0.91552174,-0.36233744,-0.26782906,-0.03374533,0.14706077,-0.925127,0.05438011,0.36126947,0.728966,-0.117439,0.99384695,-0.07601171,0.5443444,0.3634122,0.19113962,-0.42454574,-0.097650014,0.10444924,0.27187285,-0.54593086,-0.6803553,-0.13528684,0.2300304,0.21496063,0.61616206,-0.23555459,0.1411266,0.09953503,0.31838244,-0.05376217,-0.22474952,-0.5374301,-0.41112426,-0.11921958,0.25258505,0.6027917,-0.39530846,0.19163334,-0.10022881,-0.15903834,0.11651757,-0.65680057,0.26430085,0.32779777,0.07389288,0.45118123,0.4359998,0.68859285,-0.36361805,-0.06922631,0.37868297,0.48908734,-0.22702593,0.0048169186,-0.3058087,0.20522913,0.30106625,0.073911496,0.018359749,-0.17788084,0.17038664,-0.15647638,0.016125813,-0.06188815,-0.6453912,0.09143698,-1.0868913,0.15714066,-0.31329638,0.51753557,0.07169789,-0.17985204,0.35475576,0.13415086,-0.16793689
OAS1_0308,-1.1018691,-0.6672942,-1.122241,-0.33894277,-0.63936377,-0.74894416,-1.4646789,-0.4471446,0.87477565,0.23965697,-0.25714475,-0.12638438,-0.020019563,0.29515523,-0.5190425,0.1226494,0.39080364,-0.23172338,1.192981,0.070937544,-0.62549204,0.027688919,0.06260602,0.2895835,0.43368095,-0.30337,-0.21129444,-0.13114387,-0.5455159,-0.37596056,-0.018702187,0.07967837,0.45816594,0.17562993,-0.34649894,-0.13813202,0.20796695,0.12585023,-0.12218396,-0.3588502,0.21166407,0.48069865,-0.29424328,-0.6151497,0.17824434,-0.1505831,0.23656619,-0.4323599,0.49950597,-0.11740563,-0.18946593,-0.13504751,0.37617978,-0.35622087,-0.43112892,0.5958567,-0.42856494,-0.080429696,-0.12787195,-0.14229074,0.4400502,-0.42557716,-0.4600773,0.32790184,0.3577373,-0.57136846,0.0066443863,0.55837804,-0.21899886,-0.16983193,0.8388868,0.063801475,-0.18302365,0.12217379,-0.07823369,0.5113415,-0.65827495,-0.07561386,-0.012179725,0.7229067,-0.122843005,0.44475135,0.44106376,-0.13366559,0.28421763,-0.11810989,0.13810028,0.12900306,-0.12382836,0.3796729,-0.6744778,-0.07273725,-0.059844505,-0.15681869,-0.009711641,-0.24253315,0.15261164,0.016351053,-0.14792685,-0.21691555,-0.6012482,0.03862659,0.4946657,0.36880696,-0.11400977,0.11443124,-0.08374503,-0.24927858,0.066838436,-0.12948547
OAS1_0309,0.81508005,0.1956888,-0.5833253,0.7898831,-0.8012089,0.23126054,0.21907009,-0.70068437,-0.07993199,0.17254087,0.80743486,0.20878355,-0.7457278,0.35851324,0.28669834,-0.40777832,-0.3575954,-0.27331784,0.29977202,-0.5426413,0.17690709,-0.15883872,-0.41716015,-0.261596,-0.25117043,0.7090384,-0.2937982,-0.46456447,-0.49378768,0.99385995,0.4486746,-0.3628067,0.08097676,0.31281886,0.36101437,-0.3868481,0.10024236,-0.5668542,-0.29426095,0.18060142,0.98786616,0.23177812,-0.013978701,0.15430024,0.18949685,-0.23148221,0.64812356,0.06352067,-0.48989242,-0.21136567,-0.5840303,-0.38588896,-0.43316486,0.29083645,-0.50212115,-0.09234506,0.20876977,-0.18492751,0.24868198,-0.31098482,0.554668,0.3999166,0.010662305,0.62032074,-0.68313104,0.49207792,-0.6899625,0.95537114,0.49146983,-0.3819422,-0.041367516,-0.24090952,0.06972521,0.0484348,0.11266955,-0.4925037,-0.34583548,-0.36710402,-0.09015094,-0.058332045,-0.13478969,0.28142455,-0.13961788,-0.3541989,0.16189991,0.14652835,0.3799496,-0.103488676,-0.13859731,-0.13107842,-0.34035048,-0.19192658,0.24883796,0.27087188,-0.26808324,0.04904651,0.16770229,0.21238609,-0.2209564,-0.25720817,0.46365336,-0.24190836,0.26152244,-0.022273304,0.0019846498,-0.28831753,-0.16864568,-0.20925376,-0.10584002,-0.25277945
OAS1_0310,2.9462352,1.5468185,1.3381714,0.49174076,0.97193456,0.2600713,0.14986274,0.6733687,-0.511259,-1.615067,0.9094092,-1.2825013,0.8641418,0.1819014,-0.7242205,-0.6824032,0.30210614,-0.22057365,0.17343213,0.8111472,-0.34989035,0.53508455,-0.5621917,0.34334564,0.17159067,-0.18719468,-0.46528563,0.07471916,-0.15163207,-0.56234413,-0.4698386,-0.013066966,-0.21003355,0.31163266,0.19041674,0.051699642,0.060732253,0.3007098,-0.4875645,-0.24363628,0.10828752,0.15849513,-0.29772416,0.27262917,-0.19922417,0.28752497,1.0003713,-0.30693752,0.092090234,-0.52995974,0.90034777,-0.7696989,-0.116626166,0.15706329,0.28651956,0.48717615,0.5072798,-0.59028643,0.12184829,0.23243421,-0.08038055,-0.34486598,0.029483825,0.3787987,-0.3398483,-0.2563341,0.5855119,0.24530531,-0.1880397,0.563996,0.17169283,-0.12603597,0.54069537,0.07645142,-0.03125074,0.51177454,-0.34530148,0.23992862,-0.037698064,-0.3147141,0.49084428,0.05761748,0.09072782,-0.22161737,0.06412909,-0.15237246,0.121524766,-0.20233211,0.23398387,0.08301822,-0.22186245,-0.3374134,-0.4116644,-0.48522896,0.40491286,-0.249258,0.025447564,-0.079043746,-0.011005438,0.74124086,-0.059938166,-0.039022326,-0.3439374,0.2684359,-0.008213421,0.7656824,-0.5832307,-0.22126259,0.69375336,0.038370255
OAS1_0311,1.0862044,-1.1673744,-0.7712035,-1.0257298,-0.097633794,-0.516371,-0.11171853,0.73863316,-0.7197353,-0.5637319,-0.5980565,0.34040272,0.6674386,-0.69567895,-0.39300755,-0.86000997,0.2185496,-0.41540813,0.57002306,-0.064569406,0.574345,0.03735781,-0.05030817,-0.3816577,0.38443953,-0.0013172411,-0.10782903,0.45266375,-0.07958397,0.34832832,-0.9091347,-0.8544385,-0.16415672,-0.51990604,0.008626749,0.19263639,-0.20212515,-0.14284909,-0.19960497,0.8863336,0.121282816,-0.19543022,-0.2272787,0.012505118,0.47868025,-0.14697902,0.9984423,-0.29822257,0.46871522,0.30678722,0.3046935,0.18096064,0.39877078,0.020499296,0.495052,0.71721864,0.6199887,0.29185912,-0.43452463,0.10178812,-0.52509797,0.22395843,-0.0176615,0.6723155,0.5967387,0.059226558,-0.5780483,-0.017763657,-0.33723742,-0.16779354,-0.10613456,0.5884022,0.29849592,0.30345583,0.1363818,0.14971463,-0.07999656,-0.11927734,-0.014927969,0.41672358,-0.50242907,-0.017452884,-0.5433329,0.6268109,-0.23538661,0.21787752,-0.24998616,0.3618303,0.11377706,-0.06899509,-0.046090502,-0.19324298,-0.18292373,-0.50813264,-0.68830884,-0.37153858,-0.28248435,0.27913427,0.29190925,0.109469615,-0.3196853,-0.18849538,-0.323914,0.08125853,0.38302836,-0.2226892,0.16124517,-0.5365559,0.3014855,-0.06838645
OAS1_0312,0.3528717,1.0670509,0.5803935,0.49286687,0.6784798,-0.2665898,-0.5089881,-1.455321,-0.6316693,-1.4232757,0.6006103,1.2870957,0.32989928,0.6350353,-0.3962553,-0.30511725,0.40674955,0.07574839,-0.16255647,-0.52706903,-0.08995703,-0.4841454,1.0678747,0.9758149,-0.25892267,-0.35501495,0.53628033,-0.6011463,0.12267877,-0.7008732,-0.25801772,-0.859669,-0.91092426,-0.23930416,-0.5913774,-0.17155218,-0.14204408,0.6600388,0.7268711,0.5074128,0.21672693,0.27026862,-0.026480356,0.19234559,-0.84046274,0.19379295,0.04634631,-0.83758587,0.058297556,0.45324442,0.60700715,-0.66054046,-0.14980659,-0.42884123,0.050328884,-0.06436741,0.30684784,-0.029929755,-0.09486718,0.46699876,-0.57870245,0.79959804,-0.21425217,-0.14165172,-0.18177326,0.31935707,0.23545912,0.24150763,0.16919802,0.7383448,0.24365659,-0.43805218,0.5926552,0.79661834,0.21102038,0.22537515,0.1917715,0.05668221,0.07225727,0.35680312,0.17609695,-0.10315305,0.07878655,-0.07961656,-0.16009045,-0.2502954,-0.25725245,-0.15952079,-0.12525524,0.069818005,0.36629748,0.13292454,0.36621746,0.014149485,0.35981542,-0.56058,-0.30731493,0.91619843,0.20690593,0.07404452,0.33356005,0.013070309,-0.055243164,0.15688704,-0.6100598,-0.51409364,0.15342963,-0.4582795,-0.016783902,0.32348603
OAS1_0313,2.2311919,0.2537063,0.014463073,0.18908814,-0.17133154,0.03847095,0.38502544,1.3776518,0.4588046,-0.72311527,-0.035950825,-0.76966894,-0.557156,0.07690188,0.8407823,0.4817832,0.32775292,0.81700706,-0.043073364,0.510881,-1.2446672,1.0636771,0.41512597,0.06447124,0.1368367,-0.17115329,0.025863385,0.77985245,-0.15299231,-0.48318252,-0.10792576,0.42710894,0.060094286,0.46324986,-0.3181389,-0.2880484,-0.38226667,0.09459449,-0.0017968214,0.48689067,-0.02836536,-0.018108211,0.042188052,0.83644235,0.18954258,-0.19915694,-0.020433905,-0.2757021,-0.04524417,0.01358847,-0.81586945,0.13556322,0.8580085,0.19075383,0.08226189,0.23273085,-0.07278926,0.49543655,0.40054318,-0.1074198,0.09095134,0.097673796,-0.16687573,-0.09933853,-0.16438,0.40439218,0.4246158,-0.04765182,0.01457902,-0.2293801,0.13439828,0.38603675,-0.1253169,0.26427627,0.42481363,-0.93488413,0.16526324,0.1366282,0.52662796,0.09453475,-0.02583514,-0.35549524,0.31820074,0.51336807,-0.14630555,-0.27201614,-0.11610321,-0.29382008,0.26361573,0.5142056,-0.10417262,0.17106268,0.22911441,-0.38428512,0.07313536,0.031811167,-0.4125744,0.2148961,-0.42239982,0.23439854,0.58332115,0.043307185,-0.26745638,0.15275268,0.12466633,-0.86689585,-0.33135584,-0.5613735,0.17581366,0.6936038
OAS1_0314,0.5609394,-0.8459288,-0.24416779,-1.1470399,-0.3500201,1.070191,0.18894266,0.21602535,-0.26269042,-0.15473837,-0.37063155,-0.27775678,-0.5121908,1.0598981,0.12331493,-0.55501497,0.2564628,-0.14827582,0.15939565,0.15615965,0.6306169,-0.13017079,-0.07461763,0.4680726,0.103470206,0.34477457,-0.05719459,0.07174324,-0.22649342,-0.17205091,0.016829582,-0.35232234,-0.19025671,-0.00873488,0.45689768,0.39468482,0.12207703,0.13673025,-3.3397595e-05,0.32616144,-0.96126693,-0.39917862,-0.112021066,0.29326496,0.006305306,0.6531339,-0.056828078,0.68799543,-0.28317463,-0.38031515,0.27510583,-0.5127324,0.27973396,0.011969613,0.19849956,-0.16926253,-0.33834872,-0.8868249,0.4019111,-0.4161804,0.34086812,-0.4971641,0.030872507,-0.28955343,0.25144005,-0.13603044,-0.5662341,0.10217232,-0.1754917,0.156287,-0.5165129,-0.016949484,0.4038114,-0.025533676,-0.23327024,0.25338086,-0.4997583,0.11988987,-0.117750235,-0.3079876,-1.0509218,0.24079227,-0.5301064,-0.38458174,-0.044585783,0.3638506,-0.036621623,-0.4607193,0.08999086,0.26608318,0.13241675,0.49778965,0.069351934,0.4671503,0.14842562,0.05775954,0.96543443,0.40620312,0.57841194,-0.25056165,0.023356961,-0.05004683,-0.31306532,-0.032857344,0.72886074,-0.15090013,-0.039625335,-0.3915967,-0.44910002,-0.1182742
OAS1_0315,-2.0899997,0.2249,0.29034215,-1.4854306,-1.0463854,0.69156635,0.18325597,-0.014474428,1.4956915,-0.013834724,0.678463,-0.26690784,-0.14567074,0.29236346,-0.43368098,1.2794143,0.649849,-0.56329834,0.3220336,0.57308036,0.7284568,-0.43550602,-0.5559713,-0.22557357,0.3884231,-0.6590498,0.30137423,-0.32467544,-0.113952436,0.48435387,0.92655766,-0.33950278,-0.32581452,0.37944826,0.5879554,0.11301687,-0.39825058,-0.49274874,-0.48913407,0.3819029,-0.22098099,0.22535148,-0.48111397,0.6514714,-0.6864499,1.0092689,-0.5994482,-0.50374645,-0.3596183,-0.0526225,-0.47037524,0.37736356,-0.12442413,-0.49009776,0.17229238,0.60862255,0.6355545,-0.06880803,0.096183516,-0.7190982,0.51351607,0.5299967,0.5879234,-0.20957138,0.1112482,0.06569501,-0.0966959,-0.17124219,-0.23389919,-0.15465717,-0.07913184,-0.28938583,0.045699224,-0.24102166,-0.5878981,-0.25725457,-0.24235213,0.5198572,-0.16960879,0.50545615,0.22960824,-1.0279518,0.2429209,-0.112490885,0.32025295,0.05816446,0.47666922,-0.04482197,-0.101866886,-0.7793203,0.13817653,0.4611028,-0.39030674,0.74391115,-0.08561563,-0.13514802,0.32535064,0.14701271,-0.12213899,0.38930494,0.058752995,-0.094511695,0.287094,-0.09247262,0.05054149,0.09765952,0.10931285,0.040311232,0.07131542,0.070617
OAS1_0316,-0.23931617,0.39077753,-1.1703744,1.3410934,0.64580554,-0.67496306,0.6977815,0.41361302,-0.46092647,-0.60456395,-0.2221044,0.25513533,0.15255044,-0.3484728,0.012251892,-0.22273974,-0.7276212,-0.21789794,0.85194665,-0.566749,0.9190728,-0.03905499,-1.0052236,-0.4184792,-0.49321443,0.16653632,-0.74522865,-0.32331532,0.23086873,-0.15474027,-0.030687425,0.25157765,-0.020697488,-0.36691004,-0.55970067,-0.72005224,-0.5566968,0.18562719,0.08522397,0.6429463,-0.37248966,0.30013356,0.25244328,1.0196246,-0.20233896,0.124763355,-0.4216093,-0.5884842,-0.059692167,-0.5830538,-0.5858731,0.029747648,-0.37565318,0.25344282,-0.15935698,-0.5082922,-0.32339144,-0.28793353,0.05070445,-0.06493069,0.2974059,0.9077346,-0.29732963,0.16978393,0.45319557,0.43509352,-0.51516056,-0.13010472,0.3081067,-0.1552544,-0.37632015,0.22737744,-0.10832226,-0.8762947,-0.022887781,-0.25016528,0.3949486,-0.11799926,-0.015288849,0.6575287,0.013836867,-0.3194576,0.29533798,0.15324913,-0.00489439,-0.4258123,-0.0073833405,0.45754826,-0.1090974,0.39693612,-0.19505607,0.17120491,0.1560885,0.27011496,0.29688764,-0.42154923,-0.16201238,0.3288185,0.055884868,-0.0033327013,0.27358335,-0.49093872,0.30512252,-0.5333832,-0.087210186,0.38099903,0.5232042,0.36301452,-0.12983929,-0.30151278
OAS1_0317,-2.1571288,2.3609407,0.7924592,-0.8041737,-0.12166893,0.42923605,-0.6120931,-0.8749459,0.8842112,-0.6457219,-0.0141649665,-1.5438102,-0.78710747,-0.37281588,-0.44876102,-0.4720588,-0.77514833,0.91211635,-1.1402519,-0.37754834,0.58828735,0.26078424,0.07387674,0.2655215,0.4454505,-0.93975115,0.12160246,-0.6591868,-0.28369176,-0.069523446,0.08053023,-1.0824703,-0.9157535,0.14194444,0.08367414,0.13591343,-0.32988873,0.8529978,-0.03671246,0.17028898,-0.52268535,0.10317007,-0.40135506,0.49727234,-0.0997835,-0.03828525,0.019304821,-0.16644455,-0.91138655,0.250632,0.42386508,-0.09971699,0.37762994,-0.36442783,-0.16565537,0.6671046,-0.30766732,0.70565015,0.33530024,0.033918127,-0.53356427,-0.19797066,-0.24078427,0.5113349,0.07937012,0.30528888,-0.29394138,-0.4678837,0.10952252,0.58625287,-0.117672674,0.3778904,-0.32890406,0.10729647,-0.59369344,0.21983887,0.814651,-0.57495457,-0.35017776,0.049527597,0.22028695,0.61380297,0.21929388,0.12414864,0.18807419,0.15774336,-0.2634288,0.55010223,-0.59352154,0.070434034,-0.1515658,-0.7302152,-0.029539308,-0.5269703,0.3211668,0.2623917,0.030348463,0.269599,-0.52242744,-0.75538087,0.23698962,0.45532492,0.17454265,0.06685293,0.2716188,0.37558347,0.023260536,-0.023847979,0.6310342,-0.69652945
OAS1_0318,1.0079993,-1.0192422,-0.58966786,-0.35906515,0.7226076,0.2911809,-1.31135,-0.009624221,0.38284117,-0.10963544,0.06552791,-0.044758834,-0.5208519,0.3986058,0.5242316,0.5061252,0.18697917,0.28786692,-0.14130355,1.0782622,-0.25067365,-0.13140458,0.36134958,-0.3966438,-0.56457496,0.09202354,0.5361924,-0.3943384,-0.5627206,0.63503015,-0.1445468,0.27036396,-0.18742855,0.7074904,-0.13039017,0.69787955,-0.34829044,0.77407503,0.48152867,-0.20480725,0.30610076,0.21257609,0.47241086,0.20447482,0.5806009,-0.044353396,-0.1897172,0.73613447,0.045481116,-0.11421466,-0.2523029,0.26019818,0.08045092,0.20506255,-0.32384208,-0.53319985,-0.28747967,0.012983918,-0.052539073,0.18240461,-0.42530802,-0.17125031,-0.106733166,-0.041607935,-0.6638504,-0.30724776,-0.20307015,0.14575207,0.42255855,-0.60846484,-0.47328234,0.31821287,-0.25539693,-0.4170312,0.3557371,0.3268217,0.010387725,0.39932024,-0.17189501,-0.11881952,-0.2291519,0.29702064,0.34843084,0.30616608,-0.26618367,-0.14049959,-0.24773309,0.17544356,-0.3310416,-0.21561322,0.42264915,-0.121205196,0.029292326,0.19611013,0.034672022,0.20845382,0.07409247,0.37802362,0.15501153,-0.15788417,-0.03671509,-0.20159127,-0.3167821,0.13930473,0.2167787,-0.47141033,-0.30520445,-0.13904354,-0.15142725,0.110553004
OAS1_0319,0.55269957,1.1148857,0.4395844,-1.1660264,-0.7372927,-0.81017435,-0.69055206,0.8966116,-0.29880115,-0.46158075,-1.240054,0.35711995,0.3940728,-0.6111871,-0.6139639,0.098034956,-0.086154886,-0.14723955,-0.46820703,-0.63074726,0.23010944,-0.11678457,-0.21772236,0.6894518,-0.06566387,-0.28041586,-0.564039,-0.47003385,-0.34847945,0.5445254,-0.05104158,-0.040303808,-0.40157393,0.29531986,-0.22568028,0.17029636,-0.051148757,-0.49329573,-0.30278605,0.18485646,-0.33107904,0.8629525,0.018166574,-0.29649752,0.14979069,0.00017239142,0.13611692,0.18723896,0.3542266,0.0066428008,-0.039443575,-0.3429527,0.4283328,-0.0009512292,-0.35515103,0.0012470406,-0.094868146,0.48904055,0.41448492,0.069616385,0.1545333,-0.24451165,0.28757706,-0.15217468,-0.4822811,-0.02286068,-0.055369034,0.07187416,-0.124401346,-0.88538057,-0.006817846,0.2970448,0.65754557,-0.6970746,0.28992173,-0.2817107,-0.46147805,0.26809368,0.5557296,-0.3096733,-0.28345433,-0.20432967,-0.097875185,-0.1979353,-0.41813508,-0.1657883,0.256147,-0.10580026,-0.33929965,0.29069945,-0.26334602,-0.07018292,0.19148137,-0.26891306,0.37266192,-0.42266202,-0.40254986,0.08686623,0.43111083,0.39978737,0.27351838,-0.5720468,-0.41983795,0.41969788,-0.24952978,-0.13441372,-0.19028366,0.0024129646,0.19721115,0.19275382
OAS1_0321,0.6807983,-1.8499553,1.182163,0.8194186,0.6298585,0.7288307,0.023332622,0.7461866,0.7291523,-0.1613711,0.59796655,0.33399662,-0.1153139,0.23965378,0.059034158,0.04958077,-0.6264372,-1.016984,0.5776281,-0.4859742,0.81351006,0.20640013,-0.40964773,0.18907122,0.45229796,0.18382256,-0.056814034,-0.9993118,0.2911754,-0.69954985,-0.6837519,-0.4484103,-0.11937242,0.08427825,0.32585824,0.3129491,0.44026884,-0.26356617,0.28977245,-0.83579457,-0.031182416,0.11353725,0.3171381,-0.22334936,-0.1833822,-0.006452566,-0.15866207,-0.38646144,-0.76948106,-0.103103034,0.2816815,0.30057824,0.5493418,0.13600662,0.54184145,0.044652656,-0.36563602,-0.42488936,0.280526,-0.1205807,0.025900908,-0.5489966,0.1626125,-0.57392335,-0.102686204,-0.22595361,-0.17871374,0.16798042,0.5179552,0.2188474,-0.06939664,0.40333077,-0.3693166,-0.17546958,0.16334526,-0.1815981,-0.42750067,-0.8875436,0.42183,-0.23666936,0.06672207,-0.6809082,-0.13242432,-0.123598315,-0.6042124,0.2902514,0.49404582,0.10517551,-0.31096563,0.12654975,-0.06472544,0.44134605,0.012103317,0.14855224,0.17743503,-0.07347292,0.057499718,0.18362015,0.26550424,0.40504333,0.3808017,0.24771243,0.16131103,-0.25429016,-0.45588762,-0.49741465,-0.5481893,0.0805761,0.31490925,-0.5254629
OAS1_0322,-0.27896667,-1.7415243,0.72927624,0.91774833,-0.73747253,0.28412682,-1.0358337,-0.17062037,0.9724827,0.038592454,0.46318546,0.3624338,-0.02899478,-0.4354087,-1.2742391,0.14948882,0.92692244,-0.27463666,-0.3395494,-0.11633821,-0.03667378,0.54277074,0.17797631,0.72431135,0.68086356,0.29354906,-0.20296988,-0.84974164,-0.21757016,-0.5571362,-0.11050858,-0.063141316,0.3070176,0.5343938,-0.29949945,0.051329937,-0.3706505,0.01415175,-0.37758294,0.5522965,-0.3582851,0.2923264,0.23064595,-0.96660143,0.29537347,-0.5001768,0.05695988,-0.54584324,-0.42140633,-0.18774834,-0.44290045,-0.8876505,0.91385007,0.25854144,0.08295792,0.41015354,0.3588998,0.4693111,-0.26368842,0.6936802,0.44622645,-0.0186435,0.2952755,-0.64035904,-0.37208375,0.11288218,0.46320164,0.42196295,0.4502656,-0.44362932,-0.3179844,-0.008648756,-0.62087893,0.39164203,0.44375145,-0.17702717,0.20136608,-0.10423894,-0.057819776,0.1305802,0.7114721,-0.081315815,-0.5942324,0.2088614,-0.22187722,0.12026133,0.52768934,0.56827587,0.73576355,0.008288734,0.2835822,0.121865764,-0.008257808,0.34902576,0.1996332,-0.5127871,0.44669434,-0.05397825,-0.23731703,-0.19484311,-0.21939765,0.32118782,-0.3301986,0.16468413,0.25039053,0.11259457,0.20946024,-0.17961793,0.16179308,-0.8057286
OAS1_0323,1.35875,-0.11526987,-0.29239544,0.4342064,-1.0648282,-0.13749115,0.34880388,-0.074191436,-0.13056514,0.20059349,0.9560284,0.0050394707,0.1094592,-0.18718103,-0.17223968,-0.432258,-0.053880043,-0.53813833,-0.14029127,-0.57286173,0.25488988,-0.8649388,0.0046171034,-0.7356003,0.16992019,0.8475469,0.16141748,-0.8305561,0.8812374,0.13793647,0.4793298,0.1996805,-0.6451016,0.02872315,0.47900543,-0.4439608,-0.13990411,-0.65523374,-0.88886094,-0.14106622,0.70117223,-0.23057526,0.5752197,0.5212359,-0.42356783,0.4634605,0.1835728,-0.66591233,-0.40201402,-0.7512092,-0.7704537,-0.7272653,-0.13213702,0.42514366,-0.09889491,0.6915359,-0.015277994,0.07762712,-0.28472358,0.65675074,0.12576278,0.19669014,-0.035693612,0.30916965,-0.03743184,0.16750485,0.09439787,0.20893677,-0.59645087,-0.2513542,0.29333526,0.54591453,0.49967426,-0.41154274,-0.14702554,0.86599183,0.23367612,-0.9692226,-0.85064983,-0.18719277,0.16759336,0.16606367,-0.48326313,0.030848302,0.08969085,0.44850677,-0.6690354,-0.053035464,0.05669279,0.55458695,0.13423212,0.24721333,0.059819035,-0.24100508,0.12830313,-0.65654576,0.22049646,0.090715416,-0.16554075,-0.14435738,-0.0671722,0.05728858,-0.1775256,0.3299371,0.29173446,-0.16172302,0.3868229,0.40148312,-0.59679955,0.3314863
OAS1_0325,1.2427958,-1.2326281,-1.021838,-1.1383305,-0.25954366,-0.21763258,0.3106571,-0.05694875,-0.7696929,-0.6410644,0.14318009,0.35125262,-0.13090155,-1.4285817,-0.14170034,-0.6967754,0.466639,-0.2802104,-0.1968995,0.82378715,0.32388923,-0.45982125,0.010404421,-0.16014409,0.33826095,-0.3067535,-0.28893173,-0.18076442,0.056506667,-0.41354787,-0.9091896,0.34248918,-0.39241642,0.20095213,0.40765977,0.5122287,-0.70063555,-0.054412853,0.40961838,0.9256838,-0.5115331,0.021822311,0.039806306,0.20231466,-0.59116364,0.41853625,-0.01029841,0.169289,0.4113341,0.5753224,-0.4865998,0.46583155,0.06958649,0.20203803,-0.19132112,0.070244744,0.52944237,-0.24721882,1.0116062,-0.43038982,-0.059378114,0.010766011,-0.08743746,0.25473535,0.19619079,0.043699488,0.088033535,-0.24752653,-0.027663425,0.18866986,-0.3958326,0.1012167,0.5037284,-0.2885876,0.5556529,-0.018239269,0.48738003,-0.3632956,-0.36861363,0.10910158,-0.5502099,0.017441226,-0.040558632,0.08280309,-0.18236157,-0.114035875,0.3585587,-0.18250424,0.17700385,0.154372,0.3303261,-0.32759285,0.3578776,-0.25263986,0.10527171,-0.011253002,0.13812043,-0.07040227,-0.07148537,-0.20484544,-0.39057514,-0.24074167,0.0089433445,0.064039834,0.1457263,0.07893314,0.29898146,0.42146993,-0.06793819,-0.4018413
OAS1_0326,0.9156513,-0.3436684,-0.1486072,0.77361584,-1.3661047,-0.34721893,-0.25559774,-0.11281489,-0.26287842,0.5213106,-0.028145883,-0.11303118,0.42687166,-0.24097718,0.24059,0.1798372,0.37971938,0.6803325,0.76018375,0.53158796,0.64635396,-0.3035655,0.14443296,0.59988743,0.25594762,0.5191751,0.495818,-0.29877463,-0.38317728,0.09001548,-0.14464475,-0.38340706,-0.14819366,0.07062333,0.38080028,0.16851793,0.07475583,-0.2930386,0.40624592,-0.5892347,-0.105736494,0.39568344,0.667518,0.30724758,0.19584559,-0.2187089,-0.12714319,0.023886127,0.54279774,0.2527641,0.2527954,0.33623353,-0.29751265,-0.42780554,0.11835072,0.019021632,-0.305338,0.41844913,-0.2541577,0.41581348,-0.48803893,0.42552447,0.012096605,-0.19907407,0.6941913,-0.9375919,0.09834526,-0.20073962,0.14190328,-0.13720363,-0.29555428,-0.12225027,0.15198416,0.6187693,0.5859404,-0.062065244,-0.032454975,-0.13425475,0.22660747,-0.3662447,0.013168998,0.10890728,-0.5910056,0.22843635,-0.12515329,-0.62407684,0.29246268,-0.29783133,0.008284175,0.09745015,0.2973168,-0.017367631,-0.5764969,0.013825636,0.17851429,-0.17846483,-0.087118,-0.40543592,-0.38199884,-0.22281198,-0.22593063,-0.30084288,-0.13752857,0.04107728,-0.49781883,0.254086,0.06731765,0.05574507,-0.041690227,-0.14025563
OAS1_0327,-0.582328,-0.29422754,0.59360594,-0.89885956,-1.0089078,1.1797884,-0.6353751,1.0433832,-1.1300299,0.31376037,0.063951336,0.70996565,0.15404965,-0.45129868,0.5042852,0.17539097,0.64214796,-0.1837136,1.1790516,0.17058219,-0.21398187,0.18836729,0.5984126,0.35792318,0.6648308,0.87655747,-0.54858357,0.6710273,-0.56218755,0.20469433,0.35681534,-0.42150682,-0.742577,-0.5276351,-0.055321578,0.70049703,-0.098694734,0.43547982,-0.65602344,-0.30859354,0.36548793,0.77844095,-0.39868885,0.28502226,-0.37156117,-0.38258594,0.00949449,1.1860406,-0.4738607,-1.1619412,-0.36817372,0.27213755,-0.7890511,-0.39130622,-0.20089051,-0.1306504,0.49806288,0.21072602,-0.16248818,-0.04837205,-0.37492943,0.5112285,-0.1651898,-0.005596091,-0.520473,0.3812062,0.04567188,0.480848,0.10637137,0.18559775,0.0002888557,-0.054315887,0.15582329,-0.24375287,-0.40707275,0.23993635,0.042169437,-0.1647201,-0.1268454,0.28235635,0.45418495,0.405773,-0.101351604,0.3161137,0.22000949,0.4119127,0.75936913,-0.11475019,0.05242666,-0.24551387,0.2156358,0.21898443,-0.37108278,0.13001226,0.006956671,-0.002236343,-0.26592892,0.97626513,0.07300382,-0.13504359,0.0062517812,0.27231938,-0.23422997,0.76941586,-0.17627685,-0.08778174,-0.29595274,0.65057564,0.3628911,-0.593168
OAS1_0328,0.9285092,-0.5620873,0.10079314,-0.91417813,-0.24307953,0.85253066,0.024427308,-0.8526498,-0.6691406,0.6823111,-0.3884728,-0.22322619,0.053814765,0.33407182,0.10398967,1.275501,-0.17483926,-0.31629398,-0.56092024,0.32924247,0.03096778,-0.05332527,-0.19876453,-0.48578468,-0.4852794,0.09815285,0.2581735,0.24971928,-0.32656285,-0.08181127,-0.56533694,0.0049558673,0.68819225,-0.23779805,-1.0190809,-0.48181403,-0.45809406,0.46181217,0.18759806,-0.17755862,-0.35954025,0.12315913,0.24468371,-0.5691104,0.62853134,0.1341214,-0.5952399,0.39767018,0.5576605,-0.47697327,0.17445931,0.6988047,0.7576007,0.38114473,0.22913471,0.33563435,-0.40923452,-0.10262154,0.56953764,0.4332194,-0.18219796,1.0434206,-0.24857908,0.16467677,0.5387767,-0.33214006,-0.12376587,-0.44982484,0.38583228,0.0830611,-0.02131738,0.49187803,0.6096639,-0.1866473,-0.33952177,-0.2504052,-0.27966484,-0.3577194,0.35209265,-0.15882276,-0.2286057,1.2528421,-0.019335538,-0.21316689,0.41004422,0.16982086,0.22654492,0.34206235,-0.59631354,0.08345268,-0.33151394,0.11669921,0.15426117,0.13717613,0.8078364,-0.30661088,0.049593337,0.21386543,-0.0044028345,-0.13232586,0.17678286,-0.12836899,-0.03230568,0.0804557,-0.5361495,-0.11935989,-0.046947267,-0.15916607,-0.25355956,-0.1551965
OAS1_0329,0.5817609,-0.021497691,0.02934758,0.8408434,0.38357523,-0.6433991,-0.35707426,0.17818715,0.030181868,-0.14904307,-0.49993214,0.03091757,0.31808826,-0.1060595,0.99721867,0.38187534,-0.031985737,0.4838282,-0.13426162,-0.042554855,0.4076802,-0.5902376,0.22943386,0.5749339,0.08919568,0.4796332,-0.70129776,-0.33409965,-0.57259107,0.87434286,0.5604706,-0.06534865,0.020965308,0.9613765,-0.39882547,0.21428235,0.33987054,0.6609813,0.28749287,-0.18343987,-0.1944515,0.13025449,0.6524346,0.4851132,-0.7574836,-0.0002417585,-0.689267,-0.17743485,0.39983556,0.31030026,0.6997474,0.49903825,0.2611988,0.25034642,0.31614843,-0.037112035,0.34704408,-0.20540522,0.99035245,-0.24333405,0.21954261,0.34595254,0.33078587,-0.013354317,0.5264239,-0.15150326,0.20960696,-0.30876446,0.47613278,-0.6077664,0.13676384,-0.20814717,-0.09739803,0.21305688,-0.4593645,0.34467316,-0.34353572,0.5428764,0.17232715,-0.25338808,0.20609309,-0.2655563,-0.029321553,-0.12013564,-0.011704838,-0.17051943,0.1238756,0.27952027,-0.0048593143,0.3386954,0.40554374,-0.043731693,-0.0633383,-0.36625117,0.14946787,-0.30014798,-0.3068349,-0.32055506,-0.30925912,0.0053674337,-0.4634169,-0.33123508,-0.3638224,-0.37145054,-0.045595456,-0.34527627,-0.26819956,0.035567798,-0.8713303,0.20982713
OAS1_0330,-0.37763146,-0.411676,-0.997716,0.2853563,-0.19926459,0.20197687,-0.82634574,-0.5848519,0.13235082,0.43364048,-0.54000396,0.28325567,-0.81268567,-0.3487931,-0.33713245,0.25625217,0.42996514,-0.1554425,-0.07595408,-0.09744321,-0.25821897,-0.9689762,-0.18690792,1.514422,0.2550349,-0.5916347,-0.1974881,0.23105109,0.40045598,0.14739166,0.16650298,-0.30851957,0.24659048,-0.7734313,-0.2631761,0.2880306,-0.8880347,0.013519213,0.45045012,-0.7840752,0.42574754,0.18773048,-0.0018301393,0.10476941,0.032491334,-0.0153439585,-0.5179237,-0.6878684,-0.80451816,0.051557958,-0.14860393,0.37284648,0.40367815,-0.10173855,-0.13707982,-0.1729441,-0.43631232,0.34014344,-0.22757596,-0.1533028,0.30939105,-0.37760785,-0.16558935,0.31020194,0.26022136,-0.46922302,-0.04113835,-0.12840632,0.34297082,-0.41968897,0.27500567,-0.24967597,0.001262599,-0.16662124,0.44728106,0.174092,0.6814339,0.105684064,-0.2713751,-0.047987506,-0.1849064,-0.023760965,-0.47056213,0.13278712,0.17291744,0.63622046,0.27240062,-0.0807216,0.21085872,0.12055622,-0.4450268,0.024255607,0.28737688,0.0127620725,-0.39641714,-0.11521196,-0.028069276,0.2847223,0.3463906,0.17887004,-0.71073425,0.16151564,-0.80533355,-0.14393978,-0.31747875,-0.39040506,0.7329877,-0.080861054,-0.575708,0.0047350256
OAS1_0331,1.1615158,0.6536348,-0.25519913,0.2572011,-1.4504137,-0.27723536,0.08016078,-0.42056674,0.80196,0.24878302,0.35189703,-0.040824287,-0.52198154,0.23363958,0.8962045,-0.17488955,-0.274576,-0.2888078,0.26585165,-0.61552024,-0.5007168,0.4306031,0.7112877,-0.9389042,0.053450223,0.0076759206,0.6297358,0.6732684,-0.4521517,-0.49254155,0.123392306,0.5040427,-0.3510396,-0.56852436,-0.47738162,-0.8020365,-0.31269076,0.03704543,0.15867572,0.18136942,0.0053135883,-0.99032193,-0.22644532,-0.10734492,-0.028274829,-0.3833565,-1.0460625,0.16506682,-0.37495333,-0.40090048,-0.47743472,-0.05095777,0.5377255,-0.92206734,0.32532585,0.758889,-0.429976,0.08948161,-0.051951904,0.54179746,-0.05335862,-0.17973785,0.34172294,-0.43332112,-0.17543067,-0.038161688,-0.4516559,0.45454997,-0.108248845,0.51448935,0.0085409,0.3269168,1.1084498,0.17700404,0.07058154,0.009801199,-0.27268645,-0.20939854,-0.060412735,0.17574824,0.3322446,-0.2936717,-0.52772206,0.28502333,-0.06854511,-0.46925327,0.37017545,0.25637555,-0.4004077,-0.52582645,-0.20760468,-0.31446576,-0.16211672,-0.26908314,-0.11646582,0.14433035,-0.18068904,0.13803698,0.14552644,0.37869495,-0.21280019,-0.31368408,-0.37837613,0.010384727,0.10982061,0.049785208,0.05172094,-0.10243595,-0.1085611,-0.27377176
OAS1_0332,-2.3510246,0.8892179,0.020776298,-0.9979075,-1.2864178,0.3146637,0.10580957,-0.28932872,2.221888,-0.11372389,-0.3941467,0.66861814,-0.13553782,-0.20290203,-0.23507898,0.2716091,0.85587937,-0.7819504,-0.19962558,0.53200763,-0.14232789,-0.42649505,-0.9304772,0.09079534,-0.4033894,-0.12703891,0.13501613,0.52707636,0.1034282,0.65371203,-0.3463457,1.0528705,-0.90481484,-0.4544919,0.3009503,0.016159866,0.1171297,0.42208335,0.10067357,-0.70985323,-0.087378025,0.31727424,0.17530128,0.16681969,0.49787992,0.024323491,0.2102842,-0.13593945,-0.31032225,0.58540016,0.100292385,0.105629265,0.6270136,0.24839957,-0.20808388,-0.34447783,0.1467127,-0.42231494,-0.15272915,-0.18631712,-0.117258035,-0.5967509,0.19764587,-0.291256,-0.21835509,0.079041354,0.36426115,0.45495185,0.05593481,0.5238874,-0.29703325,-0.057624675,-0.61853427,-0.27040336,-0.26886946,0.6403121,0.25128356,-0.30900797,-0.19097307,0.5579666,-0.033182018,-0.12583995,0.037805762,0.5203426,0.07820862,-0.29302552,0.12885241,-0.08392602,0.22762574,0.05617531,-0.28224003,0.16844891,-0.05526586,-0.29208922,-0.69915694,-0.31337488,0.5382564,0.11406232,-0.024834206,0.18942857,0.7390204,-0.7791686,0.29160613,-0.1640472,-0.44776973,0.49109817,-0.124834664,-0.09924588,0.21890073,-0.088310614
OAS1_0333,0.6636319,-0.07343205,0.18915287,-1.2730029,-0.41919306,0.6560079,1.409978,0.25626308,0.47903696,-0.20749389,-0.021985723,-0.15550055,-0.15946397,-0.34668115,0.10283407,0.28550035,0.59456414,0.51189154,0.6585069,-1.6546887,0.01302139,-0.20221864,0.25134394,-0.25729018,-0.9692433,0.5838813,-0.073889434,-0.18457443,0.824994,0.17029785,-0.07598404,0.07709829,0.5190816,0.3588353,-0.14117303,-0.005607816,-0.9365076,1.0775574,0.7917877,-0.62889844,0.05223622,0.8464892,-0.28657177,-0.1644897,0.30708835,0.08219572,0.5754533,0.38116947,-0.8869484,0.070950806,-0.37497094,0.5975932,0.15816386,-1.1437889,0.362259,-0.027129125,0.2464687,-0.29425737,-0.21802264,0.3884693,-0.57859176,0.2699075,0.6723718,0.9118647,-0.56578773,-0.4932917,0.595283,0.058717545,-0.45055526,-0.25182608,0.06873683,0.61743104,0.21079284,0.48414648,-0.03963364,-0.05414671,0.35015875,0.6277098,0.37979174,-0.25177082,-0.7774035,0.18710709,0.36613098,-0.19109409,0.38243192,0.13313252,-0.086276695,-0.039745457,0.108346514,0.58022726,-0.34993532,0.051648695,-0.46499136,-0.11857387,0.3361259,-0.068387546,0.1991774,-0.27826232,0.053652044,-0.13946374,-0.18451539,-0.15783739,-0.44578323,0.02183496,-0.21893337,-0.11096141,-0.15719791,0.23494269,-0.5229077,-0.48390377
OAS1_0335,-1.6317501,-1.6870307,-0.0628441,0.17431517,0.37146994,1.0109228,-1.239183,1.1702976,0.74706596,0.068209365,0.01388431,1.0431796,1.4032999,-0.08973955,-1.201868,-0.79105675,0.5509694,0.37249747,0.8146747,-0.41481265,-0.42345095,0.9843064,-0.10458035,-0.5134503,-0.15459354,0.1909973,0.9149196,0.09706094,0.9085494,0.62086344,-0.7809931,-0.43320143,0.48246858,0.6306014,-0.142627,-0.38984853,-0.834818,0.09745339,0.21972735,0.2993817,-0.41916853,-0.6457753,0.08288583,0.24026622,0.050668728,0.018237012,-0.2921093,-0.24210083,0.2888815,0.19337456,-0.35239765,-0.019164015,-0.49152353,0.4052347,0.31578586,0.35311726,-0.28668767,0.83288795,0.18794951,-0.18978831,-0.4001339,0.20519067,-0.17717716,0.10277505,-0.15272711,-0.072640635,-0.53412396,-1.0811368,-0.18506688,-0.049781572,-0.1131942,0.20290922,-0.5679837,-0.15399426,-0.38485405,0.7263112,-0.090264276,-0.30373493,-0.27969733,-0.3183872,-0.495097,-0.45457014,-0.10117967,-0.039505962,-0.1409003,0.2792864,0.16622461,-0.25385204,-0.28312892,0.14464188,-0.13937826,-0.43671784,-0.73442245,-0.4082658,-0.068304665,0.22951026,0.09911745,0.18511769,-0.08882707,-0.1845952,0.66802424,0.4453435,0.049226988,0.7392427,-0.04557841,0.60550934,0.10531251,0.2548539,0.4695895,-0.5301811
OAS1_0336,1.0893065,-1.5475761,-0.9252335,-0.81313246,0.27445602,0.40052977,0.16166817,0.64332986,0.25100663,0.38598636,-0.29492718,-0.7398551,-0.989005,1.2584655,0.3478714,-0.70847166,0.40293407,0.044397146,-0.2958808,0.032290883,-0.4928631,0.5949247,0.04729016,0.7488749,-0.45832753,1.1576822,-0.058639124,-0.041549772,-0.34944177,-0.3356008,0.24507585,-0.2092666,-0.5554816,-0.54708433,0.71729714,-0.36399627,0.60658425,0.10001059,0.52717465,-0.24387285,-0.50779885,-0.056604236,0.20733468,0.41578615,0.364341,-0.6771415,0.5826127,-0.05158113,0.080649,0.27302888,0.3691223,-0.15376109,0.23017986,-0.30616832,-0.658744,-0.17533694,0.4741121,0.33099735,-0.015456348,0.21794844,0.6734603,-0.20465481,0.3487429,-0.19014554,-0.7767031,0.048731085,-0.20397982,0.13891466,-0.3516396,-0.6676043,-0.101354845,-0.107513465,0.18874983,-0.6300477,-0.035357065,0.5800633,-0.18719718,0.014788408,0.07568939,-0.49224308,-0.31915542,-0.10278762,-0.015067691,0.036332373,0.26231638,0.09830912,0.4430684,0.4509142,-0.1447774,-0.3747711,-0.11757711,-0.04527599,0.059676554,0.05275514,0.04476669,0.23317572,0.07587432,0.16102529,-0.18107896,0.4061327,0.2945988,-0.24000855,-0.1340329,-0.51475734,0.26378104,-0.15398192,-0.0907431,-0.17534417,-0.28178588,0.14724326
OAS1_0337,-1.4173263,0.33838886,-0.7704293,0.31235147,0.8294623,-0.6663552,0.19834813,0.3667068,-0.6189714,-1.0750312,-0.5854673,0.3283644,0.1797003,0.7672444,-0.16741863,-0.14735244,-0.30050433,0.66941977,0.4433945,-0.8098896,-0.27910846,-0.15842298,-0.006254765,0.27518305,-0.36756304,0.23352455,0.6464917,0.6851846,0.2147478,0.24010365,0.58312184,-0.23033008,-0.2870902,0.24524976,0.53530145,0.6402705,0.06293416,-0.06031561,0.15555331,0.8202558,-0.17080425,-0.08613906,-0.71476257,0.46310216,0.09389254,0.31867474,-0.12553269,-0.7763083,0.027587185,-0.41763708,0.25389048,0.22012834,0.18043883,0.2982041,0.59324723,0.0332014,-0.4870788,-0.53365654,0.33319938,0.18452132,-0.033390205,-0.8760615,0.52291495,-0.08000397,0.047581207,0.1802502,0.3965828,0.2459771,0.67733556,0.24887867,-0.5326014,0.111793414,0.4626495,-0.32898405,0.048926987,-0.2947091,-0.0937708,-0.31793115,-0.05346752,0.51033944,-0.0657015,0.025403729,-0.23293136,-0.38431045,-0.3467631,-0.45659298,0.027161991,-0.5368772,0.07478661,-0.45923725,0.21587317,0.278962,-0.4870227,-0.1842884,-0.21160528,-0.42239234,-0.049309343,0.3484749,-0.34748742,-0.53105974,-0.5802865,0.08366141,0.30103162,-0.4446742,0.042375635,-0.27324316,-0.59732676,0.006782031,0.30782518,-0.5850133
OAS1_0338,-3.0628207,0.71498543,0.43840668,-1.1354704,0.4659524,0.2422107,0.3914708,-0.97119105,0.57858336,-0.7628855,0.53594124,-0.41080838,-0.06428747,-0.7870108,-0.4793789,-0.39451304,-1.140317,0.6659521,0.44668508,-0.24952379,-1.112432,-0.33710414,-0.60467184,0.2825662,-0.09603019,0.37059635,0.029008474,0.19816618,0.67316186,-0.7472188,0.34051722,0.1901685,-0.8527196,0.70261705,0.2441648,1.2825513,0.47281733,-0.20484298,0.27621603,0.73221296,-0.060368672,-0.6111233,-0.5567676,-0.2868041,-0.34736314,-1.1515603,-0.4625481,0.060548905,0.28269252,0.060278006,0.54348993,0.77136314,-0.22417846,0.29049352,-0.06632242,0.06953609,0.16348752,0.38645574,0.06783436,0.055469118,0.073715545,0.08201099,0.34042755,-0.15411028,-0.45064744,-0.13213788,-0.54304373,-0.4182439,-0.39105695,-0.23752935,-0.14281069,0.23083538,-0.16118458,-0.419947,-0.03802587,0.5398447,0.34282234,0.2134665,-0.25731242,-0.18111815,-0.13861713,0.43142977,0.29767412,0.13102925,0.043270677,-0.21920495,-0.117577896,-0.015643893,-0.1937323,0.3737956,-0.7649606,-0.43017247,0.12381395,-0.3395894,-0.45571738,-0.26730302,0.52031744,0.20201153,-0.13457505,-0.3627515,-0.51304245,-0.13091467,-0.34883115,-0.049194273,-0.20164192,0.2258349,-0.4094104,0.059643626,0.44835475,0.002404498
OAS1_0339,-1.6526145,1.6271615,-0.922555,1.8409532,-0.16843529,-0.3263754,1.2623127,-0.0021983886,-0.5123966,0.22815646,-0.78885204,-0.46589264,0.14477907,-1.0781207,0.14151871,-0.27485874,-0.13593352,-0.44478336,-0.07589359,-0.33468708,0.8563162,0.80590045,0.59233826,-0.35550827,-0.17969285,0.6395421,-0.2273197,0.18691412,0.180953,0.03876641,-0.43786576,0.31917733,-0.16420263,-1.4102086,1.189506,-0.4646117,0.6990948,-0.26814988,-0.24475485,-0.1498855,-0.31550896,0.17170043,-0.4185343,-0.07907316,-0.31818566,-0.6676124,0.35070902,0.90079284,0.13875285,-0.6806048,-0.2837459,0.22971797,0.22379267,0.33559692,0.029762937,-0.09141584,0.5124871,0.1351013,0.025261613,-0.3741911,0.33979854,0.08360701,0.864876,-0.0128931105,-0.33476886,0.1373851,-0.17045228,-0.11398877,-0.1173911,0.21961986,0.3949155,0.39442196,0.29707262,0.109685645,0.093751386,-0.18051764,0.17775689,0.3134342,-0.16121344,0.12701909,0.08060185,-0.07753395,-0.5923691,-0.44325164,0.45758665,-0.13058193,-0.0032059648,0.13070169,-0.3443894,0.5844413,-0.15171562,0.4641845,-0.06910334,-0.342515,0.50309914,0.337475,0.305768,-0.06447103,0.11587378,0.6396521,0.23704377,0.70100516,0.08671977,0.60213727,-0.38677758,-0.08783418,0.8253698,-0.42019764,-0.10902464,0.044519436
OAS1_0340,-0.3606298,-0.46168712,0.061438777,-1.6860551,-0.74191946,-0.26509076,-0.05785334,0.9020943,-0.6114262,-1.360646,0.4473114,1.4902495,-0.22116977,0.07354529,0.2929287,-0.3580481,1.2717097,-0.4927399,0.35416612,-0.018240426,0.8245289,-0.08756789,1.0082833,0.380311,-0.2601507,0.38678536,-0.8844068,-0.32740963,-0.76260155,0.09990332,-0.22786257,-0.25847638,-0.6570709,0.010160703,-0.5122575,0.17198098,-0.039965358,-1.0657172,0.09341394,0.5210431,0.08226339,0.07439475,-0.054079182,-0.633773,-0.23341489,0.08875599,-0.15663983,0.20548877,-0.111916065,0.45771226,0.5840616,-0.34326217,-0.49071342,0.075409964,0.07226565,-0.04129398,0.5196069,-0.16254877,0.6237125,0.04461417,-0.0075520687,0.24512655,0.8273426,-0.058928378,0.25550535,-0.07000836,-0.46144515,-0.39239547,0.21879825,0.40578437,0.016372686,-0.30642137,-0.13333488,0.414344,-0.22733486,-0.4982309,0.49235177,0.034964144,0.8925341,0.33320597,-0.40798923,-0.00075603183,0.46581978,0.06528728,0.4237338,0.34101164,0.551311,-0.3394228,0.17574379,0.19659603,-0.40270725,0.21600743,0.10537043,-0.06586304,-0.11693968,-0.3402612,0.21792208,-0.281481,-0.36052603,-0.1931565,-0.102303885,0.24771602,0.6105951,0.24674645,0.064368084,-0.23451781,0.3701741,0.33445528,-0.3656202,0.26240045
OAS1_0341,0.6843268,0.060937826,-0.51897836,-0.020389218,-2.1000767,-0.18257906,0.08151812,-0.38045722,0.11547338,-0.07625065,0.01706018,0.39724186,0.24933344,0.621234,-0.79859245,-0.35132337,-0.6496021,-0.21955684,0.17553605,0.34988332,0.2350672,-0.6334982,-0.63003343,0.7183215,-0.017469479,0.18656328,0.05079236,0.14976165,-0.39517948,0.16695169,0.2543546,-0.12891322,0.04241221,-0.22989999,-0.16144621,-0.6190771,0.37699205,-0.07553507,-0.2081353,0.079146445,-0.23764217,0.10080996,-0.3255143,-0.068495184,-0.31555563,-0.32028598,-0.33036485,0.16318679,-0.2525061,-0.23524947,-0.4184215,0.023838688,0.3480837,-0.159387,-0.19302548,0.3239578,-0.0055405367,-0.14317383,0.5203023,-0.34950268,0.27460232,0.29112402,-0.16212487,0.44286895,0.16644013,-0.38626695,0.025315983,0.45495644,-0.10533257,0.20622127,-0.046992585,-0.14779519,0.00576276,0.32227442,0.06479022,-0.3012067,-0.691143,-0.2519264,-0.09017683,-0.050766416,0.0022106704,-0.06383337,0.07968222,0.13289106,-0.07194358,0.5567246,0.19966595,-0.2790105,0.12197084,0.244845,-0.15257926,0.20796564,0.35467,-0.55696326,0.21372123,0.02844697,-0.25121358,-0.19445944,-0.6134971,0.01997633,0.23044269,0.096107766,-0.34570938,-0.38294297,-0.1452929,0.32074746,0.19876632,-0.48973915,0.28773403,-0.07165914
OAS1_0342,0.1611053,-0.15523401,0.1266863,1.7037294,0.35897297,0.6651887,-0.061312295,0.705102,0.56927294,0.32417303,1.3301996,1.5348245,0.34857446,0.0991596,0.7030794,-0.56539613,-0.71919507,0.4042203,-0.24406621,-0.4234699,-0.061503302,-0.8940891,0.16528378,-0.17707653,-0.82493645,-0.9690743,-0.07710926,0.7333092,-0.3103622,0.63162595,-0.010418704,0.05786652,-0.1846504,-0.06467451,0.011465458,0.4931527,-0.06940453,0.43160412,0.47490758,-0.4917055,0.19641703,-0.2072087,-0.032367963,0.19454806,0.34013355,0.43998966,0.028948179,-0.06197535,0.8364639,-0.0028528904,0.9188088,0.10797109,0.12599753,-0.056215625,-0.092864454,0.38333428,0.3367123,0.42373106,-0.44488662,-0.9072602,-0.28494936,-0.19839272,0.4195058,0.6415623,-0.51619834,-0.33204967,0.018501848,-0.5200517,0.13087419,0.037012972,-0.6415002,-0.5012506,-0.4913566,0.22355498,0.31034058,-0.021103896,0.43969405,-0.13000078,-0.115715034,-0.2314102,-0.3510638,0.22932637,-0.05385423,0.10636161,-0.25570744,-0.11636028,0.48137745,0.3112072,0.026072415,0.5160252,0.22753876,0.62512153,0.16270052,0.37368727,0.0025226793,0.04273147,0.20410192,0.10418209,0.16581494,-0.65682083,-0.5379787,0.22828737,-0.13026209,0.257965,0.8045399,-0.030752135,0.28858793,-0.34683236,0.12110545,-0.03408303
OAS1_0343,0.051352233,1.8809625,0.575118,-0.7578015,-0.28483477,0.52412677,-0.35095325,-0.6585861,-0.10297921,0.967578,0.6720468,1.374159,-0.45465073,-0.5050752,-0.87709945,1.1371126,-0.72734696,-0.07031231,-1.7403721,0.23057967,-0.2395645,0.8405911,0.33662692,0.15075675,0.54401535,-0.037258085,0.20544492,-0.43807587,0.06251608,-0.56539786,-0.04642711,0.0002141189,0.63764006,0.09285053,0.9467203,-0.6525802,-0.13006416,-1.1631184,0.057137273,0.018712161,-0.49023,-0.18436462,-0.16965197,0.2627831,1.0761228,-0.30122143,0.13731632,-0.5775369,0.24617516,-0.41764686,-0.800271,-0.13407616,-0.1625632,0.24751662,0.24488236,0.50801325,-0.6072006,-0.24706106,0.4198259,-0.8646931,-0.35201254,-0.20738725,-0.2658735,0.33976775,0.2956905,-0.31485155,-0.5519916,0.11622146,-0.295849,0.36671913,0.11495461,0.21445642,0.0034042115,-0.16756155,-0.4180695,0.060015447,-0.5478101,0.23659469,-0.004452111,0.46617752,0.111304715,0.8242048,-0.10138072,-0.07445361,0.112917125,-0.31445667,0.39532965,0.079233706,-0.18519828,0.29208413,0.1526548,0.039415512,0.04042517,0.92747456,-0.034705468,0.24563451,0.3240449,-0.27132127,0.36176598,0.26837605,0.014679894,0.2271315,-0.25206596,-0.12124046,-0.7115023,-0.29700655,0.06940151,0.12769203,-0.37225112,-0.17128046
OAS1_0344,1.4729747,-0.6071322,0.46490255,-0.621578,1.3451966,0.31372815,-0.04553746,-1.0798124,-0.24315114,0.31639308,-0.46395364,0.05133542,0.39906082,0.17100269,0.053583805,0.17029062,-0.30516335,-0.07659632,0.002360783,-0.3276111,0.77380353,0.6333772,-0.42949075,0.7175285,-0.2424164,-0.4453825,-0.08953523,-0.7248692,0.025799066,0.78589684,0.33898273,0.13130446,0.016435673,0.21181062,-0.06586049,-0.5658085,0.2024739,-0.13341282,0.6260885,0.4652285,-0.3482284,1.004722,0.020159844,-0.3370178,0.48692146,0.16750647,-0.3161884,0.72117126,0.14747052,-0.41259584,0.021543307,0.18753554,0.60389584,0.69340044,-0.0021361508,-0.2782512,0.087440796,-0.24183047,-0.68846744,-0.099030964,-0.5131388,0.2128261,-0.44499403,-0.31515852,-0.3423205,0.6072039,0.19799903,0.07879635,0.3016884,-0.34714085,-0.012890631,-0.21016845,-0.15207148,0.17903045,-0.719613,0.49237847,-0.32247582,0.087189354,-0.5721725,0.14851826,-0.14741646,0.109956905,0.52141947,0.21413009,-0.39994037,-0.16035876,0.44399646,0.21433227,-0.16718578,0.3836567,-0.30655295,0.087211765,-0.05307898,-0.039750405,0.11372782,-0.091088906,0.124166936,0.026804987,-0.045893848,-0.027589843,0.33479983,-0.15942656,0.1768026,0.07869013,-0.082006864,-0.2893302,0.33107454,0.21642357,0.4960022,0.31042564
OAS1_0345,1.9230337,-0.42250213,-0.25433886,-0.60584694,0.11302822,-0.28175226,-0.7793293,0.22214694,-0.08926452,0.23661259,-0.3543691,-0.818849,0.32798925,-0.22412938,0.11404187,0.8847137,0.13918956,0.75925654,-0.6836695,0.41917002,-0.4016026,-0.27050737,-0.16942936,-0.25943562,0.07000061,0.16990346,0.3181578,-0.086960845,0.06340689,0.05078736,-0.12411954,0.37589094,0.14057167,0.24101396,0.09652077,0.72341686,0.72707736,0.4748584,-0.09576788,-0.09569476,0.13250025,0.21336396,0.091345064,0.05000613,-0.019577803,0.03326128,-0.23352866,0.25337094,-0.18182972,-0.2906695,-0.06598911,-0.31912804,-0.72751105,0.21930932,0.27817136,0.85902303,-0.11102245,-0.09461003,0.1340908,-0.8718188,0.04396004,-0.05524901,0.38618493,0.45739013,0.25631088,-0.09230495,-0.26311556,-0.55041695,0.4629616,-6.2763225e-05,-0.36533618,0.03526358,-0.3803194,0.35936663,0.11777348,0.15920003,0.2865033,-0.10981718,0.08788093,0.54714817,0.3707516,0.37689927,-0.23118736,0.27357885,0.5075849,0.4456766,-0.092063226,0.40376112,-0.36583328,-0.16492224,0.43097427,-0.2649059,0.10640166,0.25042516,0.15435697,0.08069642,0.39095527,-0.25858343,0.5066116,0.12840922,0.7747859,-0.2983333,0.008891364,-0.1348234,0.21629691,-0.22749233,0.437618,-0.51215065,-0.48349875,0.27204654
OAS1_0346,2.1657403,1.1151371,1.1704159,-0.020868432,0.98490036,-0.25432083,0.3172123,-0.8674566,0.67572767,-0.1894922,-0.19103968,-0.86588544,0.81619567,-0.34884515,-0.018056449,0.35224336,-0.915882,-0.7978006,0.67709494,-1.1164021,-0.70981854,0.9677083,0.39215618,0.23400639,0.19605382,0.11277224,0.1857438,0.29744768,-0.16608034,-0.2916257,0.053628996,0.30079615,-0.7605201,0.63015294,0.022310177,0.3543782,-0.14038682,0.28930262,0.098793,0.16945282,-0.45680118,0.7128831,0.34493244,0.26882818,-0.65664524,0.6723614,0.24632983,0.39780977,-0.11276061,0.04811914,0.066580884,0.2948004,0.5349587,0.18297333,0.27081466,0.26660416,-0.57273763,0.112744756,-0.16453093,-0.48893943,-0.15364203,-0.31800783,0.058978934,-0.10465907,0.52653414,-0.34116843,-0.55973184,0.03819553,-0.17193317,0.2558087,0.32272112,-0.4944252,0.24011926,0.15857062,0.39222592,0.12233021,0.013179588,-0.06828071,-0.019394724,-0.026061933,0.18888909,-0.05289663,0.37959504,0.52030283,0.0066024535,-0.9537374,-0.12729736,-0.63764215,0.15631469,-0.44680163,0.042689018,-0.107601106,0.049056612,0.011175638,-0.044167902,-0.02864304,-0.09482368,0.25089914,0.064624816,0.064367466,-0.04499702,0.046580825,0.23703736,-0.067590855,0.12752768,0.17346628,0.6565325,-0.025988678,-0.18307157,-0.29934373
OAS1_0348,1.1937319,-0.2849731,-0.41113272,-0.021916155,0.5066555,-0.7704118,-0.99239063,-0.35197163,0.49127066,0.5468487,-0.4157859,-0.46937582,0.4982583,0.8423583,0.6547007,-0.112854004,0.15144832,0.16344407,-0.13071361,-0.40265507,0.23829478,-1.0666084,-0.18374121,-1.1597016,-0.16830307,-0.1351096,0.5930832,0.5787871,-0.027753081,-0.73709655,-0.86920273,-0.009183575,0.36992323,-0.050938886,0.0040003653,-0.6513523,-0.18967721,-0.2558344,-0.27752182,-0.041400876,0.3176666,-0.78507113,-0.5908718,-0.12882157,0.18952562,0.4711969,0.12927228,0.4577881,-0.8444932,0.002595997,0.48940152,0.41102895,0.31932035,-0.6327548,0.39004785,-0.28664976,0.6007604,-0.017327435,0.34404474,-0.55997336,-0.15696816,-0.81929463,-0.41973838,-0.5131713,0.2651451,0.70161253,-0.5783735,0.3828634,0.27699828,0.2827557,0.5361115,-0.23868848,0.08121333,0.034144554,-0.08077471,-0.6404426,0.32237875,0.0634784,0.08790695,0.5734071,0.081682764,0.20065098,-0.040202565,-0.6167089,0.37162292,-0.42277944,-0.31823334,0.09769774,0.23315446,-0.32150954,-0.45982188,0.51077896,-0.831359,0.06319572,0.45246994,-0.078959465,-0.18591887,-0.2788234,0.0031216333,-0.15048116,-0.17280829,0.1811311,0.24211457,-0.2681985,-0.116253465,-0.5870228,-0.29882732,-0.15580116,-0.22668943,0.018003663
OAS1_0349,1.3462808,1.3064011,1.1908574,0.91062963,0.3252186,0.918462,-0.88090914,-0.27846822,0.51674974,-0.57281005,0.7124657,0.18967184,0.17629096,-0.16532837,0.86033785,-0.34758282,0.9216687,-0.11551908,-0.69267416,-1.0603848,-0.231586,0.7634762,0.7609073,-0.12935255,-1.15034,-0.29169765,0.11108804,0.30369172,-0.7757957,-0.2508619,-0.13307922,0.40931085,-0.51730084,-0.80616736,-0.4052341,-0.02225674,-0.6177553,0.32895705,0.0694856,-0.006570645,-0.33228016,0.4027296,-0.9549885,0.026216194,-0.15048014,-0.0805777,-0.3698423,-0.22073412,0.08118967,0.42035815,0.14132224,0.4385595,0.47810948,0.7472884,0.28214437,-0.3169139,0.06958563,0.093347214,0.23586543,0.41272312,0.12719178,0.3436131,0.5507872,-0.27482015,0.55814606,-0.009140558,-0.27888831,-0.31855163,-0.40742612,0.42385232,0.50220186,0.123983696,-0.21446152,-0.15927921,-0.61441046,0.13749619,-0.29176983,0.31788388,-0.78776,-0.02006306,0.6669646,0.67137605,0.10341994,0.66688085,-0.4175311,0.87806547,-0.36963925,-0.13827515,0.37106606,0.110549964,0.026678154,0.10366035,-0.1561547,-0.082313724,-0.12121498,0.062813096,0.37189677,0.23787019,0.47252166,-0.3607622,-0.35383794,-0.43384498,0.13369612,-0.15507315,-0.07250014,0.5494211,-0.18541501,0.41001186,0.20891543,0.017344208
OAS1_0350,1.0830894,0.6452109,0.18227296,-0.5866403,0.98243004,1.1796669,-0.9357164,0.69980824,-0.5209213,1.243381,0.5222129,-0.4730885,0.04758737,0.6420304,-0.11617347,0.075982906,0.15192206,-0.24297069,-0.0004968191,-0.21780396,0.640445,-1.0186886,0.24617441,-0.19826822,-0.6541373,-0.5460702,0.755257,0.62817574,-0.019408943,0.38824525,0.0038877598,0.4950738,0.06624451,-0.0024260518,0.45098722,-0.16641523,0.38148445,-0.07210103,-1.2994261,-0.44330502,0.29696164,0.5190492,-0.24855302,-0.28738442,0.032213382,-0.05158326,0.16859712,-0.3896579,-0.142231,-0.28913814,0.06636546,-0.06580228,-0.091004714,0.39676845,-0.23457828,-0.042281147,-0.4548543,-0.7215031,0.23551123,0.121791646,-0.56141526,0.061920337,0.57359785,-0.39244732,0.09900343,-0.040426128,-0.24926262,0.34208286,-0.2590829,-0.02129623,0.10198944,0.567657,-0.3623498,-0.38731977,0.070063695,0.11529915,0.013860978,0.26116222,0.102443404,-0.30957752,-0.9505833,-0.24829257,-0.68771756,0.35328606,-0.2155594,-0.19388954,0.2352423,-0.18848021,0.06622342,0.039553475,-0.19203165,-0.5549578,-0.13918258,-0.30623573,-0.66399693,0.058477454,-0.077924326,-0.13387433,-0.15498511,-0.43937644,-0.28306058,0.59539205,0.21939504,0.13275808,0.040103488,0.15794697,-0.37282664,-0.0948254,-0.42875522,0.18955804
OAS1_0351,-2.1168215,0.23022686,-1.15779,0.7175094,0.64285773,-0.445575,-0.6810403,-0.06487671,0.08168225,0.7276029,-0.6920598,0.26311022,-0.0686101,0.118067585,0.53823906,-0.013596167,-0.06958951,-0.7538758,-0.092950165,-0.077206716,-1.0920371,-0.33027014,-0.5443216,0.7121305,0.89686316,0.4035028,0.5921182,0.4870527,0.04549134,0.44323832,0.09271789,0.12065685,0.14228095,0.34167108,0.8284553,0.9798693,-0.7815009,0.33603555,0.08599489,-0.088414475,-0.11288314,0.6549219,-0.32908723,-0.257804,-0.1884407,-0.023244832,-0.0759418,0.044210747,0.4216214,-0.503616,0.3418629,-0.30049887,0.07083391,-0.15221505,-0.3124899,0.063286155,0.034373105,0.13071188,-0.23152125,0.09003187,-0.6795092,0.4090136,-0.17675191,0.7844792,-0.04357066,-0.27804315,0.47003108,-0.034802437,-0.010049247,-0.279919,-0.23319432,-0.051443204,0.23614398,-0.34238178,-0.38983676,0.1602103,-0.53792655,0.12686586,-0.4600061,-0.24128592,0.22934999,-0.7811236,-0.41545597,-0.29448894,-0.08130026,0.2786274,-0.097449355,-0.27963555,0.30962265,-0.06653994,-0.007251643,0.0006738276,0.14727959,0.24647811,-0.3828331,-0.16935,0.46023688,-0.3611636,-0.091196455,-0.468395,-0.06817406,0.09606801,-0.060187258,0.25679287,-0.03664995,-0.6074957,0.018205108,-0.14118962,0.32219076,0.38460377
OAS1_0352,-0.1468276,2.6392243,0.2811572,1.703542,0.37494937,-0.29203844,-1.1451219,-0.88138294,-0.41761014,0.10162658,0.12887757,-0.17669891,-0.10498864,1.5774051,-0.87958735,-0.6285621,1.4431263,0.2736489,-0.25361174,-0.6515878,1.2490796,-0.17732614,0.20065898,-0.5200138,0.0006002705,0.64952564,-0.178842,-0.20055498,0.47978607,1.0386245,-0.76545155,0.036582597,-0.3330168,-0.5340235,-0.16091925,-0.100345604,-0.08459753,-0.5224621,-0.22634353,-0.33291107,-0.40128294,0.19717409,0.46851614,0.38979113,0.12088909,-0.28645328,-0.2324944,0.84992796,-0.19649926,-0.27874038,0.10992812,-0.14443393,0.4824784,0.13705601,0.30185366,0.018605929,-0.018941933,0.106283896,0.13865773,0.30101535,-0.65473175,0.46538883,0.14314203,0.04141718,-0.31299105,-0.051210202,-0.298427,-0.46084937,0.12535866,0.29479694,-0.878114,-0.43960235,-0.5052563,-0.18266545,-0.11130581,0.09538994,0.58063257,0.31707066,0.13341723,-0.3874075,-0.3692537,-0.050124824,0.6108525,-0.052994914,0.36893302,0.41609025,-0.17330249,0.11324289,-0.0014364893,-0.030169751,0.3535312,-0.007872705,-0.063268505,0.4562292,-0.28915855,0.029611368,-0.508775,0.19604824,-0.33329618,-0.0131400265,0.113335036,0.22435844,-0.23837492,0.077746205,0.039054923,0.015662223,0.32244477,0.29148048,-0.1409752,0.23142509
OAS1_0353,-0.94653004,-0.70946306,0.037152007,-2.2238872,0.5699726,0.99185705,1.2853018,-0.16356249,0.04854473,-0.9718862,0.45098433,0.3865359,-0.08463294,0.52403444,0.84879696,-1.1832621,2.208722,-0.45421886,-0.6691307,0.3942836,0.3577124,-0.8837285,-0.13063474,0.882075,0.30440617,0.1834144,0.08299574,0.38200375,-0.43307644,0.36811027,0.56474054,-0.5601635,0.28868172,-0.5658758,-0.35113016,-1.5674069,0.13653812,0.012493861,-0.06645767,-0.2417448,-0.5781686,-0.7793143,0.4846918,0.4474524,-0.29872563,0.10361689,0.1491639,-0.030030651,0.06431013,0.06025137,0.07527161,0.2553539,0.1006538,0.37825486,-0.19393934,0.1835767,0.15899597,-0.5139213,-0.11389055,-0.62342227,-0.5220693,-0.1126945,0.37572303,-0.70525134,0.0009937019,-0.35804096,0.2945802,-0.33449265,-0.3900616,-0.2505874,0.09583775,0.614636,0.14714867,-0.09094232,0.20479015,-0.23415303,-0.03825034,-0.77761066,0.05832046,-0.14237942,0.45469978,0.41992804,-0.47925422,0.10569493,0.08132175,-0.029237455,-0.4194464,0.12563737,0.52583957,-0.02928652,0.15112153,-0.10570575,0.018829277,0.7764231,-0.5624765,0.45836306,0.58068985,0.44388193,-0.21444377,-0.42807615,0.03216995,-0.13254948,-0.571927,0.18988274,-0.100555845,-0.11433906,0.057276867,0.77668816,0.23278932,-0.07411463
OAS1_0354,-1.0644408,1.5187521,0.2463776,1.2023835,0.47070935,0.7027744,-0.09708898,-0.28451306,-0.29732648,0.60871327,0.4739504,0.724169,-0.13010733,0.16191834,0.7378907,0.5229509,-0.35100922,-0.5115424,-0.16406757,0.7126497,0.066553116,-0.26916322,-0.20619701,0.16749677,-0.10054512,0.15002511,-0.28470227,0.06058567,-0.5240941,0.06715354,-0.20820504,-0.24862719,0.27392033,-0.31763092,0.009499183,0.3087085,-0.20258681,0.5345674,-0.44304678,0.5040865,-0.18943381,-0.14748417,-0.17880951,-0.4194772,-0.41969588,-0.13267328,0.2789552,0.20722249,-0.53127337,0.2327675,0.20722015,0.22163394,0.32527247,-0.46560654,-0.06673044,0.017600583,0.30020913,-0.025584416,-0.0023681822,0.17016707,0.23575857,0.28047818,-0.53452754,-0.61546296,0.2392287,-0.44204912,-0.13548093,-0.24201025,-0.067613915,-0.45742136,-0.015739841,-0.22586264,-0.2576924,-0.2710937,0.10604514,0.15231284,-0.07814123,-0.14360043,-0.44474074,-0.0030980518,-0.2955438,0.14120474,-0.068147436,-0.11665726,-0.34011978,-0.016604533,-0.20854735,-0.165209,-0.12507036,0.14577131,-0.28727436,-0.09937102,-0.09332441,-0.25329626,-0.53303534,-0.17703821,-0.46903095,0.05638479,0.34625238,0.6062642,0.52851814,0.31814256,0.63677496,0.23994344,0.5771706,-0.14072813,-0.31871185,0.91091317,-0.15228787,0.29540414
OAS1_0355,0.28634593,0.08801667,4.092094,1.2508985,0.25447226,-1.0948669,1.1935847,-0.0014289713,-0.84179336,0.50818,-0.48243284,-0.048662484,-0.60419494,-0.25226566,-0.6529001,-0.9643495,0.32505453,-0.45284534,-0.5619092,0.76508874,-0.6041633,-0.39482203,0.6928691,0.4705304,0.30216601,-0.74226236,-0.78912985,0.66270316,0.25586817,-0.04769627,0.08670263,0.000118264405,0.09369431,-0.048897136,0.13997185,0.7277146,-0.122077376,0.3379953,-0.9768082,-0.058051262,0.54646736,0.24778734,-0.435727,0.178731,0.40277946,0.13478187,-0.44259393,0.38140166,0.3896852,-0.0004133518,-0.04012484,0.28708136,-0.39637378,-0.12748456,-0.5288805,-0.089608,0.36155942,-0.23422082,0.08561517,0.5729685,-0.0021078836,-0.23593381,0.10044881,-0.5739993,-0.043997254,-0.097965814,-0.2982815,0.17297898,0.18658842,-0.19305123,-0.5043065,-0.04540579,0.77915776,0.029517232,-0.07205879,-0.17041649,-0.044359017,0.0023612112,-0.3246177,0.49177763,-0.24853359,0.061129276,0.44032803,0.26911476,-0.027209213,0.27043107,0.14973284,0.47780687,0.48523936,0.25606477,-0.11657449,-0.46403912,-0.3646822,-0.118731566,0.18083572,-0.31188676,0.46752343,-0.3927229,0.4644932,0.28303736,0.18563962,0.015172166,0.15347244,0.527616,0.48111674,-0.2407716,-0.08370153,0.41818804,0.14079568,0.24680729
OAS1_0356,-1.0376674,-0.20868587,-1.838605,1.1833336,0.0182194,-0.8884261,0.52341026,0.093687765,-0.2269427,-1.3768831,0.04581265,0.030144105,0.5936296,0.41571587,-0.06837969,-0.7771006,0.3303998,0.28764704,-0.54900616,-0.75929564,-0.5999539,0.8065507,0.29907024,0.5336094,0.34003198,0.18158354,0.5000348,0.8000521,0.02311961,0.33552462,-0.0657105,0.2505526,0.45565984,0.19497116,0.62633425,-0.32143703,0.030423222,0.5805033,-0.37839988,0.21767887,-0.22567818,0.43982828,0.177014,-0.13118882,0.42298284,0.017357433,-0.2844333,-0.17492846,-0.41403756,0.282227,-0.30312067,0.26042736,0.0030229592,-0.06655251,0.6403981,0.3638335,-0.35120988,0.425432,0.25944525,-0.034839265,0.13499193,-0.09348969,0.24475868,-0.0895177,0.030936273,0.96698606,-0.13185334,0.10479056,-0.24562135,0.4440277,0.0200719,0.16076967,0.54958266,0.09583846,-0.3199618,-0.09444454,-0.15688634,0.32542428,0.6416976,-0.18555994,-0.47280225,-0.1461937,-0.21111797,-0.24042247,-0.15330292,0.2563743,-0.2638825,0.23497455,-0.48648688,-0.23259969,-0.056762144,-0.22472517,0.2437929,0.3195311,-0.1392731,0.33599097,-0.06454833,-0.3800526,-0.20426074,0.17197071,-0.17593789,0.36757147,-0.19668205,0.04748997,-0.11321388,-0.07932577,0.4745115,0.19132861,0.45114598,0.8442048
OAS1_0357,-0.1675317,0.09212135,-0.19494519,0.11588959,-0.8369033,0.09165583,1.133978,-0.8873278,0.049017463,1.4693465,0.773688,0.6820528,-0.35197198,0.14072655,-0.07018425,-0.6865405,0.6146453,0.2724144,-0.3172844,-0.5096218,-0.9212605,0.113924965,-0.7546109,0.19641288,-0.5973024,0.21407896,0.17843008,-0.26936433,-0.25051293,0.28007942,-0.8183498,-0.05550325,0.43122548,0.4861939,0.35181242,0.45350713,0.20524403,0.12473016,0.51687145,-0.13907452,0.7834163,0.5352956,-0.052649766,-0.018918563,0.3120531,0.60300237,0.56206816,0.03344269,-0.45050845,0.30134156,0.18336473,-1.1753609,-0.13542594,0.31178796,-0.20479797,-0.9351874,-0.23492451,-0.021147618,0.28661302,-0.41386813,-0.44944128,0.55671895,0.535138,-0.74592423,0.15407604,0.3499737,-0.024323735,0.18382606,-0.5520085,-0.31659818,-0.0287718,0.26945496,0.19268839,-0.09769417,-0.31906614,0.23819649,-0.26747063,0.10937395,0.46594313,0.20781419,-0.55249065,-0.031632543,0.41449267,-0.107117355,-0.500809,0.16095102,0.3037048,-0.05136684,0.2885824,-0.40846673,-0.0687673,0.25476587,0.19544424,-0.103564404,0.33985487,0.595874,-0.07389793,0.05800585,0.28054687,-0.28294423,-0.0053226757,-0.31950477,-0.45461598,-0.61289626,-0.3201462,0.29636744,0.36992997,0.24274969,0.26085246,0.055403497
OAS1_0358,0.39952075,1.9215573,0.2533687,0.62902385,0.06234371,1.1184995,-0.15175581,0.43993998,0.5786747,0.3738902,-0.0188324,0.86595434,-1.0973183,-0.9970851,-0.14549261,-0.29101235,0.2430134,0.18799001,0.2089601,0.5077997,-1.3750155,-0.8386733,-0.037510946,-0.60077214,-0.15808298,-0.09034684,0.35676426,0.3221636,-0.48928922,0.5348017,-0.7580261,-0.07710163,-0.30633458,-0.4723498,0.14279184,0.54714674,0.022650646,0.5496417,0.49434236,0.15432794,-0.13272968,-0.716197,0.9386198,-0.35240406,0.33315024,0.05975002,-0.07138913,0.09951846,-0.57546616,-0.05108853,-0.47731695,-0.37537882,-0.09545775,-0.0755121,-0.25271732,-0.07558512,-0.15788624,-0.2628452,-0.020518906,0.2995312,0.01847636,0.017443959,-0.88050276,0.4487457,-0.5116569,-0.07175593,-0.068180464,-0.1692621,-0.14713378,-0.6453137,-0.13387406,0.16185729,0.35088113,-0.34169498,-0.20208932,-0.89343363,-0.05931002,0.2564508,-0.22661126,0.58202845,-0.38782644,-0.25616544,0.10177237,0.16011995,0.535658,0.32635263,0.15863506,0.3711667,-0.09059011,0.20488806,-0.092171125,0.206958,0.7342615,0.101386435,0.2701462,-0.021217765,0.33513573,-0.23799685,-0.27908647,-0.026794797,0.5964556,0.4800956,0.07772972,0.042746242,0.34151393,-0.6414884,-0.3004248,0.22955643,0.39018217,0.06903429
OAS1_0359,0.97889376,-0.18162127,-0.5221711,-1.4642032,-0.084791124,0.21506418,0.05948066,-0.09710486,-0.6086517,0.87579805,-0.3772642,0.008537085,0.6137929,0.12619363,-0.090310834,0.11331963,0.16173692,-0.1422951,-0.8830247,-0.32286024,-0.94936603,-0.13602164,-0.3174337,-0.10828351,0.5854781,-0.2211795,-0.77410156,-0.5452447,-0.36892053,0.5780126,-0.1442161,0.2976781,-0.892355,0.8857305,-0.6481387,-0.92204195,0.17032838,-0.6219407,0.7417968,0.04626013,0.2890429,0.24630731,-0.652756,0.5484785,0.34447315,-0.28978416,0.1336428,0.6744261,-0.59112835,0.5873848,-0.15374441,0.3211324,-0.052114382,-0.3709339,-0.1365996,0.120646514,-0.31052127,-0.027502032,-0.45925245,0.06144979,-0.12539603,0.46896777,0.32413343,0.096345596,-0.6514532,-0.38099498,-0.9142298,0.36982843,0.6924094,0.2660894,-0.6811529,0.5146163,0.11553765,-0.0458644,0.12025774,-0.04227773,-0.3735751,-0.26019222,0.19866721,-0.39509153,-0.020797968,-0.01922315,0.29226542,0.20263153,0.35126603,-0.06344259,0.46163756,-0.14072508,0.26997098,-0.765728,0.032244585,-0.31156856,0.63021576,0.11465826,-0.08952587,0.5793106,-0.111209124,-0.21164699,-0.45850816,0.020514868,0.08217168,-0.13560307,0.0016195419,0.5712251,-0.2211118,0.81053555,0.11185772,-0.20215234,0.05140834,-0.20657483
OAS1_0361,1.6334996,-0.5418495,-0.6373357,-0.37758046,-0.38343412,0.46320742,0.30837753,1.1366508,-0.27876118,0.3764557,0.1432269,-0.00812754,-0.7626048,0.08275218,0.14685374,-0.02863716,-0.17760463,-0.3221094,-0.05047309,-0.40521392,0.22478089,-0.44363454,0.31517214,0.061980367,-0.057676714,-0.111506805,-0.0984515,0.36333987,0.4474773,-0.14912674,-0.28860262,1.0672308,0.058741443,0.10264103,0.1790936,-0.23775476,-0.41526753,-0.06792992,-0.31511962,0.14409807,-0.06423147,0.1428039,-0.017451981,-0.28462803,-0.821975,-0.23595029,0.096860304,-0.26415128,-0.30487671,-0.52192277,0.11780117,0.32675928,0.0774152,-0.99601674,-0.55670434,0.22834928,0.38494807,0.5592655,-1.0960617,0.46871808,-0.3213625,-0.33822972,0.1409101,-0.35710064,-0.412802,0.21679376,0.014360129,0.37546185,0.5661996,-0.29987234,-0.42878115,-0.05881205,0.20578882,0.57880306,-0.33907098,-0.79647607,-0.14979906,0.21744661,0.123860165,0.40626907,-0.259635,-0.34174076,0.057054367,0.23510927,0.13296783,0.16682445,0.59499377,0.041908205,-1.0179082,0.20011294,-0.4318669,-0.42457658,-0.082216784,0.14397335,-0.034987237,0.281101,0.19013923,-0.36342365,0.39337415,-0.35641348,-0.027656037,-0.084264755,0.28233296,-0.41049227,0.11271655,0.29956937,0.16943568,0.0020037051,0.40985948,0.05424162
OAS1_0362,-1.9959961,-0.21118918,-1.257965,-0.58948636,-0.70592356,0.33398995,-0.2620709,-0.567441,1.0009006,-0.8355044,-0.3258576,-0.9257277,0.04869885,0.762052,-0.36502308,-0.8060494,0.4682317,0.09718812,0.2749467,-0.2584511,-1.0735475,-0.97988564,0.28884515,-0.24529828,0.41860515,-0.115820445,-0.54428416,-0.018227337,0.23855123,-0.6047572,0.07608451,-0.3771749,-0.3995437,0.22406097,-0.005347094,-0.26070032,-0.0677434,-0.59995484,0.18870176,-0.30195028,0.26798737,-0.40316477,0.17973834,-0.8747985,-0.040574886,-0.18506534,-0.44555184,-0.37281427,0.28451502,-0.50361776,0.4225373,0.23456232,-0.09242246,0.34604013,0.23064496,0.40137616,-0.32049984,-0.31525874,0.13292594,-0.39731023,-0.58698374,0.55840516,-0.28068575,-0.43467042,0.6138313,-0.45297644,0.17628047,-0.2560964,-0.17003281,-0.34775516,0.3467948,-0.4257509,0.10368718,0.058683645,-0.33193186,0.57968175,-0.122258216,0.07626237,0.71620786,0.48624545,-0.2149058,-1.2027067,0.30012396,0.6675375,0.053228706,-0.15011398,0.15522908,0.49821422,-0.50762576,0.26205277,-0.4583172,-0.4724402,-0.21643491,-0.49910074,0.104584,-0.06534706,-0.023739282,-0.014601155,-0.13217537,0.27119812,0.43084422,-0.12872458,-0.08764488,-0.38397563,-0.92317754,-0.29076898,0.08845221,0.15413305,0.015873417,0.16157044
OAS1_0363,-2.2388039,1.4976149,0.6775518,-0.76201326,0.28925753,0.43391544,0.9178163,-0.79725146,1.4918172,0.17039576,1.226653,-0.95553035,0.4540749,-0.79597265,0.27297813,1.1261693,0.47915182,1.2856654,0.029969865,0.43627632,0.62897706,0.2245143,-0.2587697,-0.058604363,-0.07060312,0.34080043,0.16192207,0.6392295,0.686567,0.08792935,0.07160811,0.13520595,-0.082787804,0.9311294,-0.18658285,-0.5559515,-0.057502717,-0.2304926,-0.037099857,0.39886355,-0.91818506,0.7227959,0.11905608,-0.97826225,0.5448329,-0.5993342,-0.39095572,0.061249416,-0.11274739,0.4407414,0.63505745,-0.32328743,-0.04440569,0.12497285,-0.9115069,0.46432462,-0.32918116,0.1105145,-0.65505767,-0.4365749,0.55040705,0.17327836,0.12550037,0.03556697,0.31099615,-0.1683758,-0.18013042,-0.06272075,-0.3565611,0.47734296,-0.035838567,0.7329642,0.1869013,-0.6334674,0.3290773,-0.06731964,-0.6713021,0.17249729,-0.48958692,0.04969429,-0.24805386,0.16890927,0.18213993,0.27402604,0.31919578,-0.10555197,0.2049598,0.35300577,-0.345157,-0.54443485,-0.12684798,0.42628288,0.12919267,-0.7025728,0.43799692,0.014251587,-0.8275182,-0.07717455,0.3464219,-0.32247445,-0.29704556,-0.046796665,-0.47206607,-0.24408972,-0.19277424,-0.43138504,0.79479414,0.2879725,-0.3500585,-0.3345887
OAS1_0365,-2.3238323,0.1368716,-0.3462997,-0.33146104,0.54882836,-0.08872542,0.9355179,-0.17976093,0.99226844,-1.5363246,-1.5582073,0.2581649,0.6345574,0.59029025,0.5159794,0.38304836,0.36236703,0.4101946,0.57801634,0.29217422,0.6140503,-0.4080976,-0.62002975,-0.110768184,-0.39276987,-0.70610124,-0.033539005,0.84726155,0.45817882,0.2060012,0.120462224,-0.19083785,-0.6456392,-0.26288024,1.0017024,-0.064644404,0.05111957,-0.50911444,0.4354271,-0.3434549,-0.03828251,-0.37874475,-0.21412413,-0.04255147,0.00617577,-0.32707223,-0.51651794,0.493159,0.43482596,0.0809846,0.32384363,-0.7197403,0.23518564,-0.10181189,0.12991896,0.6053672,-0.37893978,-0.12377819,-0.24988736,-0.49090204,0.27774417,-0.1754843,0.5381709,0.36334723,-0.04080924,0.08351527,0.55022484,0.41698238,0.27016756,0.0014196397,-0.27220514,0.99287444,-0.48457205,0.314834,0.62202394,-0.4059619,0.031187147,-0.2225034,0.11241851,0.11861125,0.6146563,-0.2548665,-0.118153416,0.034747325,-0.51541466,-0.09629109,0.0203733,0.26915818,0.5526306,-0.15900484,-0.3876726,0.42886853,0.4608195,-0.04154597,-0.21126987,-0.07101116,-0.49142754,-0.24019803,-0.112149395,-0.30458724,0.37955737,-0.2793002,0.53888476,0.35289967,-0.21564627,-0.1126533,0.0730106,0.0846264,-0.50545096,-0.029359622
OAS1_0366,0.6775781,-0.4469571,-0.45601788,-0.71473783,-0.09624029,-0.54257053,0.7569323,-1.7347962,0.5412049,0.31947395,-0.522293,-0.4229579,-0.5172941,-0.3617921,-0.27030328,0.5667889,0.104180075,-0.68536615,1.0141381,-0.19524361,0.20640638,-0.29419386,0.34313688,0.2268179,0.11403564,-0.29012805,-0.09578474,-0.15318745,-0.29160815,-0.01278507,-0.34603125,0.14886788,-0.41340283,0.06486826,0.05103924,0.22094744,-0.41857007,-0.21916518,-0.4935306,-0.5665332,-0.019369023,-0.5689324,0.33664495,-0.045547362,0.07633739,0.18039697,-0.41839212,-0.01504638,-0.008379386,-0.40274513,0.10286595,-0.09440896,0.019955607,-0.0771005,-0.05878865,-0.5246171,-0.46039265,-0.1559613,0.36801347,0.3214775,-0.32570633,0.11421107,-0.11175162,0.2438878,0.123802304,-0.07117017,-0.3139752,0.1848894,-0.48816702,0.462413,-0.19943948,0.0904152,0.537198,-0.10810132,0.84722465,-0.06716778,-0.23052551,0.6763622,0.60144746,-0.24826969,0.08483541,-0.6004111,0.022471264,-0.0112931365,0.32851127,0.04605194,0.62615097,-0.53752124,0.3110587,-0.18795918,0.24765041,-0.060677078,-0.3721618,0.24072686,0.2977981,-0.12386622,0.08770398,-0.2270232,-0.17952985,0.13260138,-0.30398786,-0.46426865,0.1440753,-0.389182,0.36171684,0.12626775,0.040228818,0.24903584,0.49234003,-0.3569899
OAS1_0367,1.5217382,1.512748,0.3331079,0.56782174,-1.0262041,0.16657498,0.4025497,-0.48531583,-0.038313948,0.83754826,-0.85195136,0.7775271,0.6616471,-1.1221058,-0.33416635,-0.9479481,0.17181273,0.45831567,0.29918882,0.61044526,-0.27781183,-0.11010041,0.8073724,-0.099573076,0.9545999,-0.7840395,-0.4983954,0.23191743,0.76301354,-0.25555965,0.51095426,0.03559333,0.0024498287,-0.970496,0.08460539,-0.12809403,0.06763955,-0.28216565,-0.2151865,-0.64868176,0.2180205,-0.04943468,0.3771065,-0.39815,0.2641068,0.042247,-0.60336244,0.06473368,-0.04907243,0.39368042,-0.22101869,0.221811,-0.7552226,-0.027698355,0.13790205,-0.29439843,0.8057636,-0.10037293,0.123582594,1.0613177,0.09625426,0.26766375,-0.05809708,-0.26328573,-0.07000365,-0.04805345,-0.06804469,-0.0027632911,-0.40466124,-0.19471271,-0.22475483,0.17191306,-0.2202006,-0.33622625,0.27716002,0.55380845,-0.4288748,-0.2719154,0.15660545,-0.13120529,0.46871877,0.060138486,0.27107292,-0.43757334,-0.1107116,0.21632399,-0.20422494,0.24781108,0.0937148,0.088501364,0.33305323,0.26057366,0.2948027,-0.61605954,0.34368992,0.09124713,-0.07292398,0.61671776,0.07747751,-0.4760269,-0.28940618,-0.08305777,0.13610089,-0.05739589,0.6043093,0.12783965,-0.31296158,0.44188067,0.010170586,0.7767902
OAS1_0368,-0.36101303,1.8674889,0.9286721,-1.6284856,-0.67329407,1.2391407,1.1051335,-0.8412409,0.08366406,-0.20623879,-1.0091373,-0.81916046,-0.40861258,0.35658047,-0.23835665,1.2867393,-0.103441,-0.45857075,-0.3310971,0.8896734,0.981852,1.2711473,0.42743954,-0.20802622,-0.15091717,-0.5476483,0.77706444,-0.5630098,0.5322224,-0.062604174,-0.15761748,-0.09876801,0.47408834,-0.109940514,-0.115692176,-0.25564158,-0.1696589,0.2306818,0.017302467,1.0006186,0.5139254,-0.45874634,0.023381302,-0.057554867,-0.118581794,0.41982275,-0.035706192,-0.4931899,0.23170039,0.17687216,0.076089084,0.17292006,-0.08391376,0.09430888,-0.2524698,-0.23181379,-0.5186574,0.24915396,-0.8860512,-0.74696666,-0.21188694,-0.26463762,0.06010289,0.6486248,0.11796882,0.25379598,-0.0958903,0.31784433,-0.10771323,-0.052166034,0.43000624,-0.3469397,0.120635845,0.12327172,0.3990641,0.43917945,-0.46677282,0.46721894,-0.55080914,-0.24661815,-0.44531396,-0.23896435,0.35713458,-0.4532107,0.5168996,0.26028877,0.08546948,0.97112995,0.33064198,0.48698094,-0.23424135,-0.121418126,-0.27682504,-0.19557989,0.12922479,0.54380697,-0.20725195,0.55228084,0.008992137,0.4442673,-0.5730261,-0.5619525,0.42214856,-0.083988346,0.19785054,0.06055988,-0.71536285,0.5357939,0.13618574,-0.086322986
OAS1_0369,0.6121749,0.48959672,0.019097488,1.0357587,-0.7884886,0.91071105,-0.46479386,-0.18126376,-0.5626612,-0.2053297,-0.020866707,0.20296142,-1.1600354,-0.37665215,-0.05905402,1.3900613,-0.16234495,0.26751065,-0.7972547,-1.0913689,-0.117244765,-0.41221735,0.7327861,-0.31975982,0.5557165,-0.5976697,-0.9210276,0.7100615,0.36282748,0.6484843,0.56942797,-0.56826323,0.33549005,-0.23604915,-1.0645843,0.70498896,-0.89865613,-0.3718628,0.49200132,0.1496287,0.6453801,-0.367408,-0.11100892,-0.3701433,-0.8200271,0.49372217,0.21057598,-0.006582676,-0.089309245,-0.43098778,0.6693704,0.011517261,0.71899027,0.1720485,0.6031172,0.58193296,0.043487452,-0.05797845,0.5314081,0.047221247,1.4877061,0.3862026,-0.28565416,0.39509544,0.36668634,-0.58211756,0.7873224,0.17815574,-0.7878438,0.17486712,-0.49925888,0.5671249,-0.3744922,-0.07837373,0.5160574,0.37428752,-0.3284875,-0.08257228,0.18214773,-0.69813013,-0.84298074,0.5432893,-0.02221018,0.087853074,-0.95873815,-0.13804507,0.16352698,0.42208573,0.31337318,-0.32640252,-0.48515487,0.2198908,0.07217811,-0.2099484,-0.36811385,-0.1590786,-0.036807414,-0.3676221,0.07513438,0.10677086,-0.34903824,-0.26522654,0.39211288,0.13685703,-0.08110397,-0.5661041,0.3135553,0.19053775,0.7690453,0.2756531
OAS1_0370,-0.48916206,1.2849123,0.81173617,-1.3945395,-0.113581754,0.024869407,-1.3466249,1.1364564,-0.38111567,0.47619647,0.32634443,0.6886744,-0.17204282,0.9620024,0.9382726,0.33956817,-0.1895415,0.22599503,0.21422322,0.25056732,-0.063634336,1.0154344,0.11275317,-0.27283844,-0.8194824,-0.6600695,0.90863746,-0.8974589,0.29721403,-0.35352182,0.36970022,-0.19327007,0.21343055,-0.5868118,-0.52654153,0.21621944,-0.26916656,-0.12418447,-0.67438126,-0.057458453,0.09213065,-0.36108124,0.07730632,-0.635418,-0.29295114,-0.24050602,0.7947826,0.17210256,0.42273408,-0.16207959,-0.30300307,0.43906745,0.5327671,0.3272786,-0.45109063,0.37840086,0.3454495,-0.034087367,0.51376075,-0.54601043,-0.3817016,0.045101322,-0.16267715,-0.24166727,0.46873984,0.2039284,0.36371413,0.019759744,0.27905792,0.040164202,-0.38427645,0.46721086,0.015081455,-0.25874743,-0.47954997,-0.13132927,-0.30009428,0.074285105,-0.02666481,-0.44303656,-0.08121278,-0.25577727,0.22330339,-0.40838316,0.4571038,0.5783937,-0.076130696,0.3029991,0.44638798,-0.06778333,0.33070514,0.038330335,-0.21688029,0.48341978,0.1964599,0.3963392,-0.37963375,-0.24243298,0.7083318,-0.13618377,-0.4405257,-0.6263098,-0.2451239,0.35298085,0.15726992,0.15665376,0.25631002,-0.26326382,0.19935128,-0.18274763
OAS1_0371,0.16377479,-0.43089443,0.5460378,0.6468856,-0.9299607,1.1177398,-0.3647548,-0.80742806,0.16894554,0.21787919,0.49801773,0.6687068,0.5239681,-0.4429712,1.3310117,0.20900656,-0.27213576,-0.96320873,-0.10825398,0.48502386,0.9854189,0.03676072,0.24851325,-0.20049629,0.06796017,0.037551824,0.034690715,-0.042722866,-0.25039652,0.18274699,0.56849986,0.06617411,-0.72644097,-0.42831966,0.48518914,0.06609593,-0.3971504,-0.05285838,0.50358397,-0.5998885,0.3604413,0.13532251,-0.26798597,0.18126802,0.43111324,0.04735799,0.48373967,-0.15462908,0.5400045,-0.0043244474,0.45371363,-0.34364694,0.12266472,0.5072309,0.97438645,-0.016854996,0.5536191,0.12635571,0.4070197,-0.6067878,-0.24493134,-0.17474085,-0.093734965,-0.4927502,-0.12239574,-0.100468054,-0.109698325,-0.11302118,-0.0021821419,-0.52221805,-0.24891882,-0.14784285,0.33383742,0.33770606,1.0276704,-0.6443391,0.29063204,0.44086325,-0.23383379,-0.14911692,-0.10162918,0.5877779,0.6176416,0.62512535,0.11570696,-0.15850899,-0.43751246,-0.046955086,-0.10633036,0.7127896,-0.38128412,-0.69633347,0.012472869,-0.13817047,0.16895705,-0.005176732,0.07951152,-0.43738115,-0.84036237,0.22382265,0.21326764,-0.08627029,0.0928672,0.26516184,-0.034543157,0.25792316,-0.13671477,0.07218499,-0.10192631,0.5032614
OAS1_0372,0.31884724,1.5798414,0.5873667,-0.6030663,-1.6777395,-0.42400765,0.17859451,0.3519293,0.9422774,-0.08053161,-0.98941827,0.994533,-0.1302038,-0.66827536,-0.21215437,-0.34446025,0.043606676,-0.5509869,-0.08926303,-0.19586587,0.06311282,0.13197945,0.32558522,-0.058254793,-0.79204786,-0.33556315,-0.6506998,-0.4023758,0.05839351,-0.6412583,0.90329105,-0.3446535,0.016123278,-0.33917466,-0.04788602,0.60104656,0.37992963,-0.55239284,0.25718167,0.6753589,-0.39754263,-0.36663964,0.6077721,-0.47573847,0.11081821,-0.23608021,0.06298823,0.025233911,0.53237796,-0.36330533,-0.40588123,0.54157585,-0.26485538,0.042744745,0.15066653,0.54129285,-0.12917405,0.47269073,-0.5446685,-0.95742124,-0.53180885,0.054661714,-0.051741906,-0.2437166,-0.18351907,0.14194854,0.12458875,0.59301084,-0.15867881,0.16693951,-0.6423578,-0.030374197,-0.395222,-0.46234354,-0.09210515,0.112350985,-0.21776643,-0.04948108,-0.15877007,-0.5810718,-0.24194922,0.38214046,0.1316899,0.109736376,0.64547527,-0.122830346,-0.017261868,-0.5187673,0.4244524,-0.4405692,0.2436396,0.05572577,-0.70318055,-0.13062645,-0.09984319,0.25541013,-0.3038599,-0.3895132,-0.07886731,0.74038744,-0.5526313,-0.1725102,-0.5946927,0.1946083,-0.26548478,-0.07230111,0.660188,-0.080121785,0.22959615,0.106513314
OAS1_0373,-2.780455,-0.13761355,-0.36093837,-0.35163766,0.6444718,-0.89304775,-0.3652535,0.679855,-1.6978811,0.23108219,0.50023884,-0.4313209,1.5305895,-0.931892,0.10849535,-0.14292051,0.94500333,-1.0414745,0.25045612,-0.24380124,-0.015235775,-0.48048985,-0.10925933,0.3423797,-0.85043544,0.39882442,-0.9004204,0.111825414,-0.049945652,0.40887767,-0.21438822,0.15101753,-0.8602272,0.56705314,-0.4896272,-0.9491241,0.15951878,-0.6882562,-0.07053493,0.31933057,-0.81957555,-0.20864448,0.4701787,0.008124866,1.0154467,0.31083876,-0.103725106,-0.28377473,-0.4528493,-0.44106287,0.48840144,0.40522236,0.24946935,-0.15135874,0.26308995,-0.09236139,-0.50012445,0.2038888,0.12861392,-0.38023603,0.17026834,0.27348876,-0.54691994,0.2343805,-0.9984996,0.17997931,0.02627516,-0.048085887,0.5832059,-0.02676001,0.30487025,-0.31483743,-0.20782499,-0.024902347,0.57887113,-0.086705655,0.048422195,-0.3007164,-0.4856856,-0.038094927,-0.31917152,0.17791693,0.14815424,0.33690077,0.7177932,0.14259508,-0.111135565,0.13020799,-0.4039205,-0.024409056,0.1104695,0.6805061,0.12894848,0.73568654,0.012938345,-0.0749967,-0.07796029,0.15699534,0.5167831,-0.83760524,-0.15578945,-0.18567257,0.32501933,-0.04077126,-0.12664586,-0.25822425,-0.39067164,-0.11277669,-0.1184019,0.08258466
OAS1_0374,1.456738,1.5241616,0.2588069,0.41889706,-0.8893515,-0.08964151,-0.1129621,-0.25674188,-0.369513,-0.1362729,-0.052862152,-0.20588917,-0.29282916,0.5592278,0.04601052,0.119883746,0.72236544,0.6051518,0.23957169,-0.25961962,-0.23064795,-0.37514266,0.790441,-0.1663596,0.27700552,-0.25517368,0.34278545,0.6827058,-0.0940252,0.7638609,-0.9485346,-0.503945,-0.4762264,0.49618772,0.358796,0.3492897,0.5259569,0.47190416,0.34871325,0.25636813,0.30230543,0.31395,0.5900992,-0.4203006,0.105570115,0.34480795,0.014101399,0.6573767,0.20740087,0.0023765382,0.5832376,-0.1256512,0.8921498,0.32086623,0.058576725,0.114624396,-0.39955547,0.14110877,-0.05001666,-0.08405765,0.055874094,-0.13880642,-0.19687983,0.007040737,0.102869645,-0.22461845,0.06614903,0.6257935,-0.37312347,-0.32756513,0.05605403,-0.2899031,-0.32714477,0.17092074,-0.17823361,0.2080066,-0.1316828,-1.0124736,-0.06777794,-0.15860085,0.042472318,-0.086937316,0.35670114,0.5144621,0.08571693,0.14243385,-0.023219228,-0.31349844,-0.1914835,0.565984,-0.53360933,-0.4552119,0.61390346,-0.06392358,0.0043337876,0.14766788,-0.3220525,0.26083615,0.57416755,-0.09951091,0.12467271,-0.13888839,0.085592955,-0.04031178,-0.45717195,0.2634068,-0.012445664,-0.38696903,-0.5641416,0.28632146
OAS1_0375,-0.20955971,0.84048367,0.13638005,-0.2083465,-0.3958554,-0.25615793,-1.0976397,-0.83666897,0.22817186,-1.4645733,0.12011329,0.29109716,-0.6345341,0.45913547,-0.56998926,-0.14220984,-0.4135964,-1.3708628,0.57538885,-0.7075464,0.572483,0.15474024,-0.46461505,0.29176956,-0.21888256,0.5194181,-0.11180001,0.37355077,0.43974724,0.06232989,-0.09124726,0.56734604,-0.2499993,-0.454264,-0.33614367,-0.14818586,0.55727893,-0.38333753,0.16595681,-0.38437754,0.32741642,0.6602646,-0.5785919,0.06826422,-0.35085598,-0.5286955,0.82584894,0.041439895,-0.066035084,0.102106534,0.034218233,-0.13790418,0.19172168,-0.21463662,-0.11985336,0.5845687,-0.014201479,-0.07961932,0.4925119,-0.6964935,0.3352461,-0.080660775,-0.6606777,-0.14838049,-0.1983368,-0.034550376,-0.085974485,-0.44542703,0.20612946,-0.27761018,0.112291634,0.11318923,0.24416928,0.5298943,0.2985124,-0.5134213,0.1369,0.01952505,-0.3160065,-0.16080227,0.34743848,-0.42733592,0.27811798,-0.42737037,-0.25233188,0.97150147,-0.25354058,-0.2857754,-0.2411538,-0.095945165,-0.03409577,-0.51316464,-0.8661555,0.09163252,-0.06474648,-0.068604834,0.21458906,-0.02914834,-0.45047325,-0.09581295,-0.13503806,-0.10782495,0.23118486,-0.09691898,-0.38496888,0.33361065,-0.0009496522,0.19760258,-0.12246427,-0.11828471
OAS1_0376,-1.1251981,-0.33334237,0.5398095,-1.4988697,-0.6420183,-1.1016381,-0.9049204,-0.07572019,-1.6595358,-0.49798337,1.3334534,-0.1368768,0.023290822,-0.76599133,0.30281517,0.258761,0.5059514,-0.33486566,0.84573823,0.8036087,0.5079495,0.4427688,0.30428845,0.81989026,-0.62188315,-0.06720212,-0.101541005,-1.2369597,1.1012807,0.9075277,-0.8715926,0.58578503,0.95846283,0.51561016,-0.6632249,-0.04102783,0.65089524,0.0050911913,-0.89131033,0.51657665,-0.28107288,-0.3144527,0.15210727,0.030842768,0.14768006,0.5826743,-0.17121701,1.089695,-0.34325022,-0.3853085,-0.036788624,0.1636736,-0.1664828,-0.31823164,-0.47042266,-0.012951008,-0.2519164,0.14558563,0.31721276,-0.4905851,0.15306063,0.01795709,0.004564804,-0.9478197,0.029725198,-0.21897575,0.29494983,-0.4237262,-0.486299,-0.22725062,0.48044276,0.29908362,-0.33426517,-0.05157866,0.22992219,-0.3577755,0.00062417286,0.32960278,0.20725447,-0.09408753,0.051582973,-0.034070987,0.14273426,0.61521035,-0.33158025,-0.30140278,-0.35822493,-0.29792657,0.30426463,0.03511261,-0.42708293,0.38814288,-0.036523577,-0.08501699,0.07739766,0.45132965,0.1836426,-0.13497163,0.52062005,0.19370383,-0.35909232,-0.31486282,0.6354755,0.45456332,0.08756836,0.29258755,0.1126397,-0.38108996,0.07827566,-0.059251588
OAS1_0377,1.7355801,1.9738855,0.64389557,-0.15085724,1.1124706,0.11556564,0.5457197,1.0525331,-0.2013796,0.15404549,-1.0086905,0.009670674,-0.8101444,-0.22655052,0.08412784,-0.6143282,-0.17587204,-0.06632559,0.46467003,-0.33344245,-0.14346796,0.07745671,-1.0068129,-0.38369894,0.09156989,-0.27701086,0.21244335,0.37632835,0.9670136,0.2420982,0.46881127,0.09430354,0.24362285,0.14887987,0.19619149,-0.37914926,0.4225172,-0.040279105,-0.081866674,-0.9290925,-0.04771162,0.09233324,-0.12345138,-1.2042849,-0.09713652,0.8754749,-0.09677411,0.5028049,0.056755237,0.3063204,0.25546983,-0.16961384,-0.07297656,0.30601636,-0.55785024,0.42512676,0.601112,0.77492887,0.032377146,-0.3203736,-0.60025334,0.24893625,0.48664483,-0.16740127,-0.5615769,-0.2986777,0.019978723,0.37396637,-0.15252802,-0.14862753,0.1760072,0.07836942,0.23634896,-0.039674323,0.175368,0.4107968,0.25299674,0.46602213,0.2685959,-0.04379842,-0.09930799,0.2873273,-0.31946793,0.17597198,-0.13724634,0.1879186,0.053940903,-0.09565041,0.8129915,-0.07057843,0.023939174,-0.30915856,0.04348115,0.17490724,-0.2645238,-0.18536662,-0.43740818,-0.13041995,-0.4931081,-0.5781462,-0.29712167,-0.1678572,0.25965,0.22384869,0.047554217,-0.048564333,0.14202622,-0.27506268,0.029940201,-0.4599696
OAS1_0378,0.21160111,1.1925334,0.5940909,-0.71035945,-1.7940127,0.21116097,1.4952857,-0.51615024,0.1540918,0.019915584,0.12988104,0.19156624,0.38788784,-0.20749508,-0.3957307,0.89036584,-0.40264267,-0.5096861,-0.7507181,0.5318614,-0.6083496,0.4438534,0.085003674,-0.50541645,-0.29428652,0.11332047,0.39330605,0.3900131,0.5003247,0.53650063,-0.5211162,-0.8178898,0.7383962,-0.76707447,1.2125672,-0.19490576,-0.06749281,-0.31060117,0.135598,-0.08915266,0.35806218,-0.015754322,0.40363145,0.70659405,0.4570027,-0.65275836,-0.07705235,-0.3506292,-0.050285846,-0.40703827,0.23548302,-0.11358761,-0.34290147,-0.08174303,-0.010612008,-0.116864815,0.018006302,0.64324003,0.19827957,-0.045688342,0.7527801,0.6159618,0.26254815,-0.19462992,0.4485565,-0.52274805,0.92416507,0.0029474564,-0.16267286,-0.68909717,-0.06627946,-0.24304792,0.29683998,-0.4875967,-0.16243055,-0.09368509,0.35519898,-0.27842194,0.82316077,-0.44727635,-0.21108562,0.13703182,-0.18399905,0.2916028,-0.70812535,0.047028843,0.07977401,-0.45459342,-0.5520514,-0.090181,-0.20529418,-0.078557305,-0.515461,0.6519526,0.385924,-0.12109955,0.088049196,-0.5127811,-0.24850535,0.07924667,0.02285574,0.29644042,0.47281602,0.15823832,-0.16953772,0.18689603,-0.17188813,-0.010454202,0.042058133,0.12207039
OAS1_0379,2.246617,0.6600254,0.6945109,0.5330051,1.0340878,0.28843945,-0.18209717,-0.87162584,-0.32711315,-1.100622,0.34699884,-0.7976464,0.7281322,-0.15396714,0.4531515,0.23915158,-0.025230857,-0.018205574,0.68781084,-1.0438572,-0.6523999,0.69123596,0.43505248,0.034922466,-0.12136439,-0.85916156,0.4454715,-0.414522,-0.37365887,0.11765009,-0.05642961,-0.39094302,-0.1160054,0.13411151,0.10864794,-0.38079575,-0.0067768847,-0.16697757,0.121031344,-0.12950884,0.56840515,-0.047476936,-0.18884552,0.24399377,0.007394277,0.33060518,0.04721248,0.13515307,-0.20108604,-0.069727086,0.1421186,0.14629827,-0.21909441,-0.14516738,-0.057565298,0.28155285,-0.280524,-0.13769889,0.26621607,-0.6697628,0.14159526,0.2570528,0.2312159,-0.6244515,-0.38130677,-0.28748927,0.043093655,-0.2067982,0.1232727,0.031872198,0.27051446,-0.3811597,-0.13312624,-0.26374808,0.5827893,-0.12387385,-0.08569237,-0.11638635,-0.35386464,0.14973806,0.12116443,-0.04881774,0.029630104,-0.11608133,0.04188388,-0.13012874,-0.018597778,-0.15948063,0.5135227,0.022266075,0.039889295,-0.38732842,0.5036473,-0.074520275,-0.46951774,0.32102206,0.43540013,-0.47693646,-0.10761994,0.13987777,-0.31132746,0.43692046,-0.12884715,-0.40912017,-0.051893774,0.099175,-0.43314108,-0.20003752,0.023020677,0.057760917
OAS1_0380,-1.312486,-0.5095023,-1.7740515,0.9500495,0.6505567,-0.17100541,-0.03279341,-0.29659626,-0.7950756,0.2570544,-0.7314448,-0.28116614,-0.31776115,-1.1028632,-0.12897709,-0.105639055,0.3931335,-0.7635295,0.077974886,-0.4351304,0.4674134,-0.13252538,-0.19906366,-0.47961846,1.0469257,0.18724956,-0.6728529,-0.15065604,-0.19789046,-0.88989645,0.55676806,0.39785814,0.6303036,0.35322577,0.3279139,0.22547418,-0.14427693,0.98390657,0.6041359,0.4758253,0.4446298,0.46925974,-0.21967095,0.5294001,-0.5282442,0.2107104,0.14224423,-0.037045024,0.4871136,0.46014863,-0.77825534,-0.6703547,-0.2829884,0.056168493,-1.041379,-0.048580643,0.4390749,0.22322242,-0.4449219,0.15326238,-0.31217813,0.77302295,0.3305756,0.036869984,0.18046097,-0.104050905,0.39220876,-0.026937412,-0.66423064,-0.3113158,0.12567715,-0.19798437,-0.16572689,-0.3494826,-0.24083054,-0.33984005,0.06394988,-0.35014492,-0.045854587,-0.23740676,0.122630745,-0.15468651,-0.17353912,0.03833608,0.26094896,0.3091062,0.2048152,0.30086455,0.34832042,0.21492493,-0.08227994,0.06847532,-0.21402991,0.40857032,-0.2187679,-0.10934707,-0.15900722,-0.45422193,-0.0031537204,0.10406431,-0.10209451,-0.120149374,-0.015163629,0.73280406,0.26579574,-0.2506842,-0.13854946,-0.009361547,-0.44273156,-0.24201275
OAS1_0381,-0.37474826,-0.1833855,-1.1231841,-0.31618655,0.20188724,0.33941972,0.18460958,-0.09470258,-0.6414536,-1.064213,0.44468915,0.8881865,-0.8176078,0.44050476,-0.7864141,0.3736951,-0.55139464,-0.47320446,-0.14038971,0.9747747,-0.32567605,-0.40274706,0.59898555,-0.3760977,-0.004635456,-0.15505238,-0.11756162,0.42388985,-0.32046378,-0.74263185,-0.32607195,-0.58026993,-0.28759262,0.14620747,0.09211987,0.049034573,-0.031237744,0.16147295,0.17638868,-0.9332593,-0.038164128,-0.8707242,-0.0059334487,0.49314022,0.016840246,-0.5165413,0.0705447,0.019500364,0.07795784,-0.099090725,-0.009633514,0.3181166,-0.52542114,-0.19997081,-0.4242898,-0.032754503,-0.13976213,0.35509387,-0.2284359,-0.013513373,0.07617926,0.022921389,-0.4596508,-0.23772763,-0.20853269,0.6382522,0.058205154,-0.029190045,0.34087056,-0.3254475,0.6162219,-0.17604324,-0.3855079,0.33420834,-0.68828505,-0.11053771,-0.3613848,0.011382596,0.24433257,-0.4478183,-0.51924014,-0.20909566,0.52149314,0.10392025,-0.18696982,0.7908396,0.21693403,0.10842134,0.22117998,-0.19156237,-0.5929901,-0.1522796,0.26397923,0.030082988,-0.06113126,-0.16704175,0.671084,0.2877521,0.19499426,0.3567599,0.15617457,0.44403616,-0.06847409,-0.7031403,-0.2303566,0.05763881,-0.04553718,0.045859884,-0.023183001,0.13016419
OAS1_0382,-1.4772323,-2.7530892,1.188347,2.2793825,1.3943496,-0.16297533,0.58243376,0.4806762,0.871409,0.19582562,0.37469074,-1.0067512,-0.38178676,-0.5043187,-0.50003535,0.49182594,-0.036788218,-0.83672917,0.13800661,-0.37566686,0.38174197,-0.07695276,0.69588566,0.0857983,-0.028462365,0.33336988,-0.15913884,-0.52089936,-0.25334886,0.070125364,-0.93954027,0.43250224,-0.6678989,-0.13720493,0.3133872,-0.6283192,0.8300048,-0.7486819,0.9959675,-0.24182372,-0.41336548,-0.16895705,-0.6706968,-0.05207355,-0.047963098,0.3758036,0.04220223,-0.23919237,0.60242015,0.6638184,-0.53562814,0.54556227,0.5151577,0.04976775,-0.29714787,-0.45941544,0.15908833,0.38616094,0.30465722,0.104768105,0.20487106,0.59139746,-0.45314786,-0.42725405,-0.07894047,0.1182565,0.7436545,0.48500004,-0.43480355,0.013552458,-0.1887708,-0.18589899,-0.4605868,-0.33822078,-0.3138702,-0.06676327,0.17850761,0.1191331,0.88424456,0.49576482,0.17099734,-0.32039323,0.12714298,-0.098323524,0.32230872,-0.24999425,-0.6822063,-0.39805716,-0.5175006,-0.3468759,0.17207801,0.3189455,0.17048173,-0.10576325,-0.039075974,0.41935354,-0.25001475,-0.22721806,-0.42768046,-0.061301276,0.48931608,-0.23889978,0.025926802,0.34751084,0.17603196,0.12391201,-0.29564717,-0.1486582,-0.46924168,-0.31210288
OAS1_0383,-1.0428036,0.08646933,-0.11887829,-1.001104,0.26847318,-0.103631906,1.3586361,-0.8008731,0.9905954,-0.1440646,0.7423916,0.7007894,-0.06859332,-0.57082635,0.6489509,0.5240027,1.1891392,0.21982294,-0.030861462,0.22704588,0.56506735,-0.60475534,-1.1466289,0.120555274,0.5757527,-0.25886443,0.4039541,-0.032542147,0.7276976,0.538338,0.25088003,-0.30642423,0.008762834,-0.051241998,-0.43136355,0.26330715,0.05399287,-0.10243976,0.34926996,-0.9604077,0.22118458,0.396135,-0.26134273,0.6779141,-0.1855489,-0.33391988,-0.337477,0.35863712,-0.17235497,-0.22245987,-0.252408,0.010494539,-0.26811355,-0.04606024,-0.08335092,-0.34538937,-0.1432627,0.44931576,0.060970552,0.15004532,0.35312152,-0.9875412,0.21350466,-0.8110564,0.3029445,-0.11271826,0.36608455,-0.091543205,0.23772709,0.30062568,0.21914254,-0.2966342,0.3189578,0.1299783,0.21098685,-0.035934556,-0.39885813,0.50398964,-0.3370014,0.0952108,-0.18835115,-0.014213475,0.0035158817,0.13154216,-0.13745064,-0.11283383,0.17988966,0.2898162,0.12783878,-0.03734801,0.029490864,-0.27603626,0.26855695,-0.20008406,-0.37120312,-0.29727006,0.13379902,0.13652614,0.07234301,-0.10644262,0.021945504,-0.08220993,0.13590488,0.32954323,0.28752607,0.4570565,0.1729272,-0.38979587,0.14194821,0.098298
OAS1_0384,1.9154804,0.2947079,0.066349804,-0.10622108,0.14701352,-2.2246552,0.19976959,0.50319344,0.7369317,-0.024425162,0.31650135,0.02753201,0.5902407,0.33992139,0.4780848,-0.608504,0.22064023,0.52805805,-0.4482567,0.05063494,-0.23214301,0.5044275,-0.41256952,-0.5560879,0.33146065,0.12384553,0.50323087,-0.2723254,0.573678,-0.030125016,-0.32468468,-0.068885446,0.19819438,0.46622765,-0.18282925,0.7353237,0.2655477,-0.52575487,-0.26147956,-0.001418347,0.13583168,0.47028035,-0.06626862,-0.4777791,0.08081993,0.8733651,-0.20128736,0.35684317,0.52803373,-0.05209325,0.008935527,0.08141741,0.57496554,-0.11404278,-0.4571104,-0.36408287,-0.49335474,0.032497264,-0.2420449,0.15584832,0.030450454,0.36745644,0.061969597,-0.043036725,0.74956435,0.053047754,0.55313474,0.5154841,0.144184,0.17452544,-0.6253593,0.5912619,-0.13478199,0.31676573,-0.110723734,-0.0880364,-0.0070090992,-0.751897,0.10886523,0.2188241,-0.40379593,0.6347305,0.24178997,0.082957536,0.029600542,0.77458185,0.36408275,0.040478718,0.34757677,-0.5242533,-0.13340838,-0.2349511,0.59306115,-0.31796566,-0.16154693,0.09236342,5.8638176e-05,0.15042509,-0.20927536,0.67456627,0.25862178,0.5971015,0.05384885,0.43158472,-0.09046192,0.18080746,-0.1568187,0.29847655,-0.16497374,-0.066449635
OAS1_0385,1.4989223,-0.37811285,-0.026333814,-0.9069724,0.3553118,0.6042535,0.031982116,-0.6599426,-0.040413383,0.53817636,-0.589059,0.53507483,0.18909444,0.2852439,-0.08615261,-0.02303251,-0.18204549,0.4884227,-0.97242004,-0.505098,-0.28412017,-0.38850436,-1.316377,0.5490144,-0.14828359,-0.30191457,-0.5371068,-0.4102283,-0.12848376,-0.33016118,0.33819777,0.2234635,-0.9387626,0.7338051,-0.6255348,-0.79381055,0.30682388,-0.3427769,-0.6017881,0.2958856,0.15449487,0.00015339095,0.71381515,1.0395864,-0.0019117444,-0.054626603,-0.256531,1.0764005,-0.22115168,-0.61462885,0.37737167,0.16754419,0.16198377,-0.6142303,-0.39862645,-0.0914799,0.70081264,-0.10048395,-0.10770723,-0.06670947,0.25841668,0.22337957,-1.1282464,0.10325904,-0.5189731,-0.05626731,-0.06569992,-0.7346384,0.50783205,-0.69798964,-0.4342737,0.3833818,-0.46091065,0.0036301313,-0.56028295,0.05195207,-0.5966996,0.37073654,0.35603106,0.40053478,0.28532773,-0.31611973,-0.43408746,0.005780964,0.21947661,-0.39576113,-0.80672187,0.22317158,-0.41260767,0.2007255,0.34749705,-0.40002775,0.26438096,0.1580349,0.04468956,-0.11408008,0.039421815,0.19354418,0.10025744,0.20253654,-0.30042782,-0.14343132,-0.5154012,0.5934856,0.34548348,0.23104157,0.29837096,-0.17113689,0.057263117,-0.07027036
OAS1_0386,0.7595899,-0.24547252,-0.03459424,-0.69048184,0.12512487,0.18473579,0.7781941,-0.30895633,0.22349128,0.637286,-0.90173227,0.04921275,0.6651047,-0.8573235,-0.5771462,-0.24015276,0.38591662,0.41943464,0.63912684,0.1648425,-0.7635855,-0.07854159,-0.6610931,0.096737206,0.37505087,-0.32693133,-0.5736296,-0.31100512,-0.28616306,0.8982626,1.1132425,0.6809286,-0.13246886,-0.87278414,0.022211334,-0.044028763,0.4866668,-0.22200274,0.37112013,-0.7628232,-0.31000164,-0.58438027,-0.6087704,-0.09817031,-0.77148724,0.22901438,0.1531228,-0.55928177,-0.6168584,0.26804742,0.6839415,-0.07839444,0.13628809,0.28843462,-0.14543115,-0.798327,-0.879729,0.37636662,0.20929202,0.20420536,-0.29706004,-0.15352654,-0.5505906,-0.03855572,0.45809406,0.2014024,-0.0008487573,0.80856895,-0.22828642,0.16483112,0.102467015,-0.74539477,0.22776815,0.36109746,-0.6257845,-0.21998946,0.2327661,-0.5199072,0.13611639,-0.43062142,0.009899092,0.42502648,-0.15603288,0.2487725,-0.5384807,0.38511667,-0.04119036,0.85599333,-0.6864505,0.13318722,-0.11332434,0.4551279,-0.24203797,-0.06868862,-0.30397013,0.362408,0.14377125,-0.30721793,-0.96143323,0.11909538,0.077596165,-0.08080805,0.05539442,0.29378158,0.3239948,-0.1374806,0.6290521,-0.00648358,0.1754444,-0.12860793
OAS1_0387,1.8460451,1.9823099,0.9838261,0.6019953,0.72362655,0.30112585,-0.78223747,-0.8322753,-0.05267701,-0.40929925,0.05434601,-1.5032058,0.6289171,0.092895426,-0.68902975,-0.361324,0.41794074,-0.39367715,0.8219188,0.3686546,-0.5704286,-0.07180182,-0.10944048,-0.6375828,0.63981724,0.052798685,0.20265245,0.121141255,-0.6749585,-0.57777786,-0.42025343,-0.05085225,-0.4596198,-0.6213194,-0.6982477,0.25196466,-0.16281545,-0.9623755,-0.07940067,-0.3181389,0.12404356,0.2812042,-0.6669539,0.13971598,0.2241572,-0.83852804,0.13582201,-0.3912152,-0.4231321,-0.029480534,-0.025122838,0.08297062,-0.08450518,0.27823392,0.48194578,0.024261314,-0.37409154,-0.21694668,0.18199383,-0.35654745,-0.11503467,0.007846003,0.23032005,0.032523468,-0.059077196,0.26598492,0.5857414,-0.10367129,-0.20957814,-0.024757631,0.23135808,0.13730003,0.59489655,0.18107596,-0.03153243,-0.30116972,-0.23941645,0.4987813,-0.105472945,-0.42231083,-0.13969606,-0.19097619,0.34825662,-0.13277534,-0.18381533,-0.7242632,0.51815766,0.321499,-0.04615662,0.24152687,0.6704271,-0.14830682,-0.046387073,0.18801811,0.2388658,0.20420645,-0.15994531,-0.06412163,-0.20607151,-0.7086029,-0.0128502045,0.26870984,-0.15132736,0.28160673,0.052051235,0.18651089,0.12011579,0.2753574,-0.19368589,-0.3600269
OAS1_0388,-0.36018085,0.19664842,-0.59370285,1.325601,0.23884569,-0.2818506,-0.55586,0.24420974,0.16600391,-1.0690712,0.3124068,0.45934692,0.20752908,-0.28862044,1.5959941,0.26317167,0.020169798,-0.20381564,-0.9580254,-0.4204156,0.14655997,0.116269246,-0.1617141,-0.5183484,0.37274608,0.36549515,-0.20015024,0.709463,-0.28233942,-0.79775786,0.02969311,-0.044228654,0.17818269,0.26977906,-0.74001807,0.5064401,0.014684019,-0.019336013,-0.42927298,0.17039834,-0.6851502,0.49193838,-0.34607342,-0.47610334,-0.33603737,0.80831826,-0.6900442,-0.05754777,0.08060351,0.8637024,-1.0738105,-0.10976768,0.10979388,0.5609653,-0.85124254,-0.53030986,-0.41166753,-0.6355624,0.07664092,0.19085321,-0.10961081,-0.4946772,0.18913342,0.030208154,-0.4943602,0.14367418,-0.37763208,-0.0009133228,0.39929843,-0.3755052,-0.13117735,-0.5895474,0.8599431,0.20426948,-0.051539194,0.1261198,0.48063967,-0.33189878,0.5354137,-0.012397847,-0.069540545,0.032387428,0.39845017,-0.12874548,-0.10617026,-0.10655874,-0.033464123,0.1256192,0.0762445,-0.00839833,-0.007626202,-0.7021714,-0.076917276,-0.19699556,0.27098626,-0.21411249,-0.3895106,-0.043508347,-0.09496278,-0.55854493,-0.48881322,0.4305471,0.5068402,-0.12116906,0.35372537,-0.3137106,0.028390827,-0.088050045,0.45787966,0.0445947
OAS1_0389,-0.49939796,1.4936302,0.113888815,-0.23895688,-0.8016303,0.47584558,-0.17463116,1.3022313,-0.03489484,-1.1462939,0.053401124,1.2903287,-0.47086123,-0.0042861737,-0.30571464,0.6740231,0.65053344,-0.047380053,-0.29551148,0.010137482,0.29552805,0.52900225,-0.3236552,-1.038831,-0.6785876,-0.027964441,-0.5413221,-0.20190442,1.1004347,-0.37579477,0.09754072,-0.2622378,-0.46590963,0.4025538,-0.44534126,0.4773557,0.287828,0.2596932,-0.17179868,0.20040935,-0.6681065,0.20258228,-0.2524346,0.31445578,0.8114302,-0.6925302,0.10068508,0.182559,0.35285065,0.3161962,-0.12134472,-0.37550655,-0.24038094,-0.72865516,-0.26822504,0.15020679,-0.58414173,0.66685295,-0.3976414,-0.12582801,-0.038837694,0.10017908,0.08540494,-0.0051007234,-0.26047552,-0.12573361,0.20765544,0.500681,-0.17477663,-0.22581336,-0.09014943,-0.2909394,-0.01857636,-0.023096668,-0.36192197,0.3704998,0.230869,-0.2982318,-0.21120757,-0.32939744,-0.50557715,-0.11143735,0.11753863,-0.17336468,-0.1422974,-0.76005274,-0.27559212,-0.31111512,0.020324562,-0.08797092,0.2490905,-0.46898198,-0.34505126,0.17765541,-0.0591662,0.14658193,0.5081316,-0.29564196,-0.6184291,0.39909098,0.07200056,-0.43406865,0.029163243,-0.35030824,-0.07182362,0.06064637,0.24029224,-0.14944617,0.25049403,0.28955457
OAS1_0390,-0.3021187,0.027129054,-0.027776208,-0.39447984,0.6296326,0.27389595,-0.21972412,-0.1250823,0.7449723,0.8299249,-0.06991196,0.7047429,0.06348807,0.24499793,0.5179242,0.59662473,0.59658813,0.274698,0.40752938,-0.0356376,-0.10153505,-1.6388724,-0.28295147,-0.065621175,0.5206659,0.06488174,0.1812647,-0.25208953,-0.2841787,-0.50871813,-0.17891137,0.10338149,0.12192012,-0.39135796,-0.54606855,0.1408166,0.3436756,0.10317114,0.13488479,0.3733628,1.0157791,0.33659923,0.028079985,0.67006296,1.1516273,0.28592005,0.74542934,0.35817242,0.2544135,0.35960823,-0.3136139,0.39825216,0.3590542,-0.13838115,0.32061177,0.13605098,-0.10153547,0.2731038,0.012836622,0.51498485,-0.43809593,0.4880616,-0.054915845,0.46802494,-0.77179605,0.070836276,-0.531788,0.038405746,0.6288674,0.30346665,-0.10871233,0.39182538,0.028250117,-0.27987152,0.20289527,0.19319467,-0.2877811,0.1458579,0.1760522,-0.17788926,0.35731745,0.06378379,0.21137072,0.65456986,-0.2292124,0.4198947,-0.31583974,0.417902,0.083075926,0.015418055,0.25768536,-0.22832426,-0.5834606,-0.022458632,-0.045233957,0.6276663,-0.46593255,-0.52783185,-0.08921044,0.1412544,0.13637125,0.29930186,-0.3378386,0.2682839,-0.3040602,-0.107773684,0.38991955,0.28781083,-0.20933446,-0.025010904
OAS1_0392,1.5029316,-0.08715657,-0.578135,-0.6976154,-0.3318035,-0.9637559,0.4959863,-0.13560194,-0.5200595,0.7091971,-0.463785,-0.5963587,0.227141,0.4045502,-1.2354649,0.8789507,0.23540945,0.1591889,-0.3396361,0.20289747,0.47187787,0.31217232,0.32371232,-0.39182395,-0.33155543,0.029701876,0.35242966,-0.09496857,-0.75216657,-0.091578126,0.481549,-0.4449448,-0.026969893,-0.05101696,-0.6749494,0.08531839,0.27853924,0.2743151,0.15329298,-0.27296796,0.10118661,-0.2650144,-0.7588391,0.21749698,-0.019839196,-0.19343424,-0.5128843,0.32432166,0.4492385,-0.29747894,-0.21038908,0.046141308,-0.11803712,0.11397633,-0.038156003,0.3996041,-0.069709025,-0.11589954,0.2722328,-0.049863193,0.027641285,-0.34654933,0.23087701,-0.18599656,-0.6596537,-0.23146938,0.022326948,0.063288175,0.051204097,0.1927502,0.09909048,0.2253898,0.07257285,-0.021457912,-0.32326698,0.042401068,-0.0687878,-0.3936199,0.02682102,0.0706555,0.022252554,-0.30531397,-0.081797294,0.13342513,-0.12040304,0.34376392,0.02100767,0.0050502284,-0.009512084,0.4455038,0.6451426,-0.14862877,0.34385067,0.2983588,-0.554246,-0.15772112,-0.06421877,0.118566684,0.4505217,-0.07782792,0.082288034,-0.27747658,-0.39298105,0.16801979,-0.27134326,0.067938834,-0.39285663,-0.11504703,0.42474782,0.12100216
OAS1_0394,1.6026747,-0.022731883,0.2801554,-0.39869958,-0.036274154,-1.0236273,-0.9349328,0.85835606,0.21762864,0.00867277,-0.8847672,-0.6114275,0.12557308,-1.1946005,-0.72137225,1.2264701,0.072005115,0.5208616,-0.39326626,0.0460965,0.3231905,0.24931337,-0.32074028,-0.5838169,0.665336,0.048401605,-0.44000202,0.78479815,-0.016882766,-0.2194402,-0.1340287,-0.39970002,-0.37035963,-0.061623,0.34252876,0.47525322,-0.042791966,0.12390429,-0.22885789,0.12178585,0.08184501,-0.2654168,-0.030753914,0.05849744,0.113007136,-0.574955,-0.21884695,-0.631048,0.30385974,-0.3928196,0.35689396,-0.1625392,-0.19806889,0.02744437,-0.67572206,-0.6726131,-0.16960019,0.11963092,0.15788995,0.41469038,-0.343874,0.29167312,-0.1313558,-0.023489183,0.44714317,0.045570735,-0.66182905,-0.44526556,0.32722092,0.12111148,0.54576844,-0.73831177,-0.05253154,-0.52829903,0.50215274,-0.12793629,0.1361851,-0.09147418,0.20217517,0.20379616,-0.11345941,-0.07618068,-0.16875803,-0.09333553,-0.0011564669,0.1339955,-0.09781554,-0.23344637,0.36607188,0.050595783,-0.099286504,-0.1472114,-0.075066365,-0.15597299,-0.33597586,0.42758033,-0.20376895,0.39087135,0.6809972,-0.043847278,-0.1608515,0.30633003,-0.67106074,-0.070424505,-0.10602258,0.0030035789,0.116340354,-0.31458777,-0.055742726,-0.16056855
OAS1_0395,0.9479571,0.18870243,0.6832546,-0.623473,-1.0396852,0.3884562,-1.6607784,0.27300474,0.4796742,1.2039899,-0.6345757,-0.4892331,1.4540418,0.53671414,-1.0018998,-0.046665717,0.8886757,0.61162585,-0.5510295,-0.08568788,0.46992037,-0.28226662,1.0737495,-0.27132365,0.15817279,0.49163768,0.75369287,-0.5273082,0.30734816,-0.30459654,0.3364963,0.0626811,-0.05765134,-0.19781183,-0.70320565,0.8796176,0.57909006,0.07296114,0.008079091,0.3877888,0.13152096,-0.24423797,0.162088,0.3307594,-0.65092427,0.2640173,0.040088903,-0.2576657,0.1803197,-0.28065032,-0.683871,-0.15556896,-0.06184603,-0.44792792,-0.27932099,0.07441464,0.2526719,0.030774975,-0.7095087,-0.12408548,-0.08602207,0.09390037,0.10168596,-0.041318353,0.623217,-0.39909762,0.28974324,-0.52703935,0.42600197,0.6593922,-0.24624941,-0.3125713,-0.860427,-0.16293582,-0.0904179,-0.26695675,0.0008939487,-0.2800965,0.22218828,-0.13806012,-1.151546,0.23714001,-0.32088882,-0.16902615,-0.06921282,-0.41608718,0.24502541,-0.55437654,-0.04589692,0.062635824,0.2054387,-0.59903216,-0.0076006064,-0.011259722,-0.042234056,-0.005528969,-0.4850124,-0.08166236,0.0082670925,-0.11299585,0.22096129,-0.22987053,0.20230258,-0.0438552,0.48653814,0.462801,-0.249034,0.32052377,-0.27179345,-0.07713178
OAS1_0396,1.330303,-0.19502355,-0.49701864,-0.62685275,-0.54065615,-0.018836256,1.5023485,0.8563258,-0.31590933,0.049517397,0.6471702,0.5683016,0.590311,0.1941743,-0.21257357,-0.18815404,-0.39160958,-0.56626976,-0.16294059,-0.424042,0.071391836,0.15438569,-0.43043882,-0.5109963,-0.121432245,0.1943865,0.76011735,0.02102206,0.22197297,0.44109,0.49648395,0.14706399,-0.28668085,0.039362583,-1.2616156,0.02710675,-0.031618472,1.0521305,0.16410236,-0.34843642,0.24457036,-0.09135303,-0.44340572,0.184129,0.22466472,0.44218227,-0.19884226,0.21104673,0.18194605,0.516558,-0.12125029,-0.15013334,0.12728505,-0.38076115,-0.51926327,-0.18709934,0.04873062,0.10282321,0.07197915,0.045230515,-0.42180437,-0.017388683,0.6378659,-0.12763824,-0.1364105,0.1266882,-0.2131716,0.16553898,0.122505724,-0.09150588,0.14396192,0.4665732,-0.21220128,-0.34657383,0.17614737,-0.0027015235,-0.116725475,-0.39429247,-0.30809492,-0.39360714,0.024150897,0.15801212,-0.65237945,-0.785555,0.026456494,-0.2894138,0.14113902,0.13021508,-0.41802078,-0.013775101,-0.34050405,-0.110081494,0.029319745,-0.0051031793,-0.63227946,0.04681409,-0.009205952,-0.043196518,-0.46156985,-0.25222296,-0.054865226,-0.07222658,0.1208288,-0.07625212,-0.09765883,-0.32544807,-0.24079159,-0.28933612,-0.25667685,-0.048959225
OAS1_0397,0.69202906,-1.3796502,0.16503793,-0.8710148,-0.45924437,-0.84361076,-0.89721614,-0.8761695,1.1139079,0.10051579,-0.73659754,-0.27776176,0.75703335,-0.29545075,-1.0530782,0.08716946,0.61370176,-0.103504986,-0.13375622,0.102968186,-0.07169889,0.013943998,0.4384713,-0.7458419,-0.6240522,0.55602366,0.1931723,-0.37721708,0.34968784,-0.11937888,0.11324927,-0.10410136,-0.24485277,-0.33009568,0.12494682,-0.24548145,0.39520824,-0.40907136,-1.1764731,0.21458745,0.150309,0.30117592,0.07757665,-0.12686613,-0.017130805,0.07397552,-0.111608416,0.10517486,-0.5551111,-0.406846,0.28742257,0.068162754,-0.20008191,-0.1411331,-0.34915394,-0.6470634,0.69324154,-0.106699,0.5597918,0.51516765,-0.43925518,0.06365632,-0.2570856,-0.24267024,-0.280806,-0.49875996,-0.2443822,0.08546519,-0.2125353,0.27283338,-0.12614632,-0.37215587,0.05032617,0.06956602,0.13989432,0.29632527,-0.36199066,-0.12474869,0.014816303,-0.51507777,0.16106962,0.15096718,-0.15652016,0.5252231,-0.370945,0.1344128,-0.75658786,-0.46460953,-0.51576364,-0.3720034,-0.74978137,0.5142429,0.25887373,0.43356234,-0.3585687,-0.37189615,0.41229293,-0.4581638,0.31902534,-0.015478135,-0.3885073,-0.5815135,0.069292575,-0.13384166,-0.005945009,-0.25033328,-0.2221668,0.32174885,-0.092384055,-0.32687974
OAS1_0398,-2.3084028,1.0063391,-0.31666467,0.26948598,-0.65284455,-0.45585737,-0.3156554,0.5458137,0.14381193,-0.30171087,-1.0608411,-0.43469605,0.081068054,0.11869755,-0.43011904,0.08422478,-0.48833436,0.0822959,-0.23413341,-0.37620705,-0.37251893,0.106187455,-0.20272638,0.2573925,0.18456402,-0.5176953,1.0534997,-0.75376934,-0.24737796,0.116762,-0.4039486,0.67596346,-0.007560556,0.7039691,-0.47344422,0.36503163,0.3939337,-0.29436788,-0.35083812,0.06880149,0.70188594,-0.7088243,0.18986632,0.04587845,-0.49805796,-0.45734307,0.40736827,-0.20589449,0.52418584,0.060756683,-0.78198427,-0.4530297,0.09855967,0.71520734,-0.3034762,0.3035877,-0.8393596,-0.4281237,0.37543216,0.42374972,0.092791654,0.020564348,-0.80936325,-0.50157124,-0.70046884,0.3786763,-0.12825085,-0.51380223,-0.7969771,0.076397754,-0.3631515,-0.17469592,0.21051304,0.034776397,-0.37767124,0.057963867,0.60812306,-0.16593324,-0.26845017,-1.1361014,0.43600652,0.16420344,-0.3297291,0.2502865,0.4235888,0.09630053,-0.14054528,0.21201359,0.1691971,-0.42290604,0.16658804,0.41290435,-0.3002604,-0.042500153,-0.029734103,-0.05066933,0.56983835,0.48431897,0.22333288,0.36659962,0.64920247,0.089083545,0.26995665,-0.17039865,0.31059155,-0.18559143,0.23146093,-0.038398076,0.26716575,-0.34798542
OAS1_0399,-1.8078392,0.86629885,-0.9777453,0.53466594,0.7475785,0.7246828,0.20788778,0.7207924,-0.73658985,-0.2504682,-0.28827396,0.3835552,0.6171642,-0.012677289,-0.6907788,0.728274,-0.33638188,0.07739839,-0.41240445,-0.017192883,0.08123182,-0.94985694,0.20998295,-0.20568159,0.52557087,0.35824883,0.17295961,-0.31803185,-0.7971638,-0.23706192,-0.3104746,0.9481657,0.07466663,-0.43317518,0.5833194,-0.12367625,0.06501413,1.086935,-0.1287795,0.23364031,-0.6282374,0.24029456,0.48888418,-0.09473283,-0.17330801,-0.61264545,-0.66417664,0.41433555,-0.40733412,0.07513092,0.25359845,-0.029853068,-0.1625069,-0.10206147,0.39657933,0.046132803,-0.28098932,0.018575769,-0.03811773,0.69741464,0.373263,-0.587668,-0.12309034,0.47840524,-0.5852687,-0.03430115,0.15324973,-0.28349376,-0.2297662,0.15840448,0.18438165,-0.44913355,-0.084869444,0.07037552,0.072621435,-0.31638387,0.38410795,0.054943472,-0.5338556,-0.4285689,-0.16367659,-0.21563128,-0.47733977,0.108568,-0.27729124,-0.46708062,-0.0055049104,-0.26916167,0.47010782,-0.15682246,0.04296197,0.3419778,0.20778036,-0.05306731,0.23582332,0.025467549,0.2828367,-0.002624241,0.0821084,0.289591,0.23212191,-0.8252276,0.09883771,-0.018365879,-0.16258311,0.0034598433,-0.41054055,-0.18100092,0.3978924,0.35899365
OAS1_0400,-2.294949,0.18679886,-0.96199745,0.06794789,0.8327097,-0.33966997,0.29382426,0.81596667,-1.541929,0.11523032,1.2652081,-0.024282731,0.5045201,-1.0203755,-0.042996142,0.31213427,0.17689835,0.31189075,-0.54261386,0.6853706,-1.216667,0.118873656,-0.7243139,0.13523994,-0.24381809,0.1872891,0.296966,-0.30637327,1.354348,-0.29173958,0.032989964,-0.85664815,0.092356466,-0.50324315,0.58527094,0.082142875,0.43533877,-0.35568744,0.57615477,-0.5270346,0.676282,0.92755723,-0.038186736,0.016159577,-0.44881925,0.258931,-0.59103435,0.47130808,-0.24382292,-0.18548928,0.6026694,0.43427336,0.6428793,-0.2531609,0.131815,0.508152,-0.5204368,0.4336862,0.018716265,-0.4807816,0.035842538,-0.29129082,-0.42278314,0.65573204,0.48551032,0.41495666,-0.7448326,0.78175515,0.14593844,0.9818949,-0.4602624,-0.2025652,0.67237353,-0.11012501,0.2047624,0.6730265,-1.1258514,-0.28239992,-0.16113032,0.085153684,-0.09203392,-0.08302376,-0.014368491,0.07963471,-0.023316132,0.11009615,-0.31406224,-0.6029044,0.2560102,0.65993685,0.050663725,-0.2163046,-0.85034573,0.6809492,-1.0609045,0.41918042,0.3564158,0.27376688,-0.11246713,-0.039881192,0.10482835,0.1559154,0.30951723,0.31555277,0.15379648,0.3329461,-0.15427117,-0.12996046,-0.33086532,-0.07549771
OAS1_0401,1.3815409,-0.9145107,-0.20827185,0.41716978,-0.16389894,1.0372651,-1.0228226,-1.4794174,-0.83704674,-0.9711073,0.442873,-0.8681235,0.65718436,0.75328416,0.19603224,-0.10809853,-0.36283383,-0.012572196,0.07412718,-0.33487454,-0.7023595,0.28174222,-0.02220901,-0.0061680465,-0.051774386,0.3538592,0.5047306,-0.00044597784,0.7410101,0.57974124,0.27307853,-0.007900262,0.24902643,-0.7398605,-0.16707507,0.020370467,-0.17843717,0.4557153,-0.021785146,-0.49594426,-0.28229922,0.0016109612,-0.34150848,-0.65244657,0.034410957,-0.40011144,0.26466686,-0.45049456,0.09572818,0.9838822,-0.08983791,-0.31320676,-0.26270494,-0.035061963,0.5372274,0.0042975117,0.1589163,-0.2511083,-0.0051963087,-0.33509403,0.20036864,0.19194584,0.54464006,0.44203594,-0.35019755,0.34202135,0.23460482,-0.5170384,0.39152366,-0.2178165,-0.34775025,-0.7392036,-0.124258325,-0.3380375,0.16439211,0.51381487,-0.22670214,-0.33005008,-0.023678022,-0.20777938,-0.025080161,-0.024288783,-0.19001767,0.3337622,-0.20542406,0.014114368,-0.23044963,-0.028307268,0.3498036,0.45913213,0.16915512,-0.49380013,0.34840843,0.4199508,0.21708386,0.30900377,-0.009003538,0.26408213,0.2996966,0.5614916,0.64172596,-0.00077397976,-0.2700745,-0.025473008,0.40362293,-0.3482551,0.18015222,-0.4903561,-0.22748373,0.013302656
OAS1_0402,-0.7607658,0.5007167,0.66913736,2.1872952,1.7363427,-0.057685025,-0.1771484,1.4834951,0.823748,-0.69869083,-0.10811974,-0.19727919,1.6133487,-0.3856987,-0.6169885,0.76571643,0.38694394,-0.29525062,-0.42117953,-0.62540275,0.7441078,-0.29664904,0.21742249,0.42813453,-0.32429063,0.00057223794,-0.27562284,0.895447,-0.6639251,0.12960903,0.15328911,0.33363697,-0.47479573,-0.19934274,0.2519419,0.1292875,-0.92124766,-0.107108,-0.36169812,-0.55641866,-0.60988295,-0.9893423,0.73758966,-0.12584026,-0.29299286,0.45838928,0.17154911,-0.44435826,-0.04265053,-0.4719747,0.056406006,0.26856247,-0.61504173,0.049343653,-0.41571447,0.106697634,0.242139,0.5436205,-0.07456958,0.71741873,0.45821008,0.12256612,0.3716566,0.17151201,0.17875409,0.79985243,-0.1660623,0.1887299,-0.5658302,-0.17543668,0.044236436,0.5395568,0.12656045,0.35199,0.18571961,0.8139774,-0.5197518,0.45568871,0.076744236,-0.050888862,-0.4285069,0.40150234,0.5360397,-0.35430273,-0.2795383,0.38906518,0.30454743,0.028956786,-0.10543681,0.02845976,-0.24550986,-0.19049583,-0.3424707,0.6342987,-0.016231518,0.042956304,0.6573992,-0.11704262,-0.18589738,0.04910225,-0.3670958,0.54615915,-0.26251504,0.02360102,-0.0010492782,-0.09972935,-0.025856446,-0.47448206,-0.34554198,-0.4093759
OAS1_0403,1.2553555,-0.48966318,0.49933445,-1.5622376,0.03262466,1.0389711,1.1222036,0.44639203,0.30462533,-0.387358,-0.91306597,-0.84832406,0.1657413,0.065379135,0.85946167,0.6096674,0.4997342,-0.42365953,0.1489424,0.21641368,-0.1656604,-0.0013877167,0.16686746,0.46756867,0.9898004,-0.06972529,-0.24804567,0.58760035,0.47135141,-0.17318477,-0.39212888,0.5690897,-0.053655162,0.7749824,-0.19354695,-0.06987165,-0.12924924,-0.34409162,-0.4628638,-0.17216973,0.5891833,0.21249941,-0.14002089,0.7381162,0.20536324,0.38147146,0.13648973,-0.27057007,-0.5044136,0.68890977,0.6721696,0.060507506,-0.33609992,0.25140035,-0.3776458,-0.0041638706,0.48547944,0.25963116,-0.17844014,0.42683706,-0.21454261,-0.39395586,0.30326408,0.72076553,0.22080337,0.11849428,-0.22100529,0.3933951,0.31970027,-0.31399107,-0.09177265,0.24431811,-0.26266697,-0.18512142,0.32348597,0.12744431,0.022346677,0.23494118,0.032666836,0.15736721,-0.52994186,-0.30339298,-0.28773633,-0.33685488,-0.6468474,-0.088784374,-0.55392605,-0.0068989093,-0.15378912,0.1847355,0.08403218,0.286526,0.0010917711,0.021338332,-0.64811134,0.4983765,0.5947255,0.13535926,-0.0111370385,0.80568457,-0.027263079,-0.09913681,-0.0269026,0.8089991,-0.4976954,-0.7474186,0.18662162,-0.3919171,0.44799882,-0.7787856
OAS1_0404,-0.2836288,-1.1230735,-1.0605586,-0.46118528,0.52945143,0.32385296,-0.417539,0.5089511,-0.31996307,-0.1521508,-0.08915132,0.08161105,-0.9668957,0.18582386,0.25200242,-0.32207027,0.43643278,0.2920075,0.34154457,-0.6245393,0.19848657,0.12170221,-0.5044491,-0.2347938,-0.56419975,0.3952694,-0.011657221,0.48482767,0.008368193,0.16472998,-0.40016717,-0.07854503,0.32118994,0.2801346,0.9162583,-0.89336497,-0.3325915,0.75079274,-0.32145596,0.6488911,-0.63940024,0.3689672,-0.041528992,0.38445178,0.043637116,0.43687582,0.05056915,-0.36022052,0.26003373,0.2680725,-0.2148292,-0.15629283,0.21589048,-0.29823357,0.14569083,0.08222134,0.14048572,-0.79250604,0.5903828,0.32726952,0.61734736,-0.22138672,-0.5459034,-0.31143665,0.015922433,-0.41001996,-0.24718261,0.036567543,0.29307303,0.056267623,-0.06497329,0.32327858,0.62201434,-0.2736473,0.2353617,0.7879865,-0.43297726,-0.31196386,-0.4433141,0.26547587,0.3504116,0.57181937,0.033601053,-0.12936714,-0.4909407,-0.21632959,0.497525,-0.24742569,-0.6558585,0.012201478,0.013150027,-0.09225397,-0.14806876,-0.13602883,0.28842837,0.40740222,-0.3746039,-0.04024598,0.030769082,0.5336119,0.041116107,-0.12180169,0.5618758,0.21308719,0.36687663,0.63928145,0.14005843,-0.13176335,0.007226709,0.38138723
OAS1_0405,-2.63343,0.5095495,-0.3621006,0.25243166,0.029979033,-0.1989183,1.9464269,-0.44756493,0.13598365,-0.4319061,0.58184165,-0.26067623,0.6036425,-0.41424945,0.87533313,0.34771302,-0.13743521,0.46416,-0.9229802,0.086063825,0.5158883,-0.40011233,0.04244021,0.0837557,0.25215995,-0.31191128,0.3722428,0.2578595,0.52000374,-0.66982204,-0.23828748,-0.25713122,-0.8498388,-0.36111394,-0.21752176,-0.6646808,0.27848336,0.7793582,-0.1788531,0.9168939,0.28452694,0.4433975,-0.12091252,0.12813234,-0.15233546,0.015539266,0.16981177,0.026135303,0.5921753,-0.17942482,-0.61762476,0.46511376,-0.12463008,-0.07897274,0.12743884,0.07308821,-0.34956443,0.1265687,0.11288374,-0.858936,0.23872294,0.09104496,0.018038211,-0.43403357,0.39160872,-0.05691113,-0.5995244,0.45690998,-0.26515752,-0.17323966,-0.46618888,-0.4683762,-0.1558028,0.004255875,0.5911317,-0.6436143,0.0056468975,0.36816606,-0.07812431,-0.32306978,-0.83240217,0.24746922,-0.1527135,-0.6861586,-0.44505063,0.80524844,0.08792868,0.0064235386,-0.1873713,-0.13391563,0.35845253,0.1540881,-0.4442077,0.14905585,-0.5934276,-0.92048085,0.04240995,0.4078873,0.9526386,0.014371868,0.094270185,0.15546346,0.07379638,0.32526836,-0.15443793,0.42127913,-0.34879503,0.24922381,0.07785939,0.11290622
OAS1_0406,2.3775587,1.068093,0.54589325,0.5657555,-0.7109666,-0.15591656,-0.7880595,-1.1836283,-0.3505303,-0.5750829,0.38307995,-0.7872999,1.0209122,0.26985344,-0.058690038,0.096094996,-0.71905184,-0.47746506,-0.19581154,-0.05116387,-0.018419761,0.3443702,0.39770532,-0.05423735,0.67214406,0.3941691,1.061498,-0.39363134,-0.18842009,0.7411788,-0.6198806,0.2914823,0.28893965,-0.15602033,-0.5239815,-0.31857118,-0.2398966,-0.0903244,0.51255673,0.30128458,0.512543,-0.4127749,0.37104908,-0.11816519,-0.34424037,0.046696745,0.04359155,0.23952103,-0.39088616,0.16366233,-0.07762438,0.339396,-0.1995587,-0.029478256,-0.3770728,0.5269402,0.15367381,0.3435913,-0.06778601,-0.04286558,0.013050756,0.089931406,-0.8170604,-0.07205847,0.23790702,-0.40383965,-0.22557218,0.19720562,-0.24391606,-0.094032876,0.23267229,-0.24600206,0.024875397,-0.058186606,-0.46015215,0.020307928,0.091377184,-0.13375126,0.11156972,0.14115457,0.28368255,0.3592209,0.40004292,0.3351595,-0.71230406,0.28987485,0.24995713,-0.42985103,-0.38121963,0.42001405,0.108468845,0.7077564,-0.51392514,0.26066786,-0.13815022,0.046927765,-0.005368662,0.0643494,-0.05318542,-0.27268857,0.16500683,-0.5572561,0.052129183,0.05708028,-0.097536325,-0.19173211,-0.2588236,-0.15753563,0.21375352,0.12534352
OAS1_0407,0.6620884,0.84404814,-0.7006376,0.45840308,-1.115248,-0.5484603,0.63989216,-0.35955414,-0.09979365,-0.0014366399,0.19229144,0.7686705,-0.69360185,-0.3597256,0.06090699,-0.4981095,0.12607399,-0.15811199,-0.2672381,0.25411898,0.41978043,-0.14467445,-0.43224913,-0.38854182,-0.18819496,-0.4463603,0.84087014,-0.5051782,0.23244,-0.45808262,-0.27365538,0.5635266,-0.12052829,-0.31255296,-0.3250741,-0.06186513,0.045046184,-0.22298265,0.14406179,-0.12132779,0.16100699,0.27725643,0.34889638,0.49063447,0.30181262,-0.41705114,-0.25976783,0.37355006,0.023822477,0.022890111,0.21767063,-0.25987443,-0.4509738,0.78656113,-0.34200945,-0.30477908,0.3274617,0.61547023,0.021317767,0.27389598,0.32743526,0.49169838,-0.8906433,0.012302038,-0.24671222,0.42016566,0.0651924,0.42944065,-0.107736014,0.30054012,0.37085572,0.42102435,0.30966005,-0.009919953,-0.49269018,0.12152827,0.63130486,0.043609284,0.6145701,0.21615598,-0.104047365,-0.06336539,0.31767815,-0.9637611,-0.042168472,-0.114675835,0.5903456,-0.019297056,0.5480079,-0.18052557,-0.3490707,-0.34560433,0.072441645,0.21307144,-0.40542793,0.33102667,-0.33929056,-0.13934514,0.060345955,-0.027893946,-0.24068694,-0.22398382,-0.19203164,-0.12473302,0.15437832,0.2250167,-0.084875025,0.027854014,-0.06425448,0.22569299
OAS1_0408,1.2750517,-1.0533718,-0.5956231,-0.71878105,0.17448954,-0.2985277,0.0981107,-1.1253521,0.01640284,0.5169308,-0.78321254,-0.35711026,0.82408905,-0.11856582,-0.44152573,-0.372597,-0.16900086,-0.5238662,-0.17633165,0.14746532,-0.14472967,-0.4101159,-0.35699952,-0.35574254,-1.1771748,0.4639498,0.5691025,0.32603547,-0.3075129,-0.15215923,0.5881634,0.2083047,0.4495238,-0.0125951385,0.28921455,0.684767,0.75209945,-0.25975576,0.08602751,-0.15717262,-0.5412222,-0.076916404,-0.070539415,0.14761314,-0.4133847,0.22344814,-0.24240145,0.27224338,0.70305073,0.76500314,0.199999,0.19118959,-0.11894865,-0.53684014,-0.041768447,-0.39235112,0.028186668,-0.64397454,-0.07717867,-0.07620776,0.38566372,0.303988,-0.5464434,0.27024156,-0.16726516,0.024252765,0.11257675,0.15451172,-0.23015611,-0.004993047,-0.20569001,0.44245183,-0.2271418,-0.18323605,0.004874649,-0.004186811,0.22314177,-0.01279087,-0.3794289,0.076077245,-0.10632295,0.06991137,0.25710484,-0.015476613,-0.3014845,0.50354767,-0.24929588,0.37186503,-0.117818765,-0.09877674,0.2913231,-0.13060057,0.57572836,0.33874643,-0.16267039,0.21739763,0.33770314,0.028625077,0.14262731,0.051007345,-0.13423823,0.45465386,0.40082106,-0.10457816,-0.047230124,0.015577699,0.13154551,0.15336746,-0.2735014,0.004576973
OAS1_0409,1.0937985,1.148284,0.030596433,-0.13570751,-0.25535667,-0.08320006,0.1761226,0.83266157,-0.64809287,0.09011744,-1.0850016,0.3988728,-0.56651765,-1.0143161,0.2584407,-0.67350394,0.20810013,0.7211736,-0.61795026,-0.52882004,-0.1637114,-0.21268518,0.33117166,0.24815576,0.52050376,0.58713573,0.11862354,0.37840915,-0.44887006,0.10020635,1.187722,0.44031602,0.927455,0.16970335,-0.005029743,-0.62001884,-0.0047252984,-0.54770565,0.104528695,-0.10798636,0.24363557,0.112737104,0.103025936,-0.4599403,-0.40153828,0.24905863,-0.14326374,-0.45921272,0.64927876,-0.42943597,-0.13049042,0.46100062,0.2560215,0.46268332,-0.15349431,0.0030799108,-0.2944148,-0.35638997,-0.60774964,-0.19027236,-0.5050681,1.0174172,0.18591858,-0.18513891,-0.09611522,0.42504016,-0.32353833,-0.3080502,-0.10444021,-0.32822666,0.011823659,0.10844927,0.41695204,0.27405646,0.20447432,0.24651535,-0.02768308,0.22113287,-0.16357236,0.3966429,0.32914388,-0.32001147,0.37981075,0.22833818,0.18940476,-0.790998,-0.35221925,-0.3372814,-0.24178493,0.1470165,-0.22477919,-0.48752952,0.14546697,0.41560432,-0.49624714,-0.34824893,-0.09262135,0.030031936,0.14135087,-0.2252866,0.046602063,0.02706821,0.6764851,0.1198326,0.30742154,0.22523874,-0.49334946,-0.027541965,0.14415252,-0.32448193
OAS1_0410,0.9328867,-0.06856114,0.035412755,-0.8159372,0.68438613,-1.894205,0.15456484,0.33636957,-0.24377823,0.31988955,-0.50218,0.5605887,0.15619537,-0.7478747,0.76277494,1.0398006,-0.63613075,-0.088174865,-0.46412188,-0.08459696,0.5272155,0.50234705,-0.6536256,-0.040266186,0.06415484,-0.40878424,0.20978807,0.20505762,0.47523206,0.5537207,0.2685445,-0.4568835,0.06593014,0.8451943,0.30088797,0.62745553,0.56913626,0.16146487,0.54923856,0.08327079,0.5246874,-0.13484603,0.34483755,-0.3743248,-0.024263687,0.24669233,0.25984922,0.1740967,-0.008567312,0.04112456,0.7530502,-0.91939807,0.005248656,-0.06425034,-0.13765594,0.69912076,0.057513133,-0.86028266,0.0061248657,0.59997165,0.19691664,0.17078295,-0.008241005,-0.584024,-0.16380939,0.14636965,0.13412601,0.5056477,-0.29196233,0.46828508,0.16229045,0.20972729,-0.233454,0.4030597,-0.21327926,0.47994736,0.59936565,0.34008875,0.5780577,0.08175871,0.20940363,0.5228929,0.75111717,-0.08719089,0.43075857,-0.06992864,0.6653958,-0.47353527,-0.08486813,0.64050007,1.0592568,0.09972063,-0.4938016,-0.36926228,0.1929571,0.39736345,-0.20172338,-0.63271314,0.5876334,0.48822182,0.68881345,0.38990435,0.3493571,0.1671582,0.12953289,0.029198803,-0.24479558,0.02695179,0.041672748,0.45127144
OAS1_0411,-0.33749875,-0.35028303,-1.3563322,0.363727,0.5405316,-0.14068358,0.66991293,-0.8877787,0.1691357,0.43725476,0.85029674,-0.3139963,-0.6483618,-0.57829344,-1.1643795,-0.40503076,0.10100057,-0.018992107,0.61459327,-0.122905776,0.40641287,0.8983791,-0.73470485,-0.17367275,0.13972257,-0.14041056,0.108108774,0.37926385,-0.3502492,-0.24906981,-0.17724197,0.006688832,0.12755516,-0.0092323795,-0.21060912,-0.0809041,0.15245204,0.29808685,-0.53407395,0.5484106,0.6542872,0.55667865,0.651063,0.54636955,-0.28980327,-0.31986487,-0.1804096,0.23264475,-0.39060083,-0.06867959,-0.0011422673,-0.1044261,-0.38179383,-0.09984905,0.034208175,-0.43989435,0.23820339,-0.2684111,-0.0952604,-0.50006956,-0.042136706,0.23754574,0.2230935,-0.20259199,0.065335944,-0.527437,-0.42882323,0.026113247,0.17826752,0.1861603,-0.15767157,-0.04310323,0.01758106,-0.54775184,-0.36195135,-0.28881678,-0.22130485,0.030466802,-0.055077612,-0.22613154,-0.06327388,0.19645242,-0.37443358,0.17071483,0.17934285,0.22764862,0.21738125,0.37497902,-0.15068364,-0.13774738,0.27170295,0.16182587,-0.089015156,-0.08445973,0.058225796,0.19540519,0.2943289,-0.38851827,-0.0807003,-0.5658616,0.06305662,0.16587797,0.1841254,0.2904728,0.31749782,-0.1534216,-0.48105714,0.29130173,-0.20452006,0.36200297
OAS1_0413,1.7293905,1.3655107,0.34681994,1.0530268,-1.271492,-0.2504168,0.13093092,0.032301795,-0.063921556,0.29631063,0.45611864,0.519288,0.8225831,0.255981,-0.04301251,-0.81811184,-0.33011937,-0.007976982,-0.68491834,0.33663028,0.59965754,0.09705294,0.23298575,-0.38129002,0.75127417,0.19885705,-0.15992604,0.86160195,-0.16561477,0.31777248,0.4235538,-0.17919022,0.7376583,0.33061206,0.79321796,0.036547307,0.2583325,-0.5857795,0.9074863,0.33364618,0.5209553,-0.2326289,-0.16214582,0.48734286,0.1004772,-0.21406005,-0.18481655,0.08842493,-0.0020699084,-0.57389075,0.3587015,0.5607049,0.39136723,-0.10317604,0.20117038,-0.1304892,0.47072002,-0.23037349,0.13170514,-0.14819968,-0.45592391,-0.0069214823,0.017166048,0.36769134,-0.021945154,0.1814139,0.8049671,0.21121553,-0.17744893,0.30006674,-0.28665617,0.17211992,-0.107769676,-0.32761306,-0.27706397,-0.16464047,0.3222684,-0.05751985,-0.505003,0.4951959,1.0637743,0.38089895,0.09740075,-0.2599732,0.59975475,-0.11618398,-0.047857877,0.36730346,0.047636755,0.057514668,-0.32753298,-0.06523882,-0.13793336,-0.010184985,-0.37510484,-0.069402665,0.0997327,-0.04685307,-0.18714087,0.077055365,-0.22880311,-0.105375245,0.18552311,0.40188885,-0.6646088,-0.15351477,-0.0628501,-0.24395725,0.16016771,-0.28065246
OAS1_0415,1.439309,-0.8685945,-0.6177741,-0.6654929,-0.9362934,-0.602814,1.1711696,0.2640092,-0.38864663,0.8320073,-0.22957286,-0.94848245,0.01785856,-0.49387977,-0.18581074,0.16566978,-0.19496194,-0.47843784,0.63178414,-0.11449407,-0.1459953,0.16789348,-0.5268086,0.15440497,-1.1094178,0.26813856,-0.6797075,-0.43749186,-0.18938583,0.13959679,-0.38902584,-0.32581535,-0.24121788,-0.47144553,-0.32485282,-0.48595905,-0.11626356,0.40315965,-0.056537084,0.038382627,-0.45378143,0.6664699,-0.5686594,0.103628725,-0.6081441,0.45103326,0.19124278,-0.48255417,-0.00071026507,-0.60037214,0.32969603,0.6220228,0.029177131,0.8205657,-0.49710795,0.8262483,-0.27281177,0.261128,0.07546697,0.27015066,0.8720419,0.18494658,-0.2984005,-0.041914567,-0.19552301,-0.14404286,-0.24466641,-0.56002945,0.5714033,0.49794775,-0.62911093,0.0086790845,0.0605468,-0.19521394,0.17828962,-0.20479305,0.17308228,-0.15631591,-0.24932176,-0.0314054,-0.11561104,0.7013368,0.64595836,-0.19232427,-0.04221338,-0.34207672,0.100832894,-0.17625867,0.09693757,-0.25101894,-0.09802372,0.099847615,-0.005088695,0.43337125,-0.1932917,-0.7335534,0.39705476,-0.14396869,-0.017369317,0.13868792,-0.34580326,0.46789992,0.02366717,0.43486452,0.24141172,-0.308047,0.4301003,0.110039316,0.13025193,-0.07793673
OAS1_0416,1.614474,-1.4311664,-1.225759,-0.9135968,0.0661398,-0.07175431,-0.060234588,-0.04856809,-0.7364123,0.25817677,-0.9442358,-0.25814384,0.2990251,-1.0082645,-0.57536554,-0.74329567,-0.3077469,-0.21052913,-0.37542787,0.8075108,0.051276688,-1.0160466,0.10197016,-0.445995,-0.7624542,0.23718818,-0.15181601,0.27861312,0.65380883,-0.03923092,-0.5866288,0.40512168,0.00041914568,-0.18584888,0.17069916,-0.106467076,-0.7872626,-0.027110953,-0.5536899,-0.11091428,-0.3705587,0.0020366681,-0.4140439,0.102021486,-0.7926307,0.2169268,0.6124261,-0.23263706,0.24936603,0.66217136,-0.1059728,-0.00252915,0.16400318,0.39782804,-0.17063822,0.48026234,0.060368706,-0.14206263,-0.35301802,0.4893863,0.2570984,-0.19759493,-0.14252603,0.0966237,0.2870077,0.10413023,0.1798073,0.006263809,0.40830433,0.08962742,-0.18739475,0.5265685,0.14309722,0.64479667,-0.44738272,0.263184,-0.2135621,-0.048566606,-0.07220967,0.18137375,-0.3079504,-0.3886799,0.42169622,0.14678995,0.17945498,0.3585199,0.07363232,0.20068899,0.15254663,-0.47329193,-0.2785449,-0.25830817,-0.036309477,0.13195872,0.39084205,0.19109526,-0.4157122,0.029388698,-0.033970967,0.03831478,-0.14306371,0.23956701,0.5244827,0.05433525,-0.31191814,0.75840276,-0.41110292,-0.23519915,-0.20710877,0.27677068
OAS1_0417,1.3097869,-1.7280555,-1.0186661,-0.904073,-0.28418645,0.67345285,-0.45461252,0.18413004,-0.1526447,0.598577,-0.27551457,-0.5672656,-0.5829845,0.2821106,0.208408,-0.5740529,0.9439139,-0.35646737,-0.49921787,0.19241314,-0.29852703,-0.148107,0.2564707,1.1055764,0.24815549,-0.4868157,-0.35577378,-0.32341203,0.5602261,-0.29446667,1.0748353,0.48511428,0.47625563,-0.35889402,-0.555198,0.45089686,-0.007816394,0.75199014,0.07383438,0.45092744,-0.23823956,0.0018748812,0.34924278,-0.6165251,-0.23134184,0.39630026,-0.18764667,0.10168502,0.27797735,-0.6183995,0.07760296,0.028855223,-0.37486833,-0.3225277,-0.024577888,-0.31159377,-0.0564778,0.524232,0.5575118,0.14497434,-0.2761446,-0.49707544,-0.3852611,-0.13813469,-0.60469574,0.278021,0.0035822676,0.7599959,0.0026966375,-0.17318594,0.16747485,-0.28651178,-0.16094331,0.27082294,0.23716196,-0.17381093,0.28975904,-0.10972055,-0.4870746,0.16096283,0.08825381,-0.6235712,-0.099663965,-0.045826714,-0.0837603,-0.27258298,0.093561016,-0.04189115,0.05514842,0.08269923,-0.062627845,-0.40092656,-0.7817325,-0.16118784,0.07502486,0.5942508,0.04759149,0.5184797,0.022031356,0.14989626,-0.04887474,-0.075352766,0.17202324,-0.23853639,-0.21962762,0.2911041,0.3500521,0.010004024,-0.28974366,-0.095725544
OAS1_0418,-0.5557171,1.6077862,0.41307628,-0.8690023,-0.23931919,0.38664743,0.026567498,-1.2286805,-1.2328827,0.35178617,-0.043891516,0.439492,-0.05725527,-0.07622403,-0.24635412,0.81337243,0.4341506,-0.7047962,-0.89489615,-0.80831885,0.06752766,0.009880514,-0.569573,0.05931275,-0.7699993,-1.1176693,1.2376434,-0.52942824,0.16786736,0.40426284,-0.31744057,-0.389653,-1.127397,1.0986145,-0.55264854,-0.029633673,-0.00948562,0.0030936762,0.09207042,0.10300368,0.6479484,0.1306355,-0.20468387,-0.06640333,-0.90940434,-0.77492064,0.61931205,-0.88117814,-0.23241489,-0.22782667,-0.40311572,0.41337034,0.6534345,0.59915227,0.27217615,-0.5399166,-0.13322984,0.30767035,0.10576158,0.24650763,0.13955022,-0.31413954,0.7413666,0.65887994,0.09996978,-0.19295311,0.17219374,0.0067918613,-0.09523206,-0.22529724,0.5587215,0.104287714,0.2941601,-0.1654577,0.26611307,0.035198607,0.43047774,0.018714728,-0.90332806,0.22976786,0.074153654,0.04663366,-0.24785332,-0.62598383,-0.08338956,0.5810908,-0.20016685,0.034047317,-0.42734322,-0.40431133,0.13458216,0.21500193,0.6818217,-0.12161269,1.0545707,0.1525347,0.16094941,-0.18221253,-0.5054112,0.5136272,-0.1612726,-0.1612087,0.39876533,0.20393269,0.032488924,-0.8997264,-0.44864675,0.3086908,-0.54479694,-0.44479796
OAS1_0419,1.6845182,-0.7114262,-0.53218645,0.035030097,0.37025744,-0.53395545,0.28794214,0.53668565,0.38959593,0.17854585,-0.25858626,-0.18435848,0.23795083,0.62386525,1.059931,0.07211639,-0.6486434,0.44908765,-0.19188173,-0.09860106,0.19862638,0.24456131,-0.13092865,0.5895192,-0.3187183,-0.78799045,-0.30511215,0.62946653,0.6238247,-0.15351668,-0.3967056,-0.49005643,-0.48338205,0.71858895,0.14339294,-0.25664234,-0.004718301,0.22490312,-0.77986693,0.21252261,0.32333043,-0.15262678,0.5727678,0.67460334,0.4101901,-0.2530401,0.14780353,-0.21268041,-0.27280226,0.53620034,0.06955782,-0.033908326,0.5208475,0.13046071,0.3721236,0.013108214,-0.54764056,-0.0071626413,0.07371172,-0.16019778,-0.36954796,0.71925944,0.34561163,-0.21162292,-0.4011151,0.16755286,-0.20303044,-0.053015865,0.25147983,-0.18290283,0.5778778,0.060739808,0.173396,0.2193997,-0.020473843,0.3177019,0.05072164,0.66814184,0.020474691,0.6085547,-0.085730344,0.09672377,-0.54580337,-0.86237264,-0.110192485,-0.4916139,-0.13481039,0.2876915,-0.19309448,0.18557449,-0.53229886,0.010478739,-0.06897591,-0.12770432,-0.32940856,0.012928916,0.112841114,-0.5516177,0.104203336,-0.040203597,-0.055413153,-0.35638613,-0.38128078,0.38131446,0.4057875,0.39157587,0.12671995,-0.018514844,0.20137258,0.34506193
OAS1_0420,0.7763067,-1.560297,-1.3206424,-0.041778184,0.07841472,-0.75922257,0.81478614,-0.0085707875,0.6513682,0.71033406,0.13676314,-0.42004657,-0.88286376,1.1558676,0.23232716,-0.107527785,0.17389199,-0.44583434,0.68887556,0.19991168,-0.3294947,0.8154617,-0.25380158,0.18249181,-0.17584242,0.06977983,-0.64159256,-0.5050337,-0.28451037,-0.3611667,-0.24740788,-1.0840899,-0.42889395,-0.33123875,-0.17901222,0.26172164,-0.2655995,0.4294472,-0.21572568,-0.28118256,-0.1776385,-0.146216,-0.24195163,-0.033654083,0.298739,0.09968071,-0.39826694,-0.3912436,0.31423944,0.022095684,-0.11631961,0.5011673,-0.07334105,0.74884766,-0.025541702,-0.19762309,-0.22933097,-0.44929594,-0.02410074,0.01959193,-0.13678716,-0.17619684,0.02263645,0.124009915,-0.13346913,0.084082015,0.15609539,-0.31904843,0.12754318,0.21475019,0.056844525,0.17391296,-0.39954114,0.42791733,0.48753968,0.15342619,0.24334018,0.28227308,-0.47955176,-0.29459283,-0.17694703,-0.06394954,0.27293235,0.12373827,-0.09997101,0.08144531,-0.22704057,-0.494567,-0.21854821,-0.40693447,-0.30372077,0.15843275,0.8036333,0.02205412,-0.11340379,-0.31285727,-0.31023306,-0.13204297,-0.02981367,0.11496558,-0.5005309,0.18641287,-0.10884833,0.49178866,-0.13634263,0.22876611,0.0065490296,-0.16724956,0.22957005,0.159159
OAS1_0421,0.3339291,-0.9332447,-0.4603716,-1.2182634,1.2621746,-0.6022677,0.8738691,0.17687267,-0.20641765,-0.04669849,0.089956224,0.72070897,0.026666041,-0.7331795,0.70058507,-0.13953277,-0.3067646,-0.76613605,-0.37694228,-0.21046284,-0.5289865,-0.71575665,0.9251371,0.08009011,-0.07193033,0.6388388,-0.041389614,0.12615694,-0.3536966,1.2256014,0.73245156,-0.40284216,-0.5871348,-0.5150481,-0.6189251,0.09392418,-0.095099375,-0.16383356,0.094995506,0.12390974,-0.8224635,-0.85021156,-0.15724409,-0.5901796,-0.065956086,0.020184733,0.20252635,0.23997235,-0.46560708,0.847776,-0.88507885,0.105700985,0.07940178,-0.09429262,0.1298436,0.26279405,-0.23344563,0.67254907,0.23784956,0.043457717,-0.5997779,0.8976128,-0.100993484,-0.062239394,-0.12521465,-0.3269193,0.30076283,-0.14828002,0.06766456,-0.051143505,0.22855629,0.31931457,0.3405589,-0.41363248,0.25744188,0.094532825,-0.039845385,0.36831215,-0.47349742,-0.41190755,0.35769013,-0.6738094,0.05979842,-0.1441939,-0.25315055,-0.106483884,0.33514225,0.7973012,0.099413835,0.018836664,0.11308356,-0.2815387,0.17487828,0.35911545,-0.18149255,-0.23773424,0.068287954,0.23158854,0.027496792,0.4350437,0.0008736386,0.7174832,0.025814155,-0.45449346,0.5251128,0.29873094,-0.21869887,-0.30519873,0.29751804,0.40997976
OAS1_0422,-0.03562882,-0.92565554,-1.4900264,0.943711,-0.2597581,1.2509118,0.14795911,0.52303094,0.2786069,0.2495315,0.7083781,-0.24160351,-0.59215075,1.1790959,0.06422514,-0.16779076,0.43075413,0.5766369,-0.58210593,0.08968316,-0.73788565,0.6098171,-1.0684831,-0.18660384,0.80550176,-0.2017917,-0.28160098,0.6837947,-0.4018228,0.96308464,-0.076800965,-0.3006242,-0.25263503,-0.80125344,-0.5001605,0.37425599,0.85366505,-0.28437927,-0.8621793,0.039264888,-0.09154887,-0.75421053,0.018417407,-0.43746963,-0.11987386,0.708673,0.5542966,-0.46081537,0.22980309,0.3682134,0.49971062,0.16010526,-0.32525355,-0.056380875,-0.30166838,-0.71760994,0.12297929,-0.1830717,-0.2315286,0.31714824,-0.16178465,0.39365578,0.34730232,0.36081308,0.25901675,-0.1337058,-0.27565536,-0.023699777,-0.079679824,0.124258295,-0.09670144,-0.2847971,-0.19530821,-0.07534758,0.3759999,0.27225143,0.19319503,-0.18647027,0.2249421,-0.098912,0.26861465,-0.22599794,0.10092571,-0.104193725,-0.17980112,0.1660693,0.78048235,-0.6034735,-0.5779331,-0.7046241,-0.047172844,0.28413132,0.30334848,-0.4951277,0.59509134,0.61714154,0.52373123,0.68972903,-0.22690615,-0.06446638,-0.23673284,0.050961476,0.12872355,0.5194337,0.008951357,0.20216975,0.3556143,-0.1750632,-0.6984268,-0.07760502
OAS1_0423,-1.7259864,-0.2134749,-0.86346483,-0.18048276,-0.96689755,0.27063334,-1.6677047,0.5987416,-0.13605726,0.37389246,0.32179925,-0.5039044,-0.20557238,0.5306471,-0.646448,-0.32953963,-0.10016408,0.042333044,0.96355325,-0.131004,-0.4016871,0.3833791,-0.009355791,-0.18925972,0.67449576,-0.5964113,-0.033250783,-0.21120884,-0.94258803,-0.23287053,0.027082752,0.27725223,0.0687432,-0.18213221,0.2756836,-0.16512075,-0.5121974,0.47275922,0.37133828,-0.68369186,0.4902574,0.32259348,0.22935152,0.06314318,0.1526049,-0.16340308,-0.12813476,0.0005482826,0.29662752,0.49180502,-0.115452096,-0.24304734,0.31298256,-0.11843484,-0.42888495,0.051611155,-0.30989277,-0.5866075,0.07663864,0.14880875,0.28370368,0.19255072,0.33568588,-0.18582436,0.0102224415,0.8135524,-0.65739924,-0.4588927,-0.18150902,-0.10269755,0.24587424,0.0049034012,0.17317483,0.08490421,-0.237662,-0.20318246,0.04209428,0.7817957,-0.021446386,0.71180755,0.11627677,0.05554047,0.28122243,0.4233083,-0.020552047,-0.5767785,-0.22202455,0.24086285,0.0007493201,-0.27429697,-0.3124442,0.025077665,-0.30936354,0.1659197,-0.2264833,-0.883131,-0.44023517,0.6634811,0.2866421,-0.110891305,0.62555367,0.08455647,0.13887763,-0.40584195,0.2814565,0.021350259,0.90380144,0.24747302,0.001966963,-0.36511776
OAS1_0424,-2.867618,0.31156668,-0.33840668,-0.5068042,-0.2515184,0.088052906,-0.9011483,0.24485934,-1.3176055,-0.11679603,0.13907123,0.1286403,1.1808172,0.3768607,0.65600485,0.8759572,0.40203726,-0.52621204,0.09541894,0.8349357,-0.56619203,0.568585,-0.3431544,-0.4295341,0.6537973,-0.35512537,-0.16474968,-0.9533026,0.27578536,0.4424207,-0.26637074,1.0776496,0.07323449,0.54892445,0.11927122,0.23802525,-0.1282807,-0.84997755,0.26477587,-0.71079123,-0.30900913,-0.24780673,0.016278854,-0.37784877,0.1568162,-0.10732926,-0.09508382,1.285069,-0.1867474,-0.5687886,-0.2168216,0.35258535,-0.86377114,-0.43505454,0.35630387,-0.24714072,-0.32237786,0.31767362,0.23761348,0.4702069,1.1475118,-0.42830953,0.89644015,-0.09783894,0.41294852,-0.25143075,0.2503635,0.15666571,-0.08721886,-0.39616996,-0.19671328,-0.5545556,-0.20578438,-0.24272181,-0.3212395,0.111024804,0.18595365,0.2362893,0.036472723,0.1849104,0.076116204,-0.6748824,0.49233752,-0.83232653,0.23152816,0.348236,-0.18671095,-0.44430432,0.03331085,-0.118209735,-0.41947904,-0.079815954,0.6260424,-0.1149278,-0.06847818,0.04583897,0.39391735,-0.3673173,-0.268252,-0.36479136,-0.24558929,0.11364948,-0.04991604,-0.24427493,0.20617901,0.16782859,0.61686295,-0.54861605,0.27974483,0.57871354
OAS1_0425,-0.7071755,-1.2040617,0.037679188,1.2184135,1.8720583,1.1834961,-1.3628825,0.77216816,0.23040164,0.17705415,-0.53247374,-0.32157958,0.3883116,0.16690286,0.33429423,0.7581923,-0.26937768,0.14537328,0.36834544,-0.31257874,0.46897796,-0.19699456,-0.332015,0.15085223,-0.68059176,0.07874572,-1.0164226,-0.2758968,0.20841588,-0.85843223,0.66511804,-0.21277612,-0.3661513,-0.46444067,0.74413055,0.21525922,-0.22725452,0.1131224,-0.36592972,-0.24327047,0.9966343,-0.31313616,-0.03781847,0.011860102,0.14153485,-0.48350886,-0.4127918,0.7330486,0.43660697,0.18533033,0.16208452,-0.5029022,0.098232046,-0.67880666,-0.040521268,0.090944834,-0.6288589,-0.13892771,0.3418437,-0.3571994,-0.27919605,0.31071684,0.18722074,-0.16636604,0.35973784,0.28960574,0.5284899,0.027427344,0.36090773,-0.50689954,0.71157676,0.3033937,0.072749324,0.106225066,0.086815394,-0.02128456,-0.12211962,-0.0060060094,0.2471645,-0.73294055,-0.42486915,0.4306466,0.10572827,0.23117833,-0.017559908,0.04521534,-0.24960233,0.16517383,-0.39848763,-0.045850813,-0.055928364,0.31741792,0.31289828,0.043859504,-0.0981334,-0.3728049,0.39208475,0.43240678,-0.33305463,-0.037506312,0.31620857,-0.22283368,0.43659538,0.14991425,-0.24399036,0.82687104,-0.16602859,0.033808567,0.3084244,0.05971836
OAS1_0426,-0.31630263,-0.903409,-0.3157088,0.04555902,-0.23946612,-0.16088696,-0.8611266,-0.11692986,0.9469655,0.42086512,-0.56610364,0.8660849,-0.3841952,-0.5105311,-0.14018477,-0.6722384,-0.011294036,-0.146334,-0.03719932,-0.7828091,0.18449505,0.6040214,0.7162939,0.46087804,-0.20913462,0.7808582,-0.13538381,0.6274084,-0.25392815,-0.5815538,0.027970659,-0.5081201,0.6424773,0.7561481,-0.51365757,0.7012754,-0.18552744,-0.15897934,-1.3422716,-0.04843922,0.38395494,-0.13072294,0.11694001,0.01856748,-1.0082371,0.5698854,0.41368657,-0.83921623,-0.6273177,-1.3097192,0.58442056,0.69663507,0.23328592,-0.04890606,0.11211103,0.74520165,-0.77961105,0.2889915,-0.14140336,-0.032641806,0.3302063,0.14981815,0.34937024,0.41258466,-0.2302235,0.48104882,0.24871807,-0.17109102,-0.025256345,-0.71029824,-0.074371554,0.07391791,0.05521555,-0.49161804,-0.3836731,-0.14769702,0.32904127,0.3426451,-0.3708292,-0.30871704,0.35032544,0.11093578,-0.039241977,0.083702445,-0.42521828,0.49981967,0.71155757,-0.18559091,0.44045317,-0.5411729,-0.018180868,0.2862221,0.2338493,-0.1003146,-0.12614287,-0.0010798393,-0.26233417,-0.3883092,-0.17548771,0.55922776,0.6705184,-0.23490424,-0.1589597,-0.058811553,-0.020154284,-0.06332682,0.1673557,0.30409795,-0.04287451,0.537027
OAS1_0428,-0.5707834,-0.56615424,0.20935357,1.9552717,0.19738863,0.9689501,0.6020165,1.2820711,0.94997036,0.5377286,-0.23514108,-0.100338764,0.63302064,-0.77981323,0.15317874,0.41105446,-0.32189068,0.19704057,0.5386165,-0.537637,0.15616144,0.5049643,-0.035276238,-0.4069061,-0.009282234,0.47459823,-0.18785882,0.32267165,0.54200804,0.63208455,-0.27014723,0.4062868,0.42237306,-0.2269782,-0.6342757,-0.20807822,-0.41854316,0.48430014,-0.29569918,0.5468496,0.08163334,-0.57927,0.22131309,0.39421982,0.3379443,-0.46876654,0.6082662,0.20162304,0.8327006,0.033434216,-0.3359036,-0.5457235,0.08980815,-0.23133975,0.27385256,0.1007013,-0.24039571,-0.17340548,0.00583401,-0.2621928,0.29982877,-0.10127878,0.08612584,-0.22690086,-0.28940558,0.088097714,-0.3794535,0.21172175,-0.05922934,0.23868077,-0.3974466,-0.3062997,-0.29485735,0.5294305,-0.6732799,0.63469976,-0.08387013,0.4811791,0.19457322,0.19009729,-0.21147282,-0.18555757,0.30448368,0.39463687,0.51779467,-0.5534945,0.15020877,-0.16699831,0.39216337,0.4168673,0.068339996,-0.22177224,0.58400977,0.51424634,0.1191609,0.2925359,0.1742535,0.44867328,-0.18755388,-0.4684525,0.08517489,0.1367068,0.49458334,-0.6273596,-0.46886003,0.20382115,-0.21557824,-0.013057584,0.03646237,-0.7846713
OAS1_0429,0.76735914,1.0480853,0.18359022,0.9905481,-1.132401,0.25599337,-0.29819536,0.4263266,0.611564,-0.0679299,0.047519945,0.0532432,-0.61667866,-1.2398655,0.9972896,-0.12912129,0.49493334,-0.259444,-0.22524469,0.46122107,-0.1471293,0.46955404,0.04890363,-0.56851155,-0.12480486,0.36845055,0.11012665,-0.092672154,-0.6783384,-0.7193624,0.5700119,0.11802466,0.90572727,0.16319859,-0.045189947,-0.20802927,0.10525541,0.36585927,0.49885818,0.7677921,0.00231209,-0.40414622,-0.22255068,-0.21788378,-0.26985848,-0.047682434,-0.7411892,-0.09614763,-0.27143714,-0.023806926,0.37047955,0.2694744,-0.22893214,0.043650974,-0.15809336,-0.047793712,0.1650152,0.08994772,-0.17824188,0.3124826,0.19019786,0.16982917,-0.21849805,0.5636623,-0.4223248,-0.15180458,-0.53283525,0.47110283,-0.35386154,1.1260301,-0.5855835,-0.38491395,0.33577636,-0.33269608,-0.13509017,0.19965912,0.22911257,0.6201547,0.35302147,0.63207793,0.18518293,-0.12377837,0.16381295,-0.57826144,-0.15785243,-0.3244472,-0.4595389,0.40542394,-0.010802618,-0.049204797,0.031933174,-0.2880633,0.51021636,-0.015149596,-0.4245074,-0.0015293247,0.09982107,-0.32719758,0.074879855,-0.19095322,-0.72931576,0.16631721,0.344006,0.09509036,-0.452965,-0.12285169,0.15355042,-0.004097132,0.21277998,-0.051590014
OAS1_0430,-1.9933337,1.3594402,-0.58155453,1.2229272,-0.11481572,0.091175094,1.3445642,0.036284637,-0.39605683,-0.50731003,-0.97205895,0.042139933,-0.14701208,0.068542846,1.233717,0.48187298,0.68571186,-0.53262883,-0.101227924,-0.5417866,0.1881267,-0.27082378,0.46627238,-0.18008704,-0.6401279,0.10965637,0.2733775,-0.17982571,-0.91008925,-0.16993928,-0.06771381,0.23925999,-0.7660227,-0.17361373,-0.1447498,0.42494264,-0.09210923,-0.6262474,0.40767306,-0.50970733,0.11797372,-0.085448235,0.80161095,0.26493022,-0.3986188,0.19312672,-0.047136564,-0.40425128,0.096817374,-0.44854727,-0.27785134,0.032902222,-0.5013096,-1.179146,0.26860142,0.006435325,0.6578969,0.17912349,0.07289599,0.37173724,0.14750706,-0.3512578,0.2874185,0.183407,0.27903274,-0.29096207,-0.5752234,0.2269848,-0.08509631,-0.43845978,0.21517827,-0.19147605,-0.2959456,0.1694647,-0.15796293,0.47484323,-0.032489963,0.37211892,-0.5544829,-0.0398477,0.21578133,-0.38790816,0.54314995,-0.05796118,-0.2435978,-0.021267988,-0.10564913,0.114902444,0.4811322,0.3486935,-0.28948182,0.39689493,-0.11691312,-0.5724496,0.15422328,-0.44537115,-0.09398591,-0.19295482,0.8786234,-0.47108138,0.50205046,-0.052396227,0.06418943,0.0024193926,0.16196562,-0.058782723,0.26238933,0.080257006,0.61134636,-0.63193035
OAS1_0431,1.652343,-1.1929573,-0.02148821,0.43278518,-0.07049974,-0.7363941,-0.35783628,1.0092611,-0.18164153,-0.748208,1.0631529,-0.3325859,0.23148972,-0.24972735,0.954048,-0.504906,-0.30633765,0.25060576,-0.20299222,0.5150372,0.6190719,-0.33638358,-0.37388313,0.26805475,-0.1682843,-0.18479344,0.8529042,-0.43500412,0.024645086,0.6615983,-0.18404056,0.32179505,0.34535563,-0.3347236,0.0926151,-0.119694166,-0.028430693,0.39356664,0.30624586,0.17017464,0.524036,0.088938534,-0.059860166,0.44984388,0.0034599502,-0.6214417,-0.2807817,-0.40880835,-0.42378294,-0.48920855,-0.20807514,0.2712798,-0.58578515,0.50025207,0.30874023,0.6410348,-0.1219376,0.20997368,-0.20838547,0.059900895,0.15051708,0.44355723,0.13575226,-0.12382714,-0.2842678,0.3001032,0.37205172,-0.3119579,-0.04928554,-0.512015,-0.13544822,0.24012877,-1.0597346,-0.2054689,0.20518115,-0.078687206,0.26757103,0.32803085,-0.15929557,-0.04748389,0.2829689,-0.46673676,-0.13298428,0.15993693,-0.07385453,0.33293667,0.5382102,-0.25112227,-0.059310053,-0.049266145,0.3332523,0.22748864,-0.6630934,-0.061197024,0.18448159,-0.51702154,-0.021473275,-0.6356648,-0.025337666,-0.1382777,0.0050139423,0.10262644,0.5246606,-0.039965387,0.1733237,0.3019872,0.57264763,-0.119182244,0.031064825,-0.40950066
OAS1_0432,-0.19248721,-0.61561793,-0.6741119,0.5870773,-0.17619999,0.5518922,-0.86160624,0.10980354,0.31879207,-0.6985095,-0.0169042,0.8719157,-0.38319528,-0.9496727,0.061786585,-0.24053901,0.56796616,0.4089672,-0.3409517,0.0073921266,-0.6882356,0.019641684,-0.6229512,-0.3099371,-0.11790084,0.2124468,0.33746487,1.1783988,0.02928671,0.666392,0.35812467,-0.011613087,-0.09990679,-0.74214596,-0.42062753,0.28364664,0.39423808,0.66827774,-0.47767732,-0.20506686,-0.35529342,-0.07301139,-0.58432513,0.32298988,0.07765083,0.25782004,0.21062814,-0.26574203,-0.19003108,0.10281026,-0.3267283,0.0023502558,0.5139656,-0.54606545,0.5147266,-0.6683113,-0.19185616,0.020636585,0.3602154,-0.12062363,-0.039249368,0.040691055,-0.55745,0.15463422,-0.21524756,-0.6121476,0.16023341,0.033118583,0.37328243,0.10965347,0.008144999,0.448107,0.23901635,0.17040883,-0.01332454,0.16744503,-0.02554816,-0.024924463,0.2851211,0.11019483,0.11954636,-0.3117398,-0.12869264,-0.14996433,0.042954948,0.6095397,-0.11597686,0.17206667,-0.34423354,-0.15982959,0.059156775,-0.02804629,0.62881815,0.3191139,0.51803184,-0.56624806,0.1065951,0.04031346,0.1893218,0.32703772,-0.31286693,0.07667758,0.39371705,-0.64208513,-0.016636567,-0.003809973,0.23491131,0.2863931,0.20655203,-0.02116493
OAS1_0433,-0.95860314,-0.17726101,0.61226946,-0.91769934,-0.21156986,-0.45605743,0.6070509,-0.34767318,-0.48434526,1.576778,1.7286658,0.9585695,-0.21566188,-0.71662885,0.15036832,-0.23094897,0.016768087,1.6439793,0.94885063,0.15945937,-0.03838502,1.7606517,0.46212542,0.4729898,0.41231152,-0.6227691,-0.06560848,0.69826293,0.44162434,-0.41809225,-0.25695106,0.84716827,-0.6118626,-0.80297256,0.39868987,-0.18018973,-0.28259146,-0.0926663,-0.45750064,-0.04067891,-0.27146006,-0.13663097,-0.38281873,0.3015193,-0.63282424,-0.48799086,-0.0441425,0.37799144,-0.36863434,-0.03252419,0.7010177,-0.31404504,0.91147137,-0.25076374,-0.58937645,0.3188986,0.079416566,-0.39104766,0.6301835,-0.2959877,0.1465629,-0.008407271,0.09086258,0.063926876,-1.0057455,0.036450732,0.5295395,-0.13745773,0.1884095,-0.0791571,0.09857703,-0.10568181,-0.55674386,0.36747724,-0.20406339,0.1068486,0.23331845,0.12754741,0.014991004,0.018699575,0.009650122,0.018076591,0.5174838,0.06798758,0.21980335,0.20993601,0.25967363,-0.20585664,0.16416965,-0.8694895,-0.038991574,-0.5428969,-0.11902891,0.20209228,0.35345587,-0.20020047,-0.012299862,0.33021438,-0.4400436,0.24288723,0.0142186675,-0.059755735,-0.24469878,-0.124182306,0.256993,0.21939315,-0.3750091,0.39543396,0.106208295,-0.028984968
OAS1_0434,1.6337482,0.57331,-0.13306575,0.74681365,-0.5406688,-0.47439277,0.4574935,0.8874854,0.5947128,-0.47731358,0.8540854,-0.564344,-0.015766203,0.7795113,-0.20391001,0.23943892,-0.03665009,0.06492148,-0.18458031,0.29635626,-0.34029657,-0.14093783,0.29260814,0.6913211,0.013341981,0.6496924,0.14246553,0.78446186,0.37243024,-0.58841085,0.072300866,-0.15288857,0.42319044,0.35359508,-0.581626,-0.28200823,0.1994144,-0.055909377,-0.42293745,-0.4258208,-0.0008918103,0.5863416,0.4255938,-0.44342908,-0.44679132,-0.6226924,-0.4253133,0.4965316,0.1164716,0.8664609,-0.4839179,-0.21044526,-0.19725318,0.24360973,-0.23606913,0.2499981,-0.18741958,0.14607006,0.10619741,0.08656275,0.27975202,0.2726203,0.20111117,0.9995685,0.026355239,0.12463564,-0.7598985,-0.07214876,-0.07138679,0.41233933,0.34164608,-0.35896257,-0.28538015,0.17582324,0.045808338,-0.494135,-0.000101371545,-0.88176876,0.19111855,-0.16856113,0.17724903,0.25069487,-0.0006832281,0.3423621,-0.5095183,-0.39488408,-0.27703682,0.83641183,-0.18582684,-0.23144235,-0.010583525,-0.060299356,-0.005452936,0.34619683,-0.015079642,0.054123487,0.29119045,-0.36864737,0.46533337,0.64117444,0.58611023,-0.06361815,0.17364572,0.37360197,-0.28634325,0.38445342,0.28634453,0.36949787,0.164786,-0.24531204
OAS1_0435,0.36302873,0.9256219,0.34400243,-1.4438148,0.15682058,0.91308266,0.47216076,-0.7792373,-1.135178,-0.3114352,-0.48368052,0.14042026,0.081511766,0.8895822,0.22810374,1.19297,-0.90246737,-0.1606554,-0.09780828,-0.18341793,-0.24367364,0.2802113,-0.38545036,-0.404566,0.2901929,1.0376812,-0.33156404,0.028955722,-0.5843455,0.21717635,-0.48518828,0.021832338,0.35600865,-0.08989812,-0.552035,0.04387074,0.27213633,-0.14258644,-0.3334773,-0.27427095,0.6158283,-0.32975078,-0.13415879,0.052307278,-0.2913343,-0.49969134,-0.046071135,0.62666345,0.24644612,-0.48198858,-0.13796028,-0.58117974,-0.078499496,-0.40544814,0.2656574,0.1916672,-0.1983255,0.33953872,0.19094956,-0.6845035,-0.36229867,-0.51945657,-0.08174682,-0.2547692,-0.59283423,0.094408736,0.39393884,0.123381406,0.65182185,0.3424357,0.28997362,-0.43891892,0.34110054,-0.42705488,0.7154947,0.767234,0.38388243,-0.07043402,-0.15636751,0.7383487,-0.44665053,0.18914428,-0.36250436,0.109150186,0.11943294,0.3357052,0.23943809,0.19668978,0.22634442,0.2494181,-0.25185367,-0.20086113,-0.68696886,-0.06370472,0.7837614,-0.21032219,-0.45446214,-0.26600635,-0.20879242,-0.057189867,-0.26076195,-0.32696623,-0.065150715,0.081865184,0.36216784,-0.3078393,0.64876115,-0.12854795,0.18669333,-0.22836523
OAS1_0437,1.9305375,1.8105724,0.018622248,0.2507654,-0.051784568,-0.6350498,0.7927266,-0.462503,-0.6715836,0.19178054,-0.85196716,-0.80587435,-0.095350124,0.30812314,0.0027800885,-0.42641836,-0.27496448,-0.23276325,0.7189565,0.6096162,0.43726268,0.008104816,-0.22456364,-0.08851501,-0.34676751,-0.6854368,-0.2940555,-0.41226354,0.15746172,-0.6321128,-0.51594454,0.025100788,-0.20664091,0.36683986,-0.67202467,-0.04044925,-0.9016748,-0.002344738,-0.23678839,-0.3605258,-0.46500644,0.26735038,-0.24584831,-0.75481576,-0.2690716,0.13115357,0.31016523,-0.20091079,0.3345775,-0.083467424,-0.35434648,0.23278318,-0.07433548,0.39702445,0.24236691,0.1550924,0.5214227,0.5418102,-0.41132087,0.0073717283,0.818031,-0.0806202,-0.45633078,-0.2566022,-0.71768796,-0.30437624,0.6128209,-0.08667526,-0.117887475,0.30846113,-0.122640386,0.4008317,-0.07463052,0.18245217,0.17637147,0.02668118,-0.49394625,-0.3794293,0.40399796,-0.10981446,-0.3004545,-0.5837119,-0.4354587,-0.03870418,0.3009581,-0.022787193,-0.4028542,-0.009314888,0.029318409,0.29101598,-0.038936697,0.19652127,-0.07012747,-0.13911486,0.16305399,0.2906844,0.17548557,0.16043696,-0.21970418,-0.7223967,0.12005045,-0.08531746,0.041118186,0.24372959,-0.053311005,-0.22561191,0.118613414,0.33820394,0.10783652,0.39473724
OAS1_0438,1.0406666,2.2460265,0.7117008,0.881019,-0.40488294,0.7817654,-0.46395335,-0.44782862,-0.41936365,0.07179151,-0.15426189,-0.37743977,0.34563106,-0.46632484,0.31850815,-1.077839,0.52502894,-0.1329819,0.6401533,0.64254856,0.7827757,-0.10163474,-0.55750865,-0.09130927,-0.39859897,0.28364655,-0.10504914,0.4129991,-0.47037318,-0.3573102,-0.72642,-0.81278414,-0.3211536,0.24942575,-0.010055057,0.09142111,-0.013734666,0.15487719,0.06740032,0.3677304,-0.23704585,-0.08854644,0.36755162,-0.006113391,0.02449369,-0.28755406,-0.48371097,0.35357678,0.63003606,0.27084458,-0.122210935,0.33988243,0.19929598,-0.4566721,-0.15397686,-0.3416963,-0.10086006,0.42602918,-0.20689945,0.26830924,-0.23017356,0.32953653,-0.18830208,-0.102444276,0.6249902,0.708123,1.0586163,-0.16807191,-0.44374084,0.4972605,0.33554652,0.15029147,-0.25596577,0.53460866,0.22278522,0.96902245,0.096392035,-0.0860955,-0.3502081,-0.123002335,-0.16760382,0.044997983,-0.35393658,0.16347302,1.0392263,-0.047512036,0.40220258,-0.052518666,-0.7313397,-0.5617723,-0.40126842,0.07381424,0.04484043,-0.08593229,-0.036355298,-0.18063474,0.3318518,0.13436261,0.014906344,0.10132967,0.088355444,-0.9030898,-0.1657559,-0.30039307,0.50046325,0.15287559,-0.3441412,-0.27135152,0.1624047,-0.1345775
OAS1_0439,0.38971323,-0.16993777,0.5039097,-0.9083565,-0.69896513,-1.1672146,-1.810078,0.52064186,-0.10002324,1.0454464,-0.38856152,0.31743577,0.6696411,0.15067622,-0.12901948,-0.24421966,0.8421602,1.4140648,0.52366716,-0.53297764,0.4840669,0.0048718727,0.49308717,-0.9646473,0.9555461,-0.49710912,-0.103392996,-0.36235213,0.32721266,0.14848685,-0.2072485,-0.21262103,0.1791641,0.11469398,0.02498767,-0.34958923,0.3367972,0.36259297,0.43866974,-0.00921618,-0.8370895,-0.6374802,0.69904786,0.14548509,-0.38622153,-0.17955178,0.6236038,0.06256733,-0.20738809,-0.6703228,-0.3709711,-0.033927474,-0.48515865,-0.18816711,-0.19001983,-0.48320678,0.2250206,0.21724981,-0.33042663,0.095012195,-0.08164195,-0.64707553,-0.12141658,-0.2555391,0.646695,-0.10044204,-0.024811586,0.113053635,0.5168123,-0.20893142,0.13556707,-0.35147515,-0.062372398,-0.45072153,-0.24430738,-0.5016133,0.14690714,0.49419966,-0.3443401,-0.028851006,0.008921229,-0.3861,0.28303784,0.43723893,-0.6245607,-0.4518094,0.17220475,-0.4497377,-0.19172138,0.13419668,0.094361566,-0.09872928,0.1110577,0.3403259,0.5173325,-0.29757077,0.19734553,-0.16191739,0.08329546,-0.23578267,0.25478995,-0.15690057,-0.3987443,0.41386524,0.12992689,-0.06910501,-0.18738547,-0.22446166,0.21218024,0.1251194
OAS1_0440,-0.05451581,-1.6452726,0.52232593,0.06044096,0.7916015,1.8070917,-1.2643336,-0.63517183,0.30686024,0.44698042,-0.7293725,0.61382705,-0.16062424,-0.0872326,0.29490095,-0.10954421,-0.79518855,0.25416014,-0.009625633,0.7968057,0.10939437,0.8759861,-0.07121978,0.6147936,-0.40892768,0.6424213,-0.15154989,0.35462013,1.0346172,0.023695005,-0.09494935,-0.16900891,-0.014505376,0.19601984,-0.7005908,0.23212817,0.6821804,-0.11736497,-0.12626547,-0.13274181,-0.09319661,0.1475855,-0.0707347,0.057689093,-0.049175773,-0.14848989,-0.47143662,0.24266422,0.0669289,-0.19754298,-0.5420953,-0.17701668,0.29401094,-0.09755379,0.090328075,-0.28524,0.24883021,0.5717785,-0.42061618,0.40920746,0.27270752,-0.3525125,-0.2345155,-0.008478146,0.26654664,0.25517538,0.1488271,0.00422689,0.087979205,-0.1271447,0.87172467,0.6835212,0.38950333,-0.33573392,0.21662262,-0.05958199,0.008863921,0.12105491,-0.07138255,0.39337277,-0.03805049,0.28088582,0.5337637,-0.33362275,0.43267798,-0.1863946,-0.3770789,-0.2753902,0.03439908,1.0632716,-0.010554604,0.28417945,0.02481793,-0.6171826,-0.13574727,0.17305392,0.31959334,-0.504517,0.26036507,-0.17584853,-0.09839991,0.05367762,-0.58495456,-0.10441942,-0.17575498,-0.33367014,-0.33474573,1.0361093,-0.080947414,-0.48064482
OAS1_0441,-2.6540935,0.7686116,-0.28210983,-0.7764418,-0.9238476,-0.88040835,-0.4048081,0.68016315,0.21806054,0.24694905,-0.07072945,-0.8462793,-0.5713496,0.19700514,0.32915244,-0.6485073,-1.1513488,-0.38809848,0.6150049,-0.1282278,0.5336619,7.369497e-06,0.5859626,0.6161144,-0.32594383,-1.3168367,0.5106067,-0.70822424,0.65592164,0.35207328,-0.4530469,-0.20783362,0.9005486,-0.08640049,-0.10685762,-0.4289712,-0.09180304,0.4275524,0.09535765,-0.25074735,-0.3037974,-0.45625043,0.2666171,-0.027173677,-0.8184573,0.124053925,-0.05919842,0.14416526,0.27807567,0.1246488,-0.711578,-0.8334405,-0.016082663,-0.11453467,-0.6167328,-0.51228744,-0.34197944,-1.2139359,-0.76627594,-0.067588456,-0.060924944,0.52570575,0.5784485,0.30042273,-0.5679802,-0.083404906,-0.5666544,0.040248446,0.27965254,-0.22916748,-0.33705235,-0.3228492,-0.35940942,0.16650827,0.38870835,0.058394976,0.12850808,-0.3075763,-0.26792562,-0.3259302,-0.088009216,1.7512735,0.42725053,0.0051614367,-0.14041258,-0.107824035,-0.1741166,-0.059468877,-0.24651611,-0.057564605,0.114896156,-0.28678647,0.08657358,0.002289333,0.11822231,-0.041444544,0.2519204,0.06616491,0.29292628,-0.45196167,-0.38256752,0.34628186,-0.46099895,-0.59820557,-0.5186795,-0.2453308,0.113633975,-0.2002838,-0.23474665,0.28592366
OAS1_0442,1.3095067,0.020959271,-0.31089577,0.17518935,-1.319404,0.43161014,1.4043616,0.39778692,-0.3818522,0.7088023,-1.1847523,-0.7703154,-0.20559986,-0.03408975,0.16814099,0.82848495,-0.08442178,-0.2657205,-0.07392947,-0.3842036,-0.68182003,-0.005589107,-0.23739758,0.24386431,-0.42173773,0.2764504,-0.95143336,-0.12278977,0.039794862,-0.51392335,0.34044144,-0.35357535,-0.367753,0.0137846125,0.03680365,0.11185591,-0.1348703,-0.22898944,0.1669182,-0.5537127,-0.9804788,-0.14463472,-0.21821842,0.15369101,-0.46686995,0.1402702,-0.13438687,-0.08349986,-0.09063579,-0.71492624,-0.26237664,0.06359321,0.3001048,0.3873392,-0.1924693,0.617455,0.023130246,1.0005566,-0.53231376,0.26777592,-0.112646624,0.109555736,-0.14548804,-0.40718225,0.16545694,0.35888362,0.43683642,-0.40429536,0.43373138,0.4120252,-0.4623998,-0.861653,0.42549017,-0.022567224,-0.50295055,0.29187962,0.5017879,-0.31165585,-0.047147054,-0.15950574,0.043635603,-0.029341912,0.41462922,0.42101446,-0.561592,-0.1432987,0.5051175,-0.44456097,0.44529587,-0.29894957,0.31013647,-0.33211738,-0.13884723,0.20076902,0.20464353,0.47379893,-0.4278502,0.27710384,0.23289828,-0.25695103,0.51410544,-0.15387549,0.06301139,0.1554951,-0.27156368,-0.61101776,-0.34426767,-0.38440537,0.027049944,0.08005565
OAS1_0443,1.1022897,-0.98278433,-1.276187,0.5866331,-0.12978363,-0.8264825,-0.8543732,0.06851147,0.8337996,0.6165058,0.2930823,-1.0018961,-0.6252012,0.049880706,0.89707834,-0.08518952,0.033589885,0.2277915,0.2971629,0.13063513,-0.34409472,-0.6124889,0.11716529,-0.27559242,0.18553177,0.42685667,-0.23658249,-0.38490364,-0.33346906,0.20485553,0.037513897,0.22839919,-0.4558912,0.07713007,-0.21732649,-0.058504142,-0.06962449,-0.04748734,0.110282145,-0.33462027,0.5049116,0.177609,0.40107864,-0.4172998,-0.15097502,-0.7706415,-0.11884335,-0.7675343,-0.34919292,-0.34439284,-0.21128836,0.43509066,0.19114657,0.2236671,-0.19814979,0.24500902,0.3054969,-0.04986554,-0.030809335,0.30840516,0.15673803,-0.796695,0.19701365,0.27447236,0.6538421,0.16833872,-0.25193614,0.056833614,0.10255292,0.09974418,0.7820301,-0.054661125,-0.41134724,0.27767336,0.015202987,0.352948,-0.40515134,-0.0038963305,-0.08804562,-0.15111214,-0.19351378,0.32506263,-0.19061396,-0.078664325,-0.04992132,-0.16055313,0.1919063,0.27529493,0.19608253,-0.29575157,-0.03419186,0.085071206,-0.27058005,-0.4198705,-0.007161807,-0.39642635,0.43748248,-0.2119929,-0.5261335,-0.31716892,-0.045140192,0.36325768,-0.3269921,-0.026444761,0.33749467,0.13031656,0.179756,-0.10833832,0.36241895,-0.58948445
OAS1_0444,1.5559827,-0.15209259,0.83637357,0.6031437,-1.234878,0.10987522,-0.7207758,-0.016725238,-0.76330906,-0.18333583,0.19226953,-0.8572672,1.1825436,0.4972223,1.4539398,0.065251864,0.48683244,0.5003853,-0.53191096,0.16970855,0.2814277,-0.5598833,0.18153134,0.75023425,-0.06868891,0.22861189,0.23044406,0.21469484,-0.23674148,-0.054718323,0.27775356,-0.13594228,0.16580528,0.26177168,0.8039629,0.025775999,0.5732095,0.025573727,-0.3807923,0.021135466,0.3310677,-0.52643925,0.06384386,0.27496153,0.2543858,0.08003479,0.46568012,-0.9773029,-0.22277768,0.6032027,-0.05879426,-0.0035681534,0.5663763,-0.40252483,0.41765767,-0.44263604,0.09943666,0.5336028,-0.31098202,0.05435577,0.26623875,0.049377058,-0.5147207,0.0780047,-0.79098946,-0.18683662,0.315385,0.16254713,0.22574188,-0.070948616,-0.30751094,0.22421515,0.0950957,-0.40909615,-0.3082294,0.227276,-0.025733588,0.53669906,-0.025087142,0.48895568,-0.14450249,0.060519133,0.5209129,-0.45112568,0.58399266,0.21425116,0.2394923,-0.44261628,0.17910983,-0.08374573,-0.11789329,-0.7275554,0.143161,0.2888166,0.2293148,-0.22019115,0.17808622,0.3242366,0.56343925,-0.667098,-0.13422963,-0.14722341,0.016440874,-0.05654041,-0.28748348,0.3258069,-0.11383681,0.50533426,0.21278366,0.05247859
OAS1_0445,-3.2293644,-2.977287,2.6692798,1.5875065,-0.2873951,-0.27152976,-0.5261718,-0.5069678,-1.4062359,0.070317835,-0.6451881,-0.2970379,0.26482338,0.3358484,0.57542944,-0.49834073,0.06756712,-0.34441715,-0.024683712,0.63876456,-0.59540486,0.60471356,-0.31072628,-0.83690417,0.42957693,-0.24108979,0.4853827,0.34874937,-0.27777907,-0.27821028,0.06495285,-0.26593885,0.0802496,-0.25572082,-0.6416796,-1.0127784,-0.7251527,-0.40311787,-0.47141236,-0.06549735,-0.93447506,0.23979567,0.6534367,-0.39220083,-0.20790881,-0.1113191,-0.65134656,-0.4609484,-0.21335343,-0.26322675,0.058091633,0.13668655,-1.0405623,0.39746872,-0.7984643,0.3637653,-0.22088583,0.034073997,-0.47833905,0.21684071,-0.049388826,-0.030493027,0.37324807,0.48000133,-0.6794578,-0.4505295,0.13020042,0.52299196,0.30413762,-0.09239128,-0.16385776,-0.09083059,-0.6792253,0.11480323,0.11009202,0.3705364,0.06794057,0.35361257,0.46049875,0.7420562,-0.04998076,0.24699475,0.18048364,-0.36064616,-0.24670294,0.26012024,-0.6566504,-0.38681647,0.56783825,0.24938972,-0.10831062,0.21799402,-0.35768536,-0.22458322,0.10570067,-0.122217044,0.065413415,-0.28312868,-0.030764643,-0.37530282,0.5312257,-0.38013527,-0.36994907,0.0100005455,-0.2411711,0.21678266,-0.3856835,0.23996219,-0.18746999,-0.10340984
OAS1_0446,-0.52468634,-0.8567091,-0.40774086,0.94242543,0.5375406,1.131017,0.045995913,-0.89630014,-0.2983441,0.46432072,-0.08663919,0.16692127,-0.1573404,0.037187714,-0.24242386,0.29003355,-0.533017,0.8139686,0.37687048,0.16951476,-0.5154868,0.20457157,-0.10124379,0.0805481,-0.7251299,-0.62482667,-0.07470289,-0.4822574,-0.95088017,-0.23599318,-0.030087447,-0.5735214,0.21485525,-0.13910909,0.3466891,-0.20005448,0.3955106,0.07110597,-0.88192075,0.0775325,-0.21491177,-0.1484132,0.37205648,-0.5877618,0.4255203,-0.26060912,-0.14594874,0.41607735,-0.9215542,0.25357616,-0.32336184,-0.12423543,0.22733669,0.42489904,-0.17501809,0.15849508,0.42724165,-0.41716242,-0.18126735,0.6000466,0.121368565,-0.34509075,0.7491092,-0.23877524,0.6141052,0.33336723,0.20460096,-0.40970793,-0.429329,-0.10440635,0.03505717,-0.4253277,0.55126095,0.61817414,-0.2610202,-0.2477735,-0.5108062,-0.22640482,0.12544677,0.1297026,-0.16797605,-0.2922719,0.6225574,-0.17970103,0.060382247,-0.13800012,0.13862859,0.028089743,-0.27532452,0.6216102,0.49116567,-0.7362193,0.5525154,0.06561326,-0.5862447,-0.23048128,0.13933916,-0.15394396,0.3527503,0.3051193,-0.02739264,-0.1625604,0.40803275,0.40974578,-0.4736089,-0.3415162,0.00285261,0.16720884,-0.10471682,-0.76093876
OAS1_0447,-0.90382046,-0.33690178,-0.34407175,-0.37056816,0.51934934,1.4026403,0.5266831,-0.5605602,-0.62303865,1.5463634,0.6909875,0.35973018,-0.06446445,0.40878946,0.30749145,-1.1945436,-0.3448709,0.8687009,1.1867498,-0.19733667,0.25947502,-0.27479947,-0.4212581,0.57027704,-0.022698918,0.0946508,0.2570207,0.677871,-0.09201164,-0.19150923,-0.709011,-0.28753158,0.45185912,-0.0018700529,-0.41399246,0.7796825,0.19518451,0.16166328,0.60483783,0.94167507,-0.5495044,0.6677977,-0.34762856,0.1124829,-0.3362577,-0.014332467,-0.57020724,-0.86109823,0.089329354,0.28983235,0.13552675,-0.28503594,0.10962089,0.3067614,-0.68751425,-0.0069078007,0.37942263,-0.15784588,-0.550269,-0.48050103,0.7277187,0.30619812,-0.16647857,-0.19455698,-0.41715854,-0.5951781,-0.31132483,0.61163545,-0.14941712,-0.3355901,0.8794559,0.15243867,0.3242653,-0.23004644,0.047462765,-0.67255837,-0.1261272,0.07959774,0.22603792,-0.83081585,0.6886373,0.052313074,0.04567189,-0.4845451,-0.27000624,-0.13776846,-0.14561686,-0.6355292,-0.15892527,0.6003609,0.24468172,0.12635963,0.1502576,0.092147864,0.44356033,0.09494397,0.44799328,0.025660358,-0.0823255,0.49937987,0.41163075,-0.29277116,-0.7539424,-0.2953516,0.4130705,0.19821692,-0.03568601,0.18507779,0.27896228,0.0028971022
OAS1_0448,1.0436008,-1.4192852,-0.17371498,-1.0561721,0.4318428,-0.14547408,0.9629693,-0.7811504,0.21053763,0.30768707,-1.0575296,0.15271127,1.161014,-0.3445923,0.3015419,0.10120668,0.36904934,-0.47653255,0.25772113,-0.92677885,-0.09362749,0.0746467,-0.40703893,-0.047013745,-0.15284538,-0.8552653,-0.015228586,0.6934611,-0.3732232,-0.26497248,-0.33299097,-0.7474905,0.6307373,-0.07090352,0.5770312,0.26615816,0.3154263,0.00029758926,-0.37290645,0.2822724,0.19534168,-0.40607435,-0.29303995,-0.1746368,0.11693034,0.22379488,0.3508546,0.43751404,0.31157586,-0.030721962,-0.07942499,-0.76137674,-0.051045295,-0.5297124,0.55687916,0.15172827,0.16775644,-0.1366291,-0.23796716,0.5644267,0.51815253,-0.07728854,-0.6503449,-0.0211272,0.12891266,0.3708217,-0.38654712,-0.3456434,-0.3092966,-0.24025178,0.23564847,-0.82269263,-0.4048542,0.54546523,0.19927913,-0.39824882,0.51554585,-0.0053690416,0.52893,-0.1765012,-0.06710504,-0.2658499,-0.18817182,0.21091206,0.0019323381,-0.32625934,-0.20457155,0.09930098,0.54588056,0.5924525,0.38606477,-0.011637471,-0.28531918,0.038439818,0.14263204,0.549641,0.20938517,0.0035355836,-0.45416442,-0.47491884,0.088748045,-0.16886531,-0.2826687,0.052778836,0.099027455,0.13148454,0.5453963,0.016308129,-0.25255558,0.066829495
OAS1_0449,0.6110305,0.6680088,0.7340273,2.1005177,-0.16784793,0.5205838,-0.6293338,0.4667144,0.30699694,-0.90031207,0.43528518,0.5238331,0.025823437,-1.0441804,0.0097904,-0.4262498,-0.21434341,0.34479457,0.5241539,0.6745107,0.4916308,0.5213469,-0.8682503,-0.6211893,-0.38881695,-0.056912664,-0.5945375,-0.13110425,-0.4922611,-0.21969514,0.060214493,-0.17708229,0.36231905,0.22171326,-0.3756547,-0.093703106,0.49870872,0.3946216,-0.56714326,-0.40215743,0.37135977,-0.67720646,-0.33834392,0.03934155,0.5525317,-0.0108251255,-0.061667446,-0.4997296,0.29619053,-0.46636415,0.28720784,0.06298919,0.056393817,-0.7109523,-0.08472586,-0.2794647,0.01809922,0.20787956,0.21861628,-0.18491212,0.010736909,-0.07881806,0.06482006,-0.35775873,-0.1255751,-0.23055877,-0.07592602,0.11020387,0.22771779,-0.19134942,0.4408494,-0.51866484,0.24844027,-0.14038198,0.47081277,0.042970676,-0.49561298,-0.34146115,0.31467125,0.06296826,-0.1277514,-0.15576792,0.049285267,0.22803688,-0.037988365,0.1037694,-0.79498374,-0.15778498,-0.19366194,-0.38466933,0.06291397,-0.10075699,-0.29702517,0.69956285,-0.1914803,-0.002060953,0.16516303,-0.022885248,-0.35220882,0.27177653,0.8074964,0.08366538,-0.085218176,-0.684663,-0.1799156,-0.3028338,-0.1421988,-0.45739222,0.28545985,-0.15163957
OAS1_0450,-0.019326648,-2.1554177,4.489973,-0.2969872,0.8536444,-0.64334124,1.2237095,1.1530728,-0.9404134,0.61207384,-0.75244594,0.01724537,-0.594547,-0.37622768,-0.43369788,-0.2377762,0.4079165,0.55788076,-0.21974924,0.07988561,0.33730197,-0.33920556,-0.8352414,-0.1292862,-0.4439068,-0.6343748,0.49024725,0.26806507,-0.55651546,-0.29037443,0.44026724,0.17894155,0.030507235,-0.37748757,-0.48133373,0.27573317,-0.13870248,-0.1165324,-0.35676754,0.09229733,-0.056022104,0.18632385,-0.4587211,-0.3067841,0.24674203,-0.16538739,0.20184627,-0.38116965,0.011978589,-0.39783245,0.32232353,0.222943,0.1558251,-0.39709842,0.22703321,0.04675871,-0.8047666,-0.11184048,0.08764242,-0.37084746,-0.017115897,0.041005973,0.008936871,0.24087732,-0.34460914,0.0851439,0.062285334,-0.28743482,-0.40003836,0.9883698,0.7547558,-0.5303872,-0.24817711,-0.20218842,0.047679786,0.21352851,-0.30951613,-0.07639995,-0.085680604,0.17322265,-0.04191469,-0.2483484,0.16926391,0.21362054,-0.47896066,-0.23545973,0.48536834,-0.5007532,-0.5500329,-0.27633026,-0.07445525,0.024112925,-0.08645898,-0.044213645,0.09151624,0.09681827,-0.008858005,-0.14993474,-0.21026045,-0.34750172,-0.0064561134,0.0973884,-0.31364033,-0.35670325,-0.09648898,-0.22171718,0.56091225,-0.26272115,0.42120317,0.39836225
OAS1_0451,-2.4800618,-1.7732947,2.5756269,0.34941396,-0.22827356,0.13299069,-0.0019403379,-0.19278756,-0.14046259,-0.4517615,-0.15973146,-0.49522504,-1.111715,-0.5587864,-0.4285786,-0.34012684,-0.45918506,1.5220752,-0.06800291,0.008208476,0.11532053,0.19790217,0.103708886,-0.108710796,0.2265677,1.2667817,1.0597057,0.34801453,1.0819193,-0.4710331,0.74820626,0.39630932,-0.1297468,0.63997513,0.37925935,-0.29893556,-0.22361076,1.0348388,0.30229732,-0.07103374,0.01975734,-0.73294055,-0.26396644,0.15965672,0.25736925,-0.77250683,0.6176128,0.6950028,0.20109782,-0.38445365,0.38021168,0.38728446,0.089465335,0.97187734,-0.13233997,-0.21664818,0.10552448,0.20146908,-0.19965994,-0.64490503,0.13979106,0.54284436,-0.50294703,0.33459768,-0.057526745,-0.6423194,-0.096171305,0.1237071,-0.020449674,0.11194471,0.577508,-0.14609861,0.24642262,0.008431185,0.36061287,-1.336394,-1.3088853,-0.30007756,0.25769207,0.18265435,0.20271255,-0.547146,0.25893587,0.4968482,0.3517022,0.13326354,1.2601529,0.2065536,-0.10795738,-0.34972298,0.610135,0.3265487,0.19090281,-0.5017162,-0.11382418,0.37399623,-0.16785508,-0.090409845,0.03435761,0.06655021,-0.41234607,-0.11755516,0.24551281,0.08174473,0.18182075,-0.019360477,-0.06428331,0.051323716,0.24737473,-0.06208714
OAS1_0452,-2.4998548,-1.5919331,3.480914,0.49468297,-1.3467772,-0.30562383,-0.6949538,-0.35891187,0.37994638,0.15319066,0.26313847,0.6225603,-0.45452335,0.55956453,-0.12480187,0.073933385,0.18418078,-0.072618164,-0.020564813,-0.056276307,-0.48992503,-1.034842,-0.020272626,-0.74427956,0.37332612,-0.12598005,-0.048172083,-0.13258202,-0.57016265,-0.0855633,-0.72478205,0.9161643,0.20770973,-0.43184513,0.3520521,0.057415538,0.7553954,0.18924567,0.28300768,0.667275,-0.61967903,0.025509372,-0.13622358,0.3221954,-0.28488487,0.024016287,0.30191526,-0.49417812,-0.022717578,-0.073985845,0.16439302,0.23792927,-0.31943986,-0.17033191,-0.072637066,0.016364517,0.13683124,0.26992255,0.60175097,-0.27376765,0.07244727,0.44465643,0.40766716,0.7769321,0.4085169,-0.24742158,0.0045603444,-0.1326038,-0.13342796,-0.4883388,0.10491181,0.3615628,-0.32125986,-0.48316476,0.6549361,0.41974577,0.024067983,0.2794133,-0.3343542,-0.3501038,-0.5121301,-0.02276284,-0.18522096,-0.121985234,0.10884375,-0.55483234,-0.00022875867,0.4372472,0.29885697,0.11626621,0.3048716,0.05473441,-0.28788653,-0.034048986,-0.06564726,-0.23474705,-0.16987552,0.34197962,-0.09993797,0.14167193,-0.28500062,-0.040087868,-0.06765716,-0.31180504,0.2225418,-0.017203515,0.08982059,-0.016970724,-0.15815659,-0.23588583
OAS1_0453,-1.4603833,-1.8693999,3.3540518,1.4925673,-0.31077123,-0.97561395,0.30884787,-0.92994106,-0.44575745,0.18639301,-0.5943127,0.37854463,-0.4207206,0.9468411,-0.7786209,-0.37632865,0.21714872,0.52509815,-1.1098144,0.26752025,-0.14175434,0.22073534,-0.11386156,0.11679564,-0.19352406,0.13507672,0.66844267,-0.67724967,-0.26111484,0.45195138,0.6385574,-0.30123362,-0.35555956,0.53529614,0.5452753,-0.4160995,-0.47311252,0.009956883,-0.2966691,0.40325397,0.124508895,0.056121904,-0.039470483,-0.31841326,0.1667342,0.42091402,-0.33577853,0.18003862,-0.14888497,0.25090092,0.30909923,-0.47502548,0.056582406,-0.10128753,0.016130742,-0.030389206,0.3054452,-0.060407963,-0.15234154,-0.5697054,-0.6553186,-0.21189372,-0.32388565,0.08578853,0.8502084,0.32885104,-0.3671742,-0.17583285,-0.11437269,0.21376957,0.006941673,-0.09356626,0.22279175,-0.14065082,-0.06845974,-0.25647557,-0.29441854,-0.29540095,0.07957791,0.0016680079,-0.024718678,-0.13733016,0.059760954,-0.066420056,0.07454132,0.2350002,-0.028355144,0.04381313,-0.062328298,-0.2449892,0.105822675,0.010427046,-0.21868806,0.14793418,0.59132034,0.26306683,0.6346483,0.037484292,-0.24719156,0.16830185,-0.0357484,0.13179095,0.3720472,-0.287819,-0.06253266,0.14613043,-0.27255446,-0.44980335,0.4119463,-0.039616395
OAS1_0454,-1.2308902,-0.89906377,4.129422,1.1292822,-0.858529,-1.9381957,0.5717867,0.09633242,-0.62724316,0.3835707,0.2746982,0.079268076,-0.27592903,0.34294364,-0.85592854,-0.17230573,0.50499254,-0.17486113,0.20202923,-0.3091004,-0.35429487,-0.3691181,-0.38733184,-0.30568025,-0.41507322,0.14708407,0.21516411,-0.12172531,-0.29715112,0.046268634,-0.0085718995,0.6442399,0.019426165,0.45783883,0.3151376,0.27405593,0.23014899,0.274836,-0.39614603,-0.28854284,-0.30074164,0.14867982,-0.45596853,0.8107239,0.35234666,-0.6043087,-0.31507742,-0.13593458,0.2497276,0.08085108,0.39088795,-0.15396872,-0.17196643,-0.3963038,-0.32084268,0.58822334,-0.03050877,0.16398238,0.32457638,0.5843483,-0.3315328,0.007727378,-0.57394344,-0.041738305,0.6161007,-0.1534109,0.090276815,-0.15397646,0.08118947,-0.39127713,-0.014859558,-0.5234191,0.0809128,0.14332277,0.28867176,-0.046953734,0.08244836,-0.74309564,-0.21263975,0.30927324,-0.5951777,-0.10371597,-0.1503216,0.5391813,0.5171069,-0.013049036,-0.5180262,0.6900357,0.25230503,-0.13994657,-0.42685506,0.46414435,-0.12283541,0.24709995,-0.31328654,0.22740819,0.35795656,0.26484922,0.31854212,-0.08219132,-0.014197319,0.40673807,0.09347964,-0.0974949,0.020227516,0.21997035,0.57741594,0.23745562,-0.33885732,0.037712514
OAS1_0455,0.0643795,-0.19091979,4.0638113,0.3409965,0.23398903,-1.4196868,0.33685207,-0.64994353,-0.43706486,0.01340545,-0.5046352,0.26760596,-0.3918732,1.0715407,0.56736183,-0.6197578,0.3198515,-0.37470788,0.0070450585,-0.7764284,0.1727783,0.049382158,-0.14070702,0.1628933,-0.54726404,0.46998662,-0.16050325,0.14759879,0.5044519,0.6066746,0.32326838,-0.071278654,-0.13350984,0.17058527,0.12119249,0.68351585,-0.31747484,0.64203435,-0.62670976,-0.20713001,-0.29818457,-0.180186,-0.009803499,0.37483886,0.51346755,0.35595933,0.119458295,-0.18580447,0.38608912,0.2761268,-0.42297688,0.4874748,-0.36713415,0.29267284,0.2115142,-0.26650086,0.20102689,0.30716625,0.41013363,-0.06686025,0.019673798,-0.7235398,0.21627614,-0.036026686,0.09278631,0.4421771,-0.40875837,0.5284499,-0.06508334,-0.36304727,0.7519059,-0.22983311,0.09278224,-0.34638143,0.21504028,-0.12731147,0.264192,0.16865951,0.18263365,0.74461496,0.71667624,0.8132421,0.35534704,0.2775775,0.70885134,-0.55706865,0.3420258,0.37668097,0.5926113,-0.18360502,-0.14717236,-0.5158679,-0.05154551,0.16479045,-0.15224898,-0.17200297,0.45553708,0.25064805,-0.19832535,-0.15729876,0.4183,-0.007265707,0.023010373,0.42067266,0.13612947,-0.21033187,0.3421202,0.10097181,-0.1787712,0.06577481
OAS1_0456,-1.8208164,-1.4605489,2.890829,0.35030335,-1.6916428,0.015124999,0.59744364,0.6323947,0.032916173,0.14233194,0.09169043,0.0124834385,-0.69787526,0.3873632,0.0022615623,0.39157465,-0.52022094,-0.19630417,0.37543914,0.013308884,-0.9555279,-0.0640122,0.0114534125,-0.8297601,0.3621094,-1.3802595,0.13005234,0.1525016,-0.2721977,0.3067274,-1.0480881,0.9653273,0.6287374,-0.7169425,-0.87551713,-0.21347852,1.244419,-0.13410275,0.68642354,0.08777736,-0.5313577,0.3637036,0.45397526,0.02222278,-0.9860828,0.25093088,0.39904284,0.39395478,0.03881928,0.5478316,-0.10812444,-0.23773776,0.06990866,-0.5467786,0.06205524,0.27625623,0.24494116,0.19226511,0.11550306,0.34898373,0.28867382,0.07571504,0.5467003,-0.29804802,-0.26016048,0.5899291,0.10814655,0.118655056,-0.0018784911,-0.055400822,-0.010125816,0.33006412,-0.26469848,-0.049506076,-0.034768425,0.36306804,-0.08615226,0.64672303,-0.72530377,-0.024978943,0.35837865,0.004595428,-0.2097835,-0.45389864,0.35919616,0.21219388,-0.61936486,0.39735007,-0.38012558,-0.27318949,0.8482498,0.51566404,-0.15349059,-0.4794073,-0.343377,-0.27427557,0.10373638,0.12757465,-0.19407745,0.060980305,0.16930097,-0.26281363,0.22008507,0.07352776,-0.3703264,0.054268133,-0.09467658,-0.36326447,0.6678118,0.00782602
OAS1_0457,-0.90096027,-2.9020762,3.072314,0.8544442,0.14510873,-1.1084251,0.8423368,-0.10182715,-0.3866406,-0.7608944,0.07080906,0.31009838,-0.80715156,0.84055156,-0.5851802,-0.27996626,-0.18410572,0.2225511,-0.34931815,0.12004638,-0.18901962,-0.2658044,0.23092076,0.3365734,0.46484968,0.034615986,-0.03845433,0.27579433,-0.1624008,0.07646153,0.21171162,-0.14188896,-0.11798212,-0.044429764,0.6883878,-0.2468255,0.27612394,0.15674739,-0.29870945,-0.73660797,0.5868491,0.5000144,0.44370413,0.092155576,0.07140322,0.27978292,-0.17398341,0.18723997,-0.15554294,-0.04329882,-0.16332513,0.048740186,0.039776154,0.14851674,0.9517884,-0.69211394,-0.10230217,0.5570596,-0.53619266,-0.52553385,0.37857068,0.29784945,-0.4645007,0.15628324,0.015222065,-0.1421608,-0.02562999,-0.1956793,0.15795457,-0.2605471,-0.3198271,0.10399986,-0.07040976,0.0677128,-0.025715223,-0.0027152386,0.17560276,0.6553265,-0.014173418,0.092836455,0.23909022,0.33854488,-0.25043237,-0.13287209,-0.042198323,-0.2534411,0.21032609,-0.5647631,-0.34915462,0.113710314,-0.49836817,-0.2149574,-0.6681773,0.16388042,-0.14216165,0.17939399,-0.39762753,-0.00023537806,0.08386441,0.022417046,-0.24235149,0.31739676,-0.13675305,0.096772075,0.16011575,-0.57962775,0.18740608,-0.45649248,0.22639765,-0.008204985
