patient_id,masked_tra_PC1,masked_tra_PC2,masked_tra_PC3,masked_tra_PC4,masked_tra_PC5,masked_tra_PC6,masked_tra_PC7,masked_tra_PC8,masked_tra_PC9,masked_tra_PC10,masked_tra_PC11,masked_tra_PC12,masked_tra_PC13,masked_tra_PC14,masked_tra_PC15,masked_tra_PC16,masked_tra_PC17,masked_tra_PC18,masked_tra_PC19,masked_tra_PC20,masked_tra_PC21,masked_tra_PC22,masked_tra_PC23,masked_tra_PC24,masked_tra_PC25,masked_tra_PC26,masked_tra_PC27,masked_tra_PC28,masked_tra_PC29,masked_tra_PC30,masked_tra_PC31,masked_tra_PC32,masked_tra_PC33,masked_tra_PC34,masked_tra_PC35,masked_tra_PC36,masked_tra_PC37,masked_tra_PC38,masked_tra_PC39,masked_tra_PC40,masked_tra_PC41,masked_tra_PC42,masked_tra_PC43,masked_tra_PC44,masked_tra_PC45,masked_tra_PC46,masked_tra_PC47,masked_tra_PC48,masked_tra_PC49,masked_tra_PC50,masked_tra_PC51,masked_tra_PC52,masked_tra_PC53,masked_tra_PC54,masked_tra_PC55,masked_tra_PC56,masked_tra_PC57,masked_tra_PC58,masked_tra_PC59,masked_tra_PC60,masked_tra_PC61,masked_tra_PC62,masked_tra_PC63,masked_tra_PC64,masked_tra_PC65,masked_tra_PC66,masked_tra_PC67,masked_tra_PC68,masked_tra_PC69,masked_tra_PC70,masked_tra_PC71,masked_tra_PC72,masked_tra_PC73,masked_tra_PC74,masked_tra_PC75,masked_tra_PC76,masked_tra_PC77,masked_tra_PC78,masked_tra_PC79,masked_tra_PC80,masked_tra_PC81,masked_tra_PC82,masked_tra_PC83,masked_tra_PC84,masked_tra_PC85,masked_tra_PC86,masked_tra_PC87,masked_tra_PC88,masked_tra_PC89,masked_tra_PC90,masked_tra_PC91,masked_tra_PC92,masked_tra_PC93,masked_tra_PC94,masked_tra_PC95,masked_tra_PC96,masked_tra_PC97,masked_tra_PC98,masked_tra_PC99,masked_tra_PC100,masked_tra_PC101,masked_tra_PC102,masked_tra_PC103,masked_tra_PC104,masked_tra_PC105,masked_tra_PC106,masked_tra_PC107,masked_tra_PC108,masked_tra_PC109,masked_tra_PC110
OAS1_0001,1.7776865,-0.12705739,-0.041527428,-0.84522295,-0.46866763,0.60373974,-0.88381034,0.014821659,-0.12218804,-0.8321353,-1.1846277,-0.06996679,0.7294622,0.46658066,-0.055670753,-0.28305346,0.5841557,0.17281033,-0.22296628,-0.30886903,0.020142736,0.15965654,-0.0302744,-0.2076301,0.5514194,0.58063084,-0.26634508,-0.3164489,-0.039063886,-0.6874306,-0.042818677,-0.2416887,-0.36541077,-0.36621547,0.02142186,0.34840184,-0.007896008,0.14234403,-0.4958421,0.55532557,0.30163714,-0.6582545,0.66142386,0.3827971,-0.22128183,0.26549035,-0.60896045,-0.032120924,-0.10131698,-0.37474322,0.30947244,-0.41463205,-0.024989579,-0.08141387,-0.47015196,0.15543258,-0.1613919,-0.06173103,0.17106621,-0.05739569,0.17763668,0.124212205,-0.23235236,0.28442934,0.010043314,-0.24274588,0.031310804,0.42721906,-0.43751872,0.2820103,-0.27271914,-0.24524195,-0.24319349,0.020138934,-0.10511058,-0.0679523,0.34344822,0.5435269,-0.3345111,-0.43611956,0.064337075,0.2655293,0.19215131,0.17007641,0.12331356,-0.08028226,0.32866088,-0.042125966,0.0998766,-0.36363238,0.17182076,0.4179354,0.39410284,-0.115763634,0.11674724,-0.23919657,0.16202581,0.07221789,-0.3552142,-0.38601387,-0.46325254,-0.047129065,0.2322364,-0.0658198,0.046251535,0.1809502,-0.107987955,-0.14867152,0.005047111,0.347259
OAS1_0002,-1.4006405,-0.76153296,0.7349826,-0.9912428,-0.14375663,0.6148622,-0.21306206,-0.13013278,0.1844582,0.11826565,-0.51911664,0.7291965,0.39898148,-0.14295496,0.1325953,0.48499793,-0.65095854,-0.46738693,-0.22288156,-0.16803183,0.37366578,-0.1026691,-0.47887054,-0.5600985,-0.057074234,-0.69186765,0.34067145,-0.18996635,0.52132124,-0.075219184,0.36078265,-0.023413679,-0.087832645,-0.20887046,0.05971835,0.5210028,0.4844623,0.30699527,-0.26796836,-0.31075078,-0.24070828,0.5357256,-0.49009663,-0.43191287,0.10855908,-0.49773145,0.22703414,-0.5671798,-0.7211637,0.8503266,-0.24393213,0.12495402,0.18425632,0.2041794,-0.4121985,-0.42632854,0.52851313,0.07161132,-0.32719308,-0.11735808,0.10666283,0.25269905,-0.15229902,0.18717346,0.21905081,-0.17094831,0.0676643,-0.108724244,0.33218408,-0.47664055,-0.33568972,0.18356834,0.6543023,-0.037258647,0.45502427,0.8925554,-0.38379636,-0.20692083,0.12412826,-0.18252885,-0.6768877,-0.018432587,0.3691637,0.26311135,0.30592173,-0.069588594,0.38902146,0.28192428,-0.18780458,-0.49663517,-0.31355232,-0.23809212,-0.4862426,0.6591987,0.077553086,0.43833318,0.1491797,-0.31607205,0.009539734,-0.51652426,-0.10745099,-0.013613371,0.094795704,-0.089112744,0.35657084,-0.2699323,0.04392759,0.13518585,0.24114929,-0.21663623
OAS1_0003,1.1099664,1.5170636,0.31759924,0.40804505,-0.40787008,0.2902869,-0.052921254,0.06491399,-0.50121427,0.16282688,-0.81135553,0.2259874,0.088430695,0.05482766,0.23228532,-0.17410173,-0.35573086,-0.44621375,-0.02635348,0.060249634,0.24847025,-0.57976943,-0.36231527,0.12006056,-0.3817382,0.22069222,0.92962396,-0.10024022,-0.020785222,0.065824024,-0.5878893,-0.4326211,0.26620418,-0.03943252,0.3799842,0.47641376,-0.424134,0.38118044,-0.66974545,-0.21496032,-0.36584893,-0.095352784,-0.05929494,-0.51077545,0.2279441,-0.12871993,0.02264772,-0.118779086,0.3991125,-0.24269137,0.46152425,0.113964915,0.1725582,0.079411194,-0.24195932,-0.27844465,-0.4127376,0.8455184,0.16042703,-0.38949168,-0.019189984,-0.52559197,0.42177275,-0.012051759,0.34275067,0.043157857,-0.45354924,0.064079314,0.2211291,-0.4252054,0.25315627,0.240878,0.20668447,0.100693695,-0.0870024,-0.28968984,-0.21492378,0.030370312,0.07314122,0.3207029,0.4897946,-0.36136827,0.21784845,0.15766576,0.15968658,-0.34136713,-0.32418424,0.108000785,0.04737502,0.20310608,-0.11903786,0.2846162,-0.003147671,-0.024717774,-0.17506306,-0.2856227,-0.3481379,0.16775991,0.039832912,0.14717145,-0.27525228,0.0990822,0.025972553,-0.15566964,0.20224926,0.22331947,0.25391585,0.25959724,0.27845895,-0.24082823
OAS1_0004,0.02224139,0.42618293,-0.85996646,-0.3932038,-0.4814477,-0.324461,-0.26350126,0.3599022,0.09784008,-0.8474851,-0.13516502,0.3411857,-0.47247568,-0.3361457,-0.34519288,-0.5803215,-0.0036964577,-0.26078066,-0.10496428,0.19217262,0.5790828,0.20771769,-0.7049114,-0.3053866,-0.10651118,-0.24631384,0.2556576,0.35595334,0.26894206,-0.2920318,-0.12726343,0.33780292,0.019379523,-0.45230335,0.015035733,-0.15413636,-0.025131926,-0.34439594,0.099232934,-0.14578143,0.44145423,-0.20932792,0.38376838,-0.4862755,0.89303356,0.2764693,0.06663031,-0.37009,-0.019723414,0.4700648,-0.22138998,-0.024231477,-0.30014822,0.6335186,0.47525233,-0.019619053,0.008826365,-0.30273187,-0.0060744607,0.5143767,-0.28522012,-0.4807492,0.19587454,0.15181378,0.01635019,0.11229147,-0.27119967,-0.2532182,-0.12547731,0.23632653,-0.37977645,-0.40256962,-0.10282105,0.653254,-0.24999683,0.12750973,0.032808334,0.35271794,-0.47066078,-0.06644062,0.12679349,-0.038008522,0.2639718,-0.4316603,-0.0919819,0.09235886,0.04138787,0.09545102,-0.32560813,-0.046253167,0.386283,0.056315556,0.09278273,-0.22303401,-0.37700844,0.06742176,-0.052102894,0.049021248,-0.1492468,0.7007798,0.045417268,-0.22403732,0.12390925,0.32659152,-0.23559515,0.58637214,0.50260127,-0.3226168,0.33342057,0.020082008
OAS1_0005,-1.1823045,-0.29018047,0.18432465,-0.25037858,0.083462216,0.263616,0.56442755,-0.011709705,0.53786147,-0.5408061,-0.23671333,-0.050472446,0.3231896,0.052983105,1.1009499,-0.5740012,-0.07745036,-0.27209973,-0.5672241,-0.062130276,0.36369604,0.82074714,-0.13090749,0.1464084,0.69454706,-0.11678565,0.02991776,-0.09901433,0.028834663,-0.10472859,-0.4867433,-0.046511542,-0.33802295,0.39082432,0.1379348,0.48465416,0.035426997,0.1978428,0.044038292,0.023707554,0.18239352,-0.6654581,0.48705572,-0.097215325,-0.42353588,-0.25642684,0.38675624,-0.5968799,-0.04852553,-0.115000084,-0.261217,0.23777862,0.24998663,-0.16900885,0.5352377,0.41933036,0.101139165,0.33154932,-0.36462012,0.19030675,0.065395765,-0.14800133,-0.15295409,-0.087248415,-0.21897443,-0.20934635,0.28632975,0.009962965,0.2520406,-0.17554702,0.2531071,0.09762953,0.46586108,0.2913961,-0.27437004,0.022874486,-0.27469978,0.35951477,0.73142284,0.23276475,-0.10130522,0.19003184,-0.673783,-0.24413757,-0.17614175,-0.32559267,0.19642472,-0.82087106,0.2342952,-0.10626572,0.15484044,0.030477537,-0.012801227,0.49877226,-0.17986934,0.26594782,-0.5729057,-0.012588601,-0.2504789,0.773587,-0.17507313,-0.059596688,-0.37166098,-0.049710184,0.018216101,0.17703936,-0.25666508,-0.099037945,-0.24467453,0.4253543
OAS1_0006,-0.6808088,0.33018482,-0.13281102,0.68405515,-0.15636654,1.2223265,0.16467343,0.22603175,-0.46319264,-0.0010625683,0.18645218,0.07240445,0.40738073,0.46396333,0.20865072,-0.91808575,-0.6273453,-0.013826808,0.07543871,0.09024898,-0.4073665,0.38989156,0.022275241,-0.51699114,0.6239075,-1.0108659,-0.36488968,0.40569568,-0.2202601,0.3448127,-0.053923294,-0.66862154,-0.21006365,0.0716873,-0.62551546,0.32556355,-0.0789477,0.5056235,0.37095854,0.2226652,-0.035949204,0.20856619,0.44789988,-0.08390844,0.095769696,-0.16014957,0.35428295,0.3480437,-0.09244332,0.7779106,-0.21938646,-0.047141213,-0.013481639,0.28648934,-0.52521783,-0.35766035,-0.032982443,0.04371706,-0.38891312,-0.2946345,0.1956899,-0.058350563,0.20367232,0.46012932,-0.22942387,-0.41952774,0.023000665,0.24433279,-0.5220034,0.03963446,-0.25442958,0.4053719,0.053892814,0.27005017,0.13219224,-0.12829396,0.012644996,-0.6450705,0.1333507,0.10641205,0.6357166,0.0024361594,-0.14490202,-0.8644167,-0.28316435,-0.22935793,0.5635079,-0.063352674,-0.25528768,0.16022956,-0.09403592,-0.11522297,-0.11705676,-0.4036499,-0.3868558,-0.4576211,0.5225219,0.13347341,-0.5345023,-0.39005816,-0.050071005,0.4354796,0.044661965,-0.16554615,-0.33714232,-0.052676838,0.012490411,0.090847924,-0.36023483,-0.5035534
OAS1_0007,-1.0057135,0.585548,0.0999041,0.35910857,0.11960414,0.06549739,0.6264323,0.063578255,0.97772217,-0.070566,0.42106882,-0.23561576,-0.047749855,-0.5268913,0.6263665,0.25321406,-0.43414167,0.29103988,0.117664285,0.5609992,-0.841141,-0.10951787,-0.63519406,-0.05192748,-0.18322012,0.5718656,1.1317375,-0.3676458,-0.26770604,-0.2742184,-0.6275272,-0.02181431,0.35049582,-0.4266898,-0.07825524,-0.27809528,0.27866066,0.31558013,-0.11131457,-0.63742715,0.5168858,0.3060849,-0.24438564,-0.07016478,0.15094925,0.40495595,-0.4221669,0.14375931,0.19725,-0.052178364,0.020496886,-0.023469124,-0.09499791,-0.51015997,-0.5824746,-0.091783285,-0.58265567,0.025840038,0.003690705,0.12153713,0.42814916,-0.44394124,0.012024883,-0.15674089,0.3972139,0.08484087,-0.027868215,-0.24163559,-0.105711535,0.50403684,0.20057736,0.3934536,0.3122585,0.25919315,-0.21594122,-0.17602357,0.5276032,-0.06597431,0.14132553,-0.36396766,0.17034894,-0.18359062,-0.14761111,-0.10799081,0.11360298,0.20635809,-0.41590783,0.29218715,-0.3166119,0.33686918,0.03949821,-0.2513713,0.33911476,0.108542524,0.4859306,0.044416554,0.30031472,-0.056126747,0.14297792,-0.24797931,0.3104299,-0.11865295,0.07568072,-0.09993501,-0.3777997,-0.03510736,0.18955046,0.0476642,0.17577405,0.39869204
OAS1_0009,-0.8564613,0.05921162,-0.4193924,-0.7249765,-0.4983189,0.6548481,-0.7639988,0.5104348,0.74427503,0.40958914,0.4500616,-0.27258468,-0.0514316,-0.04287143,-0.8068311,-0.5560533,0.15528,-0.12649837,-0.4264723,-0.31548515,0.17347854,0.07468762,-0.17886415,0.07448964,-0.32564798,0.16589847,0.4806393,-0.058545336,0.9963921,0.24616866,0.08292754,-0.79446983,-0.6255711,-0.324497,-0.052142825,-0.33585435,0.2352239,-0.5018902,0.11090067,0.48834684,-0.102135934,0.138397,-0.7057903,0.61971015,-0.29998162,0.33225012,-0.20181015,0.17471708,0.2211219,0.1224477,-0.02923038,-0.111529976,-0.3958028,0.49077472,0.1441937,0.13637476,-0.5973871,-0.10286889,0.2688699,0.22094624,-0.108144335,-0.1953037,0.24389309,-0.09395996,0.2166758,0.3369026,0.77659,0.2017966,-0.13691998,0.21851985,-0.17367132,0.055425055,0.70897996,0.06788544,-0.101051636,-0.2585302,0.2023754,-0.008458516,0.21458119,0.28728384,0.27020907,0.06881606,0.002173408,0.0723169,-0.016726503,-0.362061,0.13384268,0.011952971,0.5342704,-0.4588756,0.09237406,-0.5120889,0.028787738,-0.42457476,0.25933024,0.078951806,-0.1660703,-0.37010586,-0.08515734,-0.08577264,0.075029776,0.13038082,0.015460915,-0.12969619,0.44968396,-0.23918915,0.12653267,-0.025263013,0.10808149,0.23425847
OAS1_0010,1.6333514,-0.266711,0.33207506,0.22784793,-0.109316885,-0.043205418,-0.24568482,-0.40151548,0.9366897,0.39951533,-0.37353382,0.21725975,-0.29436022,-0.1565276,-0.5129471,-0.26862258,0.40943268,-0.6242988,0.53113616,0.48100808,-0.31847835,-0.021656325,0.36629838,-0.23949261,0.02911966,-0.014927123,-0.09046943,-0.28603524,-0.4899816,0.04875019,0.18969896,0.63789654,0.59863615,-0.28057095,0.6103191,0.13434225,-0.3273053,0.49817884,0.0938702,-0.36445564,-0.4015706,0.2149169,0.3896237,-0.3588133,-0.061562903,-0.25828558,-0.3580535,0.11660712,0.256661,0.06584678,0.43634295,-0.5289879,-0.66798806,0.14534858,-0.32475945,0.18338595,-0.55864215,0.41350535,-0.32555044,0.2433474,0.5918179,-0.018780045,0.18824857,-0.24837956,-0.06677282,0.24241279,-0.3691488,-0.98923475,-0.058070976,-0.7480629,-0.44283655,0.33664194,0.1069522,0.19797309,-0.013383438,-0.42527828,-0.2868848,-0.54943204,-0.26117063,-0.1530285,0.03921072,0.001647893,0.017383944,-0.1687342,-0.39641044,-0.0878909,0.7348172,0.20542596,0.11066703,0.06485109,0.50318134,-0.24950255,0.16082384,0.29745668,-0.14544879,0.02000483,0.14948222,-0.33230036,0.24653447,0.3227454,-0.003260414,-0.014625823,0.34204012,0.44333673,0.09247432,-0.08643444,-0.12834266,0.4588231,0.30707246,-0.041865584
OAS1_0011,-0.66649646,0.3957504,-1.1556867,-0.09126989,-0.116196424,0.36004394,-0.24863681,0.08175082,-0.68352413,0.3573544,-0.150551,-0.124631174,-0.87551427,-0.5027318,0.80917585,-0.16792788,0.09524512,-0.060457397,0.096393086,0.09929552,0.1330745,-0.5700473,0.8298568,-0.35115105,0.26551357,-0.027677542,-0.92847604,-0.71755743,0.4777341,0.12426821,-0.043855112,0.109206766,-0.059101872,0.17807966,0.1974196,0.12832874,-0.60821533,-0.28942838,-0.53874403,0.48385286,0.08308868,-0.13296692,0.624429,0.31982931,0.09752395,0.3494999,-0.089945756,0.15416692,0.1842155,0.18950368,0.34900576,0.017473765,0.34038073,-0.050598957,0.123367764,0.21007088,-0.014541079,-0.10240713,-0.23715723,-0.34465405,-0.60937315,-0.29561278,-0.08334442,-0.8933548,-0.09500411,-0.5873393,-0.5926941,0.21934122,-0.20541042,-0.027921556,0.4356198,-0.3236687,-0.26819983,-0.05628873,-0.37330845,-0.07342225,-0.31432602,-0.21712475,0.48788145,0.066594824,0.12046306,-0.26970485,-0.5823195,-0.04207398,0.37880751,-0.239076,-0.19163497,-0.15529399,-0.40919292,-0.19648737,-0.26376653,-0.36128658,-0.40167594,0.21603084,-0.063061275,-0.51609117,-0.07519126,-0.18438628,-0.32735527,-0.33720016,-0.38996002,0.05973217,0.61235285,0.2930416,0.13945372,-0.024244668,0.22786136,0.13175562,0.090218775,0.31735116
OAS1_0012,-0.48316634,-0.039772764,-0.24344611,0.23183458,0.73385495,0.41541514,0.1519609,0.03958029,0.07302755,0.18759203,-0.23109624,-0.44757313,0.49927318,-0.48895943,0.05431276,-0.5615488,-0.5907749,0.28368586,0.25270063,-0.14716636,0.02064862,-0.7855666,0.19191861,-0.38417104,0.49874887,-0.12557302,0.24061395,-0.6229293,-0.070758194,-0.053919844,-0.29119146,0.06142324,0.30298057,-0.40338537,-0.007670461,-0.35405862,0.105734564,0.26130092,-0.40918416,-0.04945094,0.44979697,-0.30401236,0.2658825,-0.27745414,-0.65032196,0.37183502,-0.20239903,-0.18989138,-0.4074915,-0.43876952,-0.25740886,-1.0258816,-0.91015905,-0.095715836,-0.31796703,-0.09161395,0.09527569,-0.07102334,-0.23437889,0.13465424,0.03531808,-0.30377492,-0.28742772,0.09152331,0.113632955,-0.55769634,0.08979847,0.30329725,0.18402089,0.22119036,0.07008727,0.4460055,0.45067632,0.09086957,0.15902911,0.26971835,0.13163863,-0.6157135,0.36018997,-0.123683035,0.16588889,-0.18493839,0.089423925,-0.26954165,0.08355796,0.41748694,-0.052450437,0.24323563,0.4162969,-0.23155189,0.17176025,0.54118097,0.032684874,-0.03562899,-0.33684427,-0.02619451,-0.26846418,-0.17639759,0.3803617,0.18333475,-0.11813797,-0.13735238,0.08417802,0.20393986,0.01851495,-0.109560594,-0.51334167,0.13443877,-0.07728239,-0.1295183
OAS1_0013,2.5152829,-1.3135223,0.04321599,0.43491977,-0.7489498,0.16563253,0.3192248,-0.16184781,-0.57384574,-0.76797163,-0.4456583,-0.5118562,0.042645965,0.03192784,0.89504,-0.6205401,0.7813895,0.58694327,0.07373586,0.9983823,-0.3129327,0.1326224,0.09316661,0.43156776,-0.063943364,0.69877076,-0.21001579,0.025648512,-0.55184704,0.36482674,0.16585453,-0.3660233,-0.14411166,-0.07662975,0.13642019,-0.2233575,-0.41559735,-0.63385326,0.8524878,0.45596465,-0.23100185,0.30367333,-0.22354788,-0.49804363,0.42219293,-0.41088074,-0.22181831,0.3377339,-0.0047969567,-0.18027203,0.28884268,-0.051065423,0.16880332,-0.009577063,-0.14194115,0.57541704,0.066294156,0.34610936,0.8069066,-0.24145836,0.66431075,-0.31611797,-0.30815744,0.10365285,-0.2610876,0.1162338,-0.070313156,0.24210384,-0.014613237,-0.08043489,-0.08837414,-0.3511197,0.28341717,-0.035165817,-0.10065557,-0.066331685,-0.16979222,0.07980419,0.061336108,0.19916016,0.28778052,-0.01252162,0.6906192,-0.007641052,-0.37697083,0.07391453,0.24438795,0.2699939,-0.11286015,-1.0857422,0.14159067,-0.28257373,0.38182822,0.44866773,0.25867397,0.4215802,0.24163283,0.041713584,-0.086927295,-0.1950243,0.32228112,0.23334527,0.15640324,0.1252112,0.17028889,-0.42313015,-0.02238321,0.5115351,-0.3627721,0.28721687
OAS1_0014,-0.71801716,-0.29484254,0.5233294,0.009363386,0.61637336,0.32304955,0.102297425,-0.39560875,0.0909734,-0.70221895,0.69845587,0.0197896,-0.29990876,-0.12850206,0.3083585,-0.35441735,0.10545553,0.8849009,-0.15627214,0.65057665,-0.5244805,0.02906838,0.4271752,0.38357466,-0.7812419,-0.46856132,0.51335365,0.35969746,0.26661876,-0.08960484,0.1167142,0.25405952,-0.90167654,0.2835981,0.07443057,-0.28177693,-0.1857152,-0.15389763,-0.38106942,-0.25808915,-0.19339953,-0.12139652,0.541752,0.1563068,-0.18653883,-0.29220396,0.57199776,0.36017248,0.07767435,0.17032053,-0.30370706,0.117689766,-0.3261227,-0.24494213,0.46887082,-0.053847566,-0.14762257,-0.393065,-0.04370083,0.15566598,0.20923129,0.4949136,0.011769391,0.033978507,0.037285548,0.13412787,-0.27764836,0.21294488,0.41497517,-0.1544064,0.30463082,0.33521283,0.11378704,0.25687417,0.043404337,0.21409349,-0.34885895,-0.32349128,-0.03486402,0.30612874,-0.5098509,-0.0014443964,0.075847864,-0.115104206,-0.31549138,0.018924117,0.038504995,0.24896513,-0.04325285,0.2631872,0.0045036767,-0.22872232,-0.36315078,0.25955278,-0.10191358,-0.16611771,0.16716601,0.5181888,-0.0018092161,-0.43699446,-0.018637082,-1.0503397,-0.09221523,-0.56039375,-0.46634385,-0.38816938,0.29480872,0.01786174,0.22360604,0.34949574
OAS1_0015,1.6610417,-0.21106683,-0.7059973,0.37200904,-0.32019493,0.05962933,-0.36486802,-0.7664899,-0.3382879,0.9530901,0.36277476,0.1564376,0.12043898,0.0374896,-0.3801389,-0.21626806,-0.08209356,0.7827129,-0.2867143,0.380294,-0.5648366,0.6662695,0.24917358,0.43840972,0.2416144,-0.19606744,0.09246649,0.42463037,-0.29542923,0.34836861,0.3196276,0.21167101,0.74032074,-0.80637,-0.6135878,0.61949134,0.22618407,-0.20288083,-0.411057,0.028925907,-0.19531251,-0.51131564,0.41782302,0.012886157,0.075024165,-0.81495374,0.32141164,-0.2161826,-0.5369551,2.3902528e-06,0.3326139,0.06698951,-0.2741301,0.065848425,0.52429575,-0.48922485,-0.024259478,0.26239327,-0.3646376,0.1926203,0.0954842,-0.0910912,-0.40510297,0.10002843,-0.770046,0.2650395,0.011712098,-0.3132664,-0.16708174,-0.0046576993,-0.21315612,-0.3575427,-0.10215531,-0.08124435,0.32273734,0.7290782,0.14396688,0.3106642,-0.14329189,-0.033032358,-0.45540175,0.060724128,-0.22547594,0.45454353,0.12360666,-0.11691719,-0.09970499,-0.031990487,-0.2686497,0.15046507,0.36915115,0.28703767,-0.12408429,-0.11953401,0.49172962,0.021714872,-0.023154795,0.033647984,0.30035397,0.3771118,-0.2358402,-0.30491173,0.3588103,0.061521363,0.1238676,-0.035013188,-0.35290658,0.4477086,0.04624647,0.11421843
OAS1_0016,1.2214104,0.07538097,0.11704233,0.11198673,0.77972555,0.61985606,0.24032417,0.28026003,0.40207714,0.37916315,-0.36244357,-0.25201145,-0.3338215,0.11572144,-0.12277371,-0.32580915,0.4499634,0.33743042,0.41404814,0.27262005,-0.0061251004,-0.6598804,-0.29280823,-0.36662874,0.2727491,-0.42947653,-0.5654757,-0.04995227,0.7066431,0.46153775,0.2099233,-0.35947677,-0.34772155,-0.261681,0.43116593,0.545522,-0.6758734,-0.035355877,-0.7669604,0.013460259,-0.29753447,0.27513695,0.6025431,-0.21204425,0.87724435,-0.04214534,-0.060974818,0.22893699,0.063958555,0.32786867,0.20203184,0.22730488,0.042065542,0.050051454,0.021463571,0.43573505,0.27910054,0.05294795,0.16917564,-0.0750887,0.037768234,0.20627832,-0.1768951,-0.6808446,-0.3582215,-0.06515809,-0.37717298,-0.44777316,-0.33788994,0.22573562,0.10272961,-0.07342182,-0.17116392,0.17289102,-0.17912272,0.2319239,-0.12396072,0.12539224,-0.21547908,-0.47027603,-0.094850026,0.27845234,-0.018347591,-0.40483132,0.2848348,-0.48030138,0.4021929,-0.14909622,0.6435725,0.7093556,0.31301332,0.28992793,-0.2138035,0.31937483,0.11107637,0.039460022,-0.26596278,0.039075993,0.2875458,-0.16343369,-0.06583671,0.1943196,0.13129187,-0.02424263,0.014386832,0.50287026,0.20862313,-0.6290911,-0.38945636,-0.057501856
OAS1_0017,-0.45120034,0.13645996,0.17623718,-0.12871327,0.8447729,0.43671212,-0.166468,0.62556595,-0.18153681,-0.16699158,0.17771271,0.29924926,0.41858515,-0.31695175,0.0037853732,0.14448941,-0.11063099,0.42786145,0.3567356,0.58856636,0.22321206,0.6595072,0.06952825,0.47219875,-0.4003573,0.19850352,-0.12600483,-0.17615034,-0.35719302,0.46873513,0.013971261,1.0468391,-0.13387865,-0.014142613,0.44335234,0.37183043,-0.033588484,-0.3232092,0.20721215,0.4031687,0.33277428,0.42472196,-0.29070354,0.43999204,-0.040022247,-0.1755168,0.30429098,-0.14665109,0.12392339,-0.6648129,-0.14179763,0.036829617,0.069267824,-0.3400392,-0.076650985,-0.08260527,-0.51077735,0.49966276,-0.16329369,0.034020077,-0.35834223,0.13814582,0.20769575,0.009704514,0.1877369,0.27197078,-0.22044507,0.31477523,0.19419906,0.25631082,0.046345137,-0.09817411,-0.122633755,0.00803588,0.07584941,-0.37032777,0.05362998,-0.01122109,0.007174129,-0.28274274,-0.093153186,-0.13023709,0.33997485,0.2168586,-0.15788727,0.18314525,0.13109338,-0.050206378,0.075887136,-0.046720464,0.21810843,0.4966667,0.06296758,-0.35334197,0.49377406,-0.057519954,-0.11484104,0.21139012,0.1538962,-0.36566776,-0.2727812,0.11961858,0.09559012,-0.07622033,0.44577664,0.78472257,0.157647,-0.16952121,0.4858439,0.21379536
OAS1_0018,-0.58543676,-0.2404373,-0.6757521,0.55109054,0.3029987,-0.31612784,-0.5108907,-0.33867115,0.39554515,-0.104697034,1.0644199,-0.094592504,0.6497911,0.5511886,0.21409044,0.12644279,-0.15904349,0.007834254,-0.24905325,-0.53800195,-0.44916967,-0.16365574,0.5691658,-0.24781619,-0.2879306,-0.007946341,-0.7580711,0.7689864,0.25080603,0.1307769,-0.036353074,0.8301043,0.09636585,0.30222797,0.5930557,-0.43239918,-0.05171885,-0.15225837,-0.194778,0.04643477,0.18536319,-0.064078055,0.4722795,0.18374072,-0.04030859,-0.11083885,0.27564356,-0.2568195,-0.170171,0.4460495,0.2601518,0.2367449,-0.018023746,0.17828868,-0.6498666,-0.13528425,-0.27896607,0.21554826,-0.036829233,0.014512763,-0.08344945,-0.2641833,-0.3847919,0.52767146,0.16327907,0.34097466,0.32733592,-0.21906729,0.24073386,-0.1405958,0.036688183,0.30285862,0.1360179,0.5836773,-0.12922753,-0.009971274,-0.20637028,-0.6928598,0.2683556,0.65192705,0.66491854,0.32920575,-0.29457524,0.44468722,0.14502399,0.046944387,-0.113111705,0.4370559,0.02640427,0.07365397,0.12821212,-0.6293428,0.3479792,-0.11101636,-0.028945718,0.08537882,-0.34597498,0.37946513,-0.4897992,-0.06858563,0.0075229285,-0.07660358,-0.044897165,-0.020253323,-0.061866786,0.41048807,0.3795746,-0.23859042,-0.014950188,0.043872382
OAS1_0019,1.7128932,-0.18084054,0.7300744,-0.23782155,0.115060516,0.17403255,0.29848114,0.29590476,0.89714897,-0.18447866,0.61562866,0.824027,-0.9237357,0.1646866,0.07004451,-0.32321483,0.4133005,-0.014311712,0.41662103,0.06658066,0.4569917,-0.13606149,-0.005121508,0.30649143,-0.26341832,-0.10164991,0.13468242,0.32835647,0.6295696,-0.23581311,0.2306257,0.58629155,0.2741233,0.13838647,-0.2323529,0.0137719335,0.6892953,0.13368426,0.47766277,0.13402446,-0.12783158,0.2099682,0.31703305,0.25757053,0.38098806,-0.51792234,-0.28752226,0.32232395,-0.46474957,-0.0654909,-0.22349171,0.040366605,0.067958124,0.27651688,-0.056499735,0.42270786,0.29991168,-0.4565824,0.060597774,-0.38821507,0.55206645,0.34253913,-0.08076197,-0.21017069,-0.10110255,0.14080453,0.69213766,0.08899985,-0.23933513,-0.03891249,-0.34156042,-0.33370724,0.74572396,0.18349782,-0.24499233,0.28863683,-0.55149555,-0.24677739,0.14620832,-0.0803398,-0.13103582,0.03805285,-0.42467725,-0.55730546,0.40196428,-0.07309687,-0.5755447,-0.50424474,-0.3134189,0.13423267,-0.40759268,-0.5237835,-0.7207193,0.1859517,0.08188933,0.3895642,-0.007233275,-0.08783676,0.22070242,0.4057257,-0.11256956,0.084880054,-0.2425532,-0.34602392,0.41449788,0.035973623,-0.19239865,0.40933335,-0.22517303,0.4214526
OAS1_0020,0.07062152,0.4707012,-0.3048284,-0.64244133,0.24772698,0.5877381,-0.01253821,-0.033912845,0.4919204,0.20515586,0.3659771,0.7467231,-1.3347876,-0.41349328,0.49976793,-0.4016871,-0.41040957,0.6037603,0.29218253,-0.016839005,-0.46115157,-0.46718433,0.29232392,0.58404696,0.190764,-0.4945046,0.20165016,-0.44668794,-0.12637427,0.5403528,0.21335706,-0.012708518,-0.083117336,-0.010018101,0.87256926,-0.24828903,-0.056010794,-0.013435104,-0.2196951,0.57815194,0.12039439,0.6865326,0.39245987,0.19395906,-0.18910721,0.86899066,-0.5741477,-0.104319386,-0.3864608,0.19014443,-0.5766709,0.011046651,-0.37254474,0.41578355,-0.13198763,-0.26885888,0.5328476,0.5937512,-0.3176317,0.446338,-0.296773,-0.60056555,-0.23631914,-0.544913,-0.3356981,0.5087061,-0.2414644,-0.005062358,-0.27428705,0.117700264,0.106662884,0.07151052,-0.109547675,-0.44831216,-0.22007884,-0.1851875,-0.08994021,0.4967617,-0.30043858,0.57686085,-0.02992799,0.11878274,-0.19869432,0.007236806,0.10535929,0.007965128,-0.17006457,0.40330544,0.03112609,-0.061879292,0.15806286,-0.0078045707,-0.20370296,-0.24598204,-0.17428398,0.12443242,-0.119734555,-0.08607194,-0.14599788,-0.05472935,0.15047859,0.13942432,-0.109703295,0.3465622,0.41727865,-0.34548992,0.36562324,0.58465815,0.14323771,0.046353612
OAS1_0021,2.4691813,-1.5905223,0.14649582,0.7813529,-0.9852019,-0.4818668,-0.7801361,-0.0634268,-0.51436657,-0.00724382,0.08263966,-1.334809,0.063533686,-0.36359042,0.45521563,-0.37439466,-0.14440176,-0.411478,0.008256016,-0.18120968,-0.019227643,-0.87690103,0.09247739,-0.033823244,0.016475437,0.042357735,0.4436702,0.09874154,0.65695435,-0.20672499,0.099994555,-0.45290703,-0.31725794,-0.64884704,0.5543058,0.4480868,0.15078606,-0.8312978,0.06953541,0.0043800026,0.17051996,0.35135493,-0.17259029,-0.7321051,-0.081712775,0.07511762,0.27924666,0.17882453,0.35197145,-0.21322402,-0.78666866,0.74550027,-0.16431108,-0.19921522,0.35264802,0.3858428,-0.0070584477,0.19961977,0.070296645,0.014381093,-0.48571494,0.2148914,-0.2799667,-0.1625974,-0.15431999,-0.08565761,-0.25303128,-0.14658397,-0.06218135,0.18185364,0.3826422,0.021196403,0.021696795,0.06398382,-0.40616298,-0.20809452,0.36691585,0.15970932,-0.84437484,-0.62309176,0.61337334,-0.6896134,-0.2094266,0.104096204,0.37821558,-0.25306764,-0.12031949,-0.25738072,0.22422743,-0.24655485,-0.05011397,0.3647617,-0.1156269,0.36809912,0.20088692,-0.4198564,0.6063336,0.1664831,-0.5857507,0.27338624,0.30270746,-0.23990567,-0.17246614,0.19843459,-0.021423554,-0.614475,0.052397665,-0.08402216,0.4623243,-0.18237445
OAS1_0022,0.10755302,0.5288541,1.1103711,0.5483846,-0.446507,0.10088965,0.20893562,0.6322496,-0.68355995,-0.3579974,-0.025271099,0.1742478,0.15026686,-0.41374388,1.0100114,0.59984607,-0.38111317,-0.16291375,-0.37089735,0.5701704,-0.68805796,-0.4263447,0.0015068088,-0.77638465,0.09879033,0.38775364,-0.15043272,0.008198923,0.08894406,-0.10318247,0.19902824,0.22889258,-0.25451848,0.4005669,-0.49380302,0.2855543,0.051941004,0.31000724,-0.6207691,-0.17272714,-0.27433956,0.33649534,0.16085891,0.039629124,0.09036135,0.8623382,0.5779656,-0.29472673,-0.17556433,-0.43488237,0.8651535,0.3923284,0.24148244,0.005609896,-0.053984627,-0.8859496,0.00404268,-0.47809047,0.2488695,0.2216395,-0.5516622,0.24600677,-0.18806797,0.08121689,-0.2638634,-0.05427776,0.10138834,-0.047598973,-0.45071805,-0.74711895,0.3178796,-0.121687025,0.11733133,-0.08363154,-0.057398025,-0.04592232,0.39509198,-0.269805,-0.06125045,0.22123696,0.12514894,0.47434852,-0.31936452,0.63825744,-0.3533399,0.16972125,-0.1391742,-0.11732759,0.17013597,-0.14967455,-0.4104416,0.16316703,0.10792854,-0.052535605,-0.236825,0.044339202,-0.06759275,-0.48918617,0.31262332,0.36293337,-0.2221231,0.037269406,0.2376123,-0.16450463,-0.09351343,-0.36518428,-0.08831897,0.189089,0.12690103,0.09610495
OAS1_0023,0.9764691,0.18103309,0.33081228,0.22261035,0.18666531,-0.4359888,0.4943677,0.5240463,-0.043413684,0.3047826,-0.07242918,-0.13141496,0.32750976,-0.11331856,-0.69677186,0.8293261,-0.7026528,-0.07333473,-0.3978052,0.15794253,0.75572246,-0.039782107,0.15444134,-0.07188081,-0.7090994,-0.42223975,0.15104383,-0.30533043,-0.5474228,-0.016646795,0.0397196,0.29329017,-0.23809505,0.43499398,-0.39541963,-0.21852349,-0.47456685,-0.1028449,-0.25828996,-0.13421154,0.07175301,-0.07080345,0.44816804,-0.41053116,0.6626943,0.37330276,0.11709937,0.080240116,-0.4688817,0.09725263,-0.2913389,-0.119206116,0.26193285,0.444006,0.42739916,0.28095645,0.09380459,-0.16590455,-0.43772772,0.23882805,0.38212547,-0.083964214,0.381655,0.3598237,0.2822506,0.6156158,-0.31880054,0.27601463,0.43005285,0.87036556,0.16512835,-0.1940743,-0.13345553,0.08870839,-0.29986262,0.1445987,-0.18447639,0.039074138,0.15333904,-0.3207683,-0.06739096,-0.33548036,-0.09296011,-0.49716938,-0.08164802,-0.23786421,-0.17473006,0.32552645,-0.069184445,0.020243749,-0.34197018,0.091314405,-0.36858332,0.21045832,-0.17307842,-0.29173738,0.53140867,-0.08552301,-0.38306808,0.3384004,-0.21696016,0.16351871,0.14040434,0.05455659,0.12173409,-0.27033606,0.3032155,0.28468513,-0.6394851,0.19962469
OAS1_0025,-1.4630729,-0.19791785,-0.6489923,0.56983036,-0.009952729,-0.20205982,-0.354432,0.1000458,-0.7358579,-0.73614323,-0.13768458,0.054766167,-0.43946016,0.2761821,-0.20920603,0.08875291,-0.27730477,0.100415446,0.26337242,0.22873804,-0.25322056,-0.3445102,0.14013204,-0.29983804,0.012032442,0.4715184,0.30264968,0.45761544,-0.5231953,-0.6066707,-0.48127195,-0.042586826,0.099186555,1.0253558,0.3311247,-0.48955417,0.57825,-0.012035251,0.44356832,0.3004374,0.22799417,-0.5781581,-0.72435975,-0.09807053,-0.09046559,-0.4906349,0.076088876,0.14958729,-0.0077359853,-0.13722049,-0.4861894,0.6695611,-0.11141254,0.33599773,-0.10551048,-0.31103823,-0.19927262,0.04750099,-0.16836306,-0.4475416,-0.35085028,0.0072455653,0.1786084,-0.22766252,-0.15015887,-0.041569,0.48389482,0.17820069,0.013263196,0.25868914,-0.0898188,0.08329385,0.03724199,-0.51140594,0.01812172,0.3161166,-0.078577034,-0.09477514,-0.15377206,0.06644248,-0.030298112,-0.013269159,-0.34218848,0.22044542,-0.0659462,-0.15329392,-0.13534153,-0.27071604,0.031621013,0.115599185,-0.44244564,-0.22308616,-0.19726805,-0.03458461,0.0132586695,0.11408548,0.50198644,0.2620366,0.38975903,-0.256227,0.23654053,0.12542765,0.12926616,0.23434305,0.20541808,0.5338285,0.20242414,0.07779014,0.4078172,-0.3588263
OAS1_0026,-0.5257863,0.5115615,0.18941611,0.10602664,-0.2788682,0.3972769,0.38560322,-0.067710556,-0.7670526,0.09541677,0.73754966,0.69447345,0.44979626,-0.08311122,-0.49108997,0.51315707,0.36880538,-0.4648218,-0.38059384,0.27227485,-0.86890286,0.5920471,0.046549037,0.15694025,-0.12993188,-0.0029637187,0.040001858,0.42072836,0.57918894,-0.37913522,0.4243242,-0.0783432,0.17770532,0.37414196,0.34014902,-0.9264816,-0.20915258,-0.60520405,-0.14781941,-0.21452913,-0.33634928,-0.5696782,0.030764408,0.2741653,-0.21070287,0.13157159,-0.7166505,0.40648937,-0.3709448,0.41582173,-0.027275678,0.2203601,-0.14024274,-0.044870287,0.4067037,-0.5695259,0.23916502,-0.52456313,-0.014939824,0.29506394,0.6794407,0.083174445,-0.6328856,0.2809024,0.5479284,0.33541697,0.01954715,0.37102097,0.21790507,-0.42029473,0.04685082,-0.195522,0.3068672,0.2004374,0.21379994,0.23398685,0.117551565,0.48978797,-0.0030112644,-0.32141846,0.56896514,-0.33517164,-0.5392356,-0.07002254,-0.202733,-0.22616369,0.30742317,0.28273326,0.8137364,0.14806174,0.28375027,0.4460279,0.034223426,0.2904928,0.008762938,-0.46530312,0.015080842,-0.09050254,-0.08165683,0.10048024,0.22949664,0.11101307,0.045956567,0.16513944,0.11412564,0.24600044,0.6509424,-0.29294592,-0.31249854,-0.17637584
OAS1_0027,-0.91133505,0.7232855,-0.22706094,1.0785787,-0.84214175,0.19002037,-1.1964433,0.11471362,0.09444101,0.4514375,-0.37127766,-0.030951027,-0.15661547,-0.83251476,-0.14672141,0.6138323,0.12938195,0.48047134,0.13934979,0.18465099,-0.5927722,-0.45027456,-0.2833584,-0.21242735,-0.5646747,0.443361,-0.2500537,0.76216966,-0.6021571,-0.27956995,-0.76866746,-0.45346445,0.49441412,-0.098737895,0.009472098,0.31866616,-0.40245253,-0.3172238,0.40319818,-0.27620393,0.1880266,0.17704052,0.050864756,-0.51504546,-0.6513094,0.21679536,-0.1781164,-0.20860279,0.6478029,-0.07051046,5.1099734e-05,0.4484208,0.040999573,-0.172261,-0.091616005,0.2746128,0.12900402,0.32377723,-0.071665116,0.032024432,0.32688758,0.28971913,-0.6943025,-0.3235643,0.05621945,-0.2823101,-0.017602835,-0.108587645,-0.0060647903,-0.70888823,0.16431855,0.25237787,-0.105934545,-0.605049,-0.13835981,0.009648831,-0.3424096,0.20120153,0.7934189,-0.10725535,0.4004058,0.5186727,0.14249434,0.2721868,-0.015872702,-0.1455119,-0.29547608,0.16735795,0.0747732,-0.18707648,-0.03191901,0.17612624,0.06422085,-0.08370177,-0.22895999,0.009507592,-0.0037835871,0.09429677,-0.33630115,-0.16607596,-0.2611431,0.14879575,0.39719337,0.31284636,-0.030908432,0.071170636,-0.3170416,0.43806317,0.39887848,0.53613627
OAS1_0028,1.3193825,0.34263214,0.90816283,-0.20719208,0.8915148,-0.22939931,-0.28915572,-0.65316284,0.3956022,0.12260235,-0.17728004,-0.52841985,0.04881515,-0.35633075,-0.069844864,0.09107883,0.3397654,-0.3950972,0.42153373,-0.06292747,-0.30380762,-0.6131658,-0.11713268,-0.3135757,0.41943437,0.70662177,0.287204,-0.2329963,0.040075626,-0.19191073,-0.53204256,0.2635181,-0.42201626,0.5526022,-0.15539023,-0.10126359,0.14044482,0.6105355,0.19318916,0.18369386,-0.4498486,-0.30373147,-0.08999287,0.5075369,-0.14445363,-0.03703998,-0.2119395,0.21750209,-0.30120042,-0.26946664,-0.8204008,0.44351038,0.26246282,-0.00043008753,0.37963867,-0.2308109,0.51789945,0.22251408,-0.03164929,0.12726317,0.20930514,-0.040003065,0.4208144,-0.2833184,0.2583112,-0.7036454,-0.14576256,0.23194447,0.2407906,-0.2768682,-0.44356617,-0.02064247,0.18519829,0.04785878,-0.05220136,0.51988316,-0.070032544,-0.46744117,0.2085848,0.25078073,0.3303851,-0.16772771,-0.15156358,-0.21377274,-0.20141624,-0.017917952,0.17140047,0.2862665,0.15630105,0.10253451,0.3579285,0.13518909,0.43271518,-0.040190056,-0.096668564,0.19012552,-0.5056026,-0.2171965,-0.42990646,-0.2492295,0.2763037,0.5669556,-0.23101509,-0.12667897,0.21686937,-0.022179,0.23259075,0.24375233,-0.0067251152,0.12389111
OAS1_0029,-0.9707349,-0.2234308,-0.13257548,-0.17719468,-0.2442897,0.07669386,-0.66780925,0.2879191,0.7088965,0.44535464,0.017430602,-0.102463976,0.17726526,0.1765532,0.61557585,0.2550328,-0.8514991,0.45084313,-0.40567318,0.31739944,0.2049293,-0.801945,0.39838058,0.21573757,-0.38772136,-0.00257288,-0.02741086,0.8357018,0.52469885,0.42636472,-0.5345596,-0.6532301,-0.4921917,0.54320955,0.25642842,-0.008892356,-0.026838781,0.813826,0.33906513,0.041751895,0.8423148,-0.26793838,-0.22435406,-0.06156096,-0.31304398,0.50475514,0.16467467,0.02352218,0.4076673,-0.031172492,0.11987628,0.35413763,0.12416341,0.0043688114,0.18803693,-0.17631346,0.19241129,-0.28001383,0.15805472,0.1713351,-0.024354931,-0.052078437,-0.0073405015,-0.058515716,0.32146728,-0.3729007,-0.12670487,-0.28532413,0.21883859,-0.15569071,-0.3618717,-0.17226693,-0.3533382,0.16986082,-0.07356748,0.73582935,0.27865294,0.22931746,0.49688038,-0.7075749,-0.61764956,-0.010662056,0.008867569,-0.3146082,-0.31878722,0.07459763,0.24673305,0.3347783,-0.06668314,-0.11634794,-0.015719874,0.18650183,-0.1628925,-0.19469006,0.11234442,-0.4294562,-0.09622224,-0.1775641,0.036312416,-0.52587646,0.005143656,0.23127548,0.18329683,-0.31777662,-0.18254583,-0.5012733,-0.10090128,-0.008447401,-0.27280492,-0.1656161
OAS1_0030,-0.36577427,-0.2056227,-0.31822383,0.10386855,0.72355425,0.19710061,0.03556532,-0.15466277,-0.39721063,-0.103795156,-0.10470607,-0.630158,-0.16398777,-0.07586954,-0.36037454,0.707982,0.76377785,-0.07585404,-0.30593595,0.3717917,0.12658605,-0.48211345,-0.21873753,0.25311765,0.782426,0.046024326,-0.434533,-0.49242792,-0.20491974,-0.22608085,-0.21018776,-0.15888973,-0.8155348,-0.2653004,-0.12383516,0.15228003,0.22991288,-0.25320286,0.54744667,-0.16007107,0.49936017,0.9561908,0.25295657,-0.024578767,-0.22784755,0.2808696,-0.35914683,-0.45448387,0.17042406,0.5496063,0.1733398,-0.21590108,0.12773018,-0.7939186,0.43470848,-0.02059634,-0.09103276,0.028480457,0.3478861,0.10492669,-0.26079866,-0.1679917,-0.27715597,-0.11276154,-0.011104119,-0.065249726,0.022455918,0.54462683,-0.079266235,0.10897773,-0.043883394,-0.25725552,0.53521174,0.04691129,0.060466044,0.27879855,0.08121396,0.52162385,0.17236082,0.79652566,-0.60859966,-0.7253774,0.30044982,-0.30075023,0.044332046,-0.5219651,0.410235,-0.11366879,-0.04659765,0.54163057,-0.060888194,-0.49071187,0.0033326661,0.30145833,-0.11718097,-0.5686795,0.16356714,-0.3422268,0.36358833,0.633124,0.14010835,-0.12017635,0.2343497,-0.35697857,0.22287433,-0.1192346,0.031925455,-0.27710438,-0.14464854,-0.22542942
OAS1_0031,1.7599952,-1.7158504,0.50276864,-0.00074621424,-0.24564528,0.18316722,0.23251565,-0.3697768,-0.30135262,-0.17827676,-0.4356445,-0.5902616,-1.2188078,-0.39144284,0.16652244,-0.5491444,0.11103473,-0.12146963,-0.82250845,0.86330926,0.06211158,-0.1771905,0.23880431,0.37506023,-0.83462435,-0.04160257,-0.21468493,-0.00417937,0.14482501,0.04610927,0.23517507,0.19975887,0.75528306,0.52306306,0.101538934,-0.09893588,-0.233311,0.32198316,0.47760937,-0.650905,0.22707553,0.13597739,0.05538528,-0.2427708,-0.15323055,0.12968403,0.18638487,0.15291232,0.18256485,-0.46765745,-0.17402133,0.2451887,0.2239596,0.58330566,0.14201085,0.53826785,0.1783083,0.3465962,0.23466498,0.22673999,-0.6459415,0.016749948,-0.05819088,0.32847068,-0.4353192,-0.07724151,0.21572413,-0.2046455,-0.20782611,-0.2223569,-0.48243642,0.13026823,-0.66988456,-0.46897006,0.26196647,-0.15809296,0.59705096,-0.50931454,0.03677294,0.32674682,-0.25486422,0.12412774,0.14780864,-0.27400973,0.93923014,-0.49993333,0.62048656,0.2545363,0.54223037,0.0026027705,-0.21627311,-0.15462932,0.22271752,-0.34697893,-0.020544406,0.034015164,-0.07769232,-0.012247451,0.0040466995,0.2659601,-0.2563378,-0.024495188,-0.32691336,-0.28003407,0.23674424,0.18095514,-0.23634504,-0.64306873,-0.09058655,0.1156694
OAS1_0032,1.8278246,0.11754687,0.044957574,-0.14280142,0.520912,-0.24378842,0.8820606,-0.19154888,0.62593573,-0.6050084,0.9217672,0.24489547,0.49048388,0.3165309,0.028891329,0.04857322,-0.2769276,0.0061726887,-0.092924505,-0.20834237,-0.33995658,0.30054972,0.56501424,-0.47876427,-0.3486423,-0.02416729,-0.08412333,-0.15468156,-0.44867092,0.20602733,-0.19250338,-0.3072623,0.48289594,0.090035446,0.08734119,0.33805868,0.42104334,0.15508655,0.10455456,-0.006372235,-0.3336434,-0.113146774,-0.09735439,0.111253634,0.21348871,0.052953333,-0.17208149,-0.22977956,0.058319803,0.14096954,-0.34145358,0.15748554,0.11058977,-0.23121388,-0.067760736,0.21630223,-0.16286922,-0.17723489,0.36382267,-0.45097288,0.1856501,0.25508186,0.03916794,0.26153326,0.3621038,0.064924285,0.14821413,-0.12803394,-0.6152044,0.08760142,0.43561614,0.08857707,0.06712506,-0.020688668,0.4007759,0.3273217,-0.20517986,0.29303735,-0.14097841,-0.28700504,-0.27744445,-0.2039988,-0.056986265,0.49075636,0.20584857,-0.3856931,0.37362283,-0.08907282,-0.26233116,-0.15637192,0.09404628,-0.040562365,-0.21120152,-0.58920133,-0.5390479,0.20818685,-0.4236416,-0.1926412,-0.034430567,0.17890196,0.18800986,-0.10397978,0.24154045,-0.30785072,-0.07255603,0.056871764,0.19041859,-0.18460496,-0.11507135,0.3602986
OAS1_0033,0.55014634,0.6281709,0.19539894,-0.5903971,0.09513795,0.45792863,0.38129738,-0.3048425,-0.7583772,0.042061348,0.33298475,0.40467635,0.24856654,-0.55265015,-0.33559677,-0.16409697,0.36898667,-0.35815555,0.20303655,-0.2670325,-0.2452298,-0.89134663,0.43671945,-0.65326184,0.5680014,0.21281743,-0.010952179,-0.24241379,0.03504523,0.017494861,-0.45725417,-0.6648251,0.21655396,0.34037915,-0.07899399,-0.1858989,0.004670113,0.31358093,0.21014114,-0.42013273,0.42596298,0.025235886,0.4419452,0.19484557,0.21831119,0.28015357,0.55694693,0.15066053,0.2661928,0.0162698,-0.380887,0.6883886,0.2827262,0.20381652,-0.08159113,-0.39323428,0.18585572,-0.33924028,0.18535934,-0.20825633,-0.017599031,0.55241793,-0.3352778,0.1341705,0.14884032,0.4092654,-0.012917158,-0.119483694,0.58872515,0.21494757,0.19397882,-0.074654244,-0.23516437,-0.27603096,-0.19982105,0.004410196,0.21681948,0.10346414,0.59460145,0.31748414,-0.08542847,-0.26721302,0.6985572,-0.26673985,-0.37551922,0.15777765,-0.31594992,0.45483324,-0.444372,-0.34560558,-0.2549768,-0.2230894,-0.16211362,-0.1933147,0.31750977,0.31483743,-0.44424507,-0.066024065,0.058789425,0.048767675,-0.16543622,-0.14605235,-0.16072434,-0.33011743,0.13592775,0.40870777,0.4486393,-0.17825833,0.42443407,0.24203275
OAS1_0034,-1.2191153,0.8186527,0.21948455,0.16155005,-0.18485789,0.71590835,0.57903385,0.036579095,-0.27424863,0.09458915,-0.31523982,-0.080138646,-0.7272535,0.3575762,-0.031877913,0.33725995,-0.047820844,0.14024103,0.39144215,0.7678299,0.46748117,-0.24415472,-0.27316967,-0.13170946,0.16267739,0.42813903,0.26439747,0.008091648,-0.018389624,0.34180036,0.10071688,-0.25556543,0.597053,-0.2070176,-0.17432426,-0.95484835,-0.11147899,-0.45412445,0.07698948,0.16640574,-0.5083067,-0.37179407,0.10632692,0.16494755,0.23791374,0.22840744,0.1181809,-0.08819998,0.120500244,0.30208516,0.1907192,0.2374009,-0.05251831,0.23937383,0.38508844,-0.23744228,-0.31302586,0.20738403,0.24774191,-0.30456907,0.15932623,-0.11053836,-0.36247802,-0.077105746,-0.1847005,0.69922686,-0.18655041,0.17697065,0.097733825,-0.29027766,-0.43121567,0.11628176,-0.3054207,-0.23140797,-0.528163,0.19516873,0.4020126,0.2767699,-0.545696,-0.06761071,-0.36587125,0.037102703,-0.11142625,-0.20355378,-0.1437856,-0.13835114,-0.34693247,-0.29639307,0.14834943,0.15509255,0.1115274,0.08865541,-0.28472158,-0.06361699,-0.005267033,0.48553112,-0.07760678,0.11451939,0.06676719,-0.12878546,-0.13398954,-0.10027031,-0.5509125,0.5362547,0.31730792,-0.1182433,-0.6031644,0.3520565,-0.2579796,-0.22464298
OAS1_0035,1.6719953,0.36534843,0.336839,-1.2308809,-0.9544671,0.22535509,0.22041605,-0.039525807,0.59913665,0.118950106,-0.1385126,-0.25997224,0.09925791,-0.1426858,-0.0600308,0.58898854,0.11997,-0.14975812,0.039805304,0.10625552,-0.8443261,0.2761351,-0.14366442,-0.13034138,0.18841098,0.2968578,-0.024876254,-0.28443298,0.28690565,-0.111320466,0.075910635,0.09402336,-0.3060091,0.46176356,-0.32962015,0.53706956,0.059678484,-0.33966807,0.17808722,-0.19004017,0.39518395,-0.24393086,0.45397645,-0.046124116,-0.38454494,0.102033496,-0.4645733,-0.16801934,0.16531293,-0.12988743,-0.06742637,0.24842724,-0.5898039,0.39017874,-0.038210984,-0.052334987,0.1114106,0.10852268,0.18563206,0.19681574,-0.248508,0.3466004,-0.026162172,-0.13181981,0.30645964,0.051680498,-0.08696298,-0.004646567,-0.2274147,-0.21703072,0.124165714,0.027120149,0.16291635,0.25461802,-0.10886953,0.08981742,0.05160602,0.36132047,-0.01768125,0.07086373,-0.0045127575,0.36354643,-0.3297632,-0.4640555,-0.44963622,-0.5760549,0.42817518,0.048013628,-0.22632754,-0.34381634,0.2928086,0.045745015,-0.03448253,-0.14609332,0.158743,-0.2825903,0.6230963,0.62846637,0.11723512,0.19417807,0.19683208,0.3793892,0.0018087517,-0.20302758,0.46887222,-0.0381939,0.07123067,0.40293813,0.046578858,-0.16344249
OAS1_0037,-0.533677,-0.01860693,-1.0059776,-0.14907548,0.34156322,0.47749114,-0.1039634,-0.7108118,0.451132,-0.21523643,0.81066483,-0.09175215,-0.18422002,-0.5635465,0.33436123,0.058401514,-0.4023122,-0.24179372,0.69622743,0.17402628,-0.24206361,-0.71004933,0.15736713,0.1714911,0.10027303,-0.04924181,0.835053,0.45831984,0.35516167,0.7051484,-0.35731858,-0.5699213,-0.15945941,-0.14400972,0.26856503,-0.27635714,0.0049255365,-0.45357603,0.5001762,0.035469264,-0.16613364,-0.61917824,-0.633125,-0.17400476,0.017243346,0.052628584,-0.11818578,0.40831524,0.22014292,-0.02160682,-0.22893044,-0.5616991,-0.359617,0.2873258,0.1893826,-0.15650019,0.35813415,0.35058782,-0.3845395,0.4575333,-0.33948657,0.802797,0.22619838,0.020584485,0.18527459,-0.084402926,0.4942373,-0.41913834,-0.03116464,0.35062116,0.33204636,-0.429506,-0.34737998,-0.27509347,-0.02668971,-0.09135079,-0.38314188,0.28904134,-0.066468686,-0.19245337,0.20892438,-0.31517228,-0.6059695,0.12516156,-0.16329122,-0.3844333,0.0042686234,-0.027876887,0.10778734,-0.030458258,0.3994401,0.15408024,-0.4787502,0.2592696,-0.18601426,0.4272363,-0.010269933,-0.7433315,-0.3607834,0.012720983,-0.16470867,-0.067394465,-0.07789457,-0.099342965,-0.27999863,0.07621823,0.34122503,-0.374398,0.052580792,-0.5638061
OAS1_0038,-0.83839756,0.5420476,0.02316786,0.5538515,0.1873698,0.91718537,0.42072582,0.91681445,-0.3214279,-0.033177223,0.4169679,-0.4954667,-0.043238215,0.38071746,-0.4506038,0.057187732,-0.15243717,0.3318826,0.09520565,-0.23075143,-0.18062231,-0.40528464,0.3200932,-0.49799994,-0.5589236,-0.5864755,-0.31624797,-0.5823599,0.2223242,0.21163164,-0.54739106,0.100249335,-0.03493591,-0.42710805,-0.0079895975,-0.22650272,0.5204512,-0.5718018,-0.4245416,0.39673656,0.41098866,0.2744644,0.39058325,-0.19580095,-0.570891,-0.2613972,0.36807734,0.3592005,0.5865183,-0.07770067,-0.21198787,0.15857674,-0.46650907,0.3514451,-0.06972287,0.4775876,-0.29845777,0.3420445,-0.15685351,0.48921546,-0.0007543804,0.13529344,-0.030963788,0.40315235,-0.53551644,0.08772747,0.051004045,-0.15412709,-0.17132433,-0.4114417,0.14206167,-0.484178,-0.33502617,0.2772869,-0.2460032,-0.48002315,-0.028701274,0.5089209,-0.203085,-0.091932505,0.051202744,-0.23163141,0.4469736,-0.090895265,0.30664405,0.0045035253,-0.089082785,0.29190284,-0.14385313,-0.22897749,-0.009993472,0.4575948,-0.23497294,0.15674399,0.40648866,-0.0041182428,0.36749047,0.08276411,-0.029054666,-0.13661927,-0.14041318,-0.010832317,-0.37408078,0.44536367,-0.08209011,0.22775836,0.03729388,0.5359794,0.44807142,-0.12035769
OAS1_0039,1.9140424,-1.3082193,-0.76758385,-0.089104034,-0.48136836,-0.25774556,0.56783247,-0.25175995,0.07817371,-0.17468634,0.15890335,0.2878902,-0.2882601,-0.22045755,-0.74053323,-0.14701666,0.3698323,-0.01761581,-0.060510706,0.1150218,0.4433584,0.04383776,-0.33041325,0.27085263,-0.94019395,-0.4389345,0.77901316,-0.020151602,-0.15843019,0.17573668,-0.55042243,0.14468463,-0.49628875,0.58586603,0.48308995,-0.29375336,-0.43870845,-0.18367976,-0.018456433,-0.2884359,-0.24580745,-0.1542696,-0.7204497,0.50123507,-0.35723054,-0.073717944,0.018480312,0.47951567,-0.4582347,0.3155799,0.5156736,-0.21804129,-0.15485029,0.1716128,0.17349407,0.019322129,-0.46687952,-0.21235436,-0.15464136,-0.6052958,-0.44720474,-0.22409979,-0.47920617,0.6057219,-0.14690545,0.28363442,0.040166724,-0.17862079,-0.22278892,-0.014799702,-0.009145775,0.1111913,0.12116347,-0.27225366,0.5244549,-0.1661767,0.094366744,-0.13756894,-0.21595465,-0.28798088,0.08812787,0.06315975,-0.18878499,-0.5625753,-0.2695563,0.43900672,0.20333925,0.07565185,0.35585684,0.061023556,-0.12583064,-0.17748399,0.38357756,-0.17313,-0.4862823,-0.02250791,0.39430946,0.3493179,0.32298037,-0.115998745,0.05485593,0.28192264,-0.05164339,0.0284509,0.43725607,0.38681972,-0.10758594,-0.51956487,0.55842686,0.03384785
OAS1_0040,-0.7531209,-0.40007192,0.889391,-1.0440022,0.01966322,-0.5592453,1.0590268,0.1796355,0.1305468,-0.007916142,0.031609062,-0.3832074,0.53420633,0.18766092,-0.22016035,0.16370282,-0.16523172,0.21060316,-0.034745038,0.27743724,-0.42720914,-0.16117677,0.08936686,-0.025492132,0.12080795,0.11084949,0.3901727,0.3972935,-0.08841962,0.8977349,-0.35748184,-0.2545598,0.51376927,-0.88714665,0.11783766,0.15264426,0.5452556,-0.07436805,-0.54336274,0.22254576,-0.19662702,0.3046188,-0.10596196,-0.025633346,-0.20189802,0.47308138,0.29157105,0.41707826,-0.24631356,0.18286176,-0.20118345,-1.0738746,0.34247637,-0.639388,-0.0760403,-0.55446315,0.47809938,-0.040933028,-0.006864353,-0.24576284,0.28776917,0.16089825,-0.08316511,-0.05092897,0.2548348,-0.19934885,-0.33665064,-0.19726543,0.34023207,0.527731,-0.4193257,-0.087686606,0.25659952,-0.12023101,-0.22402589,-0.39074603,-0.1958089,-0.59632933,-0.29415855,0.4066482,0.031549845,0.018800672,0.079180524,0.237942,-0.012195637,0.021418829,0.6014488,0.27259612,-0.088292964,0.07630788,0.11472536,0.34013653,-0.03614123,-0.032021716,0.13463983,-0.088093065,-0.41043714,0.048329875,-0.1438474,0.072639175,0.28343928,-0.23770604,0.2105191,-0.24728732,-0.0068934555,0.63536245,0.28812665,0.14165355,0.011744106,0.17661409
OAS1_0041,1.6073755,0.6301475,-0.087720335,0.68480915,0.04404779,0.13674979,0.077615425,-0.13781998,0.11391322,0.6624047,0.36061168,-0.26957017,0.34809694,0.23020367,0.10682972,0.30733302,-0.09458595,0.2010091,-0.22569151,0.6085104,-0.18280317,-0.04183355,-0.5521086,0.31420127,-0.22188294,-0.3884862,0.86974996,0.6330298,0.26479706,-0.35882273,0.4016851,-0.21665366,0.02719341,-0.17388596,0.24022906,0.5087965,0.08324156,-0.3569253,0.6529597,-0.047759295,0.14566062,-0.20051196,0.0007058285,0.24508014,0.17528963,0.0043704305,0.21793598,-0.050474253,-0.06726762,0.04040956,0.4370671,-0.24882719,0.20202342,-0.20348158,-0.61789423,0.1435885,0.37645817,-0.16505226,-0.3782269,-0.047314573,0.21637581,-0.14726421,0.54532284,0.00839779,-0.44971073,0.06614975,0.1935783,-0.3735737,-0.29339078,0.15875058,0.01071154,-0.5323718,0.21048939,0.68582255,0.13771553,-0.78682154,-0.25588334,0.010997393,-0.2452316,-0.12280182,-0.1240186,0.29445907,-0.14796187,-0.084876016,-0.48246714,-0.2361329,-0.17657505,-0.21703513,0.05389511,-0.1892311,-0.19964147,-0.058025546,-0.31235537,0.1314313,-0.21469261,-0.061796308,-0.18043031,0.032722548,0.37246543,-0.44542906,-0.18062733,-0.04837741,0.23059285,-0.29721165,0.12464224,-0.13454847,0.08164916,-0.24401033,0.055719808,-0.16169406
OAS1_0042,1.0500243,0.7565068,0.42164382,0.22041418,0.011221225,0.10405944,0.50648576,-0.45464748,-0.48542362,0.12370014,0.25691655,0.42856216,-0.29113257,0.54873186,0.53499866,0.12296861,0.008588896,-0.12075554,0.7669894,-0.35146654,0.4384243,0.08813928,-0.3967541,0.28683996,0.33881158,-0.075975634,-0.43162948,-0.13407704,0.2626126,0.015659746,0.8897021,-0.45393103,-0.40728456,-0.25092393,-0.33306697,0.35939842,0.26123857,0.51219076,0.12522595,-0.16043305,0.10319308,-0.24601276,0.24674287,0.116352044,0.18438666,-0.030217191,0.3719754,0.2588204,0.39319935,0.4409406,0.27559415,0.14889869,0.17466006,0.5407108,-0.2027746,0.42736176,0.0053823325,0.4231332,-0.68784624,0.5409262,-0.4078185,-0.12050273,0.043863505,-0.26711723,0.15080863,0.34056297,0.18869102,-0.12769958,0.2774233,0.3761405,0.17106186,0.2128415,0.27342448,0.16535434,0.29634088,-0.13709277,-0.09264961,-0.6975018,0.3690596,-0.15710017,-0.27197462,-0.39240012,-0.5387995,0.2587895,0.15801589,-0.19304636,0.012455123,-0.079729095,0.2765998,-0.67836314,-0.10712074,-0.45332298,-0.073037244,0.15885581,0.059315592,-0.7219964,-0.0476058,0.04941366,0.29810902,-0.30937862,0.37058762,-0.024586892,-0.12111835,0.08798512,0.5152765,0.44157305,0.080489196,0.26534745,-0.2770952,0.105054975
OAS1_0043,-1.0109031,-0.15557672,-0.17979951,0.78580016,-0.35071197,0.06295224,0.35067979,0.7035356,0.50215775,0.24918748,-0.35927403,-0.7850301,-0.08744294,0.16626383,-0.15701012,-0.3960127,0.19255202,0.1207103,0.60776913,-0.77244776,0.17032172,0.11154497,0.37087488,0.13367805,0.40560964,0.038564835,-0.4021967,-0.12977792,0.02251766,0.12650135,-0.4788875,-0.48916045,0.1698258,-0.5120537,0.12909563,-0.25931063,-0.088400446,0.39784917,0.50905865,0.14948231,0.46733445,-0.07403935,-0.20598412,0.11430746,-0.17065181,-0.33951962,0.6466046,0.3370805,-0.26012924,-0.08637327,0.033852458,0.9102338,0.15652001,0.18289492,-0.012482107,-0.47051552,0.15107542,0.6998188,-0.30360374,-0.21879746,0.18042342,0.60942,0.0080967145,0.33520982,0.06335914,-0.097691804,-0.14240558,0.32636192,0.035360146,-0.31524196,0.63730097,-0.039057355,-0.15007089,-0.047239047,-0.16103496,0.10857479,0.2274586,-0.008631108,0.3653769,-0.19100241,0.33883986,0.0015777958,0.11403133,-0.046880584,0.01955308,-0.67841136,0.0034604408,-0.44273502,-0.07254593,-0.04360967,-0.22888018,0.1253556,0.2967736,-0.4741899,0.0142112635,0.46471342,0.65717274,-0.0011087063,-0.096709356,-0.13710333,-0.66810286,0.29029122,-0.23161726,0.56304795,-0.014512412,0.071871415,0.27000943,0.35537255,0.12034637,0.01552209
OAS1_0044,-1.230468,-0.33432585,0.21019621,0.8948855,-0.40514582,0.106217615,-0.99919724,-0.3105149,0.17361842,0.13076137,-0.7598249,0.103910044,0.6450129,0.5172417,0.064761594,0.043048084,0.43514818,-0.14343707,0.86805844,-0.38246983,-0.05878132,-0.21232139,-0.12597525,1.1599061,0.5752022,0.2862931,-0.24686912,0.511307,-0.20017093,0.25903377,-0.4163292,0.34289747,0.20319262,-0.36834136,-0.20373264,0.644496,-0.098452926,0.042721864,-0.22705619,-0.20956548,-0.44692823,0.12582996,-0.19259244,-0.14545575,0.22866878,0.5152456,0.35375237,0.052313134,-0.2974104,-0.028776735,0.013119366,0.04711329,0.0056023165,-0.008157551,-0.31275815,0.21566865,0.5452899,-0.5028759,-0.16794072,0.26551858,-0.5628808,-0.29833806,0.2502405,0.08719041,0.22664173,-0.06058864,-0.044102907,-0.2580713,0.17310557,0.15786982,-0.01834823,-0.37234896,-0.4934802,0.013958631,0.26519433,0.10696598,0.054315917,0.229512,-0.17402497,0.13117082,0.2710022,-0.32964647,0.06755497,0.0014638298,-0.030536907,0.08804263,-0.20151067,0.12992485,-0.12876786,0.29675007,0.5434296,0.03580036,-0.44834346,-0.5442271,-0.17614353,-0.13015248,-0.114627734,0.22682847,0.017648587,-0.33649358,-0.3624344,-0.78060263,0.081700176,0.08928492,0.019272935,-0.24871413,0.15107718,-0.23452593,-0.1556893,-0.16796158
OAS1_0045,-1.3440533,-0.63421106,0.097340204,0.1706584,0.40339938,-0.2808022,0.27757302,0.27782783,-0.092788465,-0.18110673,-0.2529512,0.46114793,0.1838128,-0.38973045,-0.20376226,0.0065244692,0.27821368,0.36578616,-0.37014282,-0.22792634,-0.063070536,0.18048303,0.7953532,0.7689048,0.18184139,0.19968878,-0.34365982,-0.09940891,-0.12987585,0.34654287,-0.110677354,0.22492564,0.45948392,-0.21243021,-0.18336533,0.4631656,-0.8087736,0.57331574,0.11581083,-0.28667957,-0.3263597,0.30318195,-1.04361,0.26027146,-0.04513574,-0.17454559,0.51160467,0.26367047,-0.011242081,-0.11283298,-0.009447054,0.2421497,0.25897026,0.1330024,-0.21778183,0.34381735,0.21763627,-0.52519387,0.28169295,-0.24351424,0.2889826,-0.35698983,-0.3675183,-0.031884093,0.27970675,-0.029443098,-0.102213204,0.18102437,-0.48177323,0.38319677,0.27922252,-0.027876526,-0.29350236,0.39817265,-0.35025674,0.15040259,0.0065023983,-0.24570787,-0.31217858,-0.1205078,-0.11258316,0.015301531,-0.45135257,-0.92599446,0.0036625655,-0.314194,-0.635079,-0.077745266,0.3722319,0.30384985,-0.22553623,0.057336837,0.4684615,0.33303785,0.08725273,-0.18124908,0.27174973,-0.077205315,0.19426727,0.43157145,-0.6867371,0.14893799,-0.34846887,-0.13536403,0.20987608,0.20498265,-0.2741744,0.18112591,-0.6026161,0.0034984434
OAS1_0046,-0.5862298,0.89998233,-0.1246976,0.8022402,0.13792129,0.5749746,0.26940498,-0.6226705,0.08920153,0.8264928,-0.59386307,-0.57558423,0.133349,-0.2997475,0.9208179,-0.32705316,-0.37648776,-0.30504063,0.039898407,0.12609577,-0.025994265,0.20205799,-0.41536114,-0.4752262,-0.74053186,-0.091627926,0.45106894,0.024861699,0.33027023,0.2176165,-0.54531413,0.1302868,-0.18848933,-0.17977886,-0.07210336,-0.38588282,0.29476777,0.26878396,-0.44401652,0.24940522,0.3236473,-0.13787198,0.011608439,0.2779297,-0.13523437,0.33933383,0.169505,0.22304605,0.5114143,0.14876209,-0.029239988,-0.5284188,0.111210816,0.29406497,-0.13032904,-0.056062777,-0.5593829,-0.39254487,0.4995793,-0.12448377,-0.40536088,-0.86781067,-0.16394435,-0.051085584,-0.3597796,0.16753624,-0.04557431,0.32660168,-0.037348278,-0.147541,0.24452606,0.11302165,0.31952688,0.08527002,-0.25996888,0.11240646,-0.36621484,-0.5176374,-0.005991648,-0.1296955,-0.21697146,-0.10364764,0.46125528,0.20314206,0.17009334,0.16463862,-0.4478104,-0.30885363,0.18936795,0.14016293,-0.051144555,-0.59120715,-0.4760864,-0.34906194,0.20302905,-0.3567014,0.04021954,-0.081067935,-0.07992283,-0.2065607,0.15252346,0.086499766,0.06712778,0.29683653,0.28310794,0.28679955,0.2299295,0.13674484,0.25179127,0.0074779345
OAS1_0047,0.26083338,0.64536947,0.39257506,-0.12004145,0.8466863,0.4364282,-0.45948198,0.27207786,-0.6079359,-0.6700445,0.11226664,0.30936137,-0.17260303,-0.152632,-0.3692494,0.19813178,0.29122618,0.8507276,0.31872404,0.6167344,-0.25150916,0.2068054,-0.19011134,-0.53210366,-0.2982548,-0.4470068,0.102847666,-0.19923581,-0.22438861,-0.40899912,-0.70052534,-0.2062648,0.11193456,0.317856,-0.41638285,-0.19931988,-0.25541443,-0.047743212,0.4234757,-0.7587694,-0.07735835,0.08970916,-0.575272,-0.14981382,0.09500159,-0.07961752,0.03517065,0.0174668,0.34114677,-0.13526253,0.3336101,0.415898,0.26980552,0.23239449,0.27844068,-0.25825918,0.018258633,0.07476385,0.002769205,0.007956737,0.048193805,-0.103492856,-0.47682568,-0.09163001,-0.16502678,0.29156777,-0.2163927,-0.20617981,-0.36772275,0.66909456,0.34908637,0.030163122,-0.046543088,-0.09215558,0.014669743,0.2569659,-0.41754445,-0.71914506,-0.06899495,0.64384264,-0.02646095,-0.15907362,-0.16622595,0.036838565,-0.08537145,-0.23565608,-0.63691086,-0.23048891,-0.1252078,0.230479,-0.040888056,0.32997805,-0.08136001,0.35035232,-0.26583436,0.065606706,-0.20407203,0.21232834,0.31877518,-0.15939605,0.14804801,-0.48165494,0.34565783,0.08683011,-0.07370262,-0.12802203,0.15989462,-0.03905153,-0.21361849,-0.1670584
OAS1_0049,-1.5138615,-0.4638186,0.2678051,0.6224019,-0.28471708,-0.16693719,0.49401218,-0.4402644,-0.43585688,0.3365024,-0.2775256,0.5207659,-0.30750957,-0.015347743,-0.045509066,-0.12728311,0.086229056,-0.18073663,-0.40515468,0.08884077,0.2630659,-0.21050417,0.19982632,-0.3051124,-0.16962841,0.593265,0.04473793,0.078019835,-0.49461332,-0.4609377,-0.025118936,0.299327,0.2770324,-0.12078522,0.11478006,0.42977592,-0.031807072,0.39667842,0.10791935,-0.15032704,0.18080534,-0.35792103,-0.06817726,-0.27857706,-0.33643016,-0.29991803,0.12758863,0.13230234,0.05379221,0.18485649,-0.039851215,-0.342807,-0.51797974,-0.39320543,-0.34394747,-0.07327048,0.3728295,0.87337255,0.45638314,0.1693466,0.2842152,-0.17893803,0.4766942,-0.5242351,0.24165519,0.8860209,0.1588641,-0.4069009,-0.675525,0.09662798,0.020850418,0.1347462,-0.37701,-0.5319102,0.016380725,0.63015085,-0.035080224,0.2863806,0.16670018,0.3012242,0.33500814,-0.70212775,-0.2833708,-0.16866656,-0.10291505,0.4448674,0.009828253,0.38689435,0.25934213,0.030160705,-0.18012325,0.3520893,0.31667516,0.10575103,-0.36069456,0.5819976,0.23455776,0.06364363,-0.031631194,-0.10955816,0.24990052,0.1903589,0.13680048,-0.11044751,0.36986783,0.29909438,-0.27947003,0.41798612,0.20828979,0.03740373
OAS1_0050,-0.70971763,0.0398738,-1.0245156,-0.50348955,0.50579,-0.09462247,-0.4504185,-0.32289848,-0.08507235,1.0133922,-0.67867535,0.5624382,0.022270856,0.42043558,0.374298,-0.10689829,-0.24711208,0.784992,-0.20375952,-0.31838462,0.048566863,-0.6933787,-0.18160318,0.065097146,-0.38847828,-0.63535434,0.2483507,0.12136762,-0.9389001,-0.5136539,0.62620574,-0.5516466,0.007383092,-0.099228896,0.43528986,0.44577628,0.18381825,-0.071154565,-0.25889197,0.10246517,-0.43747026,0.112137675,-0.2884591,0.32370263,-0.2776535,-0.49413154,-0.11110283,0.26645395,0.4867038,0.20451058,0.15817237,0.012261729,0.27089843,-0.5697953,-0.37692234,0.18938065,-0.6865702,-0.4039979,-0.45789352,0.08861643,0.03157889,0.54493934,-0.2561496,0.30290878,-0.037445527,-0.154598,0.69192374,0.4618534,0.29919717,0.043852147,0.219184,0.03079984,-0.54672337,0.2878793,0.5594013,0.1590254,0.0008192565,-0.12759086,-0.22771381,-0.20184146,0.56311536,-0.1522024,0.03715946,0.2715005,-0.27422816,-0.25805297,0.20786802,-0.048030335,-0.07366915,-0.42920002,-0.20533866,-0.20106108,-0.2944872,-0.48831505,-0.26742306,0.44977102,-0.095972806,-0.6564641,0.19017756,-0.284852,-0.08664918,0.23037004,0.35545635,-0.2477046,0.19985911,0.40144727,-0.30655983,-0.32532832,0.29289585,0.72208405
OAS1_0051,-1.2375627,-0.17554012,0.11159338,1.4274657,-0.16410637,0.2886646,-0.2814392,0.24499518,0.79845625,-0.10870602,-0.25799006,0.39070398,-0.00068890315,0.561563,0.30927777,-0.1876664,0.69497,0.5518532,0.501261,-0.049421176,0.14978576,0.20653303,-0.03811511,0.16630474,-0.09153889,0.09869156,0.34190702,0.20479773,-0.14851062,0.28232205,-0.4258358,-0.25216958,-0.2520997,-0.33371043,0.41269463,0.04162749,-0.006799242,0.1946385,-0.56707823,0.5951427,0.24904554,0.110509895,-0.24787155,0.3048895,-0.28903788,-0.3431834,-0.2990524,-0.18454802,-0.6001469,0.1404882,-0.14349894,0.7511303,0.056561977,0.7341019,-0.28425556,0.3551221,0.19961357,0.025047576,-0.07905742,0.29605377,0.35077485,0.15467712,0.034097113,0.08361824,0.2834951,0.48969108,-0.44829264,0.18946537,-0.14331275,-0.18507317,0.6355471,-0.39718089,-0.3741239,0.023180239,0.35633713,0.40688255,0.47257805,-0.49190366,-0.54867643,-0.36834437,0.52548987,-0.20664124,-0.10260175,0.27548698,-0.30524385,-0.53536755,-0.1392905,-0.2095238,-0.5384102,0.048911337,-0.030819215,0.2766409,-0.13822858,0.3298752,-0.46811917,0.03778284,0.058667168,-0.06134129,0.07213059,-0.49450645,0.6190189,0.25030273,-0.3123619,0.17261255,-0.28947434,0.04894729,-0.0887238,-0.48873827,0.07164901,-0.3141771
OAS1_0052,0.88504374,0.5704084,0.3894547,-0.61265355,0.17331484,-0.06676054,1.083915,0.9971937,0.14717418,0.18486463,0.2715025,-0.018288363,-0.7642099,-0.22401623,-0.3096874,-0.12556744,0.45775062,-0.19883153,0.94810784,-0.261096,-0.17629825,0.07893123,-0.16097474,0.20127353,0.019557862,0.18327434,-0.13987662,0.34125,-0.43211076,-0.28469878,-0.06884259,-0.071505114,0.5048612,-0.63297313,0.22711919,0.61230034,0.21566795,0.19887806,0.11083633,-0.4833409,-0.42447937,-0.2284176,-0.19231424,0.557406,0.47334075,0.1473054,0.5176359,0.1987169,0.37522647,0.061676357,-0.1494443,0.6488649,0.5965193,-0.4998311,-0.2935079,0.53613275,0.027842626,-0.14445484,-0.039612588,-0.5738993,-0.11828471,0.13481028,0.32447022,0.3273739,-0.056693647,-0.0935986,0.38639048,-0.45108905,-0.049254283,0.2962228,-0.5262598,-0.6926203,0.23093744,-0.56100565,-0.095040664,0.12364379,0.06386258,-0.16177858,0.12317141,0.2809109,0.2847046,0.16200322,-0.037941348,0.29002285,-0.04161027,-0.37265664,0.12487837,0.39253962,0.09708728,0.15669389,0.3609601,0.2261811,0.154063,-0.14207922,0.01289337,-0.07696786,-0.4605516,0.38750404,0.29970023,-0.16993754,-0.29356772,-0.21551444,-0.33117446,0.20562056,0.100147076,-0.39389867,0.018850477,0.26279598,-0.02383757,0.09473173
OAS1_0053,1.1165856,-0.12938336,0.3890353,-0.10444206,-1.0391799,-0.6036979,-0.15104324,0.11048586,0.37030655,-0.65658534,-1.5099704,0.3625763,-0.58272606,0.08717049,0.034624334,0.28829816,-0.0486815,-0.10372144,-0.40066242,-0.2013189,-0.8325261,0.030598268,-0.18609303,0.11712691,0.29902214,-0.42265123,0.42098606,-0.6275116,-0.51713413,0.55234927,0.67695546,0.2874619,-0.38527992,0.7161464,0.28445613,-0.05204001,-0.08928552,-0.60714275,-0.12687583,0.36758035,0.29659188,-0.076704755,0.14762352,-0.3596815,-0.06899386,-0.10544403,0.3666065,0.6551707,-0.39838606,-0.31129017,-0.5231927,-0.45968738,-0.10245029,-0.48912787,-0.10827482,0.6030737,0.23153214,0.3001251,0.019651933,0.6478322,0.20667343,-0.0064145024,-0.06868188,0.941902,0.2179371,0.67763054,-0.17333563,0.07990869,0.057856217,-0.581307,-0.0033750175,0.4462042,-0.19556378,-0.28350216,-0.2018208,0.008904169,0.044062957,0.3951614,0.14046359,-0.34764987,-0.5920376,0.035435062,-0.38426036,-0.16547439,0.10565406,-0.36330554,-0.8469393,-0.25129783,-0.5238514,-0.20515639,0.23952672,-0.12310648,0.38997424,0.21565647,-0.6178722,-0.03884115,-0.3364839,0.73749197,0.4433324,0.42223296,0.3583244,-0.3137619,0.14605719,-0.46484584,-0.118627466,0.5094825,0.03399562,0.20829457,-0.37170526,0.62431735
OAS1_0054,-1.3086871,-1.3806819,-0.32564017,-0.60254705,0.30344146,0.045727223,0.020594869,0.7158105,-0.36643764,0.16386944,-0.6784444,-0.6874457,0.41404003,-0.2988985,0.06347839,0.6509916,0.036308296,0.35037953,-0.037796468,-0.6947502,-0.21559979,-0.028994737,-0.31638002,-0.6427458,-0.47696003,0.06894388,-0.5039776,-0.4705944,-0.02788619,-0.01782594,0.050264046,0.031621743,-0.10474982,-0.0075604934,-0.15326893,0.008153345,0.19120705,0.42191625,-0.44092873,0.6013442,0.5848377,-0.6319778,0.47843552,-0.09983751,0.44893584,0.7085738,-0.3007048,-0.4272717,0.022520404,0.368257,-0.14376919,0.74550074,-0.5850612,-0.0921021,-0.17645806,-0.5953957,-0.25840175,-0.09009444,0.12335521,0.30755228,0.032117695,0.53503704,-0.122263536,0.065448105,-0.4834734,0.20552921,-0.0048281997,0.07951755,-0.29914474,-0.04966615,0.046182375,0.37892127,0.35178566,0.18067718,0.4292746,0.15127042,-0.2176304,0.15345995,-0.24620314,-0.3962762,0.08556848,-0.08468816,-0.46954605,0.013478802,0.14196576,-0.257926,-0.24949518,0.4645538,-0.13357079,-0.47748423,0.2981781,-0.17882365,0.039220847,-0.20553958,0.40646538,-0.080593765,-0.33181873,-0.4179551,0.5982973,0.19317515,0.060186975,0.5908613,-0.3427686,-0.16101323,-0.17847763,0.09500338,0.06580615,0.38646615,0.07064221,-0.31698903
OAS1_0055,-0.8040994,0.3579425,0.44981375,0.26516452,-0.23670968,0.2889564,0.5015604,-0.38373107,0.08322368,-0.31978625,-0.13024327,-0.35769483,0.327348,-0.2286861,-0.16523674,0.21168786,0.122097276,-0.8956218,-0.3290006,-0.53108567,0.3640481,-0.16325414,-0.11723413,-0.17023702,0.10995568,-0.23688386,-0.25156173,0.55797297,0.036094908,0.24502237,0.11599825,-0.23541851,0.014501936,0.55800855,0.7575097,-0.3351855,-0.13858524,-0.33643147,-0.31236362,-0.730961,0.07813112,0.33858564,-0.15105097,0.41956228,-0.12381128,-0.188557,0.008585956,-0.0032749265,0.020480627,-0.47542807,-0.15140165,-0.5768884,-0.4882843,-0.1023499,-0.54383665,-0.041769933,-0.16978648,-0.52927804,-0.5246351,-0.2797412,-0.33580622,0.2765036,-0.040607285,-0.31020182,0.004129936,0.10595167,-0.23144603,0.37330496,-0.15107268,0.060040347,0.44077307,-0.097909,0.40808633,-0.024546852,0.07173116,-0.48214462,0.38298756,0.23701866,0.15207943,0.66937184,-0.05784858,-0.08053114,-0.15723245,0.708514,-0.1291645,0.065672204,0.3973353,-0.23903373,-0.1808669,-0.07945546,-0.0062564192,-0.21598855,-0.26631808,-0.30448014,0.37790743,0.16277233,0.06744991,-0.09044582,0.08274771,0.44274595,0.10008944,-0.28043744,9.430839e-05,0.1670782,0.1837676,-0.70778203,0.0642691,0.5143776,-0.33238563,-0.22833647
OAS1_0056,1.4604894,0.37135074,0.25187695,0.516191,-0.385576,-1.1355574,0.49300048,0.19921969,-0.68497276,0.34497765,0.53884524,0.33824039,-0.9413889,0.02565194,0.079106115,-0.012203718,-0.33303574,-0.5831838,-0.5002,-0.43073663,-0.820705,0.5714651,-0.2955667,0.5983386,-0.14110033,-0.04624398,-0.108146615,0.8100297,0.12155778,0.06807953,-0.89437455,-0.6404216,0.24517448,0.238021,0.86517745,0.4980338,0.026812315,0.26566732,-0.04141019,0.33416685,0.5259421,0.41464663,0.20955564,-0.30488735,-0.107097656,0.21026613,-0.22003318,0.13205111,-0.074344665,0.063423894,0.37322575,-0.14163873,0.6328837,0.14812444,-0.40043402,-0.44964752,-0.40035787,0.4317171,-0.10379018,-0.4225149,-0.3318532,0.18533503,-0.04951881,0.11108424,-0.09605245,-0.33382493,-0.11367325,-0.03428828,-0.54694664,-0.07127113,-0.12902248,0.24793048,-0.4931434,0.36036786,-0.30760446,-0.1613441,-0.04579904,0.26537487,0.109745316,-0.07747918,-0.079504706,0.32432395,-0.028311834,-0.035972945,0.16015513,-0.06840465,-0.16567568,0.0926669,-0.13178778,-0.45882928,-0.20668176,0.6651284,-0.31782848,-0.34228918,0.2241975,-0.4252998,0.13093178,-0.22466679,0.3777167,0.15816155,0.013266474,-0.24856636,-0.27025464,-0.5844972,-0.11193518,0.25637004,-0.36054507,-0.50144976,-0.08846254,-0.17625359
OAS1_0057,-0.65251887,-0.26987055,-0.94369423,-0.46067655,0.5310197,-0.21718453,-0.20016739,0.23473497,0.13334171,0.2858753,0.7326786,0.28156987,0.7883718,0.6360162,-0.11547185,-0.55309695,0.51799047,-0.26546037,0.32675108,0.25249958,0.24794129,-0.21258637,-0.4684072,-0.033523638,0.17684244,-0.063455865,0.34756166,-0.4271877,-0.14283143,0.039854072,-0.7579228,0.654704,0.23260517,0.97170234,0.38995624,0.8471937,0.108267486,0.2839305,0.42589492,0.15583925,-0.172415,-0.30316678,0.9247681,0.21566844,0.6373402,-0.010265296,0.3367937,0.45133725,0.51990086,-0.5931843,-0.10619872,0.16372068,0.5469345,-0.03204476,0.6745656,-0.62729084,-0.22070451,0.4442316,-0.036778614,0.32244477,-0.20989162,-0.6741923,0.35245132,-0.42635354,0.27591333,-0.43036455,-0.5352554,0.03890686,0.5929722,-0.11888998,-0.30301413,-0.05260663,0.3369082,0.049034055,0.038389824,0.06744441,0.23846002,0.15660931,0.20072602,0.14943439,-0.30150628,0.59124315,-0.05439403,0.1866736,-0.11216059,-0.289295,-0.42185766,-0.01892046,0.30967274,0.12628636,-0.22838701,-0.026559537,0.18419051,-0.14587265,-0.35942098,0.09640575,-0.031049617,-0.19276717,-0.32294935,-0.022412458,-0.14529495,-0.10267528,0.29053497,-0.06947923,0.25736052,0.27918518,-0.18553191,0.20311248,-0.051806066,0.10282646
OAS1_0058,-1.2107843,-0.31756318,-0.49269965,-1.0560858,-0.35799575,-0.43671083,-0.3920682,-0.11411937,0.6072906,0.54224926,-0.15247561,0.7400721,0.81447846,-0.5360684,0.8416244,-0.07786434,-0.26912278,-0.6894719,-0.0615332,-0.13892569,0.5083541,-0.5809577,0.38975367,-0.09889663,0.2223116,0.39483675,0.3822755,-0.30634865,0.045726575,0.4124774,0.28481764,0.63135827,0.44958374,0.2358641,-0.026009526,-0.33216047,-0.5870712,0.18827364,0.13570485,-0.6454514,-0.40366706,-0.7682168,0.12688494,0.40675104,-0.18997668,0.66218626,-0.47605968,-0.67823595,-0.051211994,0.5924603,-0.0615104,0.27344373,0.022512719,0.23543744,-0.08376573,0.2750851,-0.4527907,0.29802263,0.012537241,-0.6385777,-0.0676223,-0.071797594,-0.031905793,0.09675428,-0.14183122,-0.37942207,-0.08290822,0.7213811,0.036223173,0.21993849,-0.22070312,0.06777869,-0.18656379,0.15007123,-0.16799527,-0.7961528,0.4220417,-0.19260079,-0.44070408,-0.3847441,0.47153315,0.13613199,0.24190755,-0.27620906,0.031481512,-0.16074276,-0.071940884,-0.11690249,0.04982453,0.33301717,0.032814577,0.100613534,-0.3552162,0.57224965,0.4318773,0.17680849,-0.12293005,-0.21643314,0.32208937,0.25073293,-0.07436808,-0.10675839,0.019597294,0.064194895,-0.16018365,0.37283632,0.22887573,0.5151794,-0.027668223,0.014612051
OAS1_0059,-1.2797518,0.047424622,-0.171139,-0.87670046,-0.38800254,-0.7434803,-0.34966263,0.7501394,-0.3544698,-0.16933736,-0.6014283,0.6782469,0.034914624,0.44428074,-0.33989283,-0.111862384,0.22331566,0.11321583,-0.09651784,0.008121293,0.021733575,-0.06781488,-0.0119223865,-0.08128178,0.30428663,-0.12019177,-0.19259153,-0.039543055,-0.029030414,-0.013392387,0.05373578,0.29722714,0.098910086,0.16444173,0.25494638,0.45376596,0.37845078,-0.64581394,-0.3018278,-0.62521154,-0.28963393,0.73963475,0.24872579,0.048148334,-0.32240802,-0.37421122,-0.22654316,0.3469792,-0.08025966,0.76573956,0.28237858,-0.39497924,0.8985626,-0.26065996,-0.20461628,-0.39926717,0.16744263,0.32750994,0.07322394,0.23782822,0.41059875,0.46398628,-0.13848025,-0.12336601,-0.19342805,-0.16352056,0.2804055,-0.31396553,-0.07258557,0.24501215,0.14160858,0.2844792,0.27906442,-0.11678397,-0.31687725,-0.10873278,0.41389564,0.13261883,-0.566226,0.4325897,-0.2869705,0.2017333,0.34060967,-0.50504285,0.049624458,0.24386278,-0.2317856,0.4068894,0.16502954,0.44934043,-0.22866888,0.117740825,0.11336548,0.14180635,0.22523907,0.19248357,0.4296117,-0.5951229,0.1572659,-0.20598923,-0.44904578,0.0649197,-0.2624274,-0.034406297,-0.036811706,-0.37438396,0.02278672,-0.21188667,0.21524124,0.017026264
OAS1_0060,0.9177239,0.5748704,0.27283585,-0.07128521,1.0355436,-0.6717653,-0.24473464,-0.4188971,0.11750031,0.59125495,0.5367373,-0.9197333,-0.038890537,0.5744656,-0.44949552,-0.030162182,0.41298163,-0.15517934,-0.13610752,0.131755,0.08352206,0.09788959,-0.9391255,-0.2519086,-0.7107846,0.016020445,0.5866876,-0.5228324,-0.29965773,0.9090863,-0.10147031,0.2993892,-0.09011207,0.455858,0.4581806,-0.08518365,0.22673663,-0.26188174,-0.29767066,0.46070096,0.3574369,-0.13150783,-0.34541017,-0.20006317,0.004206514,-0.46420056,0.27131543,0.68676853,-0.19574085,-0.28654203,-0.27582717,0.1883995,0.035069317,-0.35968783,0.46068433,-0.78334683,0.23721209,-0.3964584,-0.24204983,-0.1532177,0.061598975,-0.34262666,-0.6281951,0.051552225,-0.5289005,-0.5649666,-0.2104133,0.0076862862,0.11009363,0.41077542,0.48308492,-0.16534075,-0.053135835,0.19405699,-0.028225603,-0.17043096,0.05759604,-0.100257635,-0.110015586,0.39526755,0.045855936,0.09360454,0.19105808,-0.15101847,-0.15612532,-0.42296943,0.32527763,-0.36824375,-0.29086736,0.13553229,0.52407384,0.26496264,0.18857634,-0.14271788,0.010229791,0.51652706,-0.10817159,0.009448522,-0.24261147,0.08563285,-0.6342667,-0.009478144,0.5280892,-0.1492511,0.18112358,-0.07940078,-0.13191374,-0.20466433,0.06205527,-0.008239312
OAS1_0061,-1.0551082,-0.50100935,0.45237675,0.8520378,0.09410683,0.18300474,0.18825921,-0.2614346,0.60944253,-0.11885323,0.039291095,0.3660708,0.53477633,-0.14825551,0.30966774,-0.14716749,-0.73249066,-0.06350737,0.46869013,0.26512933,-0.6395091,-0.01835812,0.09433761,-0.17740382,0.11455323,0.34896374,-0.6901983,-0.59898025,-0.16945265,-0.19961254,0.636354,-0.45861042,0.43404853,0.73272693,0.1346106,0.21980198,-0.09714105,0.04479961,-0.05844711,0.31634971,-0.19751753,-0.4546753,0.24920298,0.14407283,-0.13926066,-0.51338917,0.25173765,-0.30006784,-0.10211465,-0.35793063,0.44189397,-0.41284147,-0.012895531,0.34900504,-0.2699882,-0.14496431,-0.40639848,-0.0687153,0.1441948,0.13631776,0.17252526,0.31251165,-0.24782111,-0.2161792,0.1472088,-0.019271739,0.0051895566,-0.1947912,0.019644838,0.15277949,0.09270553,0.4117515,0.011354403,-0.38582462,-0.22715998,0.28019965,0.067305766,0.07248053,-0.03847586,0.0942053,0.04088563,0.70707786,-0.014875416,0.339304,0.40715665,-0.325946,0.11193894,-0.23897864,0.39176485,-0.006700611,-0.030312497,0.13247752,0.1798538,0.045849204,-0.2843749,-0.2793408,-0.09963593,0.3490624,0.0321189,0.09346681,0.06501819,-0.043956347,0.05778614,0.011127204,-0.07340246,-0.37559104,0.11583021,-0.14443037,-0.22015563,0.073611476
OAS1_0062,0.87652844,0.065085806,-0.45944932,0.18141277,0.30473262,-0.3757559,-0.30025503,1.204117,0.06785266,0.08676854,-0.22389269,0.6529371,-0.22495118,0.0058187842,-0.40870062,0.8128539,-0.5712094,-0.42305893,-0.018696431,0.29195198,0.2246341,0.031333096,-0.7485433,-0.05367994,0.050848387,-0.13684066,-0.085396156,-0.4531503,0.31063405,0.7354242,0.29137367,-0.26492387,0.12668437,-0.74937004,-0.17922075,0.09836248,0.32982057,0.30186293,-0.38333184,0.1490661,-0.41918364,-0.44858485,-0.42275077,-0.050217338,0.29046792,0.28587493,0.051436193,-0.1406435,0.019075967,-0.13161735,-0.24712211,-0.26775074,0.051444873,0.2059649,-0.24581622,0.26163614,-0.2983646,0.22134271,0.2593735,-0.42168236,-0.044726778,0.42121935,0.27841762,-0.07950512,-0.15662299,-0.4211915,0.17749846,-0.24788882,0.1916102,0.11969729,-0.07463138,-0.284971,-0.5421065,0.07390309,-0.31905106,1.1135781,-0.036542125,-0.17292993,0.2419126,0.34668496,0.22215557,0.29801777,0.3120673,-0.08342789,-0.46460414,-0.0037161282,-0.090251274,-0.19368501,0.14715315,-0.001516611,-0.035399985,-0.5688618,0.29314107,0.24695514,0.07656555,0.032713514,0.10909824,0.13899538,-0.0041983924,0.15254381,0.2535096,-0.10397499,0.34374267,-0.17540652,-0.064896785,-0.2781169,0.041639715,-0.13433969,-0.07566177,-0.033456374
OAS1_0063,-0.7720806,-0.16195583,0.39012182,0.2335673,0.9189011,-0.6132328,0.34398466,-0.40318596,-0.64881885,0.12195957,0.21577574,0.7064884,0.03648179,-0.82733095,-0.103255376,-0.06040736,-0.48726034,0.04262111,-0.31229383,0.38277125,0.071816765,-0.6370019,-0.042985182,-0.16428879,0.13721868,0.296954,0.34506887,0.26479214,0.2687239,0.13888824,-0.4906454,-0.20064797,-0.85331386,-0.2725232,-0.5138476,0.35268205,0.3636665,-0.25406936,-0.41781202,0.12064139,-0.055272534,0.1397938,0.20289071,-0.22907752,-0.4369999,-0.23148149,0.16753517,0.5162486,-0.42837653,0.51197344,-0.1398652,0.09448545,-0.107133456,-0.027525451,-0.33870235,-0.44311684,-0.20609738,0.021004109,0.32493377,0.3055849,0.34633908,-0.27175042,0.03934647,-0.013754034,-0.28704834,-0.12487371,0.30081484,-0.094542734,-0.040326457,0.017493634,0.5790559,-0.27667826,0.34898958,-0.08624339,0.22025482,0.18066518,0.40166545,0.5840308,0.22264308,-0.07785694,0.07777778,0.16740406,0.6293051,0.1542551,-0.4304162,0.37731132,0.08707991,0.3146944,0.27165395,-0.018612769,-0.051405236,0.28870782,-0.073380366,0.12616229,-0.050837558,0.2318036,0.13643844,0.5363444,-0.680069,0.61365724,-0.12717196,0.3818592,-0.3370214,-0.26438043,-0.069630645,0.32532343,-0.11861357,-0.19763477,-0.17623357,0.48669234
OAS1_0064,0.67151064,-0.02097389,-0.44247124,-0.24223623,0.534013,-0.60423577,-0.02410136,-0.73853755,0.18918972,0.27732697,0.09049825,0.884137,-0.09320605,-0.3194425,0.02676727,0.08055453,-0.3181817,-0.5668024,-0.03322121,-0.51349044,0.21415277,0.07487178,-0.5109138,-0.025084756,-0.31538156,1.269329,-0.10434002,0.048129503,-0.17392322,0.15111515,-0.32704172,-0.027701227,0.34208363,-0.026011419,-0.098389365,0.26616293,-0.15005277,-0.053323165,-0.48443636,-0.057145912,-0.16484703,-0.34961587,0.4215796,0.19769025,0.6856829,0.29097247,-0.13933715,-0.28393042,-0.3771077,0.97897077,-0.17931543,-0.15503664,-0.14841545,-0.8118996,-0.42308593,0.83000207,0.3334014,-0.25397345,0.25644806,0.0006309074,0.38929254,-0.05488449,0.33735514,0.38167217,-0.03703907,-0.10971109,0.111355685,0.104364455,-0.47901988,-0.36094207,-0.08586025,0.2689404,0.15370803,0.05348318,-0.28089157,0.22043262,-0.014291196,0.28845596,0.006149638,0.015268057,0.47811434,0.02268595,0.09776979,-0.2423277,0.010877002,0.41182047,0.09153761,-0.17378126,0.88493675,-0.3541063,-0.1703355,0.17910822,-0.13925901,-0.06035088,0.32265556,0.1433874,-0.54065305,0.67095786,0.001953899,-0.11385802,-0.15620188,0.17113689,-0.19299242,-0.07401233,0.25248072,0.034687076,0.03700283,0.28482217,0.07196253,-0.071376085
OAS1_0065,1.6298206,-0.9328659,-0.19877745,0.58821124,0.7196641,-0.25520793,0.8653281,-0.5639724,0.3623673,-0.23724666,-0.56652844,0.41711733,-0.40490878,0.7245651,0.31483647,-0.34633243,0.17953832,0.015050038,-1.053233,-0.13924384,-0.39348447,0.32422295,-0.5123919,0.52086055,-0.38546902,-0.0990064,0.042314854,0.47236782,-0.079803154,-0.14024639,0.20372699,-0.55284256,0.15889369,-0.32804826,0.019278115,0.18756835,0.24099442,-0.111408964,-0.21719354,-0.54479724,0.39189744,0.036763184,0.14274707,-0.05328128,-0.49747473,-0.28782555,-0.75165683,0.63381696,0.5200702,-0.42833653,0.34458375,-0.57283103,-0.056281507,0.09437852,0.15787019,-0.22642647,-0.3443987,0.058429983,-0.078671895,0.1400169,-0.06744582,0.049285635,0.04712783,-0.027647302,0.30567747,-0.56000286,0.12287336,-0.101187415,0.052731443,0.2558852,-0.24145213,-0.06762575,0.120827265,-0.108020924,-0.25465837,-0.2509441,-0.5085469,0.11263669,-0.45206165,0.2873872,0.32004744,0.4123752,-0.03439577,-0.004721832,-0.15023702,0.043078285,-0.072696194,0.1505885,0.180589,-0.13852574,-0.25147623,-0.20853202,0.04151568,0.00421678,0.2291175,0.30809325,-0.0003199915,0.16065611,-0.4249075,-0.022274705,0.59968793,-0.014119533,0.07352918,0.60613465,0.28570247,-0.09060709,0.06047642,0.14672218,-0.07455781,0.006751094
OAS1_0066,-0.21879727,0.037458275,1.1245062,-0.5857573,-0.61096287,-0.6543512,-1.0104935,0.20563702,-0.30672398,0.45059082,0.4087154,0.54341054,-0.5357746,0.23443091,0.4899338,-0.41054296,0.34233168,-0.20776664,0.358699,0.10951362,-0.7967067,-0.894517,0.24403624,-0.02182939,0.011325326,0.121141925,-0.024581142,0.04524131,-0.5662905,-0.3847466,-0.37429622,-0.13631721,0.09065171,0.47680253,-0.25199074,1.0036639,0.24398153,-0.24889846,0.47688287,0.34832364,0.27040553,-0.6667733,-0.3755052,0.17588982,0.16956508,0.52491754,0.034262583,-0.5436513,-0.021188265,-0.24410884,-0.096286595,-0.2744243,-0.61963534,-0.1252796,0.0051122103,0.020027582,0.31536877,-0.26390788,0.20379439,-0.32315612,1.0381812,0.4289106,-0.25604224,-0.01715072,-0.76522845,0.5092369,0.05792702,0.25244293,-0.467403,0.17957656,0.22263204,0.24642055,-0.051559083,0.4675424,-0.3831203,-0.20015529,0.08435891,-0.063012764,-0.33179033,-0.12477825,-0.13510148,-0.31439063,-0.0056277425,-0.3266203,-0.013615933,-0.20509617,-0.117746465,0.0953442,-0.04647979,0.011224794,0.19847147,-0.31182152,0.0031957664,-0.57093704,-0.03099915,-0.042587873,0.32439768,0.008157688,-0.0746352,-0.25097987,-0.27096388,-0.27287582,-0.17675242,-0.16543336,0.10713654,0.14521228,-0.27554804,0.21428345,-0.09529435,-0.10542023
OAS1_0067,0.988593,0.11608226,-0.24282876,0.054693915,-0.24788676,-0.7196993,-0.28630072,0.39899573,-0.5478454,-0.14040463,-0.6531355,-0.16972098,-0.46711943,-0.78614765,0.01581824,0.21865131,0.65779895,0.21883187,0.5539934,-0.5668093,-0.1350709,1.1842034,-0.07466974,-0.15254341,0.38177127,0.18841545,-0.044818148,-0.8430049,-0.72125274,0.8047857,-0.17864673,0.5998415,0.2650299,-0.23441754,0.55075717,-0.49769038,0.3924728,-0.27498075,0.0688116,0.020770818,0.055157546,-0.12674502,-0.3007655,0.020281011,-0.57571894,-0.22775958,0.3280872,-0.43314123,0.5353131,0.3492057,0.8307708,-0.10114186,-0.3195734,0.17567834,-0.12382603,0.09467801,0.56338245,-0.27158037,0.5837171,-0.32544547,0.15480818,-0.014503834,0.080511995,-0.25206873,-0.59837973,-0.44381744,-0.08900254,0.12717718,0.03611673,-0.3438205,0.444373,0.34298217,0.55750376,-0.3999988,0.31823048,0.23058946,-0.10466138,-0.666676,0.016209088,0.021792945,-0.15287499,0.06136979,-0.44832695,-0.38436654,-0.34357217,-0.40563446,0.05346255,0.106870964,0.68127036,-0.4688968,0.22823316,-0.008323664,0.006115666,0.04310228,0.29031968,0.030195767,-0.037568886,-0.14761768,-0.16933678,0.35199767,-0.4256531,-0.32715786,-0.18856604,-0.26670104,-0.44056267,0.0043284316,-0.41976193,-0.31416467,-0.014228627,0.107704245
OAS1_0068,-0.95558125,-0.44137064,0.50784034,0.41871232,-0.23006608,0.34489346,-0.21288301,-0.5620933,0.65901566,-0.039678223,-0.23809111,0.40013683,0.0059321537,-0.35919657,0.59726846,0.85204625,-0.26019645,-0.12241441,0.19480695,-0.011508638,0.13659741,0.116212465,-0.29438144,0.19323954,0.32205,-0.12105436,0.15605539,0.60482925,-0.72220916,0.19646893,0.7854817,-0.17990434,-0.44367042,0.12644668,-0.044907562,0.1694989,-0.1545842,-0.2212176,-0.75076085,-0.112845935,-0.1392677,0.19733833,0.30370396,0.30577993,0.48644537,0.009607911,-0.474176,-0.22944996,-0.36947423,-0.6847538,-0.214627,0.12984206,0.29217803,0.14595583,0.21267936,0.37221617,-0.0816724,-0.10288642,0.40141392,-0.5867868,-0.39387196,-0.1404783,0.17042792,0.07759409,-0.10664386,-0.17611423,0.1775646,0.35005,-0.4783081,0.2167212,0.60827154,-0.17721216,-0.207222,0.23331822,0.35240453,-0.23220946,0.21313469,0.40787488,0.12199406,-0.09676649,-0.7244856,0.034472015,-0.056939773,-0.21850091,0.023206066,-0.03893201,0.6089094,0.44401312,0.025414014,0.1216391,0.7951982,0.36025462,0.7522944,0.062811956,0.3201838,0.030406347,0.14569885,-0.24356052,-0.28089073,0.01094457,-0.3062392,-0.18779558,-0.11784038,0.21002299,0.14198285,0.031656098,0.054405335,0.5191361,-0.25141555,-0.3960701
OAS1_0069,-0.31529683,-0.15907684,0.2252124,-0.571492,-0.031231713,0.46596676,0.33303982,-0.39805108,0.3567488,-0.92624253,0.5535608,-0.6166755,-0.3235955,0.25759435,0.12045563,-0.0582889,0.30307034,0.033468843,-0.059948474,-0.41489157,0.15840393,0.24291216,0.45011917,0.17603046,0.6156585,0.10511054,0.34348315,-0.048584055,-0.12060024,0.61135733,-0.043618374,-0.2827641,0.29531124,-0.86758685,-0.4649775,-0.2585323,-0.62956655,-0.56247604,0.88521695,-0.44880435,0.78226566,0.16879667,0.32185194,0.38680306,0.32314673,-0.015365775,0.053863432,0.08865003,-0.07953945,-0.7134858,0.21903974,0.25619912,-0.35111865,0.086581394,0.18524264,-0.54136527,-0.10185271,0.027949883,-0.8901716,0.10581467,0.17052309,-0.08764612,-0.1851825,0.3943498,-0.014750812,0.25863913,-0.17775658,-0.039707415,0.057708196,-0.4224209,-0.25940552,-0.7358051,0.0979815,-0.04975169,0.47039586,-0.13724406,-0.32773456,-0.16163917,-0.05893376,0.42877766,0.13963665,0.08997686,0.17977326,-0.43292162,-0.010447636,0.52752537,-0.28342703,0.2284,-0.24631983,-0.28551254,-0.41856077,-0.00089729094,0.00086908607,0.3119872,-0.14720753,-0.1914031,-0.013689411,-0.19760852,0.31784335,-0.028264996,-0.12662938,-0.14320572,-0.09610673,-0.3097977,0.07830232,0.38016337,-0.16959277,0.028598178,0.33241755,-0.14953731
OAS1_0070,-0.17373444,1.0410041,0.027513651,-0.8712514,-0.0012437518,0.41393453,0.17955197,-0.04001153,-0.073228225,0.667428,0.010805423,0.40232673,0.14368361,0.58302414,0.290601,0.84436184,-0.3990823,-0.10097985,0.30598179,-0.13850546,-0.27382687,0.06611867,-0.33920476,0.6270551,-0.22974809,-0.08451617,0.5971658,0.1139035,0.66504246,-0.057603836,0.30910265,-0.53954214,0.44458398,0.6049273,0.017507544,0.39059314,-0.47479516,-0.06506103,0.14367239,-0.5004139,-0.18189009,-0.26325554,-0.5782428,0.30768648,-0.4415925,-0.26255903,0.06105789,-0.40729588,-0.39962947,-0.16508944,0.15834466,0.07246854,-0.23492998,0.017317899,0.6761907,-0.100815766,0.3384477,0.14726076,0.082827985,-0.68163073,-0.24280551,-0.080246225,0.4163785,0.046882756,0.04531943,0.25177145,0.2787972,-0.34314302,0.03630997,0.20448892,-0.10610001,0.15320966,-0.19616295,-0.33573622,-0.21164335,-0.28168365,-0.13238387,-0.3650687,-0.6152778,-0.16173665,0.30951267,-1.030815,0.049046677,0.18873368,0.24750796,0.101895,-0.3322828,-0.24019335,0.08761135,-0.50808644,0.22096612,0.13902602,-0.1204706,-0.22859547,-0.33742917,-0.2548841,0.3847021,-0.2235573,-0.09901879,-0.07176129,-0.3136988,0.07593529,0.04945104,0.16782142,-0.25941655,0.2425847,-0.14593744,-0.26797113,-0.55411005,0.18437101
OAS1_0071,-0.099065155,0.6101816,-1.0545778,-0.74927384,-0.0892298,0.44846216,-0.91710424,0.57939804,-0.71019596,-0.41069627,-0.005750582,-0.33805004,-1.1388309,-0.3246081,-0.11146916,0.3515746,0.027707914,-0.32436687,0.09450252,-0.36007765,-0.26781267,-0.16004239,0.1890731,-0.039002307,-0.08346339,-0.0069838185,0.17952341,-0.5490065,-0.46919817,-0.025024071,-0.23867682,0.47084585,0.5230687,-0.29168904,-0.54533285,-0.15462469,-0.44076136,-0.308892,-0.28402996,-0.05321454,0.20354886,0.7239896,0.45121688,-0.11325042,0.49883357,0.18990621,0.17910804,-0.4155402,-0.49660403,0.6644397,-0.408849,-0.06557615,0.31792802,-0.14091158,-0.003316443,0.56028664,0.07304985,0.38189304,0.0071714884,-0.40878734,0.6523783,0.12999362,0.25820175,-0.10398527,0.025469406,-0.30273345,0.38283804,-0.21134484,-0.04220754,-0.03150453,-0.43442413,0.319168,-0.108041964,0.05937632,0.36215866,-0.34522456,0.21539342,0.19288336,-0.1380894,-0.19755527,0.4526956,-0.14474055,0.3202379,0.32711157,-0.01035883,0.002913571,0.18866383,0.03393828,0.08004093,0.27739602,0.21005735,-0.14463083,0.1484138,-0.08591706,-0.34842423,0.31422412,0.08499765,0.039288633,-0.35728356,0.18567018,0.61401355,-0.061454836,0.06564954,-0.19011678,0.31851104,0.2130375,-0.5679626,-0.1745484,0.2434366,0.34874842
OAS1_0072,-1.0215794,-0.14296336,0.06958804,-0.92131674,-0.43827266,0.18481824,0.39095405,-0.08062032,-0.76663995,1.1813266,0.0007205921,0.5433667,-0.46233004,-0.27217156,0.30429512,0.23227811,0.42595765,0.24498439,0.2756891,0.2701636,-0.18235125,-0.9236913,-0.0043444647,0.31983584,0.002476542,-0.6670409,-0.2569551,0.19772303,-0.07397996,-0.7747891,0.47197562,-0.20565553,-0.20683593,0.24116772,-0.587982,-0.40439087,0.24962993,0.25501448,-0.3779116,-0.5346679,0.47360414,0.018851392,-0.1994314,-0.3776634,0.4137569,-0.14840412,0.23409599,-0.3774103,0.68476576,-0.36161402,0.75548285,-0.27582538,-0.13606125,0.20080175,0.3594596,0.47636625,0.0369625,-0.5698585,-0.025134193,-0.22309525,0.22902627,-0.5081447,-0.58106184,-0.3460937,0.45904034,-0.15248744,-1.147124,-0.058421697,-0.18016231,0.09538297,-0.21177207,-0.29295507,0.31855837,-0.013799257,-0.22358061,-0.058396813,0.19907184,0.06081703,-0.09179172,-0.03669538,0.20871265,-0.57400244,-0.1993243,0.20903537,0.10154188,0.12890267,0.31202832,-0.03254879,0.54532284,-0.21151677,0.09510166,-0.5137452,-0.027428739,0.1420657,-0.06409181,0.084124714,-0.35041276,0.035166275,0.08871863,0.12998186,-0.3317589,0.007403618,-0.4748047,0.109431885,0.1824312,0.12591755,-0.06666332,-0.09300244,0.18893303,0.39770108
OAS1_0073,1.6221417,-0.83447134,-0.12097159,-0.14782159,0.5030299,-0.062048614,-0.0068344683,0.19083017,0.4370705,-0.8707711,0.27463102,-0.18195046,0.3014693,-0.09454775,0.142785,-0.38507235,0.4658322,-0.1366882,-0.1699793,-0.023053942,-0.48768803,-0.28582105,1.0279409,-0.3272973,-0.37671775,0.23672421,-0.21216989,0.21904406,0.28288692,-0.050062705,0.9892319,-0.19966353,0.98883075,0.3126419,0.5349805,-0.25921506,0.6608645,0.08635292,-0.41300085,0.41137558,-0.25936693,0.27503324,-0.5658541,0.42373726,-0.23897694,0.60457724,0.18423335,0.3471825,-0.022969933,0.059981752,0.9264103,0.09155182,-0.65944004,-0.019775977,-0.0048339264,0.26490727,0.7065414,-0.11250042,-0.34590542,-0.39614558,-0.22176579,0.3623288,0.47413522,-0.034563735,-0.027754556,0.069710635,-0.6947451,0.55858684,0.25868574,0.1558514,-0.3128335,0.41487256,0.04961011,-0.21087411,0.58113706,0.43083638,-0.62557137,0.18177997,0.82218343,0.08444593,0.117437705,-0.011664265,0.05292633,0.29227778,-0.09180825,-0.44488633,-0.2923777,-0.15542467,-0.15562569,0.27008253,0.511993,0.39662683,-0.18250842,-0.21866217,0.24522299,-0.07077474,0.21485253,-0.3046714,-0.6054175,0.84769034,-0.13565077,0.19143376,-0.16760962,0.27922738,0.48533103,0.22748478,-0.22761874,-0.34615904,0.32575306,-0.055347808
OAS1_0074,-1.2794051,0.339258,-0.3867619,0.6076307,-0.1773574,0.095149264,-0.35659462,-0.20600577,-0.029635273,-0.43879998,-0.9311146,0.620104,0.18320896,-0.2522169,-0.019151647,0.0056016627,-0.25229934,0.48569307,-0.31212196,-0.1468743,0.006749959,0.41880518,0.81874466,-0.12700126,0.24814412,-0.5984296,-0.43880144,-0.14020917,0.3937035,-0.10462572,-0.052190937,0.19183277,0.070771955,0.4508257,0.47354305,0.15972827,-0.18021064,0.3388434,-0.2071223,0.16150957,0.07875188,-0.1517751,-0.6366668,-0.040330496,0.016252805,-0.25288218,0.35233346,-0.46783006,0.25543967,-0.45296124,-0.30052206,-0.28876,0.23327126,0.13908154,0.027640097,-0.16048852,0.6237606,-0.036500014,-0.26042697,-0.06460935,0.55281305,-0.18628456,0.161536,-0.41008982,-0.008398312,0.32888922,-0.15760478,0.09452378,-0.24419385,0.66207856,0.1516946,0.2411871,0.11505206,-0.15688646,0.2988943,-0.24675931,0.44446346,-0.14133292,-0.066576,0.43301126,0.11571171,0.2615306,-0.062793374,-0.3954963,-0.18394005,-0.052728713,-0.0023280901,0.6681185,0.026471144,-0.36636797,-0.4062579,0.6237538,0.034841835,0.75260276,0.07120201,0.12159403,-0.35556445,-0.17428885,-0.59610844,-0.101538435,0.21544966,0.14489055,-0.14419188,-0.020356687,-0.17358577,-0.21704845,0.28178906,-0.008986036,0.26209638,-0.32102048
OAS1_0075,1.2422429,0.3973758,-0.4486327,-0.5896846,-0.35611635,0.62097543,0.031848464,0.13294877,0.46835634,0.7927981,-0.99940616,0.34251395,0.42757842,-0.12987494,0.06625433,0.1497906,0.51698714,0.103310645,-0.4987528,-0.2882993,-0.50127876,0.37289953,-0.18685085,0.5433118,-0.1998487,-0.37008223,0.6793682,0.5208655,-0.25086674,-0.105952285,-0.37660414,-0.1308616,-0.21005249,-0.4561578,-0.8274572,-0.36068496,0.297458,0.3071503,0.003395386,-0.07899987,-0.029150892,-0.2808878,-0.32587567,-0.09726225,0.15483472,-0.22282363,0.05007035,-0.0495303,0.5570503,0.15279324,-0.29862764,0.4928619,0.15159978,-0.02799906,-0.36757818,-0.36797443,-0.06077055,-0.07012098,-0.0014314257,-0.6327218,0.47470722,-0.08855283,-0.40451175,-0.08601565,0.017306348,0.11871375,0.08951509,0.24609426,-0.47439545,-0.32400644,0.026672594,0.014742116,-0.1400951,-0.15996493,0.1425676,0.18278807,0.48427498,0.49412358,0.3939101,0.08505796,-0.15454271,-0.14285906,-0.26405832,0.5029827,-0.47090822,0.16761847,0.49347863,-0.22987127,-0.060078237,-0.071830444,0.15489613,-0.42122763,0.13633625,-0.0029198374,0.05500203,-0.18402778,0.39379683,-0.0747082,-0.053494673,0.108852886,-0.21139118,-0.29205358,0.12273728,0.59946656,-0.17701179,0.46066093,0.27253538,0.22171167,-0.18510243,0.16572376
OAS1_0076,-1.0518106,-1.026741,0.41089582,0.6309249,0.032443076,-0.28938287,-0.054473404,-0.41546538,0.22548936,-0.39315495,0.16404937,0.10397161,0.8935935,-0.6840713,0.13927701,-0.1261981,0.21000327,-0.014813261,-0.4133216,0.08598665,0.32572117,-0.7291967,0.0701932,-0.32635307,0.64885205,0.69854397,-0.31431115,-0.17490177,-0.3817572,0.3374391,0.1359988,0.072013706,-0.42327762,0.091424055,-0.33069283,0.7728435,0.9717934,0.0005613968,-0.01679869,-0.21465443,-0.26997107,-0.7364388,-0.48767677,0.08456395,0.3812745,0.06386267,-0.28217345,0.20251629,0.18164888,-0.15423433,-0.032187276,0.28697038,-0.36738482,-0.36923024,0.24109885,0.41892692,-0.0526927,-0.14960939,-0.0066088107,0.1007408,-0.27315548,-0.029703561,0.14195725,-0.1296057,-0.0076615736,0.6241922,-0.33165422,-0.2114097,-0.3567156,-0.14758512,0.0677501,-0.4951389,0.09170936,0.72395927,0.462979,-0.0105490945,0.18014248,-0.1970289,-0.42435467,-0.10992617,-0.007644937,0.15707655,0.019109393,-0.20775901,-0.29525816,0.21593921,0.14990796,-0.02557115,-0.014959483,0.5607145,-0.5824749,-0.21076258,-0.032092404,-0.25877318,-0.26461655,-0.36232686,0.1391842,0.13645783,0.40537325,-0.15390582,0.25296012,0.37217444,-0.43066582,-0.18645011,0.1743429,0.21346094,0.22419514,0.0363426,0.19959168,-0.24036385
OAS1_0077,-0.8592877,0.056471966,-0.33231443,-0.2635252,-0.047462717,0.67269355,-0.06583831,0.32526872,-0.0009994467,-0.49727476,0.6293215,0.6820775,0.35406578,0.16303258,0.38964927,0.30895668,0.6293923,-0.65992063,-0.14880331,0.73343945,0.58174795,0.47788528,0.3670778,0.18746874,0.17191166,-0.6095265,-0.089341424,-0.49372318,0.4876584,0.11191945,-0.013090789,0.16599824,-0.1062154,0.19726133,0.691807,-0.22170526,-0.25966826,0.048515942,0.62974685,0.030022409,-0.12933671,0.43384555,0.8599026,-0.53872,-0.08088869,-0.20438512,-0.38222423,-0.6664354,-0.6067368,-0.07005567,0.44704244,0.662664,0.22738393,-0.16562869,-0.010554857,0.5690024,-0.11696625,-0.059320357,-0.111524515,0.19109209,-0.05732601,0.47434804,-0.12594248,-0.49331236,-0.047929265,-0.077781826,-0.49572185,0.59308314,-0.024755552,0.080418706,-0.28818995,-0.40153033,0.25969255,-0.12555857,-0.041988198,0.21050456,-0.39713743,0.41591215,0.2013988,0.21709906,0.5728727,0.54239607,0.056866325,0.34842142,-0.10299308,0.33565986,0.16856275,-0.12855126,-0.21305926,-0.23052397,-0.3437962,0.053027313,0.44429305,0.23212118,0.4147033,-0.35915262,0.05073484,0.103955895,-0.11913841,0.044263087,-0.22624615,0.11677665,0.048181236,0.17746088,-0.17916335,0.30477336,-0.064567916,-0.15713213,0.19797094,0.1356215
OAS1_0078,-0.24588045,0.31431738,0.29594642,0.2525808,0.03939737,-0.41320035,0.12938792,-0.18566832,0.7356008,-0.048262864,0.41008785,0.1788683,0.13560103,-0.104173124,-0.31763545,0.6220505,-0.085916616,0.15702337,-0.36660263,-0.6384687,0.5052128,-0.46903902,-0.88314813,0.7498123,-0.014384262,0.1555748,-0.85672414,0.24281353,-0.673455,0.36054197,0.0035165176,-0.22490403,0.43310478,0.2567953,-0.15515693,-0.1637271,0.018592587,-0.718886,0.33378598,0.33277848,-0.3107928,0.5238182,0.25664252,-0.28108343,-0.14562972,0.34979704,0.139119,-0.19118217,-0.29854828,-0.3379691,0.024960592,-0.004406402,0.4325705,0.17172952,0.2607871,0.042221975,0.028836941,-0.057582423,-0.4093996,0.49157044,0.04035515,0.093423665,0.21735683,0.04801443,-0.17378359,0.18439788,0.09102465,0.009352255,-0.49568307,0.29034993,-0.5565451,0.5445628,0.08066988,0.51468146,0.10033302,-0.10611485,-0.2838564,0.39317676,0.31862524,0.48925516,0.29620644,0.28154662,0.06783994,0.31263188,0.5151162,0.24369942,0.3797601,0.23249131,-0.21748187,0.16684766,0.08555432,0.09139987,0.0293409,0.09434623,-0.056087486,-0.39335504,0.24201986,-0.090016946,-0.3757274,-0.0038323014,0.4363174,0.089408346,-0.51844573,-0.047131587,-0.1577278,0.14726597,0.38900763,-0.30548534,-0.37415734,0.28922147
OAS1_0079,-0.7332551,0.05794559,-0.35396782,0.20623834,-0.21535204,0.23589781,0.18071097,-0.07734576,0.4477194,-0.2669019,0.2381839,0.18862657,1.3086047,-0.45909587,-0.6332959,-0.5882697,-0.1336949,-0.39307672,0.15743847,-0.040985636,-0.2894065,-0.87302667,0.31881183,1.0854896,-0.23181918,0.19640268,0.37918693,-1.0148189,-0.34341875,-0.2987195,-0.5817005,-0.1781109,-0.33442262,0.8257816,-0.39979365,-0.5526205,-0.04926194,-0.27091122,-0.67897713,0.2424678,-0.114630565,0.15195204,0.43906745,0.37025905,0.31934917,-0.35023862,0.26322985,0.49863312,-0.4454413,-0.050522197,0.67365223,-0.0951983,0.8656361,0.33671558,0.3958188,-0.38195375,-0.06373528,0.06913527,-0.2944925,-0.5702115,-0.28827438,0.127635,-0.27699026,-0.48244244,-0.26991904,-0.517576,0.0005275676,-0.19266511,-0.035151426,0.0043185577,-0.74903554,-0.068596795,-0.117528714,0.13296328,-0.21217205,-0.25329876,-0.018138269,-0.1335067,0.38181117,-0.32135123,-0.048654784,-0.27754906,0.16298866,0.1948815,-0.026212715,-0.119559236,0.26099938,0.18657811,0.21629855,0.0030227045,0.076878875,0.25196734,-0.17740284,-0.08492688,-0.09687634,0.07410094,0.100019135,0.20348406,0.42694002,0.1469037,0.17576072,0.2795842,-0.14837283,-0.05456016,-0.17493966,-0.17548397,0.15508461,-0.018709958,-0.19173159,-0.13684271
OAS1_0080,-1.1445193,-0.25975356,0.3685851,-0.061974235,-0.20766933,-0.13507113,-0.86411947,-1.0859681,-0.43021256,0.013715787,0.33857092,-0.7067431,0.022852749,-0.41417316,-0.27556878,-0.53203356,-0.3262205,-0.70925736,-0.2649192,0.12265319,1.3000038,0.7287789,-0.12520635,0.07408521,-0.26636887,0.12311504,0.8108204,-0.051224034,0.5864194,0.17618048,-0.010694488,0.15936871,-0.30519137,-0.057457987,-0.8122445,-0.42214355,-0.19689545,-0.27091885,0.8996068,-0.30027735,0.48676145,-0.2671172,-0.20759585,0.42487428,0.32021123,-0.02540332,0.36614004,0.011515773,0.30950493,-0.018518908,0.5861731,0.15954597,0.101835206,0.26199922,-0.31619704,-0.5899289,-0.038273394,-0.06458683,0.16662203,-0.17430905,0.19066554,0.052167907,0.16196242,0.008989713,-0.5043924,0.020944726,-0.14763191,-0.11694707,-0.45369264,-0.38995102,0.18200321,0.18724576,-0.14679228,-0.34287226,0.18061888,0.19374582,-0.42859668,0.1669749,-0.07094763,-0.15355684,0.28630567,0.4888006,-0.3272687,0.051908195,-0.25499016,0.23751763,0.0409002,-0.014994128,-0.050620403,0.60016894,-0.16691716,0.3002791,-0.1251398,-0.5503713,0.6479573,-0.22069602,-0.12428184,0.3789669,0.12796564,-0.27548462,-0.112999655,0.22061096,0.3756282,-0.058564868,-0.12240953,0.3001723,-0.24905747,0.08026584,0.36919972,0.3159359
OAS1_0081,-1.0531902,-0.025364257,0.37137023,-0.012056773,0.26562437,0.12110124,0.664454,-0.09483103,-0.8612898,-1.192568,-0.899977,-0.4817359,0.2425939,0.116162844,-0.3770203,-0.25124955,0.01974699,-1.0670935,-0.03515022,0.13520822,0.26914045,-0.3360741,-0.2883775,0.031312898,-0.5437333,0.38496497,-0.3460872,-0.1934161,-0.16833802,0.37300432,0.45005825,0.11286227,-0.9505884,0.32167864,0.52914476,0.12640344,0.6246402,-0.23425679,0.25354838,0.24807853,-0.43255326,-0.26764712,0.23209551,-0.36087596,-0.29274493,-0.038907852,0.19427834,-0.61818,-0.31651115,0.61175066,-0.25538996,-0.0948369,0.008422077,-0.046609033,-0.13100728,-0.58147,-0.25867578,0.36958846,-0.07529311,0.18837935,-0.03767315,-0.5756937,-0.012272158,0.11150048,0.24922852,-0.010617645,0.047076266,0.11758989,0.031090435,0.095896,-0.2370841,0.06344903,-0.64177763,0.5652167,-0.61860335,0.2635593,-0.07184782,-0.2108812,-0.027295863,-0.037325438,-0.08851054,-0.82264435,-0.638225,0.07387192,0.41057086,0.13274767,-0.6397825,-0.48080334,-0.17749994,-0.13099475,-0.3317115,0.3860666,0.63028353,-0.18202157,0.054394025,-0.098930754,-0.6283346,-0.23929755,0.116295695,0.31537244,-0.032634314,-0.27822858,0.37262946,-0.31174728,0.029498944,0.040004034,-0.19726142,-0.31712207,0.24931188,0.2501656
OAS1_0082,0.41335022,0.3138462,-0.30011886,0.32780874,0.36966604,-0.4044446,-0.802278,-0.23270242,-0.052626923,-0.7366706,-0.05434152,-0.2791261,0.29850608,-0.012897184,-0.3643084,0.4338694,0.97298235,0.11770221,-0.5109855,0.57779,0.20721899,0.42987618,0.26804242,0.3369747,0.4816896,-0.28235447,0.13476813,-0.18658131,-0.0056977947,-0.88736105,-0.53914595,-0.7429269,0.35011062,0.15573253,0.09678358,0.039512858,0.19075556,0.0040903655,0.028032398,0.43718082,0.16965073,-0.010837368,-0.30402872,0.3241908,0.006195876,-0.26494017,0.21010321,-0.04077905,-0.48335987,0.5536536,-0.15756863,-0.0968698,-0.4777154,0.066815145,-0.016419012,0.19666621,0.12903298,-0.110876694,0.52955925,-0.17666645,0.101752885,0.29040825,0.41469777,0.66395015,-0.35521898,0.350748,-0.18158907,-0.29018846,0.31534195,-0.1039101,-0.059554245,0.2338483,-0.027527772,0.054090578,0.108188584,-0.4356476,-0.30943683,-0.14222948,-0.5599604,0.07904229,0.27701724,-0.3687634,-0.032578666,0.0478683,0.7114252,0.13299446,-0.3772457,0.329373,-0.12763897,0.16535649,0.31593516,-0.2545913,0.24308397,-0.4341188,-0.54338074,-0.51243436,-0.14863344,0.17961179,-0.19165897,-0.22104804,-0.14384577,-0.12403155,0.07259515,0.22406766,-0.17273726,0.055185117,0.13568828,0.15842468,-0.20299225,-0.17726456
OAS1_0083,0.55506146,-0.9562504,0.9818934,-0.7065625,0.45813137,-0.452568,0.0962903,0.62223095,0.3714489,0.18385336,0.33143798,0.32700422,0.012813074,-0.108323045,0.4888368,0.45264208,0.17922342,0.09355322,-0.29374802,0.5915792,-0.40445372,0.040499635,-0.50205106,-0.15852042,0.6741489,0.06304352,0.3041249,0.39523876,0.30695018,-0.087619126,0.15459582,0.6974188,-0.72353953,0.033866834,-0.03041166,-1.3443154,0.28588378,-0.2970546,0.00801267,-0.1628902,-0.024971828,-0.54139125,0.03821168,0.24067703,-0.18370265,-0.2373758,0.54426384,0.3499781,0.6413912,0.14342828,0.35721585,-0.10106891,-0.11462647,-0.14963906,-0.25114882,-0.30662236,0.62061423,-0.092627525,-0.59620804,-0.80543804,0.50316215,-0.28832018,-0.19765571,0.1392426,-0.1297461,0.23120075,0.3552945,-0.38712668,0.22666483,-0.07417809,-0.5037234,0.04598371,-0.19615658,-0.68418384,-0.2787206,-0.18196644,0.6766016,0.19860554,0.5228915,-0.26182127,0.30902755,0.0028635904,0.33482897,-0.3252305,0.19264613,0.16614252,0.21286865,-0.16113755,-0.07027052,0.8577448,-0.14727007,0.47031578,0.042147443,-0.24031858,-0.6770206,0.060683057,0.028926179,0.10513804,0.29953298,-0.42965156,0.21636464,0.04953595,0.50935143,-0.05633824,0.29881614,0.27634722,-0.14006065,0.08247216,-0.42409834,0.0808717
OAS1_0084,1.7736764,-0.03645494,-0.582862,0.3381287,-0.049481772,0.388731,0.31358182,0.36461112,-0.28156433,0.89223504,0.2641088,0.3291655,0.039638445,0.2374851,0.2544563,-0.68642807,-0.1248237,0.5791561,-0.24727416,-0.18625256,0.84311944,0.21158043,-0.17883371,0.2567781,0.047258988,0.10305696,0.8042465,0.19454679,-0.06938889,0.05270484,0.04889228,0.09454774,-0.6061787,-0.2579216,0.036826506,0.10220442,-0.32063013,0.62350345,-0.16509134,0.06814841,-0.2475765,-0.2625996,-0.06681814,-0.021136893,-0.3812436,-0.32059985,0.014395095,0.0011826896,0.20167923,0.27812234,0.5009029,0.05788681,-0.34138185,-0.805074,0.3456778,0.1148633,0.12124956,0.37092677,-0.6588238,0.26116973,0.27713218,0.072672345,0.2900797,0.0848361,-0.24139054,0.25834382,-0.3549776,0.100488566,0.13531978,0.4691891,0.34023702,-0.37929893,0.022912849,0.05065613,0.64411813,0.053887926,0.30898783,0.24388812,-0.24858265,0.5917338,-0.083704576,0.22887596,0.2874428,-0.21181537,0.34660187,-0.30587566,0.051415563,0.102884375,0.08384213,0.14737676,0.05824421,0.26132867,0.24536419,0.23634306,0.16771784,0.11057093,0.07176138,-0.2061294,-0.119146846,-0.15877134,-0.02537971,0.113581456,-0.24071203,0.16263267,0.043693952,-0.08526145,0.25770244,0.21142635,-0.6622925,0.3009963
OAS1_0085,-0.11947099,0.2300319,0.23625994,0.97869515,0.63927513,0.11532593,-0.40798688,-0.09528661,-0.8331331,0.355083,0.061628234,0.18066627,0.06584033,0.520165,0.36599553,-0.56061053,0.38847372,0.016757814,-0.9210694,-0.49063066,-0.3507797,0.13033707,-0.09948991,-0.68308794,0.50166076,0.11507113,0.6071758,-0.5535774,0.49890172,0.15820175,-0.13917609,0.030664235,0.26210696,-0.003320495,0.13955952,-0.081843756,0.44577965,-0.3392553,0.3318494,-0.054425493,0.4814754,0.07854912,-0.32456875,0.049322117,0.09456038,-0.36224723,-0.28935713,-0.31340155,0.7542379,-0.45036224,0.35154217,0.47123373,0.22521107,0.51904166,0.520661,0.12915426,0.14085425,-0.24014504,0.22951901,0.19160067,0.09162304,0.09934426,-0.49671078,-0.7570288,-0.3358418,0.11060329,-0.102246284,-0.10587103,0.61340487,0.21534659,0.17655392,0.17645864,-0.6779647,-0.4863631,0.040663343,0.30267805,0.09093489,-0.35747918,0.17134535,0.048677944,0.25514564,0.4096575,-0.09077151,-0.21390031,0.29403389,-0.016925769,-0.102493905,-0.06088345,-0.7937459,0.12983404,-0.10553518,-0.099243775,0.29268163,-0.30741808,-0.2611462,-0.043226156,-0.039781995,-0.33928487,0.4070536,0.07264284,0.36358875,0.13296525,-0.31222323,-0.14982471,-0.008034344,0.020798655,0.28040996,0.17931907,0.019645117,0.032216225
OAS1_0086,-1.189612,0.05341287,-0.051287934,0.23821598,0.30228904,0.58150953,0.5062026,0.11570993,-0.8139663,0.79842573,-0.29051557,0.4039886,-0.76512384,-0.18186693,0.22691537,0.7002271,0.52606803,0.13104993,0.30223012,-0.48000875,-0.25833908,0.26502764,0.22930016,-0.020300966,0.23246363,0.2788854,-0.1313085,0.64540374,-0.3980744,-0.3094054,-0.80736357,-0.13153431,-0.22226399,0.5262014,0.5735829,1.0910624,-0.19815852,0.06650301,-0.38990495,0.19795373,-0.44530702,-0.24351914,0.2300649,0.07832824,0.41654885,-0.5460261,0.20096272,0.63146216,0.30465576,0.087876596,0.18447182,-0.45640698,0.04269735,-0.28532374,-0.37354454,-0.084001526,0.29840803,0.49258298,0.052862972,-0.967615,-0.32467183,-0.50962186,-0.16193315,-0.05021157,0.56100076,0.08274967,0.0024643533,-0.025598027,0.39620024,-0.29835764,0.0799169,0.58102566,0.31875885,0.2921284,0.003266567,0.019423759,0.1862777,0.19165786,-0.34400222,-0.43583855,0.045344796,-0.03764433,0.108786725,-0.16042203,0.6078823,0.34746352,0.1602262,-0.25048357,-0.2963676,-0.24718478,0.17819157,-0.5951874,0.14310376,-0.0062208846,-0.070239924,0.36072034,-0.15497722,0.021918962,-0.5854469,0.004791102,0.27540755,-0.48776937,0.08384454,-0.13906053,-0.3971072,-0.20301718,-0.04639468,0.17416498,-0.033815116,-0.15863511
OAS1_0087,-0.92718893,0.02122114,0.36559427,-1.3088582,0.22689982,-0.13996665,0.27800652,-0.116675325,0.11393367,-0.4335814,0.75385475,-0.49358714,0.4985502,0.5311343,0.34550023,-0.3187433,0.28416938,0.14124706,0.8915089,-0.27300295,0.087596096,0.3354139,-0.13472594,0.5905657,-0.1812359,0.27215222,-0.18251902,-0.20541678,0.5979698,-0.46808493,0.28793818,-0.4375218,-0.13900857,0.040469658,0.19558121,-0.008763248,-0.13300654,0.1452975,0.17045222,-0.19865066,0.5006436,0.36481544,-0.5445904,-0.33015192,0.58372146,-0.08473616,0.66726893,-0.026270917,0.6038014,0.3423748,-0.045229286,-0.39245355,-0.19383705,0.21524844,-0.26096454,0.40114036,0.5972659,0.10395769,0.09944153,0.46540034,-0.57064867,-0.22503595,-0.06553505,0.55877376,0.66965675,-0.5033248,-0.16976374,-0.38931787,-0.19345179,-0.6366332,0.4575951,-0.18926011,-0.36523837,-0.008374137,0.016975109,0.5705656,0.009971712,-0.23378767,-0.11029155,-0.11276601,0.25690585,0.26500294,0.5894743,-0.19898085,0.54989904,0.20861576,0.08766805,-0.29805592,0.026627295,-0.109828345,0.6139131,-0.4135685,0.038443755,0.1603863,0.22050476,-0.6287985,0.07148842,-0.04132229,-0.22320452,0.1812726,-0.4809142,0.17337412,0.20584819,-0.16311745,0.022730364,0.05103601,-0.203375,0.42734188,-0.16344784,-0.040710628
OAS1_0088,-1.2680712,-0.8657571,-0.4483023,0.305128,0.6300358,-0.7517646,0.6171745,0.6658338,-0.2621217,-0.13052797,0.10952369,-0.61735344,0.41429505,0.12359965,0.58503854,-0.1547832,-0.98699766,-0.36912018,0.09406469,-0.18544897,0.013171362,-0.03129419,0.16749522,-0.62676424,-0.9694613,0.6133127,-0.085515,-0.28821623,-0.13154505,0.036941625,0.17800352,0.1888909,0.46567598,-0.13991821,-0.31342158,-0.31679338,0.12080241,1.068303,-0.11165562,-0.20550635,0.33943754,-0.24140769,0.31763422,-0.16004032,-0.0031311577,-0.050472718,-0.47392994,0.39238724,-0.15826654,0.35846555,0.5892471,0.28466618,-0.039945725,0.10935184,0.1518059,-0.060283393,0.4571833,-0.46217996,0.23030102,-0.05511702,-0.30529228,-0.037562698,-0.27134073,0.34755677,-0.15754378,0.365367,0.25495192,-0.8501137,0.19397908,-0.19822435,-0.137488,-0.24253881,-0.11186953,-0.28195077,-0.13387245,-0.57467216,-0.6083802,0.6231617,-0.1360457,0.27228242,-0.20771946,-0.064973824,-0.11669279,0.2910497,-0.254155,-0.12493115,0.022174187,-0.12229822,-0.01306976,-0.031719226,-0.15358575,-0.19615112,0.02543626,-0.1719061,0.24140263,0.2537134,0.20172496,-0.11572994,-0.2473429,0.037256353,0.048234414,-0.031987973,0.07878414,0.27326936,-0.030125568,0.014227365,-0.16019638,-0.015796898,-0.34937045,-0.5045758
OAS1_0090,-1.7159944,-0.34474048,-0.6758443,0.23429823,-0.034455232,0.22702886,-0.19824763,-0.2771074,-0.078323066,0.09437234,-0.0031204505,-0.2269929,-0.116938196,0.09671881,-0.01596052,0.09817048,-0.15446447,-0.4977215,-0.13070068,0.08639179,-0.36211467,0.32457614,-0.39948326,0.4170341,-0.33757785,-0.42042518,-0.7237885,0.19431333,-0.023848249,-0.44323468,0.13080704,0.24845156,0.025774218,-0.13375983,-0.19940072,0.39380193,0.05444572,0.6174214,1.2216911,-0.15589823,-0.1859244,0.37541687,0.27231744,0.008744247,0.26603603,0.2408522,0.3722948,0.016282428,0.16691622,-0.29242963,0.18946299,-0.078158274,-0.052098155,-0.40058663,-0.6026505,0.1721374,-0.05732064,0.034221943,-0.081251174,-1.2032901,0.051356647,0.048350114,0.13966224,0.3134674,0.48126343,-0.08772804,-0.64262056,0.18095498,0.13192672,0.3352975,-0.08711666,-0.18800023,0.15010992,-0.22602661,-0.2373275,0.20126721,-0.116180666,0.38409123,-0.022988042,-0.10276427,-0.20014757,0.1582538,-0.0997855,0.10757674,0.04866484,0.07617177,-0.14638463,-0.325519,0.16504928,-0.08033764,0.41267055,0.19190638,0.043353908,0.6495034,-0.53367484,0.21726218,-0.24069563,0.029588697,0.20767334,0.059141114,0.7492711,0.61061275,-0.13114233,-0.12557223,-0.52117914,0.072812,-0.09907163,0.1769806,0.39791965,0.20270143
OAS1_0091,-1.0459554,-0.082877055,-0.23330416,-0.5406338,0.5593844,-0.3362687,-0.57189435,0.7257039,-0.14395303,1.0870404,0.09371931,0.1550305,0.029852584,0.31771904,-0.38772148,0.79986244,-0.47187775,0.40725246,0.6965196,-0.5300393,-0.4348174,0.4835503,-0.064787045,0.61836255,-0.33279565,0.6019108,0.43352133,-0.2602153,0.072457485,0.034527652,-0.0074989297,-0.2296706,-0.2330442,-0.7612784,0.110559784,0.3186007,0.17655706,0.65524995,-0.19619977,0.5009364,-0.0075939894,-0.0791875,-0.45133916,-0.50595707,-0.27056375,0.19879328,0.38130543,-0.33887386,-0.053944077,-0.09085141,0.4665216,0.036162797,-0.47796834,0.27279916,0.3399299,0.057939835,-0.34011337,0.6710656,0.280841,0.49735916,0.014722863,0.8304503,0.07503909,-0.015014816,0.2866436,-0.044666804,-0.09793224,0.23915713,-0.21159913,-0.19890793,-0.25918838,-0.17029896,0.35690233,-0.060711674,-0.40068135,0.14490855,-0.09062927,-0.12853867,-0.17603959,-0.18471429,-0.21457522,-0.1708801,0.31560352,-0.002804017,-0.07697074,-0.28313732,-0.14117299,0.053542018,0.014888119,-0.023063822,-0.31209525,-0.278838,-0.06237382,0.033127714,-0.51405936,-0.1471433,-0.027884655,-0.14082462,0.45977968,0.13938776,0.5661198,-0.040327616,0.43008253,-0.4814519,-0.023148388,-0.24454497,0.3666944,-0.029034061,0.093821004,-0.010764718
OAS1_0092,-0.735804,-0.12834442,0.53015983,-1.0989927,-0.4204415,0.09346321,-0.87233555,0.16971217,0.04936292,-0.009235742,0.21307759,-0.22363102,-0.06539788,0.35474947,-0.3366337,-0.10092216,-0.2970536,-0.24630563,0.7550254,0.6188353,-0.66441524,0.037449375,0.025477573,-0.038573857,-0.12670659,0.6336945,-0.40847245,0.1717292,0.24183649,-0.11413853,0.17148459,-0.126777,0.7823518,-0.5867289,-0.42206264,0.21977429,0.5778738,-0.43505,0.7177428,0.32902533,-0.10446147,-0.2434091,0.12600508,-0.4299856,0.30059347,-0.2854749,0.5125412,0.02640765,0.19354115,0.09995893,0.3283615,0.06427615,0.5388691,0.2019062,-0.47672606,0.24994604,-0.21969977,0.078196354,0.6491555,-0.15770419,-0.20895143,0.14221908,-0.1514059,0.43196854,0.25823456,0.20131065,-0.15840815,0.14937432,0.4629914,0.41424915,0.25700486,-0.4350079,0.37704524,0.007012313,0.46770883,0.13984045,0.21902831,-0.16633275,0.56650543,0.36927515,-0.43257803,-0.43282592,0.38297412,-0.117291555,-0.1715182,0.23998994,-0.22558135,-0.106179535,0.1764667,-0.14957523,-0.14564164,0.44693786,0.321853,0.21599925,-0.20440145,-0.35906023,-0.0834874,0.035130505,0.22702259,0.092124395,-0.405352,-0.067528985,-0.0017711789,0.10826007,0.12502155,-0.24823688,0.1560657,0.009709822,-0.039401285,0.34645417
OAS1_0094,-0.5120609,0.4412007,-0.591208,0.372764,-0.118075065,0.30128053,-0.37684426,1.2802013,1.1133174,-0.5999162,-0.3287927,-0.4223563,-0.23825493,0.10661996,0.03802959,0.20930687,-0.21346582,0.38048843,0.6333731,0.20343888,0.36153412,0.029438846,0.10131073,0.42259794,0.2650469,-0.20322773,0.29352394,0.019547196,-0.2309098,0.48826194,-0.32241574,-0.031228533,0.36190477,-0.24627618,0.5545415,-0.3100657,-0.18802214,0.16969782,0.6586412,0.36257675,-0.77339125,0.14828554,0.54259044,-0.13244839,0.20695902,-0.47794947,0.22233945,0.057562858,0.058653366,0.38324255,0.6266553,0.11520381,-0.33776167,-0.19036464,-0.20618466,-0.3703742,0.21055268,-0.27587363,0.035131186,-0.11422768,-0.30061558,0.19984712,-0.22729497,-0.3382702,-0.4159696,-0.1360115,0.06434015,0.22183782,0.20049155,0.27495164,0.54403883,-0.084115714,-0.08333799,0.48422143,0.17183448,-0.25739646,-0.18030564,0.18324377,-0.08513208,0.342566,0.010627949,-0.38131905,0.19493528,-0.3772368,-0.15970409,0.35680827,0.23911615,0.062926546,-0.1090845,-0.21548508,-0.10144505,-0.13205534,0.20506069,-0.3674645,-0.6623788,0.13224745,-0.3873041,0.38718337,-0.14973761,0.15184331,0.18361288,-0.3518002,-0.30550694,-0.6289722,0.5559081,-0.14926918,-0.17399238,0.07878252,-0.21460575,-0.10157158
OAS1_0095,-1.036424,-0.20080079,0.47830394,0.44655794,-0.19047566,-0.5240202,0.6858219,-0.71464556,-0.25366586,-0.0043572006,0.7329612,0.02379539,0.86979747,-0.91905874,-0.27806932,0.49916482,0.73551154,0.36580974,-0.15340172,-0.20055352,0.62760097,-0.23916964,-0.6160548,-0.45326388,0.30797318,0.14683373,0.6078431,0.08288607,-0.09991834,-0.050346166,-0.5078084,0.10224215,-0.29993802,-0.25729117,-0.13746682,0.427725,-0.06798192,-0.18587936,-0.085657224,0.09997661,-0.2363732,0.15002301,0.32495654,0.1306622,0.1637246,-0.5615509,-0.09301003,-0.16848943,-0.33654594,-0.10936939,-0.09549646,-0.3609965,-0.09209905,-0.2621701,-0.2500706,0.11025534,0.57660425,0.7046712,-0.24895844,0.28472835,-0.3772362,0.35860503,-0.29927468,0.1762732,0.18724187,-0.56097275,-0.21275008,0.28419825,-0.20547651,-0.026359532,0.059869956,0.16836555,-0.6518952,-0.3020276,-0.66779625,0.10953153,0.20736219,-0.13803694,-0.47461176,0.2705381,0.119715475,0.16162114,-0.3031649,-0.5676449,-0.020644667,0.34277296,-0.25188282,-0.031056732,0.2274786,-0.15703258,0.029920835,-0.116583265,-0.2955821,-0.04359371,-0.06072464,-0.21502587,0.11173938,-0.2749506,0.047747366,-0.3103954,-0.021487944,-0.322804,0.027322967,0.08753048,-0.2391673,-0.3662143,-0.4420421,0.06850063,0.57540625,0.12939043
OAS1_0096,0.39865133,-0.23201244,-1.4378175,0.162456,-0.45489,-1.1927782,0.41493732,-0.15935439,-0.39630982,-1.0729109,-0.31584144,0.5922828,0.87336653,-0.40569365,0.20364682,0.16753006,0.13946262,-0.40934458,-0.07788921,-0.22346395,0.23961654,-0.011368857,-0.28837007,0.26094761,-0.036665007,0.46539026,0.6346811,0.40381,0.88576794,0.2972623,0.012820756,0.15123218,0.19159931,-0.19988923,-0.35332453,0.2296629,-0.049045052,-0.5757015,-0.3833744,0.4961106,0.20950824,0.044906672,-0.56006086,-0.1352894,-0.29839054,0.69926566,0.44492388,-0.28250563,0.14624879,0.45874065,0.23423047,-0.25216305,0.06783298,0.3412424,0.15627249,0.4104465,0.05472735,0.20756361,-0.10114795,-0.5925951,-0.28169993,-0.040879697,-0.22494842,0.00024640938,0.023394108,0.36508486,-0.2446982,0.38942313,-0.21814848,0.31147692,0.54953593,0.20572866,0.7095579,-0.5572104,0.52768445,-0.28644285,-0.1545669,0.34326974,0.04808257,0.15880065,-0.09142243,0.07428988,-0.40605596,-0.25743058,0.18587407,-0.33921558,0.14480412,0.095476806,-0.14491321,-0.20128392,-0.21826112,-0.24470559,-0.060811188,0.18918855,-0.5221589,-0.284652,-0.009891471,-0.16651647,0.1498153,-0.59330916,-0.17229146,-0.05575508,0.15216458,-0.064240076,-0.1898512,0.23639019,-0.095130116,-0.05478839,0.2988288,-0.10698524
OAS1_0097,-1.1758687,-0.6364496,0.17544818,0.4553817,0.8605232,-0.56136256,0.288621,0.46532983,0.10616057,-0.10007083,0.020778187,0.043343086,-0.35826564,-0.39653558,0.6025746,0.16098668,-0.23928538,-0.3845553,0.10373836,0.5021564,0.4479122,-0.10400657,-0.30631098,-0.032366097,-0.6541006,0.2115515,-0.49785742,0.15787645,0.13272987,-0.050341975,0.35854414,-0.04043248,-0.28614405,-0.07280039,-0.92202497,0.031106515,-0.17162573,-0.66050273,-0.36795256,0.8210512,-0.31942773,-0.4733302,0.005587226,-0.27644882,-0.33951843,-0.287642,-0.12079923,-0.34586105,-0.1085546,0.4051859,0.026222736,-0.78552735,0.07851195,0.024373453,-0.23421331,-0.2455268,0.29943937,0.32882917,0.021980885,0.19274957,-1.1247896,0.1805759,0.4851908,-0.2705382,0.5157448,-0.11869537,0.17528662,-0.09405697,0.39308804,0.3423705,0.08788181,-0.4404321,-0.062107127,-0.13175826,-0.4376937,0.2048167,-0.1223766,0.23368047,0.07452819,0.1598114,0.12874387,-0.0006287241,0.46626496,-0.088806726,0.28004768,-0.009246946,-0.36423755,-0.067360654,0.05497045,-0.1513869,-0.09797864,0.041034587,-0.053886972,-0.09596901,0.29103708,-0.01568417,-0.08782937,-0.3115991,-0.1935064,-0.5142297,-0.21882077,0.08153939,0.054622076,0.1543756,0.19600272,-0.16169627,0.02805538,0.09273902,-0.12936734,-0.09123197
OAS1_0098,2.0591764,-1.9170902,-0.18255506,-0.014976344,0.6970026,0.46172258,-0.65787303,-0.39135566,-0.8079009,0.59756076,0.1981697,-0.5705537,0.15648267,0.23244068,-0.036496684,-0.373961,0.18391414,-0.73222125,0.2028625,-0.057225294,0.92781633,-0.055428553,0.20036769,-0.23358877,0.115340024,0.3741089,0.31506804,0.49464804,-0.12991935,0.08161745,-0.4510552,0.03799501,0.3710694,-0.14570127,0.9508679,0.25686467,0.5423176,0.32391196,0.9435838,0.90681344,-0.42030063,0.67634076,0.51035094,0.09244499,0.1935103,0.6486262,-0.20209989,0.1966712,0.2225226,0.08554145,-0.3585653,-0.37129152,0.8484696,-0.07584839,0.9008315,-0.2312164,0.47683895,0.20219937,-0.92243505,-0.97374934,0.027607685,0.17106064,-0.50318307,-0.4594877,0.04404769,0.45360208,0.11041539,0.5333706,0.14935024,-0.2731762,-0.14038819,0.5881949,0.25223288,0.3506115,0.089668326,0.36289945,-0.35441837,0.32400477,0.03994141,-0.1668867,0.40145,0.42772183,-0.2974131,-0.37331164,0.4441675,0.8828286,-0.5420422,0.45452818,0.19237961,-0.33585113,-0.15659188,0.02439913,-0.55691934,-0.36046085,-0.34239656,0.41982606,0.5536601,0.5269886,0.24574046,0.6876398,0.025119511,-0.14344807,0.41640168,0.40182772,-0.5370961,0.2701815,0.056779258,0.14657992,-0.14437807,0.19383186
OAS1_0099,-0.73017615,-0.24001871,-1.5500264,-0.7306341,0.53613484,-0.11786232,-0.61512655,0.75396496,-0.1022287,0.9083586,0.036109783,0.26263806,-0.25113037,0.5006993,-0.70356596,-0.5434878,0.052679837,0.093386896,-0.7808854,-0.35220748,0.07243246,0.14367568,0.6530424,0.2581324,-0.3958335,-0.036210984,-0.4412188,0.809392,-0.28978038,-0.0896271,0.008260104,-0.3224842,-0.029616445,-0.31462076,-0.027959138,0.20042478,-0.09442569,0.097853765,0.21179336,-0.3183315,-0.89159703,-0.60045475,-0.44427237,-0.35703748,0.21334228,0.6047965,0.3191641,0.40070155,-0.5686993,-0.44670504,-0.5591791,-0.42517382,0.33713493,0.3509859,0.11439754,0.062944435,0.13745995,-0.07911142,0.33548787,-0.047650315,-0.044930913,-0.11262515,-1.2971576,-0.08255705,-0.40898713,0.048166353,-0.056302413,-0.36790866,-0.054508287,-0.3764936,-0.13483335,0.04143408,0.6327325,-0.3225156,0.05597799,0.5158392,-0.47364682,-0.13457073,-0.14378768,-0.072446704,-0.36062872,0.17176706,0.18019743,-0.12602815,0.13733019,-0.070663445,-0.5589454,-0.18639927,-0.09570269,0.06484375,0.033454165,0.1887639,0.9019057,-0.03628152,0.15877685,-0.26230812,0.20845118,0.28357854,-0.156522,0.045248434,-0.20049252,0.30210474,-0.3902771,-0.50667226,0.060411483,0.12891477,0.10764447,-0.035314087,0.04619059,-0.059482433
OAS1_0101,-1.3995619,-0.40737894,0.60450816,0.4365889,0.20395887,0.6887335,0.28259423,0.17195761,-0.67027044,0.0663943,-0.601631,0.5571863,0.39502627,0.21307845,0.2884396,0.40733472,0.31886575,-0.056500215,-0.13018064,-0.2597768,0.72479,0.009582967,0.44154823,-0.052342437,0.09687859,0.021997087,-0.01718947,-0.4010105,0.41504368,0.17772867,-0.33685207,0.17899574,-0.12380502,-0.4399777,-0.12109683,0.375744,-0.077062786,-0.08746705,-0.85722667,-0.63057065,0.16711825,-0.2957393,0.1465585,0.163163,0.4346991,0.31295013,0.08140993,0.01569395,0.3670346,-0.32248616,-0.040073633,0.03183298,-0.5888976,0.39003235,-0.4902379,0.055075634,0.38405803,-0.40220076,0.41264123,-0.23191376,0.059821427,-0.5533304,-0.6077619,-0.062530726,-0.49737206,-0.4046894,0.05614638,-0.033376634,0.76861703,0.28019646,0.16182311,-0.2506938,0.26538062,0.07793226,0.099438176,0.19117427,-0.103568144,0.44609004,0.17210153,-0.13024545,-0.30957985,-0.073977605,0.20646715,-0.26367927,0.19571346,0.016461365,0.17690895,0.3042648,-0.110036395,-0.19458032,0.18540892,0.15117055,-0.2608083,-0.2835119,-0.49294347,0.36515167,-0.17134674,0.02182169,-0.29985702,0.25046358,0.42278612,0.22934832,0.37461007,-0.08524984,-0.083260454,-0.33717912,-0.12795411,0.2433276,0.49046445,0.00063662726
OAS1_0102,-0.751696,0.002649087,-1.6782748,0.52551335,-0.27184024,0.17076442,0.15143579,0.27164957,0.009606166,0.21655783,-0.01182389,-0.18978988,-0.20532905,-0.27468854,-0.4585891,0.704452,0.26003227,-0.21575098,-0.082307644,-0.33059254,0.06592352,-0.21076103,0.07482261,-0.4004415,0.014236218,-0.21348965,-0.035393786,-0.23044345,0.08717592,-0.13799149,0.75292444,-0.37492648,-0.2484389,0.24535897,0.41599745,-0.18912955,0.3493177,-0.33937824,0.38155326,-0.12868461,-0.13890514,-0.27900302,0.077910654,0.80400425,0.23937908,-0.3278238,0.031549778,0.16365053,-0.00970094,0.18064451,-0.34115893,-0.018378928,0.45125392,-0.13372463,-0.34449112,0.35464698,-0.3183148,-0.6207585,0.7237036,-0.2624562,-0.08384287,0.030746814,0.28555304,0.24262011,-0.29490936,0.01913905,-0.09022813,-0.14797,0.32966825,-0.019455954,-0.0845595,0.3702913,-0.2634288,-0.06247815,0.007107494,-0.13997637,-0.16034126,-0.093619205,0.0339547,-0.49452186,-0.05079893,0.26931828,-0.22412083,-0.031288553,0.35444278,-0.1359441,0.377578,-0.1524609,-0.0036267499,0.10777021,-0.0551296,0.3678155,0.24542928,0.014859289,0.20817386,-0.22561935,0.30201465,0.012250776,0.20085166,0.010570897,0.015966335,-0.06260846,-0.017882327,-0.24120906,-0.03113237,-0.10507856,0.32044232,0.09330486,-0.15415289,0.09651561
OAS1_0103,-0.6101232,0.021683978,-0.6376624,0.12834355,-0.09367383,-0.47997797,0.25807884,0.4034666,-0.1637242,-0.16339134,0.296774,0.23935962,-0.07763587,-0.3065487,-0.69170517,0.18328327,-0.33992526,0.27319992,-0.6582194,0.41807505,0.100986585,-0.18253161,0.31825465,-0.15436082,-0.11930799,0.95270854,-0.47272852,-0.3877347,0.39954787,0.018272616,0.14424254,0.38282183,0.22543949,-0.23650444,0.4333249,0.13681194,0.9506945,0.40166157,0.10339672,-0.37672812,0.108732074,0.13736308,0.13436975,-0.479772,-0.02209475,-0.68695205,-0.0020112405,-0.011532798,-0.20295225,-0.047112156,0.37962726,-0.12312718,0.3319803,0.38110158,-0.08677725,-0.14877859,0.3550899,0.33512875,-0.12508543,0.10350154,-0.045196887,0.25369275,0.14617282,0.5327367,-0.2170546,0.49787378,-0.56938124,0.428707,-0.32432768,0.035410926,-0.13923874,-0.8361147,-0.09022418,0.14552867,-0.1625647,0.33379728,0.31847465,0.11381059,0.11925787,-0.5172163,0.37831315,-0.5178958,-0.3224958,-0.24950619,0.57894474,0.40840963,0.42100537,0.34585825,-0.16408542,-0.18818115,-0.014170482,-0.409645,-0.37222862,-0.19766563,-0.40384203,0.14291157,-0.2212883,-0.11442274,0.015616934,0.33707345,-0.25980267,-0.24865225,0.047311902,-0.19149858,-0.3164177,-0.037678756,0.32363334,0.069821976,-0.19706468,0.1251485
OAS1_0104,-1.1080853,-0.045996863,-1.1649078,0.08600945,0.23880719,0.21911424,-0.0037793166,0.4799971,-0.62130696,0.3892514,-0.3797068,-0.26621354,-0.32719144,-0.044190347,0.072325066,-0.53375405,0.27842912,0.64915025,0.62660056,0.95874655,0.93172157,0.15876645,-0.29695168,0.5828655,-0.32698244,-0.45626912,-0.2721918,-0.5481359,0.16032083,0.35126793,0.06637603,0.12490128,-0.16209999,0.40173167,0.20904769,0.30453157,-0.16580842,-0.19990313,-0.27724087,-0.45697632,0.6537807,0.7409575,-0.3524672,0.58484095,-0.40257692,0.23424263,0.10764598,-0.1525626,-0.70698684,-0.46123165,-0.3746595,0.5214174,0.034396857,0.29525712,-0.5664025,-0.4229994,0.030821176,0.06004196,-0.16664521,-0.29830676,0.26344144,-0.017248228,-0.39468408,0.3711069,0.5138127,-0.035358004,0.36437052,-0.43645072,0.09943631,-0.10405408,0.21255079,0.231961,-0.029375449,0.0969644,0.18634342,0.06543689,-0.4417103,0.4134275,-0.014342245,0.032991193,0.2142367,0.20409386,0.60859174,0.50805944,-0.024585094,0.30494946,0.3714917,-0.5890589,0.3679883,0.4422035,0.04334093,-0.3648788,0.22360094,-0.23399054,0.20835474,-0.23011144,0.08139775,-0.10947475,-0.39598384,0.36796492,0.48286927,-0.09328929,0.24860772,0.047933944,-0.14110368,0.015737636,0.10280752,0.35249537,-0.19881792,-0.1435477
OAS1_0105,-0.9250782,-0.5568218,0.20328502,-0.7745012,0.26932457,-0.2460796,0.015447554,0.37976992,0.24615185,0.16078758,-0.27930224,-1.2257004,0.7196004,-0.15106985,-0.20030151,-0.18929705,-0.5549683,-0.08301742,-0.0827206,0.18206795,-0.17626305,0.3163637,-0.34068376,-0.700111,-0.46983784,-0.24472319,0.11438765,-0.6466051,-0.2434273,0.44629556,0.24871722,-0.20296948,0.36228815,-0.37964785,0.29474387,0.299915,-0.34031427,-0.07060542,-0.2336974,0.03167152,0.6888473,-0.20768137,0.28784198,0.092644945,-0.53268385,-0.2056646,0.5229922,-0.07827662,-0.2096142,-0.19641733,0.3289723,-0.3302994,0.08915501,-0.17983599,-0.077126525,-0.071752846,-0.09257697,-0.47813693,-0.6960314,0.22549996,-0.06430927,-0.12058053,0.48182982,-0.3128329,-0.1017753,-0.0016520133,0.3002942,-0.6207384,-0.41700324,0.42534858,0.3619524,-0.34889668,-0.2994623,0.015289525,0.23155457,0.2632759,-0.4358363,0.13882236,-0.3518225,0.2709528,-0.4506677,0.11811742,-0.25985506,0.29473475,0.4538585,-0.15516949,-0.22686988,0.17361139,0.0059853005,-0.123631686,0.08605776,-0.5470324,0.23177695,0.41844857,-0.14886154,0.1516383,-0.17768776,-0.036674403,-0.00170148,0.12980893,0.00014389963,0.371705,-0.21372887,0.17743216,-0.32244158,0.2037375,0.06987528,-0.11455394,0.26533213,-0.21810085
OAS1_0106,0.77053595,-0.35555682,0.06633528,-1.421858,-0.134637,0.17005906,0.32623273,1.4379269,0.1730993,0.41780412,-0.13552782,-0.2487592,0.023928251,-0.8320525,-0.027583009,-0.40285832,0.1835221,-0.75848037,-0.16555656,-0.5200346,0.60819876,0.0614324,-0.5015499,0.18088575,-0.29589233,0.07384494,-0.23375572,0.6418198,-0.46509048,-0.24607056,0.0099162115,-0.12633094,0.38254592,-0.09116664,0.48688444,-0.1077295,-0.12343127,-0.46931434,-0.08632865,0.087132856,0.051552556,-0.01743446,0.3017847,0.21984583,-0.35343173,-0.10202007,0.07724273,0.06176705,0.22491536,-0.27316558,-0.0916475,-0.5137374,-0.41140914,-0.25540513,0.34778765,-0.70191264,-0.3919725,0.019017728,-0.83303225,-0.2513453,0.050940715,-0.44364905,0.3916747,0.26175085,-0.5929957,-0.082980886,-0.80297893,-0.07950434,-0.16863273,-0.24735287,-0.23338178,-0.16928521,-0.09238828,-0.21416348,-0.38995826,0.074618176,-0.04142995,0.1825841,-0.54729754,-0.2443742,0.016739633,-0.6117024,0.28446707,0.037448667,-0.32577202,-0.012765949,-0.33933392,-0.5320692,0.36792985,-0.22428888,-0.35830262,0.34137693,0.35111564,0.08743046,-0.07095776,0.02335798,0.07425563,0.022792194,0.27281836,-0.51576173,0.51697814,-0.24679792,-0.10449637,-0.4795196,0.71019906,-0.35903838,0.00044612793,-0.009993505,-0.28518865,-0.5346471
OAS1_0107,-0.50376993,0.11965871,0.16006671,-0.3018212,0.2987149,-0.73120517,-0.80292916,-0.37730116,0.3266513,-1.6039889,0.08646863,-0.38595772,0.029765973,0.08956169,0.2805812,-0.22316903,-0.6134121,0.07708248,0.2616927,-0.47191864,0.6076186,0.23417582,0.49350595,0.42895168,-0.67451805,-0.3132979,0.16546077,-0.11469924,-0.28234893,-0.23339663,0.048216328,-0.0697711,0.31419107,0.07352125,-0.10736912,0.52835935,0.5803418,0.032827936,0.30345696,-0.061226163,-0.037830424,-0.26395214,-0.26998693,0.5444983,-0.32217187,-0.34958103,-0.7198686,0.30859545,-0.06980619,-0.2740583,-0.07304106,0.2715461,-0.25230357,-0.17043485,-0.10498911,0.47932598,-0.2202506,-0.35069343,-0.24330108,0.01725392,-0.23660861,0.39766258,-0.123207085,-0.1104208,0.15663078,-0.15548483,-0.59449196,0.11820644,0.4079536,-0.4161667,-0.02743106,-0.05330792,-0.19167328,-0.1608387,-0.14288615,0.09138795,0.31518185,0.012438195,0.20068456,0.23690149,-0.3931685,-0.09618637,0.00014376309,-0.043939024,0.3051451,-0.4194819,-0.15271991,0.113428004,-0.08387671,0.04273166,-0.1005676,-0.3696274,0.014523466,0.468136,0.37594563,0.17916891,-0.48742786,0.119469,0.44427365,-0.078107364,-0.13931678,0.08318768,0.21679088,-0.038845316,-0.27198276,-0.31927618,-0.035666324,0.3676942,0.4101078,-0.13827312
OAS1_0108,-1.1923816,-0.4765234,-0.4014106,-0.307028,0.19626705,-0.009615465,0.42912117,-0.21747476,0.06032716,-0.41075355,-0.11125919,-0.61203486,-0.1256562,-0.5465731,0.3939473,-0.11816442,-0.25668198,-0.2303212,-0.13361725,0.032684002,0.3430872,-0.3671012,0.3419661,0.33125135,-0.04590708,-0.8554887,-0.110735945,-0.6874106,0.43278638,-0.815369,0.34168285,0.0018921653,0.710665,-0.30117005,-0.24998842,0.31864202,-0.4229705,-0.566382,0.064878784,0.6110197,-0.16736612,-0.64368224,0.512777,-0.2988029,-0.5540674,-0.13767852,-0.40715387,-0.09217253,0.03235777,-0.3269613,0.30252013,0.052556735,-0.10418735,-0.45325035,0.16520396,0.17847602,0.13205115,0.40763336,0.4174759,0.48335156,0.0680907,-0.18987691,0.10037718,-0.45220307,-0.406417,-0.07138036,0.792003,-0.027416939,0.14152436,0.18614958,-0.02068527,0.6072175,0.033810202,-0.06740157,0.008936334,-0.2758463,-0.05138745,0.10488882,0.15070897,0.2199442,-0.21092808,-0.052755874,-0.0170358,0.33813566,-0.059876356,-0.13411385,0.09298601,-0.02816409,0.11548044,0.39768314,0.02611895,0.27033868,0.17171118,-0.5555961,0.4436479,-0.13934126,0.3992004,-0.0014844883,0.1841195,0.20569162,0.33935192,-0.04980915,0.15020391,0.31743047,-0.35670394,0.5401425,0.0046455143,-0.3332842,-0.10084917,0.04990674
OAS1_0109,-0.7305114,0.6548706,0.46922836,0.05189114,0.21242753,0.32554647,-0.022620613,-0.81404436,-0.02578103,0.425307,-0.73668116,0.3089829,-0.11625709,0.21623945,-0.032459654,-0.37050557,0.3563174,0.11811361,0.3430011,-0.4485265,0.353276,0.47819543,0.090221584,0.5802407,-0.30007148,0.034210846,-0.06662876,-0.77295935,0.4925984,-0.16073793,-0.36305165,0.3377615,-0.28259343,0.23567812,0.22595765,0.19392887,0.258345,0.19607285,-0.54670453,-0.056270618,-0.5878048,0.14345744,-0.203517,-0.15389985,0.14510538,0.33035275,-0.23263887,-0.0618388,0.0931278,-0.0626469,0.2264188,-0.41491687,-0.31740534,0.5282262,0.21137004,0.5883816,0.20886792,0.08468476,-0.05679031,-0.37466633,-0.12788557,0.09968403,-0.1484228,-0.019690352,0.05723063,0.15490124,0.28684774,0.28092602,0.20681448,0.13034876,0.34874442,-0.12143748,-0.43154877,0.3108333,-0.38206348,-0.042416178,-0.4636062,-0.15787034,-0.015179224,0.51576424,0.60750085,0.24603656,0.35067138,-0.056901455,-0.4284278,0.22625664,-0.023015862,-0.102775685,0.5532037,0.057571404,-0.29007837,0.26424158,0.23229776,0.52387315,-0.089003146,0.16744797,0.38431758,0.23363985,0.07650112,0.1781669,0.0005946118,0.33238316,0.036070537,0.38851947,-0.026650343,0.09383239,0.47204074,0.42132786,0.14945236,-0.21030854
OAS1_0110,0.8612889,-0.08125747,0.026577927,-0.06501442,0.4587743,-0.1226482,-0.2631812,-0.40487862,0.08453903,-0.24927916,-1.0029463,-0.09453738,0.14445236,0.044190302,-0.4297773,0.52220523,0.4494963,0.21558675,0.29516372,-0.17155239,-0.30975205,0.5203301,0.2158906,0.35187933,0.33098304,-0.481624,-0.24007903,0.4958274,0.217123,-0.78771704,-0.2704261,-0.09323215,0.11126023,-0.7916688,-0.14918645,-0.2560176,-0.1449187,0.7670163,0.30807805,-0.73857415,0.22428821,-0.13103242,0.07914835,1.0404499,-0.44564313,0.33424503,0.2315518,0.36890823,-0.35327736,-0.08307201,-0.19567916,0.46599784,-0.0718061,0.41007304,0.27697435,0.117532775,-0.13170215,0.47599745,0.2901625,0.7429308,-0.62228084,-0.16988285,0.3046199,0.11253312,-0.09247578,-0.2827346,-0.10405218,-0.21852523,-0.47567064,0.33486813,-0.4179764,0.35684755,-0.17893966,0.42475942,-0.3209475,0.81668705,0.04425704,0.065668814,0.15473896,0.15321909,0.01796219,0.24004805,-0.30391243,0.050213125,0.04226869,-0.21921603,-0.06431244,-0.506126,0.23683965,-0.06621843,-0.0054881843,0.17558165,0.17784575,0.36067805,-0.059705473,0.20748137,0.5368637,-0.23236953,0.17589067,-0.465008,0.009758368,0.03291124,-0.01397266,-0.15252782,-0.23455007,-0.0043537864,0.093035586,-0.03189225,0.3406657,-0.07100379
OAS1_0111,-0.9298167,0.5438636,0.591405,0.07148396,0.28502154,-0.15293825,0.57545996,-0.6519041,-0.042752936,-0.56117916,-0.0663493,0.016871875,-0.38709968,0.23489419,0.28010675,-0.002043709,-0.27312824,-0.4696854,-0.63117677,-0.31613317,0.5872691,0.603008,0.22265083,0.20256598,-0.96778524,0.2767399,0.14506769,-0.49284562,-0.058088284,-0.36577004,0.3252621,0.007099726,0.10061924,0.07474871,-0.05718944,0.16550137,0.23186886,0.0695822,-0.3033911,0.429376,0.14017756,0.5714573,0.05614038,-0.27144492,0.24912554,0.0683537,-0.41021144,-0.08430848,0.2891532,-0.2614856,0.01823309,-0.586889,0.099569336,0.9367202,-0.02755212,-0.37509,0.45720884,0.5856483,0.3298213,-0.1736252,-0.504147,0.33998242,0.44318563,-0.48672172,0.14855325,0.02706368,0.23365049,0.124432325,0.15240826,-0.1659321,-0.34379122,-0.47336918,-0.038485155,0.32029548,-0.031380206,-0.15707682,0.25773013,0.51929605,0.13521183,-0.03864166,0.39423537,0.1993574,-0.1048696,-0.20680022,-0.51596195,-0.016334528,-0.24535027,0.018499365,-0.21892132,-0.2780916,0.26869634,-0.2899951,0.21312732,0.076473095,-0.63102233,0.503452,-0.06461223,-0.2312918,0.29198697,-0.0004443838,-0.3153853,-0.12613136,-0.027104111,-0.1332727,0.31012094,0.057318985,0.43760538,-0.33461696,0.09244313,-0.15192136
OAS1_0112,1.4310688,-0.15565453,-0.8489751,-0.022107394,-0.081085645,-0.21780086,0.14031135,-0.4210889,0.60722464,0.048704505,-0.042405877,0.3170113,0.44770885,-0.3109312,-0.44046792,0.47467175,-0.28975734,-0.15994437,-0.03219691,-0.36425063,0.5765937,-0.35391,0.37433916,-0.3594745,-0.40610054,-0.5333931,0.07806434,0.05476782,-0.364618,-0.06855939,-0.18141453,-0.041741338,-0.10999155,-0.0042533,-0.17681006,-0.07550501,-0.3487557,0.021554912,0.5426261,0.18290307,0.5152486,0.68236035,-0.6246518,-0.39923972,0.22080848,0.33650085,-0.20216039,-0.17724727,0.6122465,0.058106706,0.21568355,-0.27985546,-0.19159131,0.20976456,0.51190597,-0.4594174,0.70634586,0.007492121,0.45581564,0.22570947,0.42505485,-0.2180559,0.39270413,-0.015402521,-0.26157114,-0.15059297,0.10076566,0.5948941,-0.40142816,0.03419894,0.21028261,-0.5129803,0.19765382,-0.40708974,-0.29332167,0.14574932,-0.14159966,-0.18865325,-0.063589714,0.009515306,-0.23347844,0.30470717,0.016933734,-0.11977235,-0.13328354,-0.0017389505,0.612033,-0.48345152,-0.027799118,-0.19314766,0.31147814,-0.42904562,-0.24246775,0.21476728,-0.16391878,0.09156195,0.16050196,0.3108591,0.2939127,-0.4461872,-0.16456325,-8.1016085e-05,0.104951754,0.06373929,0.46829185,0.11943814,0.09957279,-0.10655648,-0.42328942,-0.008963445
OAS1_0113,2.2334704,0.011419123,-0.7139135,0.19473493,-0.6650792,-0.43795806,-0.6259156,-0.4396754,0.118275665,-0.28918916,1.0791817,0.2436944,0.03441541,0.06436903,0.3752124,-0.20699961,-0.032143142,0.32615873,0.40594664,-0.5579574,0.09693758,0.11621354,0.10767184,-0.09148998,-0.21156129,0.29682273,-0.05838881,0.434444,0.039984517,0.07054479,-0.26000234,0.59335,-0.56360006,-0.22662207,-0.6425845,0.47562042,0.2892923,0.6497479,-0.22720505,-0.2000484,-0.256184,-0.040144514,-0.39675087,-0.2002758,0.031453855,0.40124068,-0.16906352,0.24230596,0.3431257,-0.16514839,0.08026238,-0.31225708,0.01242991,0.24181728,-0.42703345,-0.4104562,-0.6060427,-0.31817567,0.0041529383,-0.27561045,0.569452,-0.5213286,0.14034852,-0.40897384,-0.67051524,0.6333693,-0.077017,-0.34263948,0.82452494,-0.23901567,0.3319304,-0.1405871,-0.20447154,-0.19419698,-0.22566602,0.009938224,-0.37409592,0.026090993,-0.20263478,-0.120641366,-0.21633479,0.5303901,-0.36503965,-0.11613685,0.39427337,-0.2165065,0.29743767,-0.014483991,0.09034501,-0.06178077,0.51723707,0.12137885,-0.036984406,-0.24746135,0.44120628,-0.07373226,-0.21678466,-0.526144,0.034514174,0.5017388,0.5986131,-0.04074715,0.32122198,0.22664377,0.3195001,-0.15014245,-0.08678006,-0.27924013,-0.3832994,0.56652415
OAS1_0114,-0.22442938,0.4595609,-0.41740015,-0.75410897,0.8568135,0.1562426,-0.49193132,-0.77155924,-0.28468376,-0.58211297,-0.0763197,0.06868873,-0.6302471,0.1564651,-0.15334213,0.052424356,-0.21131225,-0.6842695,-0.2336239,-0.55355644,-1.0269711,0.13452962,-0.087209836,0.6130572,-0.34174052,-0.024275424,-0.13430126,0.004794474,-0.24159472,0.03397696,0.061457362,-0.36372328,-0.36938936,-0.3849833,0.026188176,0.49747816,-0.35142517,0.17726551,0.28714478,-0.18272798,-0.5947622,0.34873232,0.33135226,-0.115160376,0.22886378,-0.5157378,-0.10094848,0.3039003,0.5399651,0.14266367,-0.09995681,0.24178003,-0.23498231,0.14433378,-0.43355265,0.19910349,-0.26145685,-0.06388243,0.52273095,0.39741802,-0.34581286,0.019291159,0.08770198,-0.23937811,0.10773367,-0.12986732,-0.1403023,-0.23547788,0.29262218,0.6590683,0.5343442,-0.049223937,0.11011895,0.012949435,0.2945639,-0.24748719,0.15367195,-0.25253603,-0.04219065,0.057654098,-0.3399411,-0.009739198,-0.31741482,0.20672634,0.0080210725,0.46732783,0.17715558,-0.5296082,0.30696863,0.29383662,-0.32376558,0.20407559,-0.37882793,-0.4057468,-0.15655315,0.11310765,0.19863793,0.020212112,-0.31656376,-0.1603231,0.7877898,0.24494052,-0.10238604,0.14148176,0.028020088,-0.24218039,0.12529409,-0.1689097,0.24087888,-0.44162992
OAS1_0115,2.194958,-1.568037,-0.30468276,0.35321507,-0.24774835,0.89152616,-0.6791171,-0.74470675,0.42256433,-0.1430168,-0.4050948,-0.4075099,-0.03468315,0.024973499,-0.29345566,-0.20046869,0.011070094,0.114426926,-0.048179932,0.081674114,0.20898323,0.19849631,0.890172,-0.40846807,-0.49404097,0.5702699,0.35020337,-0.6631624,-0.5626659,-0.28540808,0.0043827477,0.21684302,0.50169456,-0.3405436,0.54091257,-0.038502835,-0.037470676,-0.49134618,-0.10057618,-0.17169388,-0.19712865,-0.027181309,-0.31819502,-0.18794186,-0.5123354,0.13480254,-0.29748327,0.028448638,-0.047931336,-0.59600645,-0.3768642,-0.28751713,0.30694863,0.33639455,-0.2227763,0.4842069,-0.28254992,-0.73248786,-0.63038826,-0.29746133,-0.18365994,-0.025013585,-0.24935663,-0.20182548,0.21418059,0.39529604,0.39966416,-0.102947034,-0.32270023,-0.4760264,-0.014659561,-0.62119925,0.5044056,-0.7266146,-0.5933392,-0.102735616,0.30361548,0.04654299,0.019887425,-0.0010753128,-0.0691393,-0.25466815,-0.1709987,0.5096503,-0.18938604,0.024666084,-0.1878275,0.2772472,-0.29998374,0.18288718,-0.06254397,0.10523256,0.036035534,0.6154176,-0.27685246,-0.14887552,-0.65865296,0.44320798,-0.27247953,-0.03169309,-0.034287047,-0.1774742,-0.5512872,-0.32095823,-0.21976607,0.10625349,0.20552376,0.07164691,0.15890078,-0.3750388
OAS1_0116,-0.30993468,0.5929851,0.5570126,0.6253193,-0.47646266,-0.36044323,0.18061459,-0.2569478,0.27375758,0.25071275,0.13516448,-0.55062014,0.08448848,-0.2815448,0.15572096,0.5020447,0.31957915,0.17472696,-0.3598824,-0.18537366,-0.5832311,-0.16944243,0.6113185,0.31515962,-0.013724684,0.24027191,0.46720245,-0.6492371,0.24417844,0.24379754,0.12212473,-0.35973257,-0.8332027,0.45112023,0.26513523,0.53838104,-0.017883867,0.41934782,-0.61083215,-0.041505806,-0.47942638,-0.089389965,0.9623244,0.30896538,1.0351081,0.007371905,-0.62078303,-0.43268904,-0.082519434,0.6500574,0.30119398,-0.034577772,-0.4185961,0.41936257,0.66095436,0.16099831,-0.53101885,0.2889741,0.026111372,0.16010424,0.12782545,-0.4302395,-0.08253045,0.23172149,0.25532445,-0.16185161,0.26364926,-0.18535174,-0.2819444,0.24334487,-0.052499082,-0.07234217,-0.3183638,-0.70913374,0.06743469,0.34692344,-0.1777829,0.23207808,-0.16390881,0.3104344,0.008358477,0.09568437,0.32601,-0.35639584,-0.01962322,0.14228697,0.10407191,-0.22015096,-0.3361409,0.39853823,0.00018251994,0.1073017,0.23551816,-0.32238045,0.022596769,-0.19734752,-0.10165923,0.27093506,-0.14164707,0.104255214,0.07795549,0.017022701,-0.061889198,0.0801803,-0.27285573,-0.20955424,-0.033425227,0.0580661,-0.1787452,0.35509995
OAS1_0117,0.76439184,0.48969647,-0.9612814,-0.04051838,0.029943109,-0.2109186,0.08476454,0.27184793,-0.18702476,0.09287377,0.35039237,-0.121407054,0.237878,-0.08253901,0.024219923,0.73868495,-0.05464703,0.16500293,-0.09692094,-0.27363673,0.835592,-0.45245397,-0.05050887,-0.13181508,-0.3416931,0.030664928,-0.5244039,0.369608,0.22105579,0.34356752,0.34706733,0.3063716,0.7138182,-0.13802154,0.17390549,0.7732039,0.1641344,-0.56534994,0.0101319235,-0.12765718,-0.29412833,-0.009394785,0.13270518,0.36348185,-0.38992888,-0.27794358,0.22597873,0.2416463,0.26895243,-0.28333998,-0.17903437,0.3984708,-0.3090256,-0.31457502,-0.29987898,-0.31929192,0.61560845,-0.034280542,0.41133994,0.54338104,0.5701165,-0.26293856,-0.86431783,-0.034582406,0.6579425,0.18490767,0.3822822,0.007992688,-0.12933366,-0.013815212,0.035983842,-0.34952578,-0.10871512,0.3254484,-0.92415386,-0.7611821,0.082001075,0.10125061,-0.0355378,-0.13946472,0.5180002,0.30702105,-0.21463606,0.14368606,0.19059227,-0.33972904,0.16906458,-0.14183787,0.4091922,0.2340795,-0.361126,-0.43569517,0.3897046,-0.32765847,0.11809859,-0.653807,0.42438352,-0.21816896,0.0058846637,0.0055030207,-0.11885597,0.04753188,-0.5817294,-0.32396165,-0.48606998,-0.13419649,0.17608663,-0.43132922,0.098515056,0.16009818
OAS1_0119,-0.61467236,0.04377927,0.4940779,-0.22027427,-0.33502585,0.21913068,-0.69689,-0.02515874,0.044857234,-1.0759941,0.44501838,0.31213227,0.2200721,-0.32089105,0.07365592,-0.42941096,-0.074281715,0.45441744,-0.027888807,-0.1231944,0.26126996,-0.1540723,-0.73881125,0.3514526,0.32511762,0.15821165,0.2940702,-0.011062651,0.23616421,0.056509554,-0.024131037,-0.30665487,-0.3546847,-0.1840695,0.44609356,-0.1340243,-0.5336861,0.13260777,-0.37700894,-0.11448191,0.11064559,-0.31134388,0.031341363,-0.35629424,-0.77989477,0.1476396,0.38132456,-0.5503136,0.2721092,-0.5169913,0.08514425,0.035903987,0.37829608,-0.16383132,0.20890975,0.17522289,-0.19539529,0.33958673,0.1756848,-0.17826518,0.099851586,0.22452879,0.016407501,-0.32348454,0.47329217,0.61148626,-0.15024874,-0.07985537,-0.080710456,-0.1406716,-0.16659783,-0.42752612,-0.18795578,0.21593596,0.057532523,0.4122448,-0.57145244,-0.31008628,-0.10177584,-0.25821248,-0.2085202,0.27288455,-0.007223942,0.27406383,0.041706268,0.4958613,0.28300527,0.048607923,0.16642745,0.39797068,0.3036645,0.28110716,-0.5805919,0.37827632,0.08818901,0.28356493,-0.06804637,-0.26844072,-0.014124258,-0.0015985955,-0.081626765,0.13789447,-0.024432652,-0.07326192,0.39911997,-0.115125425,-0.039617777,-0.47774345,-0.0029569983,-0.03249531
OAS1_0120,1.7427009,0.75455046,0.5655368,-0.0054735234,-0.5080377,1.0982449,0.25639942,-0.20160234,0.2879837,0.42272675,0.17105952,-0.639621,-0.33338964,-0.29626504,0.18154089,0.183183,0.05318369,-0.62387604,0.8059643,0.3500205,-0.23642346,-0.12565768,-0.2953316,-0.40753007,-0.20134938,-0.41087395,0.29251963,0.018709287,-0.34948674,0.26472217,-0.12647447,0.3965513,-0.12629427,-0.0789128,-0.1969605,0.0033219825,0.19056432,0.2118671,0.14746992,0.00023854528,0.0704929,0.44278705,-0.8165988,0.012229186,0.028747719,0.1424409,-0.3777003,0.1442489,-0.97097844,0.050101627,0.44585606,-0.8224731,0.39577076,0.2221401,-0.32870042,0.15780562,0.15855111,-0.00091628166,0.30402207,0.08232635,-0.48672605,-0.19675617,-0.3516798,0.28971112,-0.20793469,-0.40600964,0.29429504,-0.078722745,0.5280354,-0.17397486,0.36943313,-0.54747707,0.0027193544,-0.09889702,0.31070766,0.032039955,-0.67842644,0.5789652,-0.43235537,-0.7095235,-0.102761514,0.27169946,-0.4228122,-0.39104998,-0.7332441,0.60683453,-0.7947439,0.0071274186,-0.24005887,0.55672103,-0.12297998,-0.06308301,-0.07792703,-0.2509049,-0.17989868,-0.16344227,-0.14268194,-0.05731385,-0.02461223,-0.034002118,-0.079517625,-0.12843244,-0.19710995,-0.030054433,0.06262287,-0.4173643,0.16949098,-0.44027257,0.23572806,-0.28082457
OAS1_0121,-0.37548944,-0.17280658,-0.43036398,-0.38173246,0.06179319,0.80965304,-0.1491203,-0.59353334,0.45302424,-0.41999453,0.21390517,-0.14542103,-1.0543213,0.52477276,0.45915323,0.6663649,-0.7525805,-0.37207535,0.61035997,0.050006136,0.16900705,-0.08416766,0.02897789,-0.10121238,-0.1768102,0.07738417,-0.33060575,0.5403058,-0.3319451,-0.39378855,-0.5123716,0.46235254,-0.614366,0.30606216,-0.21592739,-0.25666505,-0.24470708,-0.17078474,-0.6849196,-0.4978733,0.2134052,0.83290863,-0.08954462,0.71317464,-0.24544688,0.07871854,0.030506656,-0.54173887,0.07648963,0.41559282,0.64872754,0.1279443,0.59489936,-0.2672022,0.0042993864,0.1996213,0.40500978,0.1881258,-0.24418171,0.00065829535,0.9143293,-0.07798246,0.5638438,-0.20571488,-0.3931123,0.17077869,0.23291819,-0.80671334,0.49763557,-0.4053711,-0.25656915,0.32106808,-0.1078585,0.5616317,-0.04786899,0.38048804,0.38045076,0.1368865,-0.011643161,-0.05839316,-0.439549,-0.6027961,-0.38864228,-0.08422182,-0.15673955,0.21415772,0.19405834,-0.11493658,-0.439609,0.14021656,0.08196461,-0.014557436,0.27249053,0.13077183,0.27797282,0.22616102,0.6108119,0.2123053,0.4218997,-0.017280713,-0.5224942,0.15855286,0.2391294,0.3937703,-0.095146865,0.27507207,-0.031678688,-0.3020494,0.3539751,-0.22758749
OAS1_0122,0.98902977,0.6980714,-0.27324894,-0.022750065,0.18135872,-0.40630722,0.5953137,-0.24742019,0.10892226,0.19332819,0.5691195,0.00069195125,-0.046417948,0.46396038,-0.34156078,-0.117695555,0.3147944,0.04019284,0.01741826,-0.24232136,-0.27912033,-0.5690182,-0.15646473,-0.36624876,1.076236,-0.097168,-0.22130047,0.5676642,0.016971357,-0.3368048,0.03967333,0.434524,-0.41274706,-0.163541,0.7233757,-0.3139111,-0.29518756,-0.15126431,-0.6686354,-0.2553057,-0.4045058,0.16497643,-0.6668369,-0.59207994,0.33189306,-0.43636408,0.23388897,0.57304996,-0.03529752,0.7219732,0.048871092,0.4014792,0.41923434,0.31719938,0.13519041,-0.22216907,0.22756547,0.3724931,0.43786114,-0.5879371,-0.100296,-0.17963728,0.36614478,0.60547596,0.60024476,0.2759338,0.4697544,-0.16488233,0.24100956,-0.549671,-0.1336191,-0.3629677,0.6095005,-0.056775957,0.25789434,-0.20682265,-0.36284456,-0.36318478,0.08830541,-0.11513801,0.11869889,0.65979916,-0.20287426,0.27539295,0.016741341,-0.17872086,-0.13137674,0.13504697,-0.42303115,-0.4568219,-0.28599924,0.039194815,-0.034605175,0.16356184,-0.05697964,-0.62141126,0.20845792,-0.08441722,0.07099892,-0.023028094,0.14179955,0.37602216,0.014917072,-0.007880734,-0.1930315,-0.1069213,-0.5073011,-0.09555782,-0.21777602,0.06499862
OAS1_0123,0.7577758,0.6139975,0.015527953,0.3102156,0.12538801,-0.32554957,-0.45637578,0.0701864,-0.38654277,-0.23512752,0.62279576,0.55597705,0.8495913,-0.04591296,0.013276179,-0.32606852,0.52167475,-0.16385499,-0.16970976,-0.06848364,-0.08341222,-0.08281433,-0.45543045,-0.2367994,-0.12332464,0.15001094,0.6040477,0.42645046,-0.22524954,-0.5168601,-0.38245505,-0.2892977,-0.48805937,0.32983652,-0.43091306,-0.33551034,-0.5469237,0.395936,-0.050597467,-0.5223083,0.6297158,-0.46190685,0.06477035,0.37757427,-0.069927946,0.5565745,0.14673539,-0.1196623,0.67410773,0.6065028,-0.65508235,-0.08800474,-0.13794771,-0.27315027,-0.37061122,0.5599428,0.63059235,-0.5578218,-0.5228764,0.15985453,0.23056611,0.041695397,-0.44452587,-0.18543443,0.050895996,-0.43781227,0.027562419,0.39626235,0.2611357,-0.19095616,-0.3871115,0.27459127,-0.59927213,0.5002247,0.009290406,-0.39575046,-0.033814594,0.39034775,-0.068017416,0.11163884,-0.2758226,0.058629997,-0.021990813,-0.15746146,0.72227305,0.09948933,-0.18902056,-0.08020993,-0.18484822,-0.49834785,-0.19754837,0.2869973,0.821633,0.13181928,0.25994742,0.16547814,-0.1527196,-0.34793192,0.5621145,0.30823925,0.053353135,0.14397772,-0.021861164,0.27657774,-0.08609505,-0.59144753,-0.0016439185,-0.46110073,-0.4770605,-0.41143486
OAS1_0124,2.4285808,-0.96674234,-0.53474224,0.47949684,-1.0632838,0.6841982,0.45224127,0.19287036,-0.15194498,0.8508688,0.4641292,0.21838449,0.68469095,0.27435333,0.6760323,-0.24285576,-0.91909546,0.3083827,0.37090403,0.041341186,0.41858515,-0.82980573,0.23764057,0.42744428,-0.17990495,0.2301038,-0.72285247,-0.047990628,-0.24857056,-0.43886924,-0.057720426,-0.22666764,0.33018222,0.47563753,0.22042964,0.17866357,-0.30377537,-0.8963973,0.8040365,-0.08826173,-0.18966548,0.044294685,-0.29666927,-0.025327232,0.036482055,0.08357578,-0.3801299,0.29747996,-0.6609519,0.51913524,-0.30061984,-0.19967312,-0.33936906,0.1540744,0.20489517,-0.5056269,-0.24022567,-0.3330809,0.65116787,0.35890085,0.64832836,0.64287525,-0.17274676,0.16134465,0.28449783,-0.46440473,-0.49670693,-0.18495123,-0.2045936,-0.24444416,0.60695875,-0.36339304,-0.9462427,-0.022061951,0.20700951,-0.018387934,0.2900735,0.010824324,0.31620893,-0.38373014,0.10831439,-0.040475033,0.43536574,0.15625444,0.03577364,-0.3750168,-0.014918999,-0.05677941,0.21696359,0.3469345,-0.10603029,-0.07924812,0.043383334,0.400803,-0.24859777,0.063075826,-0.3546688,-0.37087443,0.030356545,0.42195746,0.48166713,-0.11676714,0.33718303,0.33716998,-0.052778333,0.84637064,-0.2938367,0.50085354,0.32277378,0.14701799
OAS1_0125,-0.39616662,0.90413624,-0.26211894,0.18673173,0.38249844,0.28379488,-0.12228822,0.44510219,0.015118689,0.086351044,0.80075675,-0.68526524,0.02278886,0.62818235,0.40494883,-0.20136188,0.05332008,0.24830292,-0.79808265,-0.25812942,0.44605938,0.36942297,-0.07457193,0.29538774,-0.35805628,0.15423098,-0.29878798,-0.18942396,0.08383247,0.595989,0.47973806,0.98980427,-0.25345194,-0.25820956,0.37872747,-0.29262173,-0.34003946,0.26861122,0.3085533,0.33156458,-0.6770873,-0.13739537,-0.14976932,-0.5027,0.5490512,-0.12659182,-0.16512743,0.8653454,-0.26255995,0.09566624,0.4412552,0.21902229,-0.21776716,-0.19425988,-0.2319022,0.06733455,-0.44500726,0.9852889,-0.43340546,-0.35346514,0.20258844,0.012282782,0.18299139,-0.042515684,0.41192538,-0.32176924,-0.48618844,0.022066822,-0.44164228,-0.23222595,0.11971287,0.2914868,0.015455998,0.19916998,0.22102648,-0.11455731,0.10681537,0.3236038,0.16755803,-0.14818038,-0.33247906,-0.4199754,0.10225221,-0.1033739,-3.9611466e-05,0.24351594,-0.16129915,0.361897,-0.06497475,-0.20124601,0.35428065,0.080450036,-0.43152016,-0.25626883,-0.27871525,0.036560256,-0.24502997,-0.22487667,0.17325562,-0.2205425,-0.1136196,-0.08010844,-0.36429957,0.34108907,0.1084851,0.08010844,-0.27580014,-0.19847278,0.13955882,-0.2914373
OAS1_0126,-0.98341656,0.42356226,-0.050708912,0.5184306,-0.01091086,-0.49563468,0.013542306,0.09271853,0.07864505,-0.8281851,0.2050288,0.417581,-0.23351881,0.338884,0.0091421185,0.17652945,0.65579236,0.25265017,0.019459913,0.23567365,0.087358825,0.58152205,0.67464,0.29162607,-0.70232224,0.8409917,-0.043701302,0.6837356,0.4567485,-0.00062363845,0.15468483,-0.19600804,0.05661142,-0.12764779,-0.14534959,-0.14064921,0.23167391,-0.3051004,0.44773734,0.52661604,0.08774962,0.04261202,0.0026506854,0.27218527,0.23128727,-0.05984797,-0.005641895,0.2338102,0.2914449,0.24827704,-0.30362085,-0.39120156,-0.19963102,-0.23522933,-0.08658107,0.83973503,0.009029522,-0.13776024,0.047342483,0.30535445,-0.011145384,-0.072569706,0.29665494,-0.17377111,-0.4931031,0.0975959,-0.14212587,0.08215968,0.27592117,-0.060921554,-0.17188099,0.6786616,-0.10852507,0.40887058,-0.02448766,0.2409469,-0.39415592,0.27489674,-0.019619752,0.025617613,-0.13327396,0.17310967,0.4120048,0.78603417,-0.23894857,-0.038657393,-0.3142147,-0.03650383,-0.0739904,0.36582834,0.036895968,0.1534662,-0.072562635,0.55480444,0.077734,0.08829113,0.29838443,-0.9475914,0.03891857,0.06730578,0.26821372,-0.09817198,-0.14105973,0.05106967,0.0028800445,-0.057085674,-0.54425836,-0.21882044,-0.42253202,0.36613497
OAS1_0127,-1.1047784,-0.529691,-0.90098095,0.19302318,-0.6920495,0.1327765,-0.34035492,0.42219278,0.6294295,-0.7538754,-0.45811322,0.19445345,-0.059766974,-0.3774315,-0.6988702,-0.34958464,-0.17277081,-0.07294396,0.41357657,0.3663945,-0.12147298,0.38014963,-0.33124787,0.35137835,0.7914528,-0.1542171,-0.5208538,0.47424224,0.24670945,-0.33594242,0.2740401,0.33196715,-0.43529615,0.47471312,0.39876527,-0.10087983,0.30791765,-0.2005895,0.21854609,-0.1150176,-0.39781064,-0.19333458,0.21576804,0.38518944,0.2928779,-0.4080462,-0.47552085,0.11349708,0.13022552,-0.28048816,-0.26896435,0.14298314,-0.4536536,-0.9624385,-0.18822694,-0.24937344,-0.8081896,-0.39585054,0.13129349,0.33978945,-0.06772993,0.035819955,-0.16062813,-0.20469354,-0.34707275,-0.013114257,-0.20898056,-0.03822702,-0.05942709,0.37070778,-0.08224517,-0.11395598,0.41413397,-0.34493154,-0.08012756,0.42135453,-0.5972963,0.2091226,-0.27551422,-0.35381702,0.7023072,0.2899474,0.10868354,0.009742491,-0.052735757,0.31147817,-0.19104385,-0.055066872,0.03755026,0.24549045,0.0101124225,-0.08976626,-0.4424803,0.46014905,0.12484548,0.11178518,0.20738384,0.32311794,-0.05152845,0.03840298,0.008508936,-0.4302001,-0.019876951,-0.12930693,-0.17389816,0.16914901,-0.2023606,0.17334571,-0.3401746,-0.35350654
OAS1_0129,-1.0319277,-0.068360865,-0.43751994,0.46320683,0.15053101,0.05024224,0.10885308,-0.10951376,0.46143442,-0.08858014,-0.31528595,-0.032677814,-0.49741364,0.13576132,-0.25074264,0.3641775,0.20865434,0.057831343,0.0037002692,-0.120593004,0.3471537,-0.35390833,0.026525589,-0.32497564,0.07635163,-0.014859375,0.16966605,-0.39806035,-0.6197021,0.52477497,-0.1114698,-0.5850657,-0.10370011,0.43163833,0.02726613,-0.5357579,0.48939198,-0.55584574,0.91428137,0.3671613,0.1269319,-0.099377476,0.058425087,0.0580217,0.10510959,0.9357501,-0.26712528,0.22293743,0.1570563,-0.4972844,0.28175187,0.22139356,-0.09265812,0.24745905,-0.12852688,-0.12676199,-0.03743332,0.2200064,-0.32345036,-0.07105449,0.58579737,0.4043086,0.7214664,-0.4571731,0.66446173,-0.4756791,-0.087373815,-0.0766376,0.60548544,-0.21608773,-0.22927517,-0.1305684,0.028958885,-0.39793217,0.18923892,-0.0050897985,0.11992324,0.022339407,-0.027309336,0.017918693,-0.19980131,-0.18548326,0.10886062,-0.0473615,0.27912185,-0.13812481,-0.012585408,0.3372755,0.50429994,0.021813372,-0.24099424,-0.13182653,-0.29903346,0.19107027,0.5051774,-0.56683147,-0.15705086,0.3185611,-0.20386696,-0.10507112,-0.026396906,0.14345032,0.11274719,-0.7381264,0.018693868,-0.53375804,0.055999123,-0.47548953,-0.059237905,-0.05980917
OAS1_0130,-0.09871502,0.28970292,-0.3175768,-1.2308681,0.10595988,0.06412018,0.12230224,-0.8333869,-0.17355083,0.06575831,-0.17360179,-0.81618136,0.07684765,0.3899379,0.021025928,0.59302586,0.47914374,0.025411107,0.16286482,0.47090116,-0.91342074,-0.02197453,0.20950264,-0.057864647,0.54749936,0.5238422,0.24572767,0.1875627,-0.4800319,0.3754166,-0.07510625,0.39893597,0.5668736,-0.28043103,-0.6513158,-0.22604029,-0.58283937,-0.43118435,-0.0077794893,0.29733184,0.30644,-0.7293758,0.11785891,0.12951528,-0.6262711,0.0016960644,-0.19141437,-0.065341674,-0.25556254,0.05381412,-0.09653862,-0.15451577,0.51779765,0.84652555,0.35509682,-0.54379004,-0.49963868,-0.15785955,-0.42548648,0.67615443,-0.27669007,0.044573598,0.17584983,-0.00894453,0.29043907,0.25745904,-0.14019774,0.77392715,-0.11694671,0.63387966,0.024830472,0.2388069,0.030814629,0.13136049,0.25767925,-0.25384316,-0.3534781,0.09017418,0.06614032,0.609378,0.39076787,-0.037974127,-0.083088845,-0.49077532,-0.1693911,0.4568212,-0.1969948,-0.42687097,0.1706913,0.2999074,-0.50461566,-0.1703457,-0.050462876,0.13147648,0.15958802,0.11951915,0.32344258,0.12941831,0.2799065,-0.04804224,-0.31016487,0.1839191,0.034958243,-0.22955962,-0.047879342,-0.23543574,-0.53318894,0.20624383,-0.13629061,0.17728506
OAS1_0131,-1.0074667,0.118252136,0.1413774,0.10959986,0.0015580588,-0.26820105,0.44358075,-0.057495855,0.5545354,-0.101118274,-0.14498433,0.37938026,0.08851216,-0.5001781,0.21843249,-0.05577539,-0.032996107,-0.06672728,-0.32218164,0.056682218,0.37769842,0.046569303,-0.53601915,-0.096891135,-0.33792552,-0.19548203,0.008441329,0.23114045,-0.15014431,-0.42694786,0.28879052,-0.0025850604,-0.2994569,-0.39419615,-0.072048925,0.15773799,-0.076108314,-0.019604165,0.3121197,0.12208992,-0.2923994,0.25207576,0.2932021,-0.3556755,-0.21246544,0.27629304,0.14741053,-0.27137697,0.0007365077,-0.34563455,0.3561146,0.013314924,-0.31675792,-0.2863688,-0.042911366,-0.3490767,-0.45075962,0.2362943,-0.18889286,0.038613867,-0.17273936,0.1258221,-0.11643532,0.4059017,0.010778512,-0.13221176,0.28664646,0.24112184,0.05336485,-0.7666582,0.19840083,0.30555952,0.65834624,-0.21118474,0.39641234,0.535623,0.046772037,-0.2886756,0.13520682,0.07798753,-0.23211662,-0.27916405,0.22716887,0.05221636,-0.31923246,-0.3283375,0.14232619,0.16615674,0.013884744,0.38763404,0.30939373,0.129352,0.0068070716,-0.03507877,-0.15819073,0.16703235,0.0067267525,0.35526565,-0.41395956,-0.2590441,-0.24254182,-0.12725057,-0.24101621,-0.006823917,-0.03221565,-0.77962154,0.510163,0.021127507,0.11187511,0.073612
OAS1_0132,-0.83038753,0.8533118,0.37505928,0.15748455,-0.12927333,0.4938852,0.26165324,0.4385432,0.2552666,0.101998225,0.01951479,-0.9687745,-1.0115949,0.006097598,0.40042508,-0.015422421,-0.09340581,0.058656577,-0.71858084,0.4807663,0.6840467,0.2680909,0.11800767,-0.056962665,-0.202497,0.11270704,0.15685013,-0.1632792,-0.20406164,0.51399916,-0.20919687,0.18853524,0.37658742,0.4779785,-0.10001386,0.52120215,-0.077896595,0.8645079,0.03911127,-0.36217886,-0.28748184,0.16082281,0.42634147,-0.104340084,-0.014222107,0.05502986,0.05221019,-0.13235983,-0.6942884,0.5416228,-0.051273946,0.23474136,-0.015574416,0.04886076,-0.15813036,-0.128945,-0.15809773,-0.23309198,-0.27412647,-0.045519773,0.15991776,0.16182765,-0.3752681,0.11851008,0.21972243,-0.23977369,0.21453387,-0.62724984,0.010149803,0.072285205,0.10270938,-0.16832596,0.17564563,-0.4007994,-0.0432242,0.2702718,-0.22751644,0.4026177,0.17624517,-0.41221756,0.048787173,0.15156306,-0.07592563,-0.14809296,0.17702451,0.06341435,0.21142873,-0.089624345,-0.46256462,-0.17790006,0.2488555,0.14187925,-0.3701414,0.3124604,0.1249604,-0.33399454,0.36649325,-0.13746923,-0.08997799,0.035474494,0.22639044,-0.26855823,-0.09610672,-0.03163954,-0.16222207,-0.32455003,-0.26581067,-0.08373737,0.021037888,0.30128467
OAS1_0133,-1.2565565,-0.7784893,0.45420703,0.36723435,-0.3682934,0.281696,-0.55281615,-0.33230656,0.023222106,0.6291066,0.040400017,0.3812103,-1.0745018,-0.6855903,0.35768557,-0.2719777,0.2577451,-0.043902673,-0.34950155,-0.19249439,-0.08716794,-0.0096484125,-0.20604672,0.16175175,-0.08060091,-0.016269786,-0.23095112,0.10404621,0.4664842,-0.23247534,0.19921646,0.025582878,0.39036646,-0.4370337,-0.33920527,-0.57034236,-0.13386245,0.1659789,0.0708172,-0.27603313,-0.14056619,-0.26488453,-0.10414709,0.21877433,-0.12322248,0.48755068,0.11117987,0.5130803,-0.31166524,-0.35819644,-0.18596074,-0.5376409,0.4827737,-0.6074057,-0.4264347,0.045826934,0.12013153,0.13586582,-0.31451556,-0.13039976,-0.33795866,0.20094346,0.11305131,-0.3510716,0.18819015,0.61383647,0.1726377,0.11144095,-0.08712207,-0.021171713,0.68896466,0.07570281,-0.7390441,0.06010763,0.16409628,0.37153468,-0.2954699,-0.50925434,-0.26094395,0.17954847,0.058286782,0.3264497,0.08252466,-0.28191626,-0.3374987,0.27499172,0.53542674,0.026376076,-0.189233,0.18879524,-0.26408756,0.13253051,0.25510138,0.27156526,0.029014949,-0.27225396,-0.2564603,0.03535912,0.25758737,-0.11617122,-0.15078238,-0.018114818,-0.09428762,0.45817983,0.008801561,-0.014108498,0.041297138,-0.35146502,-0.29418275,-0.24312946
OAS1_0134,1.9445585,-0.63031954,-0.27166343,-0.25884995,-0.091868676,0.9821111,-1.2533565,0.020427648,-0.7934773,-1.1441336,-0.28688917,0.4792407,0.031871054,-0.0029744871,-0.12918732,-0.5365573,0.7705275,-0.47507125,0.010748287,0.21484187,-0.34528252,0.36785415,0.17647424,0.05593219,-0.49043843,0.29320803,0.21268713,-0.3813583,0.22804484,0.15938395,0.3370513,-0.32344258,-0.47510493,-1.0863583,0.3437717,-0.11628922,0.6295045,-0.04504121,0.46539587,0.4019964,-0.63716227,-0.28061146,0.0748633,-0.1032484,-0.16461305,0.0044192076,0.62676126,-0.21342063,-0.17441617,-0.02621954,0.32442522,0.34013212,0.35150552,-0.07064035,-0.18807073,-0.34031838,0.6067807,-0.6550322,0.42160407,-0.18527004,0.056384537,-0.19680743,-0.14397603,0.038438004,0.3895878,0.10868982,-0.15901998,-0.14363742,-0.26205483,-0.40420645,-0.1706609,0.16360158,-0.08688774,-0.010466288,-0.49236,-0.3287647,0.0961382,0.65906763,0.017141987,-0.39115274,-1.0849057,-0.2504518,0.08793433,0.081072494,-0.14835511,0.09843946,-0.044865705,0.04464179,0.35026997,0.1725001,-0.28476784,0.3116225,0.09241263,0.09709598,-0.35070303,0.034747496,0.08500383,-0.25971958,0.068694316,-0.4143865,-0.2907149,0.09327673,-0.16284364,-0.08184446,-0.29844013,0.18946652,0.61984956,0.30385298,-0.21748641,-0.07087661
OAS1_0135,0.05468046,0.46207562,0.1721295,-0.36579296,0.4041633,0.6972794,-0.41422313,-0.53394717,-0.5339283,0.14105956,0.14606678,0.3251977,-0.17926538,-0.5760274,0.19771156,-0.14329083,-0.32775143,-0.083649844,0.015610169,0.10166062,0.27648982,-0.5813514,-0.14679821,0.41434965,-0.8943093,-0.46215987,0.063411824,0.41018322,0.30652767,0.119894326,0.08732515,0.38716254,0.10174858,-0.24273811,0.82870775,-0.18763073,-0.37216386,0.5806066,0.04447302,0.13325179,-0.014568245,-0.297186,0.030068342,-0.36703882,0.33439904,0.18278417,-0.02489199,0.4746529,-0.052857947,0.002965837,0.10096198,0.40902036,-0.38051492,-0.2748833,0.26704258,-0.13012981,0.22708854,0.36072424,0.30219364,0.60835606,-0.54821306,-0.20375979,-0.37367722,0.38268667,-0.7241063,0.14037485,0.100468,-0.46077985,-0.17146567,-0.18439156,0.29919603,-0.45196033,-0.05495037,-0.25572702,0.6554162,-0.4949876,0.5617322,-0.27173793,0.46052763,0.33384177,-0.11766874,-0.14529939,0.5731036,-0.51473325,-0.02843817,0.09820438,0.15669769,0.12977523,0.2540214,0.012722616,0.15062267,0.28519115,-0.23205537,-0.28219938,0.19327854,-0.08655047,-0.73022676,0.08005725,0.07691372,0.14008102,-0.12789755,-0.21499631,-0.21976583,-0.5817474,-0.2967641,0.17806615,0.34047917,0.3885961,0.08059895,0.31334707
OAS1_0136,-1.3754752,-0.3448316,-0.087622896,0.5821535,-0.47427434,0.4330527,-0.05144098,-0.59031564,0.112480715,0.4849026,0.89197844,-0.16741502,-0.14620428,-0.48397857,0.1899288,-0.110078506,-0.08244012,0.1354961,-0.7225534,0.050483976,-0.6840773,0.7191277,-0.18750365,-0.8928002,-0.01002583,0.21922965,0.19251853,0.19682395,0.21611317,-0.3098965,-0.52431196,0.6703636,-0.16406903,-0.05161579,-0.015186936,0.32243302,-0.121859424,-0.55655503,-0.33567843,0.24465153,0.2977825,0.43027446,-0.27698874,0.17782019,-0.83393824,0.11871594,-0.15418935,0.023528678,0.60796934,0.16621527,-0.34580874,-0.3550906,0.060229737,-0.42890862,0.19661805,0.066748574,0.02540945,0.2715025,0.04937825,-0.18495288,-0.2271399,0.23378417,-0.017382244,-0.28918543,0.22551356,0.2901771,-0.3736723,-0.003749168,-0.36778316,-0.001428023,-0.104839355,-0.047270577,-0.32934844,-0.24455673,0.07020325,-0.1381103,-0.21176344,-0.07923513,-0.4750008,-0.2274941,-0.6418644,0.024997396,0.37095806,0.31478208,0.1678599,0.17026798,0.11927987,0.19293842,-0.28764975,-0.21062507,0.11227745,-0.104883276,-0.048495144,0.06352158,-0.170122,0.0161738,-0.0688553,0.23584226,-0.074899256,0.37125048,-0.43273285,0.08765134,-0.025422772,-0.1357887,0.07657039,-0.24217772,0.023304183,0.06820979,-0.35260862,-0.2397056
OAS1_0137,1.9109676,-1.5738285,-0.24978845,0.40365407,0.039523605,0.07715477,0.492214,-0.698833,-0.31359008,-0.054465044,0.031984154,-0.30722344,0.2220334,0.36132357,0.5315468,0.0065395455,-0.041778866,-0.011786273,0.012526072,0.4950408,-0.1317729,-0.306227,-0.5529522,-0.13796562,0.18215285,0.2705306,-0.7945242,-0.43751726,-0.094709516,0.7835742,-0.39878166,0.05045247,-0.32334483,0.5093013,-0.03990963,-0.26536226,-0.22391981,-0.04442599,0.11820988,-0.1757385,0.41070867,-0.28382835,0.08603282,0.67881393,0.24520475,-0.26849088,-0.008838966,0.06386426,0.3836507,0.18357164,-0.09265463,-0.13439994,0.19396904,0.26963556,-0.22875684,0.29396063,-0.0595442,0.280946,-0.071271196,-0.007483775,-0.48504087,0.28630793,-0.08715794,0.29922304,-0.07377521,0.52970916,-0.47583824,-0.6496739,0.0049577886,-0.23391807,0.28543717,0.16589291,-0.12890677,-0.2030425,-0.2629991,0.15145063,-0.0988012,-0.11751103,-0.0033296172,0.107366435,-0.34158188,0.12554419,0.15920447,0.34845102,-0.029205892,0.40085107,-0.0726175,0.81364393,-0.3552522,-0.1156366,0.3086764,0.20072752,0.16057819,-0.029879034,-0.18987375,0.49839163,0.3624578,0.057832047,0.40715432,-0.007446736,-0.46846712,0.24606095,-0.33025485,0.09526414,-0.31225744,-0.1042399,-0.23900294,-0.40081397,0.19710739,0.35232615
OAS1_0138,1.8712767,0.083976775,-0.064836755,0.39318976,-0.48256636,0.6077873,0.60430664,-0.39322025,0.060091525,0.28029114,0.0712338,0.30060565,0.3821212,0.3333573,0.013999434,-0.51070344,-0.3554397,-0.4083079,0.24313456,-0.95198476,0.2165668,0.13454074,0.39691183,-0.05750022,-0.48358774,0.60107166,-1.1955763,-0.28625596,0.14679287,-0.2847882,-0.3761482,-0.51300293,-0.59918934,-0.14290054,-0.43287852,-0.07654414,-0.20688912,-0.078961775,-0.17633013,-0.36861992,0.13225164,0.07261875,0.31325215,0.20556389,0.093091935,0.15638383,0.14444569,-0.24544847,0.5896411,0.3651334,0.13823958,-0.35932088,0.64548516,-0.629269,0.37645444,-0.27847576,-0.36425522,-0.060389668,-0.08202468,0.41959333,0.12530121,0.2131824,-0.0026308615,0.46856865,-0.17457685,-0.13081826,-0.09466854,-0.3154545,0.41864797,0.6583387,0.53123283,-0.2341658,0.5579442,-0.5176962,0.21711357,-0.33088,0.27275607,-0.07419693,0.20139313,0.117878035,0.3230817,0.5396404,0.20687199,0.3551036,-0.01872793,0.111535676,-0.49434805,-0.1465905,-0.17845276,0.20814277,0.3309514,-0.39352474,0.1475513,-0.1084848,-0.63787055,-0.018384112,0.18172511,-0.3609694,0.51080316,0.00722969,-0.08916897,-0.007890333,0.004623473,-0.14567295,0.25243145,0.5337672,-0.3236486,-0.25015652,-0.38088286,-0.8312372
OAS1_0139,-0.107938685,0.16914931,0.4664428,0.64106494,0.6012724,-0.63378394,-0.28686124,0.89580846,0.5985958,0.91049874,0.35028118,0.38550106,-0.50948906,-0.17377792,0.60150045,-0.63283247,0.35945618,-0.46536613,0.7199415,0.45006815,0.8549028,0.71888065,0.27806577,-0.28111866,0.9561199,0.34403202,-0.4569193,-0.01796387,-0.022146273,0.46394783,0.6674316,0.2843932,-0.5775424,0.07556182,-0.6334311,0.5278244,-0.45684808,0.09206911,0.1762726,-0.73858535,-0.53951824,0.26283273,0.30707157,-0.005283598,-0.20662843,0.41779104,-0.5166732,-0.61193687,0.36271748,0.34468397,-0.75994766,-0.37588236,-0.14532962,-0.026620176,0.045224067,-0.19545704,-0.107508555,0.5067911,0.44551495,0.038243417,0.075411275,-0.14607148,-0.4891538,0.049207494,-0.11557697,0.22022437,-0.11495929,0.61142504,-0.271644,0.20371251,0.052113645,0.31147692,-0.67147505,-0.5142151,-0.039726827,-0.06607904,0.13262685,0.2407632,0.3901809,0.06756105,0.21698728,-0.039594144,0.13647407,0.24472502,0.07108118,-0.2728543,-0.25554758,0.2665018,0.017490685,0.044442207,-0.47834328,-0.23259927,-0.18989803,-0.50760174,0.06783879,-0.019895324,0.281216,0.39416873,0.15877406,-0.09430176,-0.5114011,0.5177834,-0.19768123,-0.19033034,-0.2220242,0.2892365,0.37652954,0.05420407,-0.03257331,-0.3647935
OAS1_0140,-1.0448378,-0.14008248,0.42619258,-0.9498152,-0.4917831,0.030123154,-0.1977067,-0.45805657,-0.17436054,0.1872419,0.6840785,-0.0987825,-0.10587672,0.18788053,-0.098786145,0.34555075,-0.13231607,-0.10644411,0.33703512,0.88817585,0.29385972,-0.101459734,0.46775395,0.2801625,-0.20643263,0.056033894,-0.36032438,0.6533473,-0.004470803,-0.35027766,0.040696044,-0.84633607,-0.5164458,-0.023038194,0.029405825,-0.07306933,0.06433737,-0.020594109,-0.6684448,-0.11581348,0.4130944,0.15984493,1.0769916,-0.50191194,0.013136818,-0.16640557,0.4562695,0.05687805,0.40854034,-0.40413484,0.2060221,0.1533381,-0.29107553,-0.36267856,0.059913877,0.089586146,0.3246096,0.0065662474,0.032371305,-0.31357467,-0.17364487,0.06996911,0.149857,-0.02158801,0.07079636,0.36872748,0.5473537,0.20637238,0.15628943,0.025900261,0.014953869,0.21725601,0.36641082,-0.44633597,0.14564021,0.040163584,0.50470847,-0.1502498,-0.35609707,-0.08400597,0.4352373,-0.06428972,-0.05809204,0.408871,-0.2055234,-0.035243608,-0.4287763,-0.14066416,-0.3270117,0.11001883,0.088851936,-0.019989021,0.42380434,-0.17622365,0.046236027,0.29899463,-0.5565447,0.23412657,0.1362098,-0.08638564,-0.5025317,-0.050863132,-0.024793407,0.2178044,-0.05978223,0.16266702,0.19263984,0.03224643,0.30390826,-0.16775101
OAS1_0141,-1.061339,-0.5666499,-0.24289517,0.6828066,0.03864143,-0.38830343,-0.41776735,-0.019952798,0.28344092,-0.8081565,0.3195062,-0.13933174,-0.92967063,0.85646546,0.26818153,-0.34385315,-0.19588289,0.21899337,0.11401337,-0.023917321,-0.9780654,0.2746748,0.2987211,-0.503397,0.026384454,0.09244532,0.37604493,-0.19442578,-0.4475586,0.47644284,0.04186505,-0.66396165,-0.26295578,-0.5085807,-0.7604112,-0.23181011,-0.20637003,0.27714136,0.08400207,0.0059771826,-0.14687243,0.30516082,0.5109127,0.31092373,0.06024716,0.099626265,-0.32674938,0.07211109,-0.09974995,-0.024643341,0.76180494,-0.41423878,0.2061449,-0.40909252,0.022281032,0.112600826,0.3437229,0.17753008,-0.556944,0.0046359305,0.17421444,-0.13394204,-0.025071708,-0.15054123,0.27936226,-0.041344795,-0.3817619,0.08805853,-0.7495599,-0.12595156,-0.04976398,0.28899643,0.20492709,0.713478,0.22949041,0.10043871,-0.31038037,0.34008604,-0.2194758,-0.35804692,-0.074687295,-0.19515616,0.216936,-0.011876294,-0.039561477,0.20289092,-0.17909339,-0.6961552,0.2553669,-0.51956797,-0.115651704,-0.22024211,0.25871283,-0.13964865,0.04458578,-0.05607369,0.0636468,0.5331095,-0.4522485,0.06384941,-0.04736345,-0.359915,0.2023209,-0.10051098,0.4396856,0.14798903,0.73501503,-0.32366514,-0.15428899,0.21069987
OAS1_0142,1.8378994,0.22309035,0.040087778,0.3568386,0.43442416,0.36270475,0.67509145,0.13506562,0.8197514,-0.24018887,0.46951884,0.7846353,-0.089367375,0.5723565,-0.340232,0.35798258,0.30069795,0.46202126,-0.29581165,0.049581487,-0.33158192,-0.06098673,0.28099102,-0.35611942,0.05018522,-0.033080127,0.30376634,0.03869476,0.2137526,-0.039246663,-0.103137374,-0.39533514,-0.030331155,-0.19501612,-0.5370087,0.0033734732,0.15035829,0.49784002,0.5494487,-0.4376962,0.5656671,-0.24465987,0.29602364,0.38117054,-0.17841241,0.31674603,0.023635967,-0.27024856,-0.42255223,0.33740008,0.25363722,-0.38829717,0.26212713,0.26288232,0.40826046,-0.30050072,-0.32134497,0.42315385,0.42041594,-0.28401518,0.20714477,-0.25972027,-0.29473272,-0.23312955,0.57785636,0.086356804,-0.047511406,0.23894738,-0.0032758438,0.18951593,0.5541267,-0.7851238,0.24286759,-0.37046131,0.35783514,-0.49135476,-0.3601736,-0.25947565,-0.5729041,0.25079894,-0.3723612,-0.09186505,-0.059208427,0.39165217,0.24592155,0.3667866,-0.17002371,-0.21300408,0.10220746,-0.2499583,-0.2524077,0.4183116,0.2713181,0.09754785,0.22557974,0.16092348,-0.23297465,0.14204133,-0.1860564,-0.08544816,-0.03510758,0.28226337,0.17971936,0.04607991,-0.4539523,-0.010160618,-0.05938423,-0.1451041,0.057304915,0.21041939
OAS1_0143,-0.12598124,0.46652246,1.018729,-1.057327,0.58335,-0.5972282,0.3370382,0.50201523,0.123844214,-0.075036734,0.21276839,-0.8615223,-0.22288832,0.1481434,0.017042818,-0.5449474,-0.11290469,0.8479596,-0.131513,-0.48552305,0.028907971,-0.016511543,0.28272533,-0.09131952,0.0118185915,0.37923288,-0.44689593,0.05532252,0.8817881,0.60386133,-0.51486915,-0.13704813,0.26895508,-0.5018563,-0.079787344,-0.20558633,-0.01058217,-0.5385295,0.27992466,-0.3415451,-0.16377725,0.05352169,-0.1403876,-0.29954684,0.38779542,0.07582864,-0.33171165,0.002838922,-0.25067225,-0.056334246,-0.7045604,0.24086265,-0.3156785,0.28628585,-0.014385297,-0.63401884,-0.024306523,-0.52825236,-0.10289855,-0.5799486,-0.27090546,0.11000186,0.15177429,-0.05727086,0.3556236,0.5528581,0.055804383,0.13450563,-0.36491668,0.9040427,-0.017445754,0.19437791,-0.21492743,-0.12299287,-0.42572826,0.0372983,0.11697453,0.11398242,-0.18423964,-0.30411756,-0.007813413,-0.011535944,-0.17656212,0.25211683,-0.3773099,0.11491616,0.3133896,-0.20841612,0.09772643,-0.27130306,0.3889729,0.11637792,0.02756234,0.21965657,-0.5535779,0.22416055,-0.3820532,0.220878,-0.22489369,-0.047443792,0.3857078,0.24536109,-0.31302792,0.04962516,0.29363415,-0.36812267,0.0051139295,-0.21009299,0.35254967,0.57717115
OAS1_0144,-0.8788334,-0.67657095,1.0110638,-0.107397534,-0.032773513,-0.03171531,0.16901486,-0.5244361,-0.13532035,-0.44668537,0.5709366,0.3661153,0.26656157,-0.7993373,-0.31644103,0.48538074,0.11689533,-0.10074409,-0.92330766,-0.6231846,0.41529986,0.5427914,0.10759723,0.57093215,0.101850696,-0.34713396,0.24603486,0.466316,-0.3179734,-0.5922549,0.47025242,0.37182003,0.1867031,0.19919145,0.34525624,0.43179798,0.162295,0.23262282,0.055161025,0.07367993,0.7288906,0.5590826,-0.09133431,-0.86476,0.7238589,0.4300872,0.1654362,-0.6111695,-0.14911681,-0.06941369,0.2336975,-0.06016484,-0.07680915,-0.3746923,0.41363615,0.4598373,-0.37998694,0.33104336,0.24676731,-0.27849534,0.5060604,-0.35124543,-0.38437316,-0.061090235,-0.00026048953,-0.42863744,0.61427724,0.10884694,0.07747185,-0.21676846,-0.10731705,-0.6389105,-0.1956936,0.3064565,0.100427926,-0.32828197,-0.055875245,-0.2456559,0.19836292,-0.029014958,0.3073543,0.29018703,-0.21631284,-0.22424759,-0.63441205,-0.034284722,-0.39353344,-0.14670707,0.35688677,-0.04042314,2.6528789e-05,0.07101958,0.22648741,-0.3578691,-0.30417344,0.10154111,-0.19498742,0.008161107,0.20481952,-0.13685916,0.1766331,0.2607804,0.12211442,0.046828236,-0.16938855,-0.29471737,0.18796374,-0.1139265,-0.11040449,-0.24165964
OAS1_0145,-0.21757972,0.8671144,-0.24071044,-0.36891967,0.008661695,-0.05164881,0.5614036,-0.40314096,0.09271147,-0.16974466,-0.00016631962,-0.016367145,-0.05355159,-1.1220024,-0.0967338,0.5992514,0.32557762,-0.40133175,0.05174983,0.37863213,-0.17872956,-0.4599708,0.013537855,0.16479492,-0.31699708,0.26593363,-0.13432129,0.076102264,0.13148122,-0.5690009,0.17604055,0.2248593,-0.014246581,-0.4364391,0.12806845,0.5292343,-0.22327177,-0.40189913,0.356064,-0.032830693,-0.027148211,-0.06905295,0.08291595,-0.42809692,-0.073751405,-0.20700957,-0.095104836,-0.1931398,0.3781292,-0.62987137,0.31625515,0.53016776,0.43660522,-0.025999421,0.19396947,0.17533767,0.12568134,-0.2541495,-0.25721937,-0.068946324,-0.123573564,0.086644955,0.53057885,0.43598166,-0.6302448,0.108916834,-0.14394458,0.6418323,-0.22484471,-0.17303309,-0.514718,-0.50680095,0.19480515,-0.006801739,-0.5818648,-0.092229046,0.0682442,-0.34664595,0.119548336,-0.4667728,0.066067465,-0.027338998,-0.17225526,-0.04400457,-0.19943534,0.19628483,0.20564485,0.32783797,-0.011519896,-0.065813534,0.22271156,0.34999338,-0.025462816,-0.21111232,0.067769915,0.25014043,-0.0813523,0.21060945,0.1510096,0.3754454,0.40817243,0.4828554,-0.07843178,0.13779081,0.40571174,-0.2583719,-0.17297673,-0.23453791,-0.1415547,0.18398547
OAS1_0146,1.3847709,0.27289125,0.23495154,-0.7717161,0.9472919,0.18824598,-0.502916,-0.40922084,0.63767546,0.05546928,-0.8298483,0.70472604,-0.039911132,-0.19170505,0.8252143,-0.10018373,0.74795806,-0.095942006,0.1836588,0.10738891,0.20364617,-0.30625078,0.19059217,-0.3412714,-0.12823926,-0.19768097,-0.16493778,-0.038383428,0.112701744,-0.029774996,-0.6151818,0.24676882,0.32772008,0.05739662,0.64574367,-0.37782645,0.22817537,0.23623063,0.15980338,0.009956514,0.38209713,-0.06970266,0.24961899,0.00677328,-0.063222446,0.22189313,-0.06557536,0.62906367,-0.5982135,0.44172552,-0.07437006,0.20164005,-0.4509419,0.28401,0.62599546,-0.08124047,-0.021107063,0.51119465,0.051203948,0.104011215,-0.22176905,0.21982889,0.19859359,-0.32503253,0.68282986,-0.28188053,0.8082708,-0.24330021,-0.27605066,-0.3515563,0.026842507,0.31087586,0.09031722,0.42373896,-0.2585826,-0.009899793,0.054691873,0.087316,0.13139606,0.1469924,0.17838949,0.27863866,-0.027692249,-0.187885,-0.09210415,0.030197285,-0.004661457,-0.06507145,-0.044864234,-0.12672317,0.09274613,-0.29157206,0.0020057322,0.37209323,0.039902724,-0.27348986,-0.29251984,-0.0057450044,0.32139745,-0.30869693,0.29286507,0.21259966,0.40512356,0.34910074,0.0036279657,-0.00017715066,-0.35051432,-0.2897634,-0.37157333,-0.3179238
OAS1_0147,-0.9951929,-0.51442665,-0.48953083,-0.74428695,-0.14117801,0.19646645,-0.21706292,0.45642498,0.43723735,-0.10146663,0.3716079,-0.7173836,1.2161591,0.55608326,-0.31730756,-0.3701517,-0.037903875,-1.0691417,-0.1579639,-0.4669789,-0.35721403,0.09589295,-0.52401924,0.48500636,0.42622608,-0.939737,-0.3416501,0.031482454,0.24777567,-0.47476885,0.121339455,-0.16913886,0.33545408,0.6649624,0.04615237,-0.10813384,0.49497306,0.052761268,-0.2886398,0.116950445,0.245305,-0.3799582,0.36624545,-0.28091854,-0.0046023456,0.37864128,-0.20087782,0.36410028,0.78649944,-0.21355137,-0.01977148,-0.08125604,0.26897404,0.20547453,0.26765558,0.24894193,-0.17973581,0.44715035,-0.26270342,0.16464409,0.39954278,0.062372826,0.59749126,0.023321552,-0.26849446,-0.08424948,-0.056919266,-0.44425413,-0.29458255,-0.25758353,0.19919448,-0.2320662,-0.69407743,-0.5721348,0.55957204,-0.1959076,-0.36290908,0.20124641,-0.05025545,0.5968548,-0.1741152,0.23143835,0.17101458,-0.002790873,-0.1854849,0.08868301,-0.19192241,-0.053524345,0.19793114,0.25795016,0.10357312,-0.09432398,-0.5801304,0.1011232,-0.23983896,-0.3605039,-0.08581117,0.39181188,-0.19554803,0.19239706,-0.091492586,0.0050752284,0.22061072,-0.31872645,0.24113655,-0.5124025,-0.010563513,0.18812631,-0.14778672,-0.102318645
OAS1_0148,-1.0919926,-0.46436176,0.82711464,0.42214426,-0.3039223,-0.19202384,0.27088425,0.32936087,-0.2722704,-1.2188218,0.24982834,0.6907808,-0.0012910214,0.21421273,0.22127545,0.15410541,-0.13465174,0.60389715,-0.37996805,-0.17924371,-0.16491145,-0.27385274,-0.057709854,-0.23884292,-0.28823727,-0.23249409,-0.22509465,0.15446854,-0.01821809,-0.5484505,-0.046409633,-0.35055372,-0.15025143,-0.104278184,-0.211942,0.9808026,-0.46543384,0.68959534,0.6670135,0.36924404,-0.027351623,-0.4384754,-0.064843856,0.1292715,-0.37438765,0.25846842,-0.19480748,0.09855788,-0.34854355,-0.5027283,0.14124228,0.31988734,0.4803165,0.010097199,0.08856555,-0.7684501,-0.07650106,0.013978754,0.70356965,-0.22289509,0.15613501,0.004327993,-0.30496266,0.71551484,-0.37352946,0.23388328,-0.19211088,-0.17348747,0.24933147,0.12541218,-0.667066,-0.34044704,-0.29151112,-0.03996606,-0.16876344,-0.39269355,0.14945501,-0.05602758,0.25403064,0.48711154,-0.14726543,-0.069633126,0.16012537,-0.37597853,0.16154288,-0.32588032,0.4952997,0.20879565,0.087037966,-0.032221403,0.07657802,-0.35602236,-0.49369243,0.15297082,0.7472553,-0.18115585,-0.26581258,-0.076156035,0.26375207,-0.041630417,0.19661291,-0.7706918,-0.32494715,0.36792973,0.6269498,0.095395654,-0.07345659,0.3197091,-0.04714329,-0.09125104
OAS1_0150,-1.389851,-0.26477823,0.86546063,0.49547467,-0.89773154,-0.8772899,0.30592498,-0.05892939,0.24153708,-0.38346675,0.45431247,-0.29486254,0.1527107,0.6783086,-0.60957175,0.17791289,0.18644267,-0.19353674,0.24394688,0.45851433,0.7064972,-0.11045327,0.6049334,-0.33187482,0.31556255,-0.38119614,-0.13674305,0.05942435,0.06599518,-0.31185332,0.37072897,0.49281618,-0.15166375,-0.0059672333,0.4511432,0.2882073,-0.43448094,-0.4887926,-0.46102205,0.10123357,-0.002994674,-0.52261144,-0.3889713,0.68924063,0.18511185,0.28958103,0.15624613,0.36030832,-0.14012283,0.16229545,-0.18412106,-0.07255739,-0.40135482,0.38365403,0.23951268,0.11340153,0.22464399,0.09590295,0.2500803,-0.06726878,-0.16609116,-0.40434718,-0.0036426238,-0.37835,0.08420324,0.12972495,0.21262728,-0.0080418335,-0.3756738,0.40109885,-0.36234906,0.007038611,-0.15871525,-0.03147447,-0.16317111,0.3683417,-0.06270263,0.31959802,0.42118973,0.46806997,0.40671897,0.03356621,0.23135392,-0.008267941,0.21379846,0.5032705,0.14758569,-0.063808575,-0.047710795,-0.15641902,-0.20805085,-0.08093769,-0.33293942,-0.24449278,0.45639923,-0.06687357,-0.060188692,-0.026765252,-0.066141605,-0.10284161,0.19955233,-0.4503153,0.13954514,0.10200603,0.3391469,0.5661323,0.23722215,-0.24873355,-0.029873619,0.07399943
OAS1_0151,-1.1775223,0.5158068,0.32682702,0.25542167,-0.3859295,1.2547798,0.392513,0.11161659,-0.4496948,0.20498225,0.1287017,-0.26716805,0.5602209,0.0932732,-0.50617325,0.58044297,0.2845452,0.43828082,-0.16108352,-0.2835099,0.6106381,0.20967841,-0.5036564,0.2895811,0.46053904,-0.20722704,-0.026994878,-0.29577124,0.06937564,0.08412027,-0.32446277,-0.31459498,0.42905226,0.16871582,-0.12850448,0.17402165,0.0007120439,0.25163046,0.5027949,-0.13845561,0.36009705,-0.14064367,0.35234147,0.017878914,-0.3355558,0.6492259,0.25653407,0.10675322,0.44650483,0.17417482,-0.48726672,-0.14538828,0.5353604,0.23459445,0.14362082,0.22077243,0.093978435,-0.6673521,0.8371705,-0.19450614,0.24766965,-0.030261183,0.13788587,0.08163273,0.05803598,-0.17095618,0.37647706,-0.28472647,0.17072517,-0.87464195,-0.03457783,0.055042107,-0.33767536,0.12842056,-0.12213539,0.5891825,-0.5459776,0.45985296,0.3319022,0.48468065,-0.37994495,-0.21780124,-0.008190702,0.065056026,0.10142199,0.15298347,0.13194366,0.31414616,-0.29454592,-0.23295285,0.14797239,-0.0049620573,-0.060269892,0.07317903,-0.36445466,-0.013877365,0.37107626,-0.31440395,0.22322217,0.07935891,0.031801283,-0.4380973,-0.2908339,0.7214283,0.29356703,0.46633273,0.26233223,-0.10323178,-0.09047845,-0.24901184
OAS1_0152,-0.97290754,-0.31961665,-0.49322134,-0.18084571,0.38424224,0.19632718,0.095076434,-0.5226713,0.84961474,-0.43784073,-0.058835346,-0.65548015,0.44830656,-0.21854526,-0.50556594,-0.5064172,-0.09950607,-0.023653882,0.1990685,-0.03834367,-0.15511271,0.057949618,-0.5790606,-0.029071389,0.38680768,-0.2932781,-0.16977243,-0.64090145,0.15855068,0.19289765,-0.047265902,0.16056888,0.048203453,-0.12397637,-0.23306765,0.3389289,-0.1716127,0.42282632,0.090825394,0.19568269,-0.1071383,0.4157485,0.36834243,0.09660101,-0.3662982,0.13824618,0.2790681,-0.27085406,-0.07972441,0.39714026,-0.095057115,0.10277606,-0.13625477,-0.42010623,-0.33860552,-0.37418738,-0.39537695,-0.02538996,0.16628489,-0.035884906,-0.097122006,0.14253712,0.12699649,-0.45422447,0.32807225,0.5554207,0.004123312,0.518607,-0.2771491,-0.09347035,0.14465483,0.0047473866,0.19066374,-0.22920734,0.3496469,0.45667446,0.6605681,-0.10938427,0.003510881,-0.16803806,0.5095373,-0.123169854,0.03379367,-0.036905523,-0.12076093,-0.14158443,-0.1375613,0.09159878,0.48474273,0.020731255,-0.015683133,0.038596157,0.3228873,-0.22553626,-0.26222456,-0.1705796,-0.49776757,-0.40319526,0.75387603,0.11609139,0.08237056,0.22498271,0.09302153,0.1860582,-0.072769575,-0.39638174,0.18020782,0.62120026,-0.33067456,0.122630976
OAS1_0153,-0.9876395,-0.91035557,0.89211327,0.044080682,0.12132967,0.26888204,-0.6430271,-0.43001488,-0.20954397,0.038576003,0.5609448,-0.21393521,0.022512626,-0.77861434,-0.735469,0.35770342,-0.5985341,0.21924499,-0.023744194,-0.37638313,0.38566107,0.011775339,0.061616134,0.26697254,0.031739384,0.20145713,-0.25971222,0.5805552,-0.12399578,0.38470617,0.24466719,0.06874434,0.21093701,-0.27658385,-0.16879107,-0.41537642,0.546308,0.035791684,-0.36233026,0.20178548,0.19685574,-0.77902955,0.09726151,0.0325659,0.10143938,0.22091916,-0.29879174,0.12148465,0.055321097,0.32174075,0.49322218,-0.34031445,-0.06751764,-0.1251333,-0.013917119,0.14572431,-0.044917256,0.1979596,0.06248785,-0.08928541,0.16291142,-0.55296576,-0.38828495,0.008760076,-0.34031636,0.21701357,0.35644507,0.14450982,0.813795,-0.36041865,0.18674843,0.01266805,-0.109047875,0.17002009,0.36121678,-0.046935674,-0.28996304,-0.074450724,-0.27090108,0.48528972,-0.07988172,0.4948224,0.03875655,0.0095942095,0.12123918,-0.46644115,0.12249106,-0.4503904,0.061528645,0.15934901,0.19706938,-0.023850443,-0.08759394,-0.18391909,-0.016057529,-0.110870376,0.041070297,-0.047347985,-0.38140368,-0.098710544,0.36108837,-0.10737896,0.0323072,-0.21044338,-0.31338128,-0.05616164,-0.15740632,0.065037236,-0.03739994,0.10798189
OAS1_0155,0.32833597,0.6963463,-0.49820045,-0.86025804,-0.13882552,-0.2617793,-0.5592059,-0.7380329,0.4952138,0.5895379,-0.4325412,-0.52264535,0.06716513,-0.35661793,0.5622298,0.24650872,-0.601118,0.16447245,-0.1690214,0.096120656,-0.06135888,0.19325647,0.61811733,-0.30881906,0.18180715,0.17773135,-0.18995352,-0.07883756,0.52893335,0.10165428,-0.13848329,-0.18805909,-0.053585943,0.2526915,0.87462413,-0.078884155,0.48193368,0.39049047,-0.20368682,0.6391695,0.21640861,0.5122685,-0.7222665,-0.037159085,0.05057324,-0.8247699,0.44311303,-0.5745928,0.098813415,0.13725898,0.17367668,-0.25875646,-0.32555845,-0.38052174,-0.12912166,0.19010659,-0.43491903,-0.12079144,-0.3393966,-0.07253189,0.39658532,-0.18335578,-0.26291588,-0.055764496,0.032107063,0.10314884,0.2180059,-0.26852027,0.004432466,0.4697483,-0.35183564,-0.20954059,-0.300683,-0.36032197,-0.33738494,-0.42665783,0.015848614,-0.22857486,0.5131217,0.010059424,0.06883095,0.13513395,-0.16150388,-0.36161512,-0.18765531,0.11871095,-0.12154055,0.006341165,0.081446856,0.50009364,0.084133774,-0.032914214,0.09012447,0.26164758,0.14768544,0.05712691,0.091301195,0.012073847,0.025983335,0.4809788,-0.030594522,0.00044220252,-0.13277997,0.05751424,0.3183856,0.16592297,0.34672022,-0.3877703,-0.14395966,-0.025238497
OAS1_0156,-1.4289948,-0.5178603,-0.16963106,0.1606192,-0.2669004,-0.5386799,0.24387705,0.035877466,-0.13414404,-0.62064534,-0.2986519,0.307303,-0.3241877,-0.24196295,0.35747293,0.28860262,0.35522056,0.7113514,0.3911077,0.1085983,-0.30950052,0.14429681,0.2644892,-0.22986019,-0.6821552,-0.35015485,-0.08029342,-0.4409854,0.14201574,-0.8391527,-0.28714308,0.1723613,0.22548117,0.5897629,0.041212805,0.4934552,0.13838835,0.55845976,-0.7193389,1.0873388,-0.63791955,0.11928656,-0.17925626,-0.02304579,0.16605656,-0.14181213,-0.037847884,-0.3270789,-0.39669603,-0.15378033,-0.6642352,0.20089433,-0.35748437,0.12647611,0.27555966,-0.5412087,0.47660235,-0.15594853,0.20221202,-0.015138968,0.27180573,-0.4075389,0.13305892,0.4936045,-0.28386906,-0.6130078,-0.4580075,-0.12950137,0.20460449,-0.16286257,1.0116445,-0.26684672,0.23485771,-0.068092756,-0.17093381,-0.7533234,0.07610702,-0.1203803,0.107558735,0.32189503,0.2001914,-0.28919584,-0.07636852,0.54112196,0.09965295,0.4743146,0.037938446,-0.21557762,0.25037634,-0.07910845,-0.4765837,-0.07736314,-0.43795916,0.16667052,0.23888554,-0.15419614,0.41044554,-0.16329534,0.32853007,-0.00016095856,0.11602738,0.31810838,0.029573632,-0.1261695,-0.12762882,0.17646845,0.020236278,-0.49476963,-0.029104656,-0.27340257
OAS1_0157,0.78484845,0.5901015,0.85959655,0.27702585,0.19875899,-0.025003776,-0.85147506,0.46267387,-0.107400924,-0.59724396,-0.12240739,-0.34408277,-0.9850944,0.49368733,-0.21338587,-0.32071012,-0.30116603,0.2580178,-0.83376884,-0.43277773,0.50414366,0.2269675,-0.46759424,0.50492245,0.2381669,-0.6691601,-0.2547998,0.22663978,-0.041763354,0.41627964,0.26899555,-0.16448304,0.23617761,0.16080005,-0.60516477,0.013575277,0.04309484,0.095856935,-0.79937524,0.16594593,0.45124435,-0.24623588,0.46077144,0.41905683,0.059088238,-0.40720874,-0.84633046,0.3572914,-0.101087436,-0.093851775,0.046974435,0.051458742,-0.32487658,-0.56219083,0.047383163,-0.09826997,0.045696348,-0.23128389,-0.036713656,-0.23806994,-0.16251321,1.1644964,-0.028874407,0.48018467,0.7081216,-0.51709664,0.047460135,0.1953874,0.016340373,-0.22159524,-0.33455127,-0.48331285,0.15470506,-0.30519506,0.24766265,-0.050525818,0.2752844,-0.40041524,0.09009911,-0.5167836,-0.4213983,0.37360364,-0.16040166,-0.26761666,0.5014334,0.3108355,0.18566145,0.06784907,0.10461857,0.025567785,0.22139779,0.07026533,0.13167463,-0.11242271,-0.049278863,-0.08446325,0.6123398,-0.035678383,0.21784504,0.16217344,-0.11644229,0.224272,-0.23868702,0.10079179,-0.36972368,-0.66963094,0.14112766,0.5147964,0.04188139,-0.17891443
OAS1_0158,1.0249144,0.18160558,0.26488358,-0.106731296,0.1325183,-0.42360935,1.0021801,-0.6805292,-0.7368315,-0.023848867,-0.07232827,-0.09982326,-0.5718377,0.4727256,-0.4658473,0.040386263,0.61501956,0.24218497,0.17680952,0.180384,0.06957473,-0.22188985,-0.41911796,-0.27885613,-0.17757806,-0.2337756,-0.023039501,-0.31779805,0.25341997,-0.23750626,0.32641554,-0.0011152228,-0.20054579,-0.001755945,0.82099795,-0.12112949,-0.76919717,0.5574662,0.04904161,0.48771924,0.52243066,-0.23047379,-0.25506344,-0.034867823,0.46703655,0.3331563,0.25792778,-0.027384115,-0.35649925,-0.6268544,0.06569222,-0.101385325,-0.290291,-0.5348987,-0.0757756,0.020687968,-0.20816141,-0.22290644,-0.41879255,0.16542822,0.14722122,0.02223141,0.75539964,0.10148406,-0.30978116,0.41932055,0.08824751,0.5791472,0.38436988,-0.21609107,0.12879236,0.3282493,0.3910039,-0.33393636,0.34176534,-0.25031966,-0.37185645,-0.0028819614,-0.3710049,-0.19987124,0.15673786,-0.0031082812,0.5510672,0.24054515,0.6923215,-0.29107928,0.68885887,-0.34545383,0.20029785,-0.0388693,-0.9815873,-0.12807384,-0.021944126,-0.19728775,-0.3878401,0.48357475,0.06585847,0.071877964,0.0421817,0.22524904,-0.61243683,0.31028378,0.17347881,-0.25241715,0.05221687,-0.088965945,-0.22293295,0.14897375,0.1768249,0.15171945
OAS1_0159,-0.23189664,0.81543064,-0.05975271,-1.2747259,-0.2458525,0.3681369,0.22014827,-0.117961586,-0.5091309,0.12012437,0.8365146,0.42256567,0.3064666,0.23931123,0.120509125,-0.45348457,0.24835004,-0.11790048,0.39644584,0.3111689,0.23937607,0.21343042,0.3333179,0.04300049,-0.464334,0.6947875,0.061688863,0.37063128,0.4021357,0.447868,-0.3558641,-0.4307811,0.8082005,-0.98947537,0.29953524,0.18494496,0.5690273,-0.07032245,0.013594015,-0.51453793,-0.017648658,-0.5975881,0.15568116,0.23262708,0.36136612,-0.48958942,0.14712657,0.1785219,0.41715232,0.056064975,-0.41119018,-0.31030905,-0.05719221,-0.89066666,0.33427656,-0.27302665,0.036626767,-0.12958008,-0.08082809,-0.019023458,-0.38230982,0.1282703,-0.34431773,-0.10551817,-0.23391773,-0.37854657,0.3764562,0.32749045,-0.3605586,-0.3872897,0.11748644,-0.19955367,-0.2129254,-0.082924515,0.3111312,-0.3196469,-0.44385007,-0.015068162,0.546062,0.24422294,-0.15117496,-0.112505816,-0.2891987,0.07057936,0.25995523,-0.41243243,-0.09068139,-0.119943105,-0.20294154,-0.19434017,-0.19301273,0.32091329,0.10076775,0.33652654,0.14555766,0.13108364,0.095119216,0.62460405,-0.07373636,-0.011077741,0.09521213,0.10080202,-0.00908257,0.021420969,-0.17477933,-0.14620091,-0.49028763,-0.27269965,-0.08773958,-0.15431099
OAS1_0160,-0.28167382,1.0825582,0.22960766,0.7259284,-0.06745587,-0.7357896,-0.28358307,-0.47443962,-0.40643623,-0.1165024,-0.774266,0.005467783,-0.15512067,1.1713439,-0.08657868,-0.31007984,-0.4963206,-0.16175883,0.8249828,0.08139729,0.0141556095,-0.3162528,-0.5528114,0.32030016,-0.40476182,-0.18519449,-0.22955179,-0.14967944,0.50656414,0.32351884,0.12782998,0.17835304,0.21167995,-0.05673465,-0.12929353,-0.34330466,-0.19241984,-0.668882,0.14396797,0.41809544,0.060500402,0.22303432,-0.74866444,-0.28425932,0.018389435,0.04204411,-0.04983972,-0.12680496,-0.2529704,-0.16847503,0.70959413,0.24068896,0.25579536,-0.8733206,0.05825968,-0.22250058,-0.12968563,0.13284004,0.35005987,0.00890211,-0.018523961,0.070357725,0.11447067,-0.21514423,0.431336,0.34842384,-0.008851483,-0.17872612,-0.2242776,-0.12781376,-0.050166238,-0.14835283,-0.13682365,0.07102608,-0.27471203,-0.22482084,0.4477712,0.5359764,0.28254807,0.07321677,0.08335391,0.3011688,-0.2571794,0.18244083,0.34734663,0.37874737,0.17033958,-0.25502425,-0.030137787,-0.4442131,0.10080056,0.47992817,0.30674368,0.71703774,-0.04309189,0.28524047,-0.11163431,0.3764482,-0.23207882,-0.072188236,0.18744318,0.41995266,0.23687519,-0.2793029,0.18445612,0.13726102,0.028515127,0.2894456,-0.35835245,-0.07694617
OAS1_0161,1.3776392,-0.16283244,-0.0043993453,-0.01811776,0.1481844,0.16965646,-0.16807345,0.11096927,0.15786709,0.12943102,-0.1402341,0.09952386,0.12604907,-0.15273578,-0.6110038,0.15441193,-0.7954295,-0.57797,-0.024367874,0.12299821,0.010959179,0.31531766,0.2985992,0.142994,0.28640983,0.4765934,-0.24785721,-0.8712865,-0.12600203,-0.3970016,-0.38422087,0.3275163,-0.27653378,-0.68633807,0.25574932,-0.53043264,0.05800726,-0.15682818,0.12486814,0.0209626,0.36962095,-0.728704,0.030558119,-0.23101784,0.33739907,-0.67714345,0.16043067,-1.1262804,0.22964758,-0.13369189,0.21520217,0.0441929,-0.011256335,-0.3401849,0.03383652,-0.42055607,-0.1482243,-0.07023157,0.6786842,0.41655335,-0.44560954,0.492073,-0.007710731,-0.25883836,0.28516012,-0.25653195,0.41179666,0.31627014,0.3350156,1.0216621,-0.31060338,0.6310955,-0.028340189,0.2102,-0.21947339,-0.26438874,-0.30100247,-0.18212849,-0.32452768,-0.16422012,-0.1626497,0.27263185,0.1237595,-0.34522918,-0.19053127,0.1841743,0.3457476,-0.22401561,-0.45194685,-0.25089905,0.2554924,0.25625974,-0.17405686,-0.31082836,-0.05312963,-0.08167476,0.27863953,0.20833895,0.2278974,-0.046863087,0.4548541,-0.09032242,-0.06673409,0.21128182,-0.099071324,-0.19777156,-0.029446457,0.24645647,-0.48711288,-0.11985029
OAS1_0162,-1.3452747,-0.21291006,0.29248944,-0.98835665,-0.54366064,1.0921775,-0.071118176,0.28136176,-0.070052184,0.25081924,-0.2496481,0.75221944,0.02012306,0.19764231,-0.8634443,-0.8753196,-0.39461675,0.12735502,-0.92112,0.6543035,-0.16462956,0.7497882,0.37612423,0.43866062,-0.32430014,0.40668717,-0.19275792,0.11936192,-0.43309638,-0.39681762,0.39647612,-0.1744145,-0.48964342,-0.09997211,-0.04139927,0.26918286,0.116056435,0.36835015,0.23920737,0.08518434,-0.25899097,0.49220854,-0.27380246,0.14205925,-0.20642765,-0.24927643,0.2875561,-0.36835933,0.13662897,0.14246166,-0.4310849,-0.5500125,-0.43069056,0.263175,-0.06231084,0.44946882,0.81851935,0.42152733,-0.1514971,0.27921492,-0.062133253,-0.14865047,-0.5605709,-0.15087147,0.15463991,0.004502987,-0.2599412,0.1949819,0.51531273,0.3193937,-0.27988714,-0.10447124,-0.19004902,0.019390075,0.53481,-0.1882736,0.12097465,-0.20024532,0.4501461,-0.2469032,-0.08068016,-0.35889766,-0.29418728,0.104595914,-0.49274626,-0.26439068,0.21753347,0.5408978,-0.23291457,0.297038,0.12038415,-0.2739111,-0.29515764,-0.16410467,0.10596103,-0.5336405,-0.113506675,0.15500766,0.4213615,-0.024446435,0.2941571,-0.37330914,0.5973959,-0.12012964,-0.13358031,0.043367047,-0.2734353,-0.043406792,0.4221817,0.011209653
OAS1_0163,-0.84308916,-0.57583076,-1.1380571,0.08507552,0.40603837,0.7038683,0.08965373,0.039712317,0.7479498,-0.73758346,0.4545925,-0.07467131,0.5204793,-0.0078508025,0.1899526,0.11748304,0.018107202,0.1415337,0.12575535,-0.438137,-0.851998,0.36630726,-0.13935363,0.52233434,-0.042141326,-0.30641422,0.028248897,0.41572815,0.12424568,0.6405976,-0.1234276,0.11702455,-0.5987236,-0.045566745,-0.52307373,0.4580013,-0.118157245,-0.49673632,0.64575076,-0.24943775,0.37295854,-0.17056577,0.55117154,-0.27095458,0.34806514,-0.21925333,0.13632093,-0.019034043,-0.55811614,-0.0068577942,0.101545215,-0.010207522,0.19717902,0.408944,-0.28257748,0.6106227,0.68833065,0.11023516,-0.12662716,-0.11086012,-0.12559348,0.08244182,0.20127185,0.1917475,-0.2296208,0.10115873,0.14151293,-0.35287523,0.09993925,-0.58786273,0.07193709,0.34608725,-0.3070204,-0.47726542,0.15244614,0.020065295,0.30285624,0.49342936,-0.14308387,-0.042815004,0.6336261,-0.10900227,0.37833735,0.10980466,0.1492499,-0.2072678,-0.1859378,-0.41594875,0.4187873,-0.041520372,0.00982184,-0.3083335,0.036694348,-0.023797208,-0.19142112,-0.005805202,-0.050552387,0.34912226,-0.23683916,0.056748036,-0.3975319,0.21663034,0.106974326,0.048654597,-0.039104108,0.23149195,-0.047044378,0.033429176,-0.14358462,-0.3404849
OAS1_0164,1.7792557,-0.16396442,-0.14278917,-0.12854655,0.29461706,-0.02661086,0.43990898,1.0017178,0.40223554,0.24932738,0.11604998,-0.3329628,-0.43676403,-0.5331784,-0.005345825,0.009358782,0.0874226,-0.88563716,0.6780639,0.1761302,0.48556218,-0.3275014,0.18433347,0.33973432,0.5740331,-0.72529256,0.61385787,-0.43215677,-0.13625,-0.2288657,0.0609417,0.31494766,0.47228187,0.3008215,-0.21933745,0.010096709,-0.23118505,-0.0041170316,-0.19281949,0.94531965,-0.2737768,0.15348187,0.09391704,-0.5659968,-0.8763653,-0.7176906,0.22079954,0.04369738,0.11822293,0.14384039,0.06272206,-0.24943393,-0.18002103,0.11302517,-0.1647606,-0.39690283,0.17690422,-1.0826547,0.1889768,-0.49939257,0.4267476,-0.21978487,0.09504144,-0.5721049,0.1864471,0.39608517,0.38700122,-0.08443101,-0.35057998,0.14126748,0.43266,0.05817713,-0.43292606,0.026707118,0.7380273,0.19359295,0.4243868,-0.031464066,-0.25399613,-0.20561299,-0.43704033,0.5472902,0.18859902,-0.05805557,-0.29735148,0.2579821,-0.6365716,0.0745176,0.08035655,-0.10996785,-0.142222,-0.284178,-0.31256294,0.18627262,-0.014163711,0.2673961,-0.5083288,0.11654629,0.20761904,-0.10063167,0.21507029,0.00589944,-0.12381542,-0.0090130055,-0.32987714,0.15903233,-0.044446286,-0.17707528,-0.16863602,-0.33425248
OAS1_0165,-0.5032774,0.49649265,0.4664266,-0.9000915,-0.4880455,-0.1409171,-0.29930142,0.21257049,-0.46334904,-0.340593,0.2750912,0.5107988,0.67634207,-0.16900203,-0.3436901,-1.3260844,0.447574,0.65230185,0.28613737,0.4819156,-0.08778135,0.014313638,0.18104787,-0.42814326,0.22654818,-0.5087437,-0.41967592,0.2758988,0.010804676,0.2394642,-0.07187909,-0.2991003,0.30022255,-0.08363527,-0.14631216,-0.1266302,-0.1514152,0.051550202,-0.02261694,0.09372988,0.9495133,-0.1284221,-0.03383604,-0.4861669,-0.3171408,-0.6601789,-0.54549694,0.052222915,-0.03146469,0.88226557,0.33913907,-0.06619018,-0.13235936,0.37645304,0.449108,0.67608345,-0.18231335,0.35204023,0.027533041,-0.26790914,-0.0014838134,-0.3004871,-0.016482638,-0.3441379,0.4488528,-0.08108548,-0.12668137,-0.28477773,-0.361126,-0.17433429,0.5103817,0.1790816,-0.38728306,0.102619,0.025157256,0.16260926,-0.77974325,-0.33719966,-0.59193647,-0.34724346,0.16911665,-0.09874527,0.4875582,0.12092304,-0.7238172,0.26983196,0.14386258,-0.19516219,0.14953953,-0.24916089,0.024071861,0.10225507,0.2892467,-0.098467045,0.26223636,-0.20243761,0.21796566,0.17848952,-0.029457266,0.17989776,-0.18519245,-0.15701823,-0.23619789,-0.1797591,0.1423538,-0.41873357,0.22628234,0.12658095,0.23538786,0.2655358
OAS1_0166,1.224479,0.0080427,0.047020566,0.3560508,0.8091371,0.09126648,-0.15652907,-0.3696551,-0.3346955,0.33696193,-0.19999354,0.7939907,-0.27820972,0.4966525,-0.07542735,-0.53205425,-0.08289534,-0.21450852,-0.8703194,0.45546445,0.7806182,-0.37511343,-0.3634434,-0.090701595,0.4960748,-0.056694973,-0.10285987,0.24664576,0.646776,0.2676799,0.3262552,-0.20752227,0.3934668,-0.3101648,-0.20442522,-0.51767194,0.33193833,0.3498382,-0.24251889,0.16332428,0.11206607,0.54801255,-0.28376815,0.63224137,-0.03294372,-0.24943492,-0.091504455,-0.6311083,0.07029929,0.07281297,0.16765949,-0.031871308,-0.1319821,-0.0073288106,0.6947724,0.18314092,0.10837026,0.4040734,0.40685388,-0.041983914,0.25331396,0.37806872,-0.018699093,-0.058243655,-0.08291287,0.08492652,-0.41358167,-0.19520824,-0.058766305,0.23648998,-0.21561153,0.19505462,0.21353832,-0.2976511,-0.4048739,-0.17586079,0.088072814,-0.07328782,0.16999885,0.6404378,0.17483279,0.22190347,0.16970076,0.19114931,-0.4344575,-0.2179298,0.2953833,0.040384725,0.16122626,-0.07393515,-0.019699825,-0.2792565,-0.19661655,0.037829433,-0.5626437,-0.36000583,-0.14812467,0.17438872,0.48862568,0.15250653,-0.010067218,-0.743262,-0.18697414,0.52419984,-0.41990906,-0.07573645,-0.002043959,-0.0031041286,0.061701816,0.036336016
OAS1_0167,-1.1878046,-0.31882927,1.2004981,-0.5435086,0.013242945,-0.30930668,-0.43831736,-0.38947728,0.5050097,0.7476106,0.22859135,0.4774702,0.46166727,0.56519806,-0.28150806,0.25264317,0.7829453,0.1780077,0.48010677,0.2126347,0.29703927,-0.27098322,0.28692025,0.22392379,0.10973755,-1.1733782,0.69243115,-0.13459054,-0.20962265,-0.17006397,-0.31901607,0.28669286,0.5765464,-0.19427274,-0.13754894,0.4639018,-0.59803593,-0.07217831,0.40544164,0.23981516,-0.059880916,0.40372193,0.73644,0.07184425,-0.34367403,0.0027285488,-0.18194425,-0.23635255,0.346576,-0.20905481,0.03784999,-0.063136704,0.20332484,-0.12529735,-0.14148645,-0.2759921,-0.03547902,0.27792054,0.34186658,-0.15263562,-0.62415075,0.17039321,0.23984337,0.2267801,0.31353956,-0.25536916,-0.421488,-0.110722065,-0.36720672,0.29198998,0.00010002425,-0.33439416,0.060393024,-0.6335571,-0.5888901,0.52704495,-0.0571444,0.37248594,0.18742564,-0.48393795,0.028567322,-0.118662514,-0.4957302,0.8721292,0.12850307,-0.35085896,-0.24072166,0.34694666,-0.28013983,0.24917014,-0.33885092,-0.28593573,-0.13397425,-0.07332291,-0.035514884,-0.31050822,0.115728885,0.30259782,0.23905721,-0.046755087,-0.08790895,-0.18349399,0.12262698,-0.009252945,0.3174333,0.12734443,0.17608263,-0.2081085,-0.86615926,0.2701317
OAS1_0168,-0.78685886,0.55651075,-0.8080634,-0.24784243,-0.57050675,0.3405763,0.053927828,0.16493435,-0.02666622,0.94276184,-0.5456737,-0.09683044,0.711765,-0.041068364,0.39241087,0.44452837,0.22644557,0.24934418,-0.8763035,-0.11194791,-0.023860486,-0.064870566,-0.29721305,0.16126725,-0.4225258,0.3166359,-0.4424352,0.03790168,0.4467037,0.35576066,-0.41061908,-0.01072268,0.13031259,-0.06207181,-0.51668525,-0.2092333,0.5657239,0.46321905,0.4353304,0.39080933,0.17690548,0.29237515,0.6499204,-0.20862024,0.19962479,-0.42871588,-0.019820837,0.35161054,-0.06251975,-0.19191743,-0.21748155,0.018636087,0.10086797,0.12685022,0.08227525,-0.06060636,0.63858396,0.024406277,0.0037803438,0.08536832,-0.4218216,-0.21081808,0.451915,-0.25011826,-0.12167816,0.0366103,0.070003055,0.004679896,-0.43031454,0.015368312,0.0077957665,0.018544614,-0.016294884,-0.23227689,0.048346195,0.008323747,-0.09887782,-0.16491166,-0.3838972,-0.50721675,-0.025285076,-0.5498172,-0.4548734,0.47763163,0.3199452,0.45196497,0.2716448,0.112215474,-0.2897761,1.0822933,-0.06418555,0.6761524,0.13919136,0.5253357,0.7022239,0.41123274,0.038213003,-0.43799976,0.15653129,-0.26792446,-0.05089658,-0.21272035,0.21970779,-0.1753646,0.13842857,0.21517496,0.29816964,0.11431316,0.063543536,0.48076546
OAS1_0169,2.2354555,-0.716186,0.077229,-0.0977057,-1.2725677,0.04014892,-0.5552422,0.4504364,0.8286018,-0.009770549,0.016078439,0.027108805,-0.21304396,0.47074923,-0.05684498,0.12333563,-0.028839322,0.23815085,-0.36613598,0.33432442,0.42175022,-0.29448745,-0.082611896,-0.45656964,0.031500317,0.19722451,0.5349798,-0.50275546,-0.27329892,-0.32985657,0.31017253,0.059357196,-0.5047794,0.41866943,-0.6437251,-0.2669949,-0.23587643,0.30279374,-0.12810744,0.57396156,0.25869775,0.6329767,0.11866688,-0.48619643,0.51661485,0.10064462,0.857988,0.59628665,0.10975614,-0.022042263,-0.35546666,0.08305297,-0.3857808,-0.31723243,-0.10095406,0.11114941,0.02921684,0.2034326,0.2367967,0.097088955,-0.13279341,-0.26096717,-0.7408815,-0.34303617,-0.13614683,-0.03876868,0.92312366,0.4523483,0.56132853,0.16886938,-0.15743037,-0.11111952,-0.061783716,-0.17054737,0.0897879,0.13981104,-0.34844804,-0.35202092,-0.33221352,-0.00014496467,0.32481506,-0.47254807,0.30153504,0.35710108,0.21070589,-0.06519366,-0.18595952,-0.09217467,-0.128492,0.18784334,0.03509727,-0.03090002,-0.47986102,0.67596596,-0.08120901,-0.52196026,-0.021028485,0.20024174,-0.33743373,-0.15285186,-0.22928914,0.7354166,-0.057724576,-0.19339366,0.7895472,0.15156981,-0.0726366,-0.48121038,0.07664471,-0.27285126
OAS1_0170,1.4797052,0.032374546,-0.33209726,0.087010905,-1.1465007,0.2315378,0.6731919,0.13912523,0.6127718,0.36474365,0.35517618,-0.18289499,-0.66875404,-0.11433333,0.46931925,-0.19213165,0.32580814,0.39654693,-0.3151716,-0.4177158,-0.4158004,-0.070337534,0.50476056,0.5543942,0.31314957,-0.56818175,0.16354263,-0.8706585,-0.17301846,0.25163874,0.016060615,0.37186414,-0.19789344,-0.6889053,-0.09786916,0.1810081,-0.040185135,0.012399263,-0.9264293,-0.44169408,0.07092409,-0.36570615,-0.17044969,-0.07318179,-0.5068212,-0.23061982,0.08685274,-0.42783207,0.11362597,0.120366596,0.7550646,0.23873787,-0.15494066,0.45546162,0.07857662,-0.2738402,-0.11480931,-0.42266914,0.32717988,0.018782603,0.13903268,0.26240352,-0.71337706,-0.5690725,0.81262684,0.28912205,0.35726842,-0.067338385,0.08593711,-0.22611293,-0.81155014,-0.68291944,-0.5576268,0.8342499,0.3737187,-0.07454025,-0.10781476,-0.329719,-0.07881147,0.20854075,0.0007802782,-0.14080109,-0.49843183,-0.0032795246,0.7748854,-0.14074664,-0.34377646,0.33087644,0.08592427,0.14354189,-0.3837169,0.15283252,0.06693237,-0.21891424,0.15450172,0.11648451,-0.14399406,0.1391637,-0.26704767,-0.2128937,0.30055267,0.34151778,0.5540309,-0.3212508,0.34087524,0.00622308,-0.35737178,0.20882303,-0.15460852,-0.26314238
OAS1_0173,-0.91278327,-0.7086006,-0.24976675,0.23602635,0.05657958,-0.925693,0.5664065,0.23612653,0.16132677,0.30695453,0.53647053,-0.39353886,0.12616341,-0.8143943,-0.49567813,-0.025675304,0.4819796,0.43966085,0.2469532,0.09996442,0.049615335,-0.018410377,-0.5569618,-0.43897158,0.22899498,-0.14235494,0.0017390942,0.061523747,-0.5655101,0.1447626,0.40585804,-0.53929245,0.75618124,-0.52531004,0.485336,0.031822257,-0.24212581,0.18408775,0.23351832,0.5055124,-0.35478088,0.32856318,-0.15016742,0.10856768,-0.14035416,0.23198834,0.030997133,-0.056153208,-0.21014494,-0.20759754,1.0277379,0.012960995,-0.021526309,0.021044618,0.23500098,0.21465793,-0.102235764,-0.29478458,0.24149874,-0.664805,-0.32693642,0.58598524,0.054930653,-0.38613656,0.43233216,-0.7187353,-0.12307376,-0.6496145,0.13402487,-0.3648123,-0.12509021,-0.20489556,0.07183768,0.006152302,0.4051019,0.05431267,0.5470597,-0.4589496,0.0012476756,0.12475246,-0.19121872,0.041083172,0.022292795,-0.101547725,0.08864576,0.6366065,-0.044401646,-0.38221893,-0.114796124,0.27828276,-0.07525557,-0.35225984,-0.11738665,0.17496257,0.2714046,0.005193612,0.24357013,-0.2294881,-0.5209004,-0.13740069,-0.47552928,-0.25643924,-0.15519275,0.3287126,0.4118192,-0.021611307,0.26000786,0.122070305,-0.13406228,0.055150684
OAS1_0174,-1.3575597,-0.6364835,0.9884969,0.49988583,-0.062873855,-0.6300851,-0.01694043,-0.8275145,0.07043674,-0.0611201,0.29213995,-0.34340528,0.18888511,-0.26616862,-0.41745904,-0.08854342,0.53312266,-0.0316803,-0.017405234,-0.17304222,-0.16188128,-0.29931247,0.04496207,0.1743636,0.06293073,-0.53685176,0.2112674,0.69708353,0.21785331,-0.35285875,-0.2973756,0.043996967,0.11571402,0.1752643,-0.08302936,-0.25289246,-0.41133735,-0.08204677,-0.40755877,0.029762287,0.16368397,0.0016518298,-0.085055195,0.42843774,0.22761737,0.12077664,-0.2275356,-0.34241387,-0.099868156,0.26805383,-0.11819292,-0.1703484,0.19319123,-0.35349405,-0.1598788,0.29679275,-0.113877095,-0.11343439,0.24100661,-0.20876993,-0.09906626,0.23611656,0.1361391,-0.35682458,0.6005865,0.6115212,0.114300065,0.042446654,0.1962761,-0.10825692,0.32324874,0.2673252,0.3094389,-0.02134447,0.1316889,0.123310745,0.18489687,0.22637214,0.2192288,-0.20747915,-0.51443857,0.19150546,-0.49135682,-0.13227446,0.111008205,-0.17281792,-0.13300171,0.06440338,0.010227658,0.2606848,0.6604429,0.18033926,-0.26312903,-0.33346072,0.11141383,-0.0616897,0.07889307,0.0028876956,-0.16383745,-0.19584653,-0.4435874,-0.16340533,0.34941533,-0.08448625,0.09065669,0.43743244,-0.13971306,0.117849305,-0.26167938,0.1084358
OAS1_0176,2.3184707,0.050272208,0.10249176,0.33051068,-0.20763026,0.34051627,-0.04921784,-0.48501202,0.15395656,0.45561153,0.15145616,-0.22509553,0.08086455,0.21751834,0.25280356,0.234764,0.24914777,0.36570057,0.079468735,-0.15601356,0.06391998,0.42350993,0.66453433,-0.14242552,0.2633779,-0.62510467,-0.007288217,-0.51861423,-1.3065363,0.8400963,-0.19432825,-0.47267586,-0.2823565,-0.18385483,0.56441694,-0.097325966,0.1866955,-0.1709673,-0.40553972,-0.59199035,0.21802428,-0.39986598,0.3610681,0.17736536,0.06001907,-0.21888073,0.38738966,0.044967048,0.08076498,-0.36384735,0.2081766,-0.055550214,0.06795351,-0.07724098,-0.33272243,0.007932914,0.3923635,0.6751423,0.70661646,0.47677314,0.30624402,-0.15435371,0.57071906,-0.0404505,0.08111506,0.11593646,-0.24792399,0.37808642,-0.21458751,-0.009654597,-0.15265596,0.51709497,0.15388696,0.11242059,-0.11112273,0.19148044,-0.36732116,-0.48290607,0.3298927,0.39726087,0.15165459,-0.057116695,-0.06540452,0.25393128,0.018930228,0.49857292,-0.18194179,-0.09900539,-0.33008295,-0.11959629,-0.3727143,-0.25653043,-0.10203549,-0.09300311,0.08086112,0.21609835,0.09797417,0.060997307,0.28993118,0.18981537,-0.21664365,-0.16355641,-0.22960532,-0.27080655,-0.6028322,-0.043836325,0.5442811,0.078678824,-0.2608751,-0.3331941
OAS1_0177,-1.320597,0.12377988,-0.0711661,-0.5973656,-0.3722074,-0.6726031,-0.5867191,-0.28793204,-0.23985328,0.06141753,-0.005324082,-0.18995963,-0.07941185,0.23531486,0.53743696,-0.38250858,0.14640683,0.10923782,-0.3339147,-0.75746834,-0.2534372,-0.14343259,0.010824005,0.086965784,-0.5336453,0.63521296,0.14928451,0.19078663,0.14262715,0.4459097,0.10898486,-0.01310324,0.021505946,0.027517902,-0.6947633,-0.8947088,0.19655195,0.10175179,-0.4209075,0.10010852,-0.36907852,0.4903214,0.22995406,-0.20851777,0.048317946,0.28575772,-0.21781649,0.15691361,-0.40057495,0.41042805,-0.38534474,0.532242,0.6814329,-0.08198344,-0.3834655,0.5523163,-0.4652331,0.37430623,-0.026964923,-0.15353563,-0.007310505,-0.4594593,-0.07218678,0.35679287,-0.54188013,-0.17654687,-0.44595963,0.09276241,0.09499294,-0.14541297,-0.006412109,0.04990379,-0.3239285,-0.30384797,0.09875307,-0.22454277,-0.15507326,-0.29959357,-0.8352414,-0.16138175,0.28866997,0.31802073,-0.58528423,0.05601624,0.30897763,0.136199,0.105244815,0.15429808,-0.005359522,0.15957007,0.11885044,-0.3575988,-0.29400018,0.59256524,-0.24212055,0.13104063,-0.19311255,-0.048463862,0.073930226,0.2714768,0.024599038,0.13851184,0.452762,-0.24831489,-0.20224668,-0.2565291,0.16822918,0.5698873,-0.101451166,-0.06708608
OAS1_0178,-0.9595854,0.2331213,-0.012119857,0.11793549,-0.37261185,-0.6216838,-0.3399581,-0.937593,-0.5825727,0.04949871,0.31530562,-0.26820055,-0.20697407,-0.11294082,-0.56354785,-0.11479238,0.000413328,-0.62761533,0.26140708,0.8365094,0.09665688,0.8221349,0.72051793,-0.24551846,0.8617007,0.63293517,0.2487681,0.43322113,-0.1303836,0.08661234,-0.78507483,0.33536303,0.009798954,0.75222254,0.08741477,-0.14520574,0.46384034,0.41726485,0.14078902,0.051384818,-0.17139721,-0.008058427,0.04457084,0.34197062,0.41166118,-0.28839728,-0.121099226,0.3061055,0.2051253,-0.06530758,0.79026353,0.08654113,0.35413685,-0.21490481,0.033195928,0.0033038536,-0.110525325,0.2335128,-0.18936089,0.7464843,0.28214955,0.054480195,0.2195649,0.7712705,0.9170791,0.13157424,0.62287664,0.09301241,-0.55309933,-0.18018176,-0.067173176,-0.57958615,-0.024200933,0.06426228,-0.0014521095,-0.018143255,0.60952646,0.11969047,0.027919099,0.00027750313,0.09616094,-0.084639855,0.5685375,-0.65612996,-0.037827164,-0.44421756,-0.017537145,-0.06597347,0.0034667104,-0.2651607,-0.2785917,-0.11179412,0.03288312,0.29656819,-0.0001167354,0.2187723,-0.076067515,-0.25127128,-0.4893506,0.046791915,0.48717257,0.08904141,-0.23315503,0.1671688,0.010549589,-0.11447159,-0.30218607,-0.2998401,0.15701996,0.01140264
OAS1_0179,1.3653082,-0.37904608,0.06878925,0.42062208,0.17285982,0.6596048,0.27688557,0.9657887,-0.085936375,-0.21772575,0.26417962,-0.100997955,0.45530733,-0.26513875,0.013055894,0.5352272,0.39108562,-0.95122653,-0.77983046,-0.2696239,-0.45193058,0.27230996,-0.066716634,-0.34708172,0.5418541,0.5362824,-0.3669971,0.08261234,0.4649954,-0.6083359,0.4699978,-0.36979803,0.32116818,-0.24998125,-0.43887016,0.7519116,-0.011566806,0.1361637,0.44653237,-0.13079637,-0.02353986,0.2171858,-1.0314922,0.39955163,0.473681,-0.9659146,-0.041316092,0.17212026,0.006963897,0.27949727,0.27363893,0.2608244,-0.5003612,0.27567336,-0.22066922,0.27980524,-0.27179536,0.5579723,0.068051584,0.16094142,-0.41699395,0.31100935,0.17649946,-0.5483823,0.020697102,0.24499045,-0.08304428,-0.13899209,0.25651354,0.07832154,-0.2360996,0.42726964,-0.045061234,0.0031254573,-0.051501524,-0.47875056,0.106427275,0.08238332,0.852347,0.18752873,0.10225931,0.13440955,-0.35567105,0.0023659838,0.84037954,0.62645966,0.09507395,-0.21416277,0.12839116,0.2448395,0.11056107,0.33666107,-0.30412114,-0.065614626,-0.35148743,0.0022139975,-0.28174636,0.2607359,-0.03550997,-0.45646116,0.2830804,-0.49691722,0.07788445,-0.24719606,-0.06417422,-0.30088618,-0.01759528,-0.16656417,0.028676301,0.21928437
OAS1_0180,1.2324688,0.33210683,-0.16605644,0.58897233,0.4306578,-1.2230682,-1.3742164,-0.14814478,0.17512117,0.69945616,0.19744718,0.9221894,-0.10039081,-0.7573181,0.0679687,-0.4942676,0.18537754,0.13957171,-0.048974484,-0.35442266,-0.28082028,0.35994712,0.039024364,0.39006034,0.37980664,-0.24540159,-0.16596113,0.16896163,0.3077515,-0.2631657,0.06540177,0.66828066,0.641071,-0.06514397,-0.7722045,-0.31915817,-0.11542347,0.25651467,0.33762476,-0.16750129,0.20804454,-0.6052579,0.92529875,-0.04824611,0.4616008,-0.08766961,-0.16532178,0.15377265,-0.041308638,0.30151242,0.63969505,-0.90796286,0.083322294,0.11863359,-0.74000394,-0.50416,-0.6137678,0.14703561,-0.093426466,0.3097175,0.31709024,-0.1006138,-0.23591639,0.12413325,-0.0056216777,0.69162077,-0.11435262,-0.09454058,0.45217746,0.099780604,-0.06031275,0.20805928,0.40322363,0.11224005,-0.7483136,0.14497225,0.09019311,0.38472614,-0.04612645,-0.033814326,-0.08312517,-0.4733378,0.3357375,-0.001026775,0.023719722,-0.65832114,0.23925617,-0.41833994,-0.019070933,-0.029581498,-0.21206893,0.23758975,-0.05799966,0.3479648,-0.0042745806,0.009211507,0.02071939,-0.24916121,-0.11708626,0.08820901,-0.30043083,0.01640216,-0.21555619,-0.1841485,-0.06748674,-0.009377376,-0.20533894,-0.54730684,0.6476283,-0.2102094
OAS1_0181,-0.7678825,-0.792841,0.21193841,0.319053,-0.38047183,0.83049434,-0.24823868,-0.16243607,-0.110921025,-0.41430038,0.53706795,0.3495981,-0.6498946,-0.10527349,0.3203005,0.30229056,0.18719672,-0.11533483,-0.01184019,-0.35481238,-0.67392385,-0.9521763,0.18342505,0.7273934,-0.07533183,-0.35929972,-0.18935803,0.18776938,0.324912,0.68871045,0.45573768,0.08147399,0.17024389,-0.19725826,-0.21929407,-0.32594445,0.21591312,0.6890285,-0.51722723,-0.19676353,0.7156157,-0.563439,-0.24715914,-0.46610686,0.27405474,-0.11692166,0.48653123,-0.24556895,-0.69235384,-0.56331664,-0.5994172,-0.2727292,0.04288087,-0.31169724,0.58767414,-0.41960815,-0.21112578,0.52628094,0.028930588,0.04317881,-0.18922408,0.2104798,0.05959547,-0.04397665,-0.67330235,-0.35387582,0.36817703,-0.11513501,-0.2309679,-0.01630866,-0.19020548,0.062130008,0.2772267,-0.4168128,-0.34173363,0.26226515,0.61842775,0.07628063,-0.38717532,-0.17873535,0.34284577,0.29334322,-0.20235707,-0.26781872,0.42093652,-0.12532267,0.10857737,0.051236507,0.2495105,-0.63536346,-0.46056497,-0.24443471,0.29124126,-0.073478974,-0.15045053,-0.2204843,-0.03651827,-0.8741894,-0.12035949,-0.26064426,-0.024601256,-0.11546045,0.17052622,-0.08182683,-0.3312386,0.09587006,-0.26593515,0.0047818823,0.17863569,-0.0680602
OAS1_0182,-0.5629042,0.45095974,0.20399751,0.41542032,-0.36379242,-0.9533343,-0.30244708,-0.28459018,-0.5364076,-0.24200982,1.1776199,-0.06547501,-0.068279535,0.35019144,-0.2959678,0.12690216,0.679997,-0.021620559,-0.37653035,0.8740933,-0.46024773,0.0006801254,-0.05861869,-0.11519874,0.36019182,0.10698974,0.1761815,0.27951458,-1.039116,0.21043694,-0.55871606,-0.8155854,-0.11176437,0.17137496,0.6407566,-0.2106557,-0.29980564,-0.01824867,-0.090621844,0.551759,-0.056381542,-0.52150863,0.15416254,0.66005135,0.14376232,-0.16681774,-0.045735944,-0.09875445,-0.3512301,0.25429434,-0.14126839,-0.19480735,-0.24116233,0.40544105,-0.06450672,0.041800592,0.24890463,-0.36401296,-0.007829334,0.35698384,-0.105044745,0.0009420315,0.024164392,-0.40514672,-0.24300303,-0.1453344,0.0473203,-0.46472347,-0.1902945,0.6896451,-0.06647424,-0.6032534,0.16918002,0.084812194,-0.3415646,-0.47254694,0.41323715,-0.59018695,0.20317803,-0.54939973,-0.0960277,-0.02675983,0.2079124,-0.07133462,0.32329774,-0.30666247,0.39666495,0.03066713,0.4053928,-0.24744815,0.26517838,-0.04932163,-0.36324814,-0.10324759,-0.13072246,-0.09469216,0.18404923,0.54360795,0.15351228,0.4723541,0.12400649,-0.20343505,0.2643265,0.55470186,-0.040489193,0.07018265,0.06804418,0.13814954,0.19890085,-0.050174657
OAS1_0183,0.99535555,0.07322094,-1.0242895,0.007162657,0.2879539,-0.82090497,0.382492,0.44855842,-1.1567855,-0.68103343,-0.25543562,0.13056953,0.506649,0.054050114,0.5337983,0.5856714,0.42415085,0.459383,0.17262413,0.055077907,0.435581,-0.14983249,-0.4313798,0.36260492,0.54106355,-0.20748045,0.9544463,0.09165544,0.12359736,-0.06942352,0.33079407,0.3960161,0.7027718,0.109397925,0.006935466,0.64122224,-0.0811182,-0.21927863,-0.26019216,-0.58334064,-0.011687816,0.058630235,0.14787808,0.27268946,0.328165,-0.1518614,0.1134001,0.48771986,-0.030018289,0.2844338,0.10534528,-0.18769987,-0.44339424,0.4569117,-0.19999793,-0.18251248,0.2182219,0.057702478,-0.37880218,0.2946613,-0.23581901,-0.2309354,0.059449557,-0.8731041,-0.6323003,-0.25562763,-0.045914017,-0.2304079,-0.31814593,-0.18589696,-0.25784245,-0.41529348,0.2698936,-0.23328397,0.3600448,0.17807029,-0.3264234,0.103586614,0.2712249,-0.5041154,0.66909003,0.012998745,0.10582251,0.24254203,-0.32683146,-0.042112898,-0.102662206,0.3755467,-0.52460134,0.03800018,-0.36048386,-0.08606837,0.16655056,0.3578409,-0.035255685,0.048579305,0.28435302,-0.31188688,-0.06711592,-0.1584664,0.028460339,0.037689026,-0.057253152,0.29880202,0.41698733,-0.47727638,0.082181595,0.08324784,-0.31318378,0.3801176
OAS1_0184,1.2381862,-0.04726103,0.32798293,-0.06304953,0.5883092,0.011533046,0.7916251,0.23040582,0.51433676,-0.5111037,-0.71177,-0.2782076,-0.19455804,-0.15325917,0.7447394,0.18413228,0.23521109,-0.52111906,-0.05904794,0.22840843,-0.20109874,-0.03061829,-0.09816433,-0.08601697,0.06175235,-0.41097745,-0.31187633,0.06551667,-0.59174716,0.7941199,-0.087670386,0.8270172,-0.17347726,0.32157025,-0.04328202,0.4552753,0.016033448,-0.14671853,-0.22205384,-0.013688795,0.2391522,-0.23368701,-0.4421608,0.1343889,-0.1848446,-0.021047898,-0.297104,0.19689545,0.029778041,0.02539824,-0.019695645,0.10165541,-0.121889375,0.32413575,-0.17021576,0.096926644,0.6654429,0.4087806,0.1411612,-0.117861986,-0.3834556,0.4280335,-0.29215008,0.12543473,-0.12138738,0.27541873,0.30552638,0.17986375,-0.5232781,0.19944596,-0.71234274,0.042265497,-0.068079166,0.2012733,0.14948235,-0.18090491,0.16093425,-0.046002116,0.12331421,-0.5047036,-0.41495183,0.3348085,0.10931679,0.4505668,-0.38545513,0.51398987,0.07270599,0.44392315,0.36287212,0.12948027,-0.20070563,0.003925977,-0.14942102,0.16307028,-0.23051894,-0.16880427,-0.51736236,-0.35396975,-0.3996476,0.12572671,0.42273217,0.0024653538,0.09571445,-0.012528695,-0.11448426,-0.13177752,-0.09094746,-0.4705027,-0.0515291,-0.014324561
OAS1_0185,0.5096498,0.2565224,1.258954,-0.21482843,0.90320027,0.33182824,-0.24960746,0.07174075,0.40962514,0.05328531,0.61494845,0.20612772,-0.26912656,-0.23519668,-0.047871403,-0.21231718,-0.78071934,-0.31808105,0.006911673,-0.9901981,-0.5208856,-0.24972652,1.3061814,0.16033123,0.17237216,-0.88674974,0.59965736,0.39321786,0.32508695,-0.26329902,0.6137297,0.298047,-0.33979836,0.022779783,-0.23888393,0.39967462,-0.8638451,-0.5353991,0.1701592,0.595421,-0.09529574,-0.34606138,-0.27364182,-0.46263584,0.25732854,-0.16885611,-0.40778336,-0.61689025,0.2856979,-0.246715,-0.5345974,0.44061407,0.6043547,-0.24297707,0.120002255,-0.03928636,-0.010162118,-0.30953723,-0.04167854,0.008762525,-0.3008077,-0.21850893,-0.3701708,-0.1670214,0.23688287,0.25145897,0.104176134,-0.49634233,0.14626954,0.43166426,-0.21197024,0.31483954,0.040931575,0.31988382,-0.25194833,-0.070104994,-0.25036323,0.038820628,0.789192,0.15603337,-0.10899671,0.40714186,0.25828946,0.011132083,0.2719861,0.33306044,-0.14739326,0.2822475,0.29630238,0.08431223,-0.36482716,-0.04043418,0.48892108,0.19590488,-0.3848894,0.37531397,0.88592875,-0.22536331,0.48519626,0.08854021,-0.056083553,-0.37777907,-0.32260507,0.14830312,-0.17532553,0.029035777,0.19582312,0.18864375,0.4888023,-0.2550346
OAS1_0186,1.5550094,-0.60602134,-0.2795884,-0.8407274,0.7388428,-0.46796235,0.18862712,-0.48560035,0.0021888507,0.07327476,0.22638524,0.4767461,-0.5769297,0.2777268,0.52327317,-0.8419887,0.86458856,-0.7006973,-0.34345335,-0.3020197,-0.65326107,0.7697794,-0.19101278,0.42807353,-0.022399029,-0.050648067,0.076703794,0.043257583,-0.14979483,-0.54486525,-0.4897053,0.10207226,0.3975427,0.3742736,-0.26799485,0.39885354,-0.24400532,-0.30402657,-0.04783415,0.5336286,-0.17347124,-0.28428572,-0.2372716,0.05616685,-0.43931097,-0.4267559,0.9491001,0.23863387,-0.5821257,-0.42474625,0.077220805,0.5865388,0.3140501,0.008850226,0.14178044,-0.4315139,-0.27024493,-0.23139319,0.3809198,0.74620855,0.17152366,-0.5330433,-0.07002214,0.19662789,0.33314383,-0.40048227,0.3081636,-0.035982937,0.12908056,-0.21914041,0.13255909,0.5708211,-0.009175317,-0.3080821,-0.58918464,0.2122143,0.024838395,0.32567436,-0.13991633,0.10372322,0.1675197,-0.10513893,-0.35094243,-0.25396517,-0.16474807,0.42175603,0.20001855,0.6077608,-0.26594055,0.47680166,0.58559346,-0.76146376,0.27749223,-0.06785413,0.05629171,-0.3404833,-0.296089,-0.2513948,-0.14905362,0.57225215,-0.0593086,-0.062292792,0.22122207,-0.110270135,0.18174252,-0.14382437,-0.26223063,-0.29981354,0.5188355,-0.6959424
OAS1_0188,-0.4237359,0.7896097,0.18903661,0.039514363,0.10413347,-0.17090437,-0.21110523,0.3291458,-0.7069125,0.52883935,-0.857842,-0.06087413,-0.3048122,-1.4218092,1.2263671,-0.30779397,-0.058393832,-0.019648375,0.4688044,0.23088472,-0.63704205,-0.36077398,0.8498409,0.11519879,-0.46738234,-0.49476513,0.28352055,0.15584335,0.61198896,-0.32398716,-0.11877293,0.45108122,-0.21569082,0.46126896,0.23326457,0.48218417,-0.08212513,0.46244377,0.46808717,0.07419691,-0.19779214,-0.11194751,0.30229467,0.18021601,0.031253744,-0.0740548,0.5555485,-0.053261176,0.73054665,0.30313948,-0.30324823,-0.13090456,-0.5787339,0.6097131,0.2085891,0.45671478,-0.86915785,-0.31288806,0.22445877,0.17544049,-0.06449959,0.683939,0.41165644,0.38285998,-0.23053198,-0.08873626,-0.3092562,-0.4106062,0.07376053,-0.1587802,-0.19637622,-0.15878582,0.24289642,0.08836264,0.31897134,0.10189926,0.059088048,0.09558046,-0.0948901,0.5102234,-0.011747315,-0.10554185,-0.2769916,-0.112156235,0.09787695,0.43717206,0.25559145,0.11802797,0.0069388044,-0.046938345,-0.067123875,0.027587337,0.24317047,0.33096778,0.14183502,0.25224903,0.26553282,0.53389823,-0.38896486,0.033900283,0.0018292869,0.046089552,-0.39380795,-0.35257155,-0.017381314,-0.15275665,0.0018479506,-0.22866921,-0.42524695,-0.39208704
OAS1_0189,-0.84839016,-0.30615887,-0.45442078,-1.1643687,-0.64296484,-0.3393877,-0.41011688,0.16953333,0.88761514,-0.13226584,-0.22387962,0.23647021,-0.107274316,-0.53033656,-0.06264245,0.9129942,0.30220166,-0.21143547,-0.31259498,-0.5173804,0.25167623,-0.23315334,0.47950453,-0.12040052,-0.18766572,-0.20008029,0.12177026,-0.1657052,0.06596241,-0.021216102,-0.17905845,-0.45856678,-0.38550735,-0.5391777,0.3293211,-0.34415025,-0.38786954,-0.5777997,0.3089518,-0.31458464,-0.04531803,-0.07784951,-0.0033971644,0.21515337,0.17400749,-0.12470722,-0.4057337,0.1550692,-0.23450822,0.16052979,0.36356845,0.16957276,0.04948511,-0.16571772,0.27968976,-0.075765416,0.40448982,0.058335632,0.005760138,-0.23249924,0.36448354,-0.565336,-0.008103537,-0.15550962,0.38951775,-0.1610483,-0.35753703,-0.32150197,0.0015800747,0.17894498,-0.15979397,0.41984215,0.42396748,0.36911532,0.8447643,-0.51103944,0.042174023,0.09614573,0.18406168,-0.120470025,0.37858436,-0.017901046,0.6823819,-0.12810805,0.26595217,-0.25237966,-0.16782317,-0.35015985,0.11868069,-0.39171374,-0.17259939,0.25612205,-0.34072176,-0.20679085,0.23442774,-0.06548283,-0.033769194,-0.10228322,0.08161844,-0.13637829,-0.34553754,-0.1027089,-0.27322,0.14909403,-0.28426215,0.19162023,-0.3174566,-0.363431,0.09242167,-0.32583815
OAS1_0190,-0.9229432,0.49967584,-0.1743472,0.7270513,-0.2974694,-0.25603843,0.46074444,0.16275238,-0.26739836,0.9031642,-0.19716996,-0.48180333,-1.0717545,0.102143265,0.0020699273,0.40931985,-0.40617183,-0.40290472,-0.26554528,-0.2565805,0.17916773,0.59289575,-0.21279797,-0.38840216,-0.10840768,-0.049768437,0.26578376,0.2067475,-0.63780636,-0.41543737,-0.08408854,0.022104956,0.56312263,0.2601612,0.25714508,-0.74416906,0.02045653,-0.00825253,-0.15644488,-0.33737108,0.05105927,-0.16150573,-0.32554516,0.26190296,0.4736575,-0.36119485,-0.15197706,-0.61297476,-0.15611893,-0.15276194,0.0012026557,0.43812686,0.36248207,-0.13641903,0.23300622,0.21571791,-0.23437214,0.3742027,-0.25893727,0.3668717,-0.6692096,0.18729904,-0.23515746,-0.120972745,0.07023217,-0.21865839,0.044661842,0.4562455,-0.17241389,-0.25445282,-0.0055185244,-0.25961342,0.5686506,0.3559061,0.28399822,-0.61580354,-0.3256288,0.3452433,-0.033677563,0.061825257,0.19646996,0.0976116,-0.26761338,-0.23107275,-0.57854784,-0.31662765,-0.34422582,0.43240204,0.09362919,0.41550827,0.6239175,0.38414642,0.009723611,0.2884842,-0.08785048,-0.16333993,-0.017991645,0.16155685,0.39382157,0.31994903,-0.40614602,0.015922446,0.040627234,0.29273167,0.037205588,-0.10350673,0.33359742,0.42698494,-0.2023536,0.07282882
OAS1_0191,-1.5622163,-0.728237,-0.08022462,0.81156737,-0.3684529,0.41866687,0.3744087,-0.09564288,0.28025982,0.85559314,-0.574985,0.12668107,-0.33435124,0.46109536,-0.5964868,-0.40499797,0.24939807,-0.4549903,0.24132073,-0.64635795,-0.19255961,-0.31380934,-0.23728067,-0.7860558,0.17731914,-0.33562213,0.51912147,-0.16328578,0.12464823,-0.24916251,-0.38649246,0.20296434,-0.08112762,-0.65364623,0.1395698,-0.3407922,0.56291306,-0.33067518,0.018369328,-0.40638354,-0.68361086,-0.12807178,-0.19338177,0.22838028,0.27048162,-0.3342747,-0.35352838,0.2508611,-0.39834672,-0.6905219,0.2971425,-0.055652168,0.42794088,0.2673901,0.03181354,-0.11750179,-0.6613975,-0.3624288,-0.016334731,0.2627116,0.24321525,-0.22675659,0.32538962,-0.19358476,-0.10987316,0.3751077,0.17489877,0.21333185,-0.087814525,0.15291956,-0.012652424,-0.13550588,-0.59864223,-0.09496223,0.2943993,0.31551042,-0.47102433,-0.020989737,0.08960365,0.028753854,-0.145674,0.33849272,0.32975975,0.03176658,0.82295996,-0.16466284,-0.09263926,-0.03775097,0.41570875,-0.67064536,1.0036294,-0.81736016,0.21218339,-0.19593163,0.26511976,-0.19363758,0.28812847,-0.21314873,0.17472725,0.006318225,-0.16567557,0.20745946,-0.32778555,-0.028933166,0.32710877,0.22498922,0.5374706,-0.34868315,0.16924058,0.30064636
OAS1_0192,-1.1877518,-0.42416787,-0.21286042,-0.9527362,0.32203355,1.0067188,-0.153399,-0.07305712,0.07268096,-0.19011457,-0.96113527,0.18934518,0.35753325,0.102712244,0.03732591,0.2403517,-0.12948899,0.46178746,0.22164056,-0.060709246,0.19909877,0.540754,-0.49787837,0.124796815,-0.41211805,0.5957522,0.15515305,0.53249884,-0.031824756,0.25214335,0.13862452,0.20101401,-0.10575269,0.24682541,0.38432994,-0.22224025,0.5069776,-0.28513256,-0.36565667,0.52837145,0.5431626,0.14165525,-0.19305545,0.45287156,-0.017049862,-0.121697396,-0.3397374,-0.5658202,0.01095675,0.1917855,-0.093760215,0.1035475,0.278258,-0.3257246,0.19663048,0.13946259,-0.49626562,-0.14061758,0.6865697,0.0019274885,-0.16534506,-0.0981092,-0.23013261,-0.19229898,-0.11345413,0.21352632,-0.29205322,0.08606939,-0.19786805,-0.04353515,-0.4173934,0.043077428,-0.25192395,-0.19721067,-0.1876447,0.20544189,-0.08324034,-0.07026122,-0.020139812,-0.104714364,-0.05739407,0.61997825,0.28151366,-0.0993195,0.070272826,-0.008543805,0.08304059,-0.09816276,-0.034292046,-0.38065183,-0.023890583,0.11133298,-0.03428791,-0.6921327,-0.26744574,-0.45674574,0.15369764,0.21905997,-0.15631622,-0.22962573,0.21532398,-0.2994147,-0.3094726,-0.046419274,0.13825317,-0.07373884,-0.44057313,-0.26085794,-0.12127473,0.09157667
OAS1_0193,-0.81295645,0.23025604,-0.3616083,0.19168021,-0.08221186,0.2869568,0.06705484,0.0061046444,0.5758145,-0.20592614,0.40798426,0.44610366,1.3160336,-0.410063,-0.48317808,-0.5826889,-0.10840523,-0.21067122,-0.08190726,-0.094507664,-0.020241875,-0.8067299,0.41031876,1.0414847,-0.37247542,0.24837242,0.52494323,-0.75857335,-0.38468722,-0.14386255,-0.8713026,-0.18117954,-0.09215909,0.7640584,-0.35505155,-0.50614107,0.21534972,-0.25561616,-0.6029958,0.33918115,-0.34290847,0.20305902,0.2323243,0.23388849,0.21177255,-0.21138176,0.27385122,0.51952195,-0.24132879,0.15587707,0.5471963,-0.060514506,0.7397997,0.23705144,0.25961384,-0.5982993,-0.14810513,0.080222026,-0.2734939,-0.56113017,-0.16412085,0.30754066,-0.23494487,-0.43877855,-0.24958208,-0.3686466,0.06897975,-0.10425011,0.18161596,0.022546496,-0.45062098,-0.21491845,-0.0089936005,-0.29454318,-0.049231295,-0.15427242,0.023909494,-0.53526706,0.07097958,-0.339253,-0.15995531,-0.3706805,0.17755242,0.3418836,0.13328592,-0.16019818,0.087808155,0.03944747,0.1690641,-0.06385982,0.27668002,-0.037116796,-0.10904874,-0.15995,-0.012128791,-0.10144919,0.27427468,0.22824402,0.31523815,0.3326197,0.0013081795,0.33842483,-0.19191933,-0.19422929,-0.048941743,-0.1362705,0.20231467,0.21691114,0.08519304,0.04524741
OAS1_0195,0.9091185,0.56157374,0.5520575,-0.73765767,-0.20669715,-0.5966399,-0.7713018,-0.052251253,0.596539,-0.33850104,-0.019350862,0.23213735,-0.051785063,0.47910747,0.04334198,0.08003985,-0.4657569,0.008577137,-0.05362383,0.4417136,-0.09446689,0.31074065,-0.4280251,-0.45655686,-0.044534154,-0.035227578,-0.9116731,-0.31456465,0.36445957,-0.62041336,-0.32416192,-1.0823257,0.03206461,-0.26158863,0.71596086,0.30034447,-0.44757432,-0.9054297,0.04862163,-0.28528565,0.42746866,0.3260734,0.15380481,-0.64198905,0.39679918,-0.2279849,-0.8787642,0.12414631,-0.21566492,0.016172998,-0.2373402,-0.18261753,-0.29968452,-0.03438856,-0.36367178,-0.26186186,-0.102997765,0.036812115,0.22106549,-0.2656543,-0.09136975,-0.665858,0.58396864,-0.017484607,-0.62573856,-0.03939918,-0.02872011,-0.50208473,0.056089308,-0.37467667,0.10128228,0.16313587,-0.035021007,0.47356236,0.35333818,0.0751938,0.34598896,-0.09538866,-0.30830714,0.31160355,-0.14494458,-0.28106692,-0.5264111,0.10323935,-0.34845182,0.42739114,0.014024205,0.16807373,-0.15615495,0.50166196,0.095753625,0.041824482,-0.2330104,0.10113338,0.018234303,-0.073265076,0.18666548,0.08118029,0.26251402,0.04465412,0.21067542,-0.057454064,0.11728695,-0.18243104,-0.35788953,-0.057587076,0.09887738,-0.057240605,-0.072477184,0.30165476
OAS1_0197,0.25675845,0.61760926,1.3934318,-1.2868028,0.40241218,0.3941564,-0.2178908,0.6070807,-0.2793397,0.3032862,-0.8031294,-0.8982129,-0.37656024,-0.05737566,-0.9790925,0.18671998,0.34127066,0.7680305,-0.8642537,-0.092125215,-0.031893626,-0.3416057,-0.5969373,1.0541418,0.2151085,0.40296692,0.3140271,0.12080702,0.19502673,0.09014857,0.26805112,-0.031065585,-0.43845376,0.16517806,0.32442552,0.24183676,-0.11133343,-0.06652282,-0.32799757,-0.05895145,0.117014654,-0.51007617,0.08901156,-0.008379573,-0.28923756,0.06222108,0.25533587,-0.08723472,-0.3389962,0.039175272,0.095873296,-0.46164706,0.18321443,0.26275527,-0.32946855,0.2805989,-0.66425765,-0.25771198,0.50011986,-0.34460387,0.043403484,0.14776997,0.048363335,-0.21290313,-0.030730434,-0.06871074,-0.1761373,0.2258093,-0.27416456,-0.26305768,0.35411358,-0.2937271,-0.015847,-0.046299823,0.24793667,-0.32098153,-0.084588885,0.29824856,0.41679615,0.2578158,-0.21857984,-0.13294436,-0.16604608,-0.21321206,0.121279106,0.32235664,0.16549006,-0.060852014,-0.2748363,0.11481672,-0.50301474,-0.20605113,-0.14374395,0.110623024,-0.08625243,0.7079687,0.16151616,0.25626227,0.1422779,0.12579116,-0.1911835,0.24016285,-0.27727512,0.38760975,0.0018107896,0.36280176,-0.48139095,-0.44598207,0.19430171,-0.015243565
OAS1_0198,-1.1013434,-0.22437623,0.22771367,0.5862449,-0.08336936,0.13008122,0.06078171,0.305163,0.6221151,-0.03195658,0.25356913,-0.38225117,-0.081455804,-0.18791717,-0.45269173,-0.5380694,-0.41727433,0.50290483,-0.68254596,0.35561985,0.14680754,0.1877165,-0.5143937,0.6378853,-0.28912923,0.10799407,0.20717852,-0.38858393,-0.31971326,-0.90697235,0.6543939,-0.8125153,-0.3325083,-0.48011747,-0.124290235,-0.22614188,0.319065,0.26857546,-0.13815938,0.09193508,-0.98749185,-0.20116447,0.031231858,-0.16888848,-0.42997098,0.5438228,0.24146843,-0.104643404,0.022777084,-0.20339468,0.42514622,0.05041263,-0.034992144,0.37898037,0.28932622,0.1540912,0.33617893,-0.24059269,-0.13407317,0.39023075,0.27523246,0.43257657,0.3487957,0.043324746,-0.18372989,0.21636589,0.15396859,-0.2028124,-0.084882244,-0.09103156,0.2044115,0.38416433,0.124437325,0.3863759,-0.24542804,-0.21490514,0.0021066912,-0.61858106,0.23967609,-0.34999692,0.075749785,0.4153621,0.17676985,0.17150216,0.036013983,0.52756256,-0.10082539,-0.22606812,0.29004434,0.14877619,-0.11874653,-0.061864667,0.5191641,0.109950215,0.14486668,0.018279893,-0.11491252,0.31105876,-0.099007316,0.02991125,-0.22986138,-0.4325752,0.11659781,-0.058232307,-0.17930067,0.003909687,-0.5361065,-0.020554034,0.13450529,0.124710314
OAS1_0199,0.10932959,0.1590114,-1.2301683,0.23452643,0.34815276,-0.6592917,-0.50196385,0.37832528,0.0914482,-0.25308827,-0.61321795,0.41534016,-0.08013865,-0.15524621,-0.35038835,0.3961759,0.47811505,-0.05593905,0.5638878,0.023742924,-0.27697608,0.12763795,0.38807166,0.50967324,0.78058505,0.52161235,0.24766678,-0.0016137101,0.3272046,-0.08123165,0.3195222,-0.18889387,0.13757958,-0.03893609,0.33049798,-0.32341745,0.37149724,-0.17528223,-0.10730992,0.062397692,-0.2660347,0.9529071,0.26613435,-0.840569,-0.61679286,0.030172268,-0.023180295,-0.046855997,0.08235906,-0.25338,-0.058402255,-0.099753655,-0.1408395,0.66342264,0.24682423,0.013408618,-0.34382433,0.0015534967,0.076079614,-0.30479768,-0.26533082,0.16168651,0.1317177,0.17384246,0.13172469,0.18115965,0.43814003,-0.5300319,0.05244704,0.0879702,-0.09259485,0.044245392,-0.21705593,0.44250697,0.499317,0.19640525,-0.333883,0.23899192,-0.09521327,0.37405404,-0.06263369,-0.118523724,-0.22071156,-0.2500769,0.020255867,-0.13016273,0.12420123,0.12466355,-0.17151496,-0.07485292,-0.349889,0.04464248,-0.07265028,-0.16114348,0.24365775,-0.06961605,-0.38177818,0.04399022,0.57699126,-0.5220176,-0.20483375,0.37580958,-0.0098492745,-0.42303687,-0.43272507,-0.018147193,-0.55501163,0.5291066,0.16121696,-0.2259256
OAS1_0200,-0.7111597,0.23586687,-0.13624248,1.2840592,-1.0349941,-0.27401847,-0.66027206,0.76432174,0.3991343,0.05213101,-0.15232888,-0.12493816,0.47449976,0.3264986,0.7233526,-0.101279974,0.54464746,-0.12553698,0.46845916,-0.93005365,-0.47303906,0.15660554,0.41761848,-0.0013014182,-0.36030304,-0.75952697,0.14061925,0.42707545,0.42575574,-0.34542423,0.077467024,0.39433834,-0.12630114,-0.4415342,-0.44986713,-0.11509921,-0.48160377,-0.373567,0.04720633,0.30368572,0.087801516,0.27977645,-0.5951583,0.33216956,0.4723696,0.024914084,0.016740352,-0.5199567,0.19597748,-0.2032537,0.4770021,0.28306958,0.6165374,-0.019007526,0.2999021,-0.37381947,-0.19730797,0.19424577,0.35909972,0.12884024,-0.602149,-0.40669155,0.15727407,-0.1821837,-0.017511262,0.21931213,0.12850767,-0.24351916,0.15520416,0.15367383,-0.3695797,0.24473715,-0.1283364,0.38096142,0.19292478,0.3557569,0.23127645,-0.14451201,0.2702987,0.42388147,0.2412911,-0.33289775,0.064125195,-0.018278806,-0.21217822,-0.032371383,0.65812385,0.13185667,-0.17589083,0.14853072,-0.12503046,-0.4322879,-0.13504332,-0.01701033,-0.31633186,0.4693729,-0.31325898,0.56337595,-0.18399756,0.0713325,0.4533292,-0.14884154,-0.07074391,0.11718517,0.03690745,-0.31403148,-0.51607263,-0.29784602,0.28401917,0.53148085
OAS1_0201,1.0943501,0.4916402,-1.2214017,0.4576831,-0.3512812,-0.2211574,0.30176288,-0.08339657,0.15540686,0.016158853,-0.13669428,0.28198984,0.35876125,-0.36840704,-0.10937591,0.16461003,0.7207264,0.04031674,0.40022892,0.4283601,0.24755469,-0.16441236,0.07194095,-0.96882653,0.05122738,-0.4679066,-0.06265012,0.017148811,0.1784497,0.3497584,-0.3780391,0.10238337,-0.5497009,-0.17035428,-0.2894691,-0.5055648,0.41876483,0.13681169,-0.16537613,0.14251795,-0.3524898,-0.48141423,-0.664912,0.14469974,-0.1854009,-0.50532264,0.36137533,-0.15261641,-0.09815868,-0.641353,-0.62615407,-0.3846302,-0.035127435,0.1284813,-0.15666991,-0.077073686,0.04515856,0.43987978,-0.097876385,0.015031522,0.07748734,0.28484705,0.38718882,0.07430426,0.1533052,-0.20566104,0.0393678,-0.0034781073,-0.09363201,-0.46738827,-0.15345661,-0.3801293,0.098939456,0.30199564,0.09871019,-0.19134952,0.1578163,-0.23927219,0.46917772,-0.07102758,-0.088422894,0.11311854,-0.4632255,0.15346625,0.46947458,0.23706323,0.0021732175,-0.5546539,0.07539705,-0.17242506,0.15094401,0.05965412,-0.01990784,0.847998,0.1602869,-0.09506902,-0.055714037,0.13712367,0.118926294,-0.18094882,-0.23973155,-0.63168573,-0.08083731,-0.21045724,-0.26059628,0.10185624,-0.22133653,0.35423034,-0.010034146,-0.2634122
OAS1_0202,-1.46525,-0.14179954,0.81766367,0.4509491,-0.23450555,-0.3137776,-0.352706,-0.13455658,-0.77208805,-0.18947367,0.23518173,-0.20044245,-0.74508667,0.5549154,0.41311544,0.0326991,-0.21431693,-0.8681826,-0.076771535,0.28909183,0.18463351,-0.009124232,-0.7351518,0.3454572,-0.025479933,-0.68872887,-0.12809984,-0.03308157,0.42867532,-0.10585264,-0.016564816,0.15550421,0.64613354,0.33613464,-0.37895864,0.5014626,-0.07058182,-0.43999588,-0.13932335,0.7071378,0.08174023,0.22576384,-0.17373408,0.39372665,-0.65712047,0.013271318,0.112396,0.11809337,1.0389409,0.12418349,0.21467613,0.4514737,0.041709997,-0.1907111,-0.034825265,-0.5510187,0.42004234,-0.19260341,0.27799854,-0.28868744,0.27410626,0.0838485,0.33030477,0.6031915,0.19390829,0.2791009,-0.3919896,0.5155784,-0.005486629,0.19184808,-0.042251945,-0.44072205,0.08825332,-0.20766094,0.42785853,-0.12845714,-0.18698154,-0.22042358,0.19430514,-0.14428824,0.39841527,-0.22199312,0.15312684,-0.12817347,0.39271542,-0.09870034,-0.15559724,-0.057892047,-0.06619363,0.30126056,0.03930161,-0.08409236,0.24446523,0.476117,0.1944325,0.36131787,0.24934296,-0.114174195,0.0616364,-0.048013598,0.19482228,0.211661,0.090542525,0.08315402,-0.2544054,-0.44339463,0.27459827,-0.2163648,0.050913054,0.13649395
OAS1_0203,0.7092392,1.1275862,0.1291329,0.30852145,0.30555326,-0.43351498,-0.94087094,0.07155656,-0.2934309,0.18242253,-0.00014152686,-0.743028,-0.13300143,-0.34589347,0.22995804,-0.31303617,-0.23162746,0.519033,0.13984673,-0.22401088,-0.27066928,0.22629356,-0.014053337,0.6452427,0.560234,0.5145913,0.046273887,-0.22155945,0.3578745,-0.011496727,-0.5199476,-0.3317209,-0.06507172,0.22482437,0.16978294,0.628267,-0.9003597,0.5947202,-0.24401177,0.17521974,0.17031841,-0.35660848,-0.35679096,0.14198981,-0.56876874,-0.34670138,-0.59802145,0.09152883,-0.08667033,0.9520355,-0.6182399,-0.07440062,0.29816732,-0.47747573,0.4953315,-0.07939084,-0.39643097,-0.15201795,-0.10418355,-0.33836848,0.09953388,-0.06429581,-0.11945232,0.05566682,-0.06993396,0.15339603,0.38759518,0.09806892,0.37571374,-0.09360945,-0.9759928,-0.83703387,0.39686286,0.14123586,-0.1114424,-0.051879752,-0.3429588,0.5381558,-0.3813673,0.6800316,-0.111289114,0.15259524,0.037711468,0.25669533,-0.2652145,-0.021593507,0.25085744,0.11862482,0.2811026,-0.21305336,-0.009187253,-0.28364754,-0.028014274,-0.24663144,-0.058427207,0.3171591,0.20788369,-0.24624567,0.4800599,-0.30142957,-0.14423382,0.027854906,0.3101687,-0.27036297,-0.11985064,0.01998257,0.08164973,-0.062867545,0.18935232,0.4009332
OAS1_0204,-0.087182775,1.1996502,-0.4132342,0.15712933,-0.22584921,0.15231195,0.8648831,0.071325965,-0.11876265,0.12866746,-0.5955166,-0.16500576,0.4355738,0.044363134,-0.39309895,-0.66491723,0.0043824785,-0.68344766,-0.3651415,0.46413258,-0.089984946,-0.24092357,0.77958816,0.26790237,-0.17194198,-0.5099156,0.33319947,0.36166948,0.39262977,0.5605785,0.0897896,-0.09340489,0.48350975,0.061356906,-0.3310909,0.056614336,-0.28887925,0.0682744,0.47312376,0.5973708,0.30301127,0.3480322,-0.0583249,0.2336741,0.074975856,0.015152023,0.10468921,-0.63095784,-0.6568934,-0.32767686,0.034994654,-0.32334694,0.2801424,-0.49251968,-0.4266044,0.46942466,0.41612735,0.036531277,-0.19322996,0.49395806,0.26877004,0.21591021,-0.19396819,0.027519774,0.030877927,0.29961836,0.5064735,0.17083086,0.20450467,0.103521675,0.29213443,0.3129699,-0.1868694,0.16475852,-0.27413148,0.22663443,0.35691813,-0.050790668,-0.065580904,0.18874088,-0.0989871,0.061381463,-0.0429122,-0.3063648,-0.28638145,0.2623939,0.020740116,0.12086591,0.20455654,-0.088089906,-0.5260657,-0.16695897,-0.34135148,0.115719,-0.20768489,0.022930766,0.22924526,0.015038889,0.009417724,0.8451755,-0.1385645,0.1614547,0.43577227,0.25847238,0.4977462,-0.43780762,0.24951693,-0.12088418,-0.008738173,-0.11656589
OAS1_0205,2.2522197,-1.3945146,0.44210568,-0.1004227,-0.74245197,0.62020797,-0.5253616,0.055578522,-0.35937795,0.9905912,-0.22834542,-0.6368554,0.4867248,0.6566334,0.3460325,0.5223883,0.49632403,0.8068333,-0.3476377,0.58819246,-0.093771994,-0.8117317,0.6459249,-0.18166125,-0.28271326,0.23115954,0.32570425,-0.8010641,0.6624577,0.41664007,0.50840783,-0.4593832,0.12417901,-0.40749407,0.19014762,0.18137601,-0.42131,-0.011911381,0.8274852,-0.07010121,-0.7158573,-0.19679852,-0.67292684,0.21860367,0.014526333,-0.21611331,-0.7301432,-1.1824245,0.3032836,0.7273323,-0.42534134,-0.1755935,0.26040348,0.054100007,-0.2626656,0.12003402,-0.39752722,-0.2920629,-0.35486847,-0.5047297,-0.08077818,-0.6118224,0.35205245,0.18106353,0.39126682,-0.45408136,0.18012564,-0.1582943,0.37941426,-0.14382654,-0.3638391,-0.26269978,-0.07109186,0.16543588,-0.081903785,-0.056949373,0.5032655,-0.08114374,-0.007070589,0.3310728,-0.25469887,-0.005856927,-0.52098656,-0.081121616,-0.42909902,-0.20779024,-0.44231996,-0.031920053,0.12699232,0.05510315,-0.23444965,-0.027097758,-0.25137666,-0.32577017,-0.085254215,0.08621773,0.22583842,-0.37094247,-1.0004342,0.037926134,-0.22551505,-0.36644843,-0.19200969,-0.5205157,-0.19146231,0.25443968,0.25500014,-0.012807074,-0.030805966,-0.4723616
OAS1_0206,0.80697274,0.8645504,0.5937915,0.85765535,1.1903572,-0.30043134,-0.94610107,0.8094683,-0.805963,-0.33896878,-0.86108464,-0.6702971,0.64734066,-0.027507348,0.6679291,0.5430765,0.13901326,0.22266074,-0.24395972,0.6036887,-0.23821314,-0.23178388,0.19306728,-0.22083206,-0.37699464,-0.20093593,-0.2033838,0.062839486,0.19557562,-0.5380573,0.17758788,-0.6129141,0.65092766,-0.06370894,-0.0077194734,0.086790495,0.24877061,-0.024669403,0.4005629,-0.61221385,-0.11482485,-0.042009033,-0.22782359,0.052295696,-0.16473149,0.34142756,-0.13540222,0.63746023,-0.41818365,-0.2269982,-0.40952346,-1.1182518,-0.50949246,-0.31251281,0.15775311,-0.115626186,-0.39242843,0.74260205,0.42140317,0.123863846,0.40294448,-0.24628519,-0.10314579,-0.83285326,0.15325831,0.31621283,-0.097077966,-0.13734454,0.16750662,-0.47247198,-0.19566862,-0.24779448,0.46825194,0.12862472,0.15670763,0.07224121,0.22829978,0.34683284,0.08184998,-0.15094315,0.41238043,0.27463052,-0.10139213,-0.5732615,0.228103,0.5160791,0.43399185,-0.36906442,0.2983911,0.17826197,0.44118923,-0.30164874,-0.22268543,-0.28460607,0.061380733,0.014862831,-0.06666237,0.088053025,0.60224813,0.27571696,-0.04041593,0.0048860814,-0.17535302,0.08903166,0.61778253,0.2627908,-0.14737135,-0.015367692,-0.028543567,-0.08912219
OAS1_0207,-0.1534332,0.75725776,-0.63281333,-0.32299823,0.31226283,-0.17081848,0.1305995,-1.3534365,-0.57006675,-0.1743174,-0.66732794,0.019121205,0.32015014,0.04846373,-0.26539198,0.3531363,-0.2435912,-0.516214,-0.5125907,-0.13783973,0.10990238,0.2834678,1.142352,-0.2024761,-0.36516535,-0.47109947,0.26120058,-0.053982526,-0.30235115,-0.2886815,0.255609,0.10385593,-0.010211916,-0.15555555,0.050364513,-0.34444863,-0.08515597,-0.14339472,0.6765155,0.28573236,-0.5229404,-0.6013791,0.31831616,-0.1393901,-0.47272792,0.08772382,-0.43982232,-0.5926497,-0.24302642,0.036258783,0.17406644,0.45945305,0.24455641,0.39325452,-0.1968961,-0.6290709,0.22709566,-0.19376908,-0.33043936,0.48653215,-0.19245613,-0.56562227,-0.26069167,-0.12212931,-0.14198662,-0.17793527,-0.13524634,-0.21064608,0.33220732,0.08167334,0.45987785,0.15797943,-0.18755785,-0.56407744,0.29147363,0.37480754,0.45315638,-0.016949495,-0.49661055,0.20247848,-0.3529649,0.1966472,0.1172446,0.01150654,0.55012566,0.3288973,0.069095775,0.21241802,-0.03885176,-0.37273127,0.37625793,0.3045163,-0.5838942,-0.062108934,0.04641247,0.136325,0.25739008,-0.40195742,-0.09736518,-0.33842266,0.30129963,-0.080019176,-0.32317883,0.15574515,0.23313019,-0.43546093,-0.010767548,-0.04522901,-0.023056552,0.23989652
OAS1_0208,-0.7515532,-0.01026385,0.5365942,-0.98654336,-0.115329735,-0.32209215,-0.12224624,-0.80675536,-0.113095656,0.80168766,-0.69595796,0.11228995,0.6231629,-0.41426244,0.22211654,-0.5507609,0.08929482,0.5609441,0.2842693,0.32716385,0.4620315,0.5720494,0.5216733,-0.18990073,-0.08358016,-0.04222234,0.27296624,0.7291594,0.022522165,0.100795284,0.29090324,0.03284664,-0.5739604,-0.4844505,-0.40365773,-0.5011209,-0.42156413,-0.35867512,-0.12736912,-0.27327833,-0.4606838,0.31634444,0.22605704,0.0488549,0.27050838,-0.355805,-0.7918392,-0.0676159,-0.25847015,-0.166219,0.34195977,0.42355853,-0.27475876,-0.025758378,-0.16836439,-0.37221485,-0.013911969,0.11115309,-0.19298989,0.025788598,-0.18261902,0.40856183,0.15637238,0.35316986,-0.32267132,-0.0007530267,-0.32441536,0.37782624,0.46285525,-0.4277413,0.00046596766,-0.09107803,-0.3785928,0.3139304,-0.3343954,-0.21920092,-0.14517333,-0.037236843,0.2482634,-0.1412297,-0.023119459,0.2154837,0.4679618,0.23522148,-0.26306722,-0.06263217,0.08165234,-0.15347162,0.03462745,0.28239152,-0.107792035,-0.20078708,-0.10578925,0.2538255,0.0040739323,-0.19546206,-0.013238299,-0.34836257,-0.14198361,0.16300833,0.22952095,0.014058396,-0.29766867,-0.20400639,-0.54005355,0.14171368,-0.31558996,0.2332628,-0.2509798,0.10148358
OAS1_0209,-0.9628178,-0.23399083,0.17540632,0.4878961,-0.6349003,0.7962677,0.03764194,0.2940792,-0.588199,-0.45394972,0.14584816,0.06622889,0.36542186,0.14239557,0.5691545,-0.23540126,-0.7672916,-0.14466506,0.16558489,-0.16998827,-0.32180536,0.19378002,-0.88783926,0.10534334,0.19594094,-0.20693906,0.29591042,0.18130544,0.058068026,0.2855917,-0.3126669,0.49410388,0.5752125,-0.46018946,0.13409013,-0.45031244,0.10462638,0.035047065,-0.1577053,-0.066678084,-0.07775588,-0.5709949,-0.2508441,-0.22373872,-0.035141632,-0.105200574,0.25367156,0.5215319,-0.89065707,-0.41994646,-0.13091011,0.35918897,-0.4048115,-0.64720947,0.04866166,0.79912674,-0.23389083,-0.42868894,0.041302856,-0.05790771,0.24116972,0.15165234,0.36714536,-0.826682,-0.14791012,-0.24428044,0.05470043,0.20571816,0.13771144,-0.20062277,-0.040938575,0.04863279,-0.26389757,-0.5558615,-0.19546586,0.44224915,-0.25052562,0.37911132,-0.064870775,0.49482542,-0.08617123,-0.16520888,-0.24236663,-0.1826486,-0.21737215,-0.27374855,0.34412417,0.08494119,0.5641654,-0.2222375,-0.538461,0.28866154,0.07950676,-0.064645275,-0.21916439,0.29748157,0.37787762,-0.26597276,0.0005866937,-0.31824884,-0.3764257,-0.09968147,-0.2064542,-0.038084198,-0.22561947,0.023027156,0.25022808,0.03345088,-0.020435393,-0.12736621
OAS1_0210,2.0614953,-1.255342,-0.42004678,-0.15621002,-1.2351577,-0.032637633,-0.20601602,-0.32082534,-0.31488425,-0.49977288,0.065092735,0.5649396,-0.16077307,0.11184299,0.60940653,0.024243612,-1.0740017,0.33150592,0.62625104,-0.17069069,0.30234283,0.075432666,-0.21930969,0.10215581,-0.03389581,-0.4924217,-0.39193878,-0.51563334,0.15529409,0.055109207,-0.66084874,0.40712056,-0.8610743,-0.11068351,0.044873703,-0.30261964,-0.67279387,0.077262275,0.22150056,-0.31129628,-0.66427624,0.2017805,-0.15003803,0.16108102,-0.204381,0.17075856,0.15017235,0.48541698,0.40972164,0.28431147,-0.28582078,-0.36887056,-0.108759515,0.30659777,-0.3015044,-0.2971163,-0.058327284,0.14060795,-0.18584512,0.05927308,-0.1385683,0.14548783,0.108967595,-0.25199246,-0.307833,0.15487607,-0.17660904,0.31567833,-0.32146138,0.05907747,-0.6367217,0.0128849,0.059371643,0.11381562,-0.10403208,0.25089064,-0.40613705,0.06818048,0.38990703,-0.31757197,-0.0940911,0.3071199,0.337239,-0.106545955,0.10607914,0.09049885,0.2920464,0.02224035,-0.39780796,0.14654402,0.11541322,0.35244295,0.15883404,-0.29009995,-0.2967555,0.16999932,0.2479497,-0.22619484,-0.6113601,0.0022444988,-0.49218467,-0.089666426,-0.048122615,0.05115919,0.06753996,0.007293618,0.3375074,0.11821778,0.2031019,0.22626393
OAS1_0211,-0.758356,-0.5703891,-0.6213481,-0.0061765383,0.8619086,-0.014896094,-0.0060447427,0.6169741,-0.11870298,-0.08574173,-0.084803455,-0.106038675,-0.044282995,-0.94360787,-0.5171663,0.03339081,-0.49599862,-0.07140916,0.09342295,-0.17099585,0.0798239,-0.4046865,-0.30349097,0.09387551,-0.15916027,-0.03338686,-0.31376076,-0.49813262,0.23100837,0.6355192,-0.33109415,-0.13163224,-0.24850154,0.29799435,0.37268654,0.71748424,-0.22852716,0.032888673,0.15065897,-0.40672827,0.52531534,0.011066382,0.043761633,0.53592896,-0.5770824,-0.18277355,-0.09648882,0.2531359,0.31266466,-0.09412312,0.20760512,-0.031682916,-0.15471333,-0.28044647,0.3600148,0.4306402,0.17858866,0.37645933,-0.4368454,0.3053575,0.21484277,-0.69096357,0.26079792,0.15817194,0.06438818,-0.13596961,0.27421635,-0.0026128818,0.5168988,-0.10781776,-0.09187224,0.022478241,-0.16918236,-0.00049027544,0.3096308,-0.15084347,0.34933898,0.07362242,0.4254655,-0.3957929,0.19969445,-0.11175233,-0.11331162,-0.05736964,-0.32096,0.0057190377,0.24452499,-0.49147695,-0.54427963,-0.49958098,0.1502786,0.26804665,-0.060887575,0.28931668,0.15541336,-0.019229192,0.30610496,-0.3409155,0.10727457,0.2594605,0.15762469,-0.7300597,-0.04002044,0.19775596,0.46435153,-0.13437851,-0.12015173,0.23272865,0.04375429,0.06352508
OAS1_0212,1.8783888,-1.245515,-0.30001923,-0.541169,-0.836872,0.13058779,-1.357576,-0.29501837,-0.006428483,0.19958341,0.31920454,-0.46240506,0.10694714,0.5707738,-0.044856906,0.12688254,0.042229135,-0.438407,-0.25298283,0.15999731,-0.0702788,0.21687013,0.39019868,-0.27616435,-0.45317948,-0.43649358,0.62242436,-0.07319628,0.21507621,-0.40296584,-0.22911288,-0.016446672,0.097274825,0.04703695,-0.30344415,0.05519601,-0.3052793,0.28579155,-0.3110818,0.42835072,0.21279582,0.5452932,0.056871355,-0.4168766,0.5612622,0.47578996,0.17058706,0.54151237,-0.45913488,0.68139786,0.3193101,-0.24989972,0.27339768,-0.43157768,-0.042473476,0.74241966,-0.24891424,-0.3201474,-0.1476688,0.14457445,-0.3769109,-0.18445642,0.36117598,0.3677431,-0.32380012,0.12901722,0.106663175,0.21600868,0.013326324,0.46509632,0.022955572,-0.21396507,-0.63699615,-0.20388184,-0.0448708,0.13112555,0.15747356,-0.37820745,0.64177454,0.453064,0.10452316,-0.49127322,0.060116787,-0.28933492,0.16275941,0.0042128353,-0.010433339,-0.29530534,0.081286445,-0.17966771,0.24177875,0.29028597,-0.069669634,-0.16382535,0.056902044,-0.05742824,-0.17443022,-0.33909965,-0.14335679,-0.47569305,0.48521224,0.24555089,-0.6245259,0.13436732,-0.42721507,-0.34541884,-0.16953853,0.35716507,-0.30420345,0.009853287
OAS1_0213,-1.1205127,-0.036139406,0.2857298,0.11747986,0.20720382,0.385071,0.05089236,-0.5010902,0.88645166,-0.52634454,-0.41508484,0.04439417,0.36440566,-0.107298404,0.41205138,0.14375223,-0.61443466,0.31208467,-0.0731607,0.017213771,0.48932508,0.5142679,-0.037948653,-0.48976615,0.4257335,0.31182447,0.2639754,0.78205943,-0.192064,0.29419306,-0.10842158,0.42416278,-0.081771284,0.012921876,0.13697618,0.2057493,0.10755296,-0.26425532,-0.27800897,0.26408356,-0.03692545,0.4721091,-0.33886626,0.31747222,0.7301923,0.52313346,0.13314305,0.21563727,-0.54650277,-0.13152835,-0.3546233,0.0011223573,-0.06508285,0.17281078,0.38272446,-0.21228118,-0.101887695,-0.18004051,-0.18788533,-0.2933693,-0.2723422,0.42410803,-0.4622028,-0.06908423,-0.5049324,0.53458506,-0.5344747,-0.5016207,0.050823107,-0.23642129,-0.15849653,0.028292995,-0.48535377,0.15102573,0.20647492,-0.14250356,-0.17385326,-0.31777784,0.25151768,0.2795581,-0.0030354904,-0.6744251,-0.15805008,-0.06751573,-0.09352822,-0.32116088,0.2141069,0.036880203,0.2938215,-0.12695168,-0.22610632,-0.36528444,0.17703924,0.12717783,0.17448059,0.36137986,0.04871979,-0.029030047,0.4125264,0.063320026,-0.20989671,-0.14449804,-0.25230226,0.35843775,0.15322517,-0.25671592,-0.18740329,0.0012592516,-0.10728188,-0.04725268
OAS1_0214,-0.9496999,-0.27243,-0.488923,0.2968196,0.81465596,-0.37096572,0.5239254,0.61889035,-0.035967696,-0.032496687,-0.09667701,-0.49117082,-1.0249543,-0.28894526,-0.4727341,0.26303723,0.26555875,0.22722259,0.26092258,0.6642382,0.36670423,0.24587663,-0.203416,0.45682704,0.36238936,-0.45116284,-0.3867617,0.37795845,-0.17712781,-0.017947933,0.12213544,-0.2145851,-0.15217303,0.21077928,-0.4887704,-0.28670916,-0.023277141,-0.58302915,0.3102009,0.8367597,0.43250325,-0.6377492,-0.6416754,-0.14490452,0.5660502,0.020885957,-0.10115671,0.24954338,0.27016023,0.29257435,0.06317649,0.040128198,0.51249325,0.103992194,-0.3920323,0.06699789,-0.68610936,0.41119695,0.12496187,0.2281446,0.41112795,-0.59318715,-0.22681983,-0.4169892,0.049428664,-0.56340283,-0.14969945,0.48502135,-0.17202294,0.37224725,-0.02593339,-0.040976036,0.013319743,-0.07869539,-0.20618354,0.16596039,-0.0095444685,-0.7475017,-0.0764913,-0.2857872,-0.025808048,-0.4043816,0.05551158,1.0202259,0.60889685,0.2389883,-0.05227537,0.8432751,-0.2067113,-0.30158693,0.57978946,0.28502157,-0.031071283,0.031315695,-0.14214803,-0.03947002,0.05156871,-0.23019518,0.020337814,0.2700224,-0.093574025,0.14453073,-0.37458092,0.03561901,-0.33633545,0.49494863,0.14933106,0.41125554,-0.09412753,-0.6421752
OAS1_0216,-0.10224816,0.92072564,-0.14922252,-0.6080515,-0.09630531,-0.41318676,0.45452502,-0.16712953,0.23331952,0.15210246,0.24011864,0.07744243,0.0426899,0.21515413,0.7581403,-0.2984975,-0.64542884,0.14000112,-0.5671367,0.4036159,-0.33854714,-0.16184849,-0.13286029,-0.024960687,0.71635336,0.8520949,-0.04662607,-0.30297768,-0.67906576,0.2245307,0.17072043,0.09667328,0.09719513,-0.08052371,0.24210456,-0.38168696,-0.63348097,0.30934516,0.25012118,-0.3278049,0.5944946,-0.054652113,-0.18047445,0.5860091,0.64638203,-0.4539406,-0.000561351,0.3054797,-0.0041441647,-0.6533666,0.14298154,-0.4669711,0.24812602,0.13967729,0.41900188,-0.27978578,-0.3418288,0.29380652,0.67538226,-0.066713184,0.045272127,-0.03213568,0.08237454,0.34801555,-0.27099675,0.14006782,-0.084238335,-0.056164693,-0.05878469,-0.49035475,0.09979777,-0.011927575,-0.10411518,0.26056382,0.277444,-0.30119425,0.31539986,0.4144865,0.3459002,0.06849935,-0.3090893,0.5412416,-0.23845378,0.509666,-0.19228517,0.15223296,-0.49165428,-0.110455714,-0.26928666,-0.6782657,0.13244806,-0.065018415,-0.30742612,0.108156525,0.3688407,-0.62991077,-0.2079824,0.14047548,-0.5348442,-0.18000002,-0.017995771,0.028585324,-0.15540731,0.82579696,0.042701483,-0.12178479,0.6292037,-0.21505317,0.06393543,0.040089082
OAS1_0217,1.2982929,0.5337911,0.29943854,0.71353585,-0.6784954,0.16773471,-0.16237205,0.5755071,0.31160083,-0.46936405,0.29528138,-0.05559493,0.09196826,0.7177003,0.23657615,0.3583242,0.26150048,-0.18822254,-0.2647185,-0.38092718,0.36569923,0.50714236,-0.22176154,0.3751551,-0.10119064,0.15220572,-0.16562523,0.023378536,-0.21791463,-0.014943175,-0.09481052,-0.023077352,-0.025137983,-0.000564638,-0.43521807,-0.11671683,-0.35711798,-0.047923308,-0.12157614,0.2592961,-0.38525024,-0.33799726,-0.16366026,-0.57569796,-0.14954239,-0.30900514,1.0372735,-0.26757258,-0.16443454,0.71766734,0.40096346,-0.17776322,-0.35659102,0.11848584,-0.3315597,-0.17290664,-0.009698233,0.6497037,-0.47314823,-0.04513514,-0.7191898,-0.17230861,-0.30360675,-0.27209586,0.17597222,-0.23645999,0.12399737,-0.17058322,0.072127044,0.14920916,0.22719362,-0.4378417,-0.058766328,-0.42700428,0.31099358,-0.45952258,0.42582834,-0.12291663,-0.18221647,-0.3747702,0.11687881,-0.36222628,0.29256007,0.08002223,0.18266058,0.010977266,0.021896077,0.2664841,0.3481198,0.28443682,-0.40997875,-0.4944021,0.11671544,0.19397664,0.59148663,0.30315828,0.29714373,0.008474235,0.6709861,0.41901267,0.0049974443,-0.07658045,-0.030692363,0.2920915,-0.3219262,-0.06455983,-0.16649443,-0.13387161,-0.2872278,0.56326354
OAS1_0218,-1.1059351,0.052929197,0.4544087,-0.53060275,-1.1872293,-0.19130586,-0.064580575,-0.038562045,-0.41211456,0.6283672,1.1398007,-0.62685174,0.29401073,0.7056416,-0.17860137,0.4741069,0.06153321,-1.1407156,-0.33992153,0.5038629,-0.28192967,-0.22677924,-0.047232877,0.11627983,-0.7364063,-0.9442396,-0.62498343,-0.49776417,0.44277975,0.32277477,0.09260963,0.1834961,-0.06980602,-0.20036256,-0.24806859,0.4577003,0.2237157,0.14725968,-0.5247395,-0.059700523,0.19129208,-0.08395162,-0.21415511,0.846459,-0.2895494,0.19482051,-0.6815576,-0.31055224,-0.633168,0.022247385,0.025723979,-0.3425211,-0.05524911,0.17991635,-0.03421349,0.26533508,0.24262044,0.21852532,0.2687011,-0.39299127,0.05478814,-0.2414447,0.4513522,0.119176544,-0.22719124,0.003343602,0.11019348,0.15094365,0.1883056,-0.5329211,-0.40341592,0.296578,0.31790635,-0.49784738,0.6529948,0.3555133,0.11173842,-0.1911432,-0.08150642,-0.02704842,-0.05010351,-0.17021553,0.2770305,-0.2432454,-0.4149205,-0.43435252,-0.09678181,0.38861033,-0.020813981,-0.31351513,-0.17916924,0.49474707,0.3054511,-0.21945769,0.3723097,0.37076238,0.45174512,-0.0036754177,-0.16334687,-0.25611767,0.5291738,0.21629025,-0.001723293,-0.17702597,-0.24945877,0.26006132,0.028568417,-0.050127074,-0.28809878,-0.17685328
OAS1_0220,0.8517405,0.847221,-0.12935162,-0.7074225,-1.152289,-0.86435974,0.2290538,0.016184336,-0.22453858,0.37403423,-0.25000075,0.66432536,-1.096726,0.33905298,0.46777394,-0.73643315,0.33015454,-0.30743626,-0.39844638,-0.5483752,0.65267134,-0.27348146,0.10954224,-0.55077505,-0.019190209,0.61314344,0.2407652,0.26325276,-0.27581427,-0.20162478,0.19542003,-0.2423052,-0.060116902,-0.10325052,-0.110343106,0.33811978,-0.07239153,-0.29776898,0.5531202,-0.28698236,-0.09183111,0.050374065,0.48668703,0.2639773,-0.38724577,-0.18250225,0.4362341,-0.36200643,-0.029806638,-0.129594,-0.10943994,-0.38679984,0.40161425,-0.1962976,0.3078256,0.24391441,-0.48259228,-0.021191549,-0.023522807,-0.20465109,-0.018676355,0.46940014,-0.58209294,-0.46914083,0.042783346,-0.14231333,-0.23645698,-0.16710961,0.18478955,-0.038808964,0.31528607,-0.4039199,0.327509,0.4778801,0.017903479,0.2143453,0.035794605,-0.14547385,0.2077715,0.04164891,0.034502704,-0.21817866,0.23804806,0.3049178,-0.15834405,-0.27866942,-0.20585997,0.22410478,0.62325895,0.1854764,0.44850215,-0.0125685865,0.20216933,-0.036193583,0.4051767,0.14684442,-0.31072357,-0.34014803,-0.73453206,-0.10275386,0.44714758,0.1439649,0.5926703,0.017768063,-0.16654305,-0.29693925,0.43467924,0.12683369,0.23583525,-0.076728255
OAS1_0221,2.1134133,0.7564707,-0.22775103,-0.09804737,-0.33263144,0.8292037,0.7209156,0.12533541,-0.39951614,-0.100662895,0.50201595,-0.8894641,0.8119184,-0.14143613,0.37587228,0.18466757,-0.25585422,0.5174521,0.22954783,0.056284692,-0.22313221,0.33577204,0.75303876,-0.4021535,0.29265603,0.39515093,0.118073456,-0.26171312,-0.30048996,-0.06250602,-0.22153114,-0.4438451,0.37652478,0.5976677,0.17019776,0.4348592,0.16720481,0.00919201,-0.006315853,0.19540057,0.046316467,-0.41885236,0.011056506,-0.13462056,0.33444798,0.67179143,0.6432559,-0.39670086,-0.1422613,-0.23688035,0.13811697,0.005322837,-0.07331446,0.21714395,-0.5313719,0.2425749,-0.23054735,0.5908759,0.37474468,0.4873845,0.3352936,0.07172005,-0.040679257,-0.24093436,-0.16071963,0.098652326,-0.1645191,0.04449379,0.6803878,0.27257213,-0.15808417,0.4375961,0.11160751,-0.6528313,0.4604467,-0.0892517,-0.23719713,0.6416715,-0.17298752,-0.29022166,-0.3159118,-0.19383204,0.14333867,-0.090943806,-0.1077282,0.5337025,0.23508379,-0.38863096,0.09306642,0.6998806,-0.2032744,-0.63341844,0.5284917,0.3631671,-0.10937698,0.4727333,-0.11929911,-0.060867548,-0.19561362,-0.16579497,-0.3121257,-0.26374957,-0.12844178,0.14809433,-0.30173323,-0.19460744,0.3001521,-0.23556748,-0.2363681,-0.21800269
OAS1_0222,-1.2045702,0.06731401,0.15676735,0.6081935,-0.34154958,0.65073776,0.46414587,-0.036899813,-0.20418641,0.38188973,-0.93378097,0.25041968,0.22153756,0.31417707,-0.109828144,0.40280795,0.43427962,-0.776624,-0.7061699,0.34190384,-0.5812276,0.2011099,-0.048525542,0.2544089,-0.0075105447,-0.5390536,-0.34257,0.19631751,-0.26412058,0.44168797,-0.50498235,0.16724515,0.29236105,-0.23885275,-0.8461368,-0.029331028,0.3231794,0.02362094,0.39721185,0.05314744,-0.17720735,-0.0106439395,-0.33082673,-0.7222617,-0.30094007,-0.06081204,0.10161045,0.5358691,0.24501932,0.7132652,0.24067385,0.6002646,-0.48270172,-0.030921474,0.35739467,-0.13350266,0.07902114,-0.119935244,-0.12911966,-0.1915169,-0.51835114,-0.3071145,0.57017493,-0.026883591,0.06786048,-0.039512064,0.04109139,0.32348615,0.03790179,0.39983633,0.15814264,0.15038182,0.0015469587,0.06408738,-0.18540496,0.06393454,0.03478764,-0.110261075,-0.044966813,-0.16448276,-0.13134842,0.47540185,0.5530612,-0.3915138,0.22752708,0.033026703,0.09308015,0.2697284,0.00531345,0.18023266,0.39725763,0.26717395,-0.12071718,-0.17124441,-0.1767837,-0.022955522,-0.29199493,-0.4112093,0.08733419,0.15184496,-0.16602466,0.20551527,0.0830358,0.29951385,-0.13547392,-0.09658174,0.21318169,0.08828478,-0.010207768,-0.19223028
OAS1_0223,2.057677,-1.2208843,0.62344974,0.31854022,0.8035655,-0.12711218,-0.22672966,0.111606866,-0.24955186,0.2868421,0.6131583,0.2275591,-0.26223323,-0.14116801,-0.46319965,-0.24661112,-0.44286665,-0.8266363,-0.022940364,0.19682395,0.4921201,-0.031506218,0.4498634,-0.14546782,0.71777195,0.16976313,0.25838548,0.18693268,0.26111984,0.7309876,0.008143358,-0.19606346,-0.39320406,-0.3685286,0.09373393,-0.36546412,-0.3840205,-0.23624626,0.017225381,0.06689936,0.06730062,0.51529944,0.38040388,0.43723384,-0.3967687,-0.39849108,0.06062069,0.15821065,-0.027552102,-0.107607864,0.25191227,0.5484176,-0.0668817,-0.3875051,0.345918,0.4692461,-0.09118959,0.34934196,0.38938034,-0.11567953,0.033777718,-0.63396263,0.068719484,0.1270646,-0.45851675,-0.1319764,0.21398626,-0.5639466,0.13707823,0.13647301,0.28970075,0.31988937,0.02184722,-0.020422716,-0.64851487,0.15097387,-0.14325918,-0.068069585,-0.45434085,-0.042875007,0.09878026,-0.4082532,-0.55538696,0.63079315,0.199499,-0.09388964,0.07486559,-0.0016555457,-0.39985454,-0.16755733,-0.19159341,-0.075349025,-0.48308423,0.51529616,0.10222736,0.0067051607,0.033597674,-0.06983577,0.40768942,0.05843144,0.13999084,-0.19596101,-0.05121612,-0.03500837,0.5413238,-0.54234916,0.068935014,0.31852993,0.33122575,-0.18641022
OAS1_0224,-0.7226405,-0.0929428,-1.0633177,-0.22807868,-0.1416927,0.52272546,-0.25847787,-0.12690386,0.11362719,-0.5560961,0.32731926,-0.22441709,-0.8134145,0.11596126,-0.5831827,0.5264463,-0.5209873,0.06877766,-0.4368262,-0.38957474,-0.108351916,-0.64939296,0.15214074,-0.096944384,-0.22444572,-0.22027792,-0.12401646,0.022930197,-0.37984875,-0.16681264,-0.33367446,0.00092586334,0.034205742,0.15707265,0.35240692,-0.4562307,-0.14144322,0.38013572,-0.093875185,0.14508708,-0.79072475,-0.2612546,0.18607998,0.2535703,-0.49559057,-0.02877936,0.58181703,0.2325756,0.078881174,0.38846457,-0.1493505,-0.08178304,0.18907271,-0.3648518,0.18422852,0.18407845,-0.053715445,0.053784054,0.05888569,0.17003506,0.27978724,0.23336206,0.32807446,0.10009954,-0.03969122,-0.37886488,0.01591382,-0.17697008,0.2999842,0.42154577,-0.35704926,0.19266589,-0.58074147,0.039572503,0.050651,0.2642749,-0.3799596,-0.049595676,-0.0039513763,0.32558516,0.1817953,0.42196497,-0.06310431,-0.20943105,-0.698926,-0.28045934,0.16716616,0.13137272,-0.033840593,-0.2401938,-0.20828193,0.14273989,0.03820023,0.32949427,-0.13388789,-0.5890741,-0.055987306,0.058017608,-0.26829854,0.23721208,-0.10311961,-0.19176689,0.1958763,0.29142034,-0.05221614,0.15875863,-0.13028435,-0.07359014,0.3460803,0.2939113
OAS1_0226,0.77861583,-0.33389398,0.16635019,-0.16358183,1.117082,0.099858396,0.41981962,0.107718594,0.54908895,-0.487235,-0.65358645,-0.50796276,-0.10783549,-0.46697617,-0.063941345,-0.119115174,0.37457964,-0.16475919,-0.15958656,0.239992,-0.6402787,-0.24842261,-0.6127122,-0.8462334,0.14599605,-0.086219236,-0.83818156,0.06520815,0.23108995,0.19945674,-0.4677342,0.31421226,0.22043554,0.10532203,-0.016319059,0.03450188,-0.07261613,-0.2724581,-0.30518314,-0.651317,-0.6001288,0.24721056,-0.5104569,-0.2505172,0.518111,0.15406774,-0.17629318,-0.22628245,0.025269555,0.07624096,-0.1695851,0.13373944,-0.70683575,0.63179517,0.2574724,-0.08468588,0.23346098,0.20109946,-0.20709696,0.29801548,0.13647778,0.14743426,-0.026042389,0.449751,0.22930823,-0.07339215,-0.033645336,0.33730406,0.1053479,-0.10951119,-0.24609676,-0.13058361,-0.02584213,-0.004449509,0.3356931,-0.26182747,-0.2215113,0.33546185,0.27309543,-0.20298158,-0.42973045,-0.24466772,0.3759722,0.120572574,-0.070735306,-0.28137174,-0.2549797,-0.13627513,0.03422897,0.1789994,-0.07317648,-0.20621456,-0.4841921,0.121796615,0.10788809,0.27566588,0.11290499,-0.05580484,0.084833115,-0.17527263,-0.027849212,0.42209697,-0.36390564,0.46757442,-0.2796859,-0.03322572,0.079046495,-0.16402754,-0.51755345,0.50751776
OAS1_0227,-0.81242025,0.05464146,0.4857001,0.22862157,-1.0278016,0.29044932,-0.22807658,0.08961896,-0.283063,-0.31068292,0.1447731,0.008419879,0.11482305,-0.5753681,-0.12742853,0.4378839,0.15536541,-0.3983427,-0.21608417,0.08904202,-0.42103893,-0.33188164,-0.5223495,-0.26266253,0.3124737,-0.20706606,0.24291575,0.682397,0.41236156,0.9489946,0.19148967,0.049174998,0.15034698,-0.007951594,0.12645368,1.2129493,0.3950501,-0.13087182,0.106913276,0.07091484,-0.08058188,-0.089110754,-0.041683987,-0.23943968,0.0011096618,-0.35071754,0.19428733,-0.3318566,0.43400815,-0.1316239,-0.79573256,0.25879183,0.3370532,0.8559577,-0.22454908,-0.36943543,-0.5374375,0.033123214,-0.16458626,0.029215109,0.9601751,0.271498,0.79359823,0.072987154,0.24590087,-0.5902458,0.12682165,0.050630275,0.1162847,0.14626604,0.19917008,0.06792498,0.24532965,0.04687218,0.055632062,-0.28964597,-0.23790371,-0.6099856,0.26881972,-0.02472149,-0.24381757,0.030684656,0.32418194,-0.015241144,-0.09104482,-0.21722256,0.06881008,-0.15724666,-0.011488063,0.06470542,0.1834903,0.08036077,-0.031221611,0.22046259,-0.096957706,0.28050953,-0.28778157,0.011220401,0.2759116,0.24530166,0.20693728,0.24614017,0.14506924,0.20208988,0.18749404,0.06272215,-0.074801154,0.010255768,0.15528315,-0.38858652
OAS1_0228,0.35069785,1.0737281,0.8987535,0.20298979,-0.9060219,-0.83919543,-0.16122797,0.032251764,0.23091234,-0.47524968,-0.46402487,-0.31892496,0.13982907,-0.171944,-1.3027784,-0.17970136,-0.11520013,-0.15669487,0.21340255,0.1486715,-0.8707046,-0.005374404,-0.26652682,-0.042256113,0.35483453,-0.1683698,-0.5043767,-0.25685483,0.010978198,0.37747046,0.18310164,0.4835203,-0.07249984,0.10275267,0.54488575,-0.017556103,0.3358683,0.17115937,0.75384825,0.18250173,-0.0025974484,0.27974537,-0.19819705,0.21443816,0.28995454,-0.28070596,0.08962411,0.09360695,0.7218999,0.4300524,-0.019264225,-0.14109534,0.30067894,-0.23059584,0.3366818,0.34531507,0.27714133,-0.23979908,-0.48797244,-0.15988733,0.1663886,-0.4721696,-0.4190151,0.7295802,0.02978346,-0.3415708,-0.27108562,-0.22465082,0.11735847,0.37106434,0.17292748,-0.07710948,-0.19636996,0.5520551,0.46604985,0.50062764,-0.19548689,0.3738156,0.029295351,-0.12948868,-0.17234203,0.35859275,0.1379938,0.3641699,0.4589265,-0.18263428,0.18748504,0.00024083753,0.19404055,0.20348631,-0.3077557,-0.17515847,0.30190942,0.13605522,0.34664312,-0.009574801,-0.12161677,-0.0889674,0.43513343,-0.01773471,-0.29107922,-0.22360326,-0.11870409,0.36874008,0.32190758,-0.05858092,0.2528971,0.017190373,0.3413287,-0.14327526
OAS1_0229,-0.6282048,-0.15422852,-0.55799675,-0.97765076,-0.22911417,-0.40082878,-0.04724797,0.4538644,0.39672014,0.24674642,0.25510722,-0.1322812,0.31138554,0.15321177,-0.18486428,-0.86786133,0.22443312,0.09764383,-0.053258855,1.1441092,-0.36463484,-0.69703585,-0.29198796,-0.28459066,-0.5755902,0.23988715,-0.13651602,-0.056614902,-0.081376545,-0.17704812,0.4869344,0.5648374,-0.264605,0.15040831,-0.47712737,-0.17403711,-0.10276104,0.4709865,0.17960316,0.33918348,-0.26700374,-0.43192872,-0.2674675,0.258478,-0.06747847,0.26264507,-0.519964,0.11199233,0.43955818,0.006049417,0.039694395,0.30694625,0.32768574,-0.06128969,0.0683002,0.6828541,-0.0864784,0.72424424,-0.30397865,-0.05126232,0.124252215,0.26778018,0.099897645,-0.445111,0.07931456,0.45820114,0.013223291,0.100006126,-0.48969305,-0.060730457,0.23857191,0.42886758,0.50235474,0.62057227,0.002781066,-0.28913528,0.032049432,0.3185929,0.44274113,-0.006888058,-0.22820154,-0.1821383,-0.23357052,0.06662416,0.14285505,-0.03896804,0.10338579,0.3832282,0.21678723,-0.0045942958,-0.3706395,0.08586774,-0.2441851,-0.50703454,-0.18093175,-0.07260276,0.24759956,-0.32630432,0.11040311,-0.51293916,0.24582273,-0.18441252,0.04897476,0.34749192,-0.16394018,-0.34923252,0.2273841,0.35755998,-0.0011449463,-0.2950309
OAS1_0230,-0.8101972,-0.09383648,-0.07386906,-1.1833524,0.8518856,0.31746966,0.026766079,-0.24443294,-0.28034446,0.19168217,0.47356185,-0.061325092,-0.24296384,0.3051914,0.24959248,-0.11829523,-0.21292694,0.18515348,-0.04626728,-0.3223715,0.18028615,-0.23256429,-0.71890604,-0.3940569,0.4259107,-0.37854913,-0.093606405,0.14559016,0.56063634,0.41976374,-0.8365161,0.28085986,-0.28543532,0.37671766,0.08357945,0.34196663,0.09964402,0.3670008,0.58973104,-0.18939455,-0.23672576,0.009335149,-0.4193494,0.0341898,-0.74706346,-0.79675174,0.043648414,-0.43669435,-0.0667758,0.13753314,-0.017285278,-0.7796781,-0.15683487,-0.07506983,-0.23398978,0.31929067,0.108149305,-0.13864979,-0.086062476,0.24515723,-0.1994964,-0.036340475,-0.3712959,-0.039258186,-0.031886443,0.36246666,0.0128045315,0.07724474,-0.33408102,-0.41956347,0.2444071,0.23316167,0.20674355,0.5218855,-0.008482845,0.40162557,0.28663012,-0.13271636,-0.04031203,-0.37282214,0.42040613,-0.33550075,0.16662587,0.46857494,-0.003964418,-0.1323273,0.37921795,0.042410217,0.12669823,-0.030064605,0.15752508,0.16901161,0.2591165,0.21477072,0.086323604,0.19970013,-0.30830124,-0.055257123,0.05848674,0.0668058,0.2322884,-0.16857447,-0.4353922,-0.022699049,-0.052707493,-0.13164984,0.3923807,0.070640504,0.029034358,-0.06162215
OAS1_0231,-1.1238935,-0.8445995,-0.41669777,0.002281182,0.20171228,-0.018283185,0.60253894,1.3703945,-0.4429714,0.38541183,0.13953558,0.2971992,-0.12389756,-0.1774163,-1.1555367,-0.61988205,-0.020714091,-0.8457461,-0.14747943,-0.0027779932,-0.44405296,-0.65339124,-0.11001207,-0.21060283,0.07134885,-0.13232265,-0.059353508,-0.1791097,-0.44745502,-0.538619,0.37019572,0.06366492,-0.21599899,-0.20802662,0.15304887,-0.14000145,-0.20512606,0.1181149,0.017672442,-0.047962703,-0.022727232,0.3287617,-0.28124776,0.52637744,-0.022114236,0.59985,-0.3634275,-0.26756927,0.21662803,-0.3311844,0.33855668,-0.47307828,-0.47465736,0.37598774,-0.08075278,-0.09565861,0.09295741,0.3018211,0.011133275,0.3799886,-0.20080316,0.11843857,-0.39307678,0.32444385,0.33763313,0.13009955,0.5107974,-0.011818529,0.15045989,-0.42993733,0.4245368,-0.19574541,-0.3086351,-0.070644796,0.01932149,0.06510854,-0.20085827,-0.23220074,-0.08241289,0.24327566,0.038532957,-0.35320157,0.27553847,-0.016072422,0.2877398,-0.058789037,0.36407927,-0.59715116,-0.6736013,0.2956907,-0.17304453,0.58371896,0.031456906,-0.18769212,0.29419157,0.19280115,-0.3939128,0.20586738,0.31329906,-0.17227004,0.29877537,-0.3341354,-0.22051579,0.3139191,-0.12618396,0.17413123,-0.06660894,0.13282102,-0.06646209,0.068609774
OAS1_0232,-0.6843222,-0.09163852,-0.17570084,-0.720236,-0.3803067,-0.077741876,0.9203111,0.5776788,-0.026458694,-0.5169264,0.4727522,0.371921,-0.20400771,0.08857941,-0.14258967,-0.21080832,0.6110389,0.5565493,0.53279495,0.25595194,0.18335678,-0.21193494,0.38517866,-0.05777421,-0.6416177,-0.34913054,0.35435542,0.47374225,0.39161038,-0.4372443,-0.39881155,-0.24750328,0.1734256,0.18885608,0.14641096,-0.20454757,0.42555863,0.1555193,-0.4295964,-0.01746773,0.21260466,0.06481231,-0.5984146,0.21551712,0.18244231,-0.310308,0.3472911,0.21918866,-0.22912192,-0.08913486,-0.21836407,0.15285836,-0.43643007,-0.23210014,0.70068854,0.26944885,-0.4947678,0.152221,0.1593089,0.6483919,-0.041326303,-0.30382332,0.24979764,-0.12466976,0.523341,0.555604,-0.54294395,-0.042025737,0.0013848281,0.012990864,0.34310007,0.06191232,-0.36392847,0.2773174,-0.28950015,0.44350058,0.5762242,0.16415991,-0.68573713,0.3454667,-0.7481153,0.5021053,0.18894897,0.22552356,-0.62888247,0.048086878,-0.5791796,0.5464718,-0.048532635,0.13306473,-0.24005438,0.38454863,-0.27499595,-0.1293551,-0.19070502,-0.12085511,-0.3350884,-0.18096577,-0.37940827,0.11912954,-0.2156771,0.323852,0.120800585,0.028462118,0.06684163,0.055315252,-0.38146403,0.26653078,-0.22098415,0.45539385
OAS1_0233,1.8451381,0.4769481,-0.6460641,0.0013786922,-1.0783813,-0.13245873,1.0658373,0.104188055,-0.5444135,-0.21080384,-0.3454057,0.79179674,0.45106092,0.48408687,-0.35223693,-0.589416,-0.05017034,0.25707763,0.24807929,-0.3865587,-0.13009574,-0.20767692,-0.061594352,-0.47021192,0.5655839,0.2213777,0.05021252,0.887837,-0.24739447,-0.6652499,-0.39904672,0.4905903,0.104399934,-0.13217992,0.6826924,0.42146236,-0.6619865,0.38137662,0.3060863,0.136315,0.70523405,0.14106727,0.13578361,-0.27675864,-0.40606466,-0.3449886,-0.54198176,-0.72766596,-0.26224953,-0.3066246,0.13085648,0.30404484,-0.3873098,-0.07638751,0.18669654,-0.66552186,-0.113341264,-0.078762,0.07550971,-0.16341002,-0.35209304,0.16300698,0.8236696,0.023556676,-0.17521027,0.026102612,0.3269372,-0.1579346,0.4205686,-0.33128944,0.15162387,0.60442233,-0.42791903,-0.28800613,-0.1676682,-0.19934282,-0.2070694,0.18623993,-0.06920567,-0.29025117,-0.14667155,-0.07587224,0.15350659,-0.29021826,-0.013091617,0.091912195,0.44445816,-0.4230094,0.14916867,0.29849958,-0.058919717,-0.12248342,-0.15956455,0.1543274,-0.16599387,-0.10703467,-0.29780117,0.2802506,-0.05421047,-0.18975629,-0.07577481,0.69647986,-0.40223137,-0.026383433,-0.06705896,-0.09112417,0.22574984,-0.14840023,-0.26434746,-0.02912004
OAS1_0234,0.747185,0.19603962,-0.057978936,-0.24298264,0.4168043,-0.031056326,0.91783893,-0.33281177,-0.0906834,-0.28668052,0.75171727,0.48810524,0.052400306,0.11287369,0.28442857,0.53597414,0.44476366,-0.53979623,0.19607913,-0.11094535,-0.9313165,-0.35816485,-0.3195224,0.026671479,-0.29382953,0.41638657,-0.27473354,0.1343827,0.07378036,-0.49307218,0.2512995,-0.13927637,-0.5867681,-0.52779216,-0.46376634,-0.39412877,-0.09865732,-0.09851328,-0.3541448,0.84572935,0.062318984,0.14014167,-0.15604508,-0.017579589,-0.15717067,0.013466179,0.16992067,-0.48449844,-0.0038005516,-0.47403583,-0.4938027,0.56384945,-0.4413678,-0.06420066,0.403405,-0.45752624,-0.59121174,-0.016363047,0.22226062,-0.351374,0.18924913,0.09750228,-0.15484372,-0.009858294,-0.37700814,-0.52517426,-0.3446298,-0.51496124,-0.4746398,-0.34779218,-0.14124078,0.043489292,0.34255123,-0.36138442,0.3755417,-0.24053302,-0.57202315,-0.1696352,-0.12354198,-0.05894782,0.3653834,-0.24086905,0.3521732,-0.38010502,-0.18680106,0.20246442,-0.16127238,0.19659682,0.3428151,-0.06659558,-0.3168439,0.01541645,0.26705834,0.07754024,0.117763445,-0.18901725,-0.03224897,-0.3617734,-0.3551733,0.068026625,-0.16629863,-0.0431135,0.32061043,0.04816655,-0.10032784,0.09127753,0.106988356,-0.011525211,0.20866461,-0.03877044
OAS1_0235,-0.4940685,-0.011291362,-0.030797713,-0.6274962,-0.7204449,-0.46260324,0.51967925,0.8286963,0.5720194,0.42180932,-0.57287216,0.15045679,-0.5184526,0.07366571,0.15433554,0.51122123,-0.13123854,0.6646708,-1.0539081,-0.3631649,-0.46269113,-0.06828513,0.6904978,0.8505458,0.37102717,1.0140784,0.28329864,-0.47227502,0.07040796,0.11098618,-0.07803484,-0.34344405,-0.31452805,-0.320575,0.36733523,0.50025165,-0.24328251,-0.22791971,0.49942952,-0.19421802,0.5371264,-0.086034395,0.092861384,0.2988638,0.62181437,0.14653853,-0.2523565,-0.19086507,-0.40241796,-0.413464,-0.048501983,-0.062227778,0.056313,-0.32450342,-0.6626818,-0.2286197,0.7773064,-0.11323682,-0.477215,0.16246402,0.15409583,0.14384623,0.33740604,-0.13950588,-0.20740701,-0.042037874,0.26947567,-0.045923106,0.079267114,-0.031071695,0.34664047,-0.9633968,0.38427287,-0.15606731,-0.43564793,0.43110567,-0.3986075,-0.079040095,-0.023085764,0.13198543,-0.21918017,0.18802279,-0.24617384,0.18856537,0.121352166,-0.16408715,0.11200033,0.17602105,-0.14410119,0.30737624,-0.2864576,-0.026503036,-0.21562667,-0.17794764,-0.47839218,-0.86723065,0.3417185,-0.17905903,0.001157407,-0.03300686,0.06498145,0.092370205,-0.31862757,0.31124413,-0.3210917,-0.02711985,0.078518264,0.074664004,0.18184018,0.32685232
OAS1_0236,-1.220308,-0.40612346,0.052138437,0.40694547,-0.046970148,0.5229021,-0.06909426,0.14677098,-0.42072335,0.71922255,-0.2871053,-0.15349594,-0.56386566,0.10654683,-0.8062798,0.1281461,-0.7285167,0.88983893,-0.40605357,-0.3569903,-0.6091963,-0.3735154,0.2731334,-0.61612076,0.29645312,-0.10478318,-0.18408132,0.17859994,-0.4610587,-0.122142114,-0.17335513,0.9174528,-0.6509965,0.33933446,-0.36438116,0.021581655,-0.18384002,-0.08378621,0.21969073,-0.016301405,0.021764603,-0.23902163,0.012420293,-0.5270905,-0.6726284,-0.026675472,-0.55778426,0.7335239,0.106213965,0.20334604,-0.15313838,0.51425964,-0.13915217,0.0059510632,0.15374537,0.34208426,0.40236777,0.19294226,0.5176414,-0.8276827,-0.46420223,-0.48554432,-0.168489,-0.16223799,-0.06711177,-0.38489813,-0.006203852,0.2090635,-0.43765613,0.1550438,0.07290594,-0.6670041,0.2655116,0.28574952,-0.038693544,-0.2031331,-0.6384323,0.15724444,0.005774066,0.34368673,0.15419425,-0.11166071,-0.114826225,0.36957002,0.12687998,0.439998,-0.083784126,-0.014521426,-0.19963959,0.23838405,-0.24607584,0.05621858,0.29411644,0.32503352,0.0800605,0.25932303,-0.57959324,0.5175064,-0.17019394,0.018162834,0.10881226,-0.2154661,0.04501914,-0.13993502,-0.022560205,0.08400478,-0.20116827,-0.14791986,-0.17311493,0.17014009
OAS1_0237,0.27575034,0.9837884,-0.5981309,0.3072767,0.83808786,0.4220204,-0.1362672,0.6525978,-0.21672629,0.54452634,-0.08969916,0.6609413,0.5136788,0.139687,0.68204486,0.35275787,-0.4048567,0.628292,-0.188408,0.7317129,0.5701581,-0.59848857,-0.1713781,-0.23379172,0.49537534,0.25482526,-0.5484349,0.11085196,1.4571846,-0.560749,0.5348492,0.80103624,0.0797726,-0.24615933,0.18682897,0.3000573,-0.4443996,-0.061050404,0.5597031,0.3083801,0.4550153,-0.35588118,0.18540202,0.31024835,-0.097225316,0.38400438,-0.24643767,0.20614657,-0.30823648,-0.5333155,0.28624895,-0.29496804,0.48161486,0.12249354,-0.026590595,-0.02070043,0.06444173,-0.40008876,-0.5966509,-0.092410356,0.2975102,0.029583205,-0.03202893,0.061715078,0.050709564,0.482769,0.16554292,0.2484609,-0.47301814,0.279855,-0.59857726,0.21891162,-0.2971059,-0.17624566,0.17933743,-0.09070928,0.2222807,-0.6265525,-0.39594173,-0.034931093,-0.020574434,-0.1539266,-0.018162206,-0.26732323,0.07741053,-0.038780745,-0.88928986,-0.72943884,-0.29735956,-0.1263037,0.720817,-0.031616773,-0.18967475,-0.0787072,0.7393963,0.005323615,-0.0038851495,0.07940555,-0.35940883,0.27947462,-0.18440859,-0.24027844,0.51059926,-0.59994984,-0.24279293,-0.2201645,-0.0019852654,-0.25252566,0.27500087,-0.012757527
OAS1_0238,0.29931602,-0.33445916,-0.5566746,0.34397414,-1.0859149,-0.15118265,0.46315306,-0.27768826,-0.24637534,0.1109483,-0.5904769,-0.90792096,0.8601692,-0.15950824,0.18778323,0.61028266,0.26393995,-0.12489626,-0.61660063,0.24398379,0.8412976,0.24369098,-0.07284271,1.1649145,0.35607028,-0.08564579,-0.0531573,0.010094099,0.02600594,-0.034426477,-0.73857766,0.09194397,-0.025107488,0.1479739,-0.46907046,-0.2919377,-0.17680094,0.69385815,-0.10539767,-0.16173202,0.0066170343,0.20492724,0.34384942,-0.13989328,-0.57799464,0.58310986,-0.2630584,-0.09547171,-0.3404409,-0.3732015,-0.20366897,0.092971794,-0.28756064,-0.15306178,-0.1733299,0.51440865,0.06744862,0.7133493,0.36391643,-0.16890615,0.31438386,0.5407935,-0.32338396,0.6236848,-0.03859393,0.09009287,-0.043588586,0.030466536,-0.119235784,0.48161462,-0.061986893,0.30503505,0.15431044,0.29831663,0.12404424,-0.4032853,-0.037287306,-0.46885106,-0.123264804,-0.0009787353,-0.62409633,-0.18168099,-0.006254807,0.4330006,-0.09436394,0.20113163,0.04670588,-0.5267658,-0.17348523,0.11502709,0.33863676,-0.38750944,0.11357087,-0.075601295,0.17475115,0.2149448,-0.35353532,-0.36643642,0.004322805,0.329963,-0.29663542,0.33271563,-0.13878447,-0.3103982,0.37822524,0.19598716,0.24293967,-0.49392453,0.20367084,0.056184806
OAS1_0239,-0.41779637,-0.30676454,0.66538817,-0.39536098,-0.42707124,1.0166525,-0.3750523,-0.24566893,-0.44312784,-0.09159922,0.2182848,0.40757206,-0.2536051,-0.4039836,0.034450185,0.5167807,0.5232792,-0.54925334,0.039779164,-0.7242216,-0.41066253,0.11302847,0.4897584,0.11659012,0.29912916,-0.021053279,-0.017474668,-0.22314227,0.37293077,0.19142035,0.33050674,0.58773756,0.14067273,-0.43935984,-0.08747453,-0.63819176,0.48338014,-0.44765106,0.2210164,-0.025420846,0.6155001,-0.17624259,0.41377053,0.19949901,-0.15932153,-0.577989,0.16905041,0.15477145,0.13186106,0.44683358,-0.30416507,0.2640385,-0.24445441,-0.10427566,0.7156275,0.071396686,-0.18319799,0.48122323,0.039310366,-0.5315218,0.9873083,0.096684605,0.26022074,0.17154376,-0.5479416,-0.00013505635,-0.18169057,0.02843427,0.5408006,-0.2862098,0.5488905,-0.56001776,0.17191924,0.81990373,-0.36349422,0.16213587,0.2901237,-0.53749347,-0.014319076,0.00560108,-0.07953645,0.23731902,0.15384445,0.41801074,-0.42598537,0.0749264,0.021277467,0.27951354,0.2204762,0.2149256,-0.38595453,0.45935172,-0.140248,-0.28564236,0.34307018,0.12859523,0.035244238,0.28986838,-0.084912345,0.13521141,-0.3077353,0.18419272,0.047962032,-0.11024067,0.21366614,0.20031826,0.09937074,-0.50239056,-0.23513919,-0.219207
OAS1_0240,-0.31440717,0.8494373,0.29641902,0.6519176,-0.07972507,-0.54861605,0.35677204,-0.53051364,-0.032168835,0.35515013,-0.06740373,-0.89128584,0.78118825,-0.034201417,-0.38731804,-0.1322269,0.60993093,0.0014438371,-0.51672894,-0.17545463,-0.86148685,-0.57073236,0.2700533,0.62607336,0.066760294,-0.6969316,0.004300415,0.42029095,0.5422867,-0.3151877,0.034221657,0.116178624,0.38946593,-0.65110785,0.2304806,0.22197513,0.84466785,-0.2095649,-0.12881397,-0.14009976,-0.5745687,0.09263338,0.5417089,0.29520294,-0.14422281,-0.04276577,0.481004,0.43496084,0.69046396,-0.3224975,-0.18236108,-0.6545218,-0.06651201,0.54094076,0.24193148,0.5131814,0.46222478,-0.2410039,-0.2386828,0.056149036,-0.22724074,0.0062289615,0.17746298,-0.35796073,0.30354726,0.35333037,0.52044004,0.021823728,0.20310515,0.01725264,-0.06603457,0.23978935,0.31071806,-0.3694712,-0.009725442,-0.029157367,-0.07580755,-0.016748229,-0.16810912,-0.25549775,0.043880798,-0.24642994,0.00084467843,-0.2456101,-0.3200945,0.14559367,0.43351364,-0.0157179,-0.060868118,-0.7157823,0.6439561,-0.16204979,0.17468128,-0.06380931,-0.10598227,0.20250654,0.20599285,0.1714147,0.33144313,-0.38306603,-0.13237509,0.44352582,-0.069102585,-0.21970902,-0.28840467,0.5243419,0.22519487,0.17660777,0.34589845,0.13135135
OAS1_0241,-0.11100611,0.5152023,-0.57330763,-0.6501998,-0.35720542,-0.20928894,-0.048900228,0.19879717,0.53439564,-0.13217999,0.10040857,-0.33525887,0.1751734,0.39249083,-0.26863435,-0.052492164,0.78762674,0.6607936,-0.3010126,0.8825749,0.37903962,-0.29772604,-0.067536995,0.21193242,0.41053426,-0.104243934,-1.1741496,0.0022997716,0.27812368,-0.14098062,0.397077,-0.18839018,-0.29755795,0.5622495,-0.26016933,-0.14409146,-0.051217202,0.4630099,0.16875622,-0.3766174,-0.27100682,-0.19710551,-0.728589,-0.5429817,-0.45748547,0.12521845,-0.3905157,-0.26942044,-0.25650868,0.40534508,-0.015313547,0.15742433,0.16728975,0.046282724,0.031827662,-0.47094616,-0.24710414,0.2566377,-0.7887884,-0.45067754,-0.33675295,-0.5069418,0.5822467,-0.29026657,0.02121451,-0.20360817,0.42301014,0.6059275,0.18223727,-0.35430825,1.2073512,0.38213027,0.07212477,-0.23791638,-0.11344101,-0.2681472,-0.26293722,0.07703712,0.068876214,0.24689385,-0.25878683,-0.17218311,-0.056258585,-0.07152172,0.4061783,-0.27260464,0.468585,0.40993872,0.03556284,-0.20147417,0.0025199966,-0.21897252,0.48723826,-0.26246545,0.040479127,0.41957742,0.17612392,0.26451004,-0.40754476,0.15680325,0.14796832,-0.40783012,-0.04227789,-0.11293372,0.017613057,-0.037031848,0.19872177,-0.46663925,0.142896,-0.39124143
OAS1_0243,-0.0026071963,-0.05941065,0.51191837,0.0026882582,0.6225789,0.08228061,0.043328274,0.66389835,-0.030645078,0.14722812,-0.54855424,-0.70856375,-0.47864226,-1.0944556,-0.17592624,-0.168352,-0.08243979,-0.26004496,0.13046853,-0.6082181,0.14275664,-0.5075554,0.21628316,-0.61878866,-0.10536452,-0.7036872,0.33549875,0.50212663,0.44399852,0.14006022,-0.14141239,-0.296886,0.13692833,0.06099362,-0.41046128,-0.17654718,-0.037855607,-0.40864864,-0.25884977,-0.2142489,0.616382,0.5376783,0.6730062,0.7238399,0.6950775,-0.23555209,0.4958237,-0.053883042,-0.85906345,-0.70565313,0.30077466,-0.29981267,-0.033803754,-0.24602419,-0.2745146,-0.22340621,0.01821462,-0.034038477,-0.15666687,-0.40152335,0.008259605,-0.45635185,0.2606035,-0.010763024,1.1192344,-0.036450077,-0.84054667,-0.17654693,-0.29663697,0.27014953,0.4128543,-0.09909775,0.0722314,-0.22832566,-0.20322038,0.12593277,-0.5159914,0.20447333,0.23733422,0.30724913,-0.26487288,0.006773763,-0.19291726,0.02476418,-0.16828437,-0.05756024,0.4527587,0.077024974,-0.037691988,0.1477096,-0.17400824,0.21689093,0.17231639,-0.51977915,-0.15880308,0.0813991,-0.17798488,0.04283654,0.22200961,0.077160224,-0.34160602,0.34986696,0.19145082,-0.31540096,-0.33292884,0.6499276,-0.16301334,0.123800926,-0.0533456,-0.030648645
OAS1_0244,1.2180518,0.23914358,-1.0993083,-0.002712166,-0.63092244,-0.18907994,-0.06213613,-0.5195947,-0.425856,0.1454166,0.3528243,-0.082262106,0.61948454,0.031804483,0.13576077,-0.057311088,-0.8112307,0.01871332,-0.20378284,-0.1473474,0.38716266,0.65868175,0.7909087,0.516188,0.2562241,0.13458535,-0.70545924,-0.25434524,0.1548552,-0.11615163,-0.093694866,0.36846548,0.34720358,0.34223688,0.23171456,-0.14974163,0.316978,-0.6976214,-0.45927233,-0.36315998,0.002974084,0.12291262,0.3419984,0.18834117,-0.08594325,0.13424423,0.34585872,0.16407858,0.23320769,-0.3624174,-0.66930425,0.096051745,-0.82325286,-0.15791652,-0.23063532,0.103448145,-0.06521772,0.6316886,-0.15151173,-0.11064304,0.10614386,0.12874892,-0.124457955,0.1369274,0.43886352,-0.29025012,0.4030559,-0.34899932,0.41806787,0.19477682,-0.28488436,-0.2657901,0.8587311,-0.1822417,-0.17179096,0.057708487,0.5336115,0.005354786,-0.47434187,0.62786114,-0.20795742,-0.1526286,0.056234002,-0.08009349,-0.1404042,-0.14878221,0.008070386,0.09238031,0.2150688,0.117741644,-0.10519882,-0.10677219,0.2609187,-0.31256276,-0.018938422,0.052483153,-0.29789022,-0.0038421075,-0.038004067,-0.23653962,-0.17988703,0.38423115,-0.5772105,0.13147426,0.01583294,-0.28491884,0.24937423,-0.10588316,-0.3238643,0.30153024
OAS1_0246,-1.2441878,-0.15354262,0.23983653,-0.14378045,-0.38805532,-0.3707664,-0.51900345,0.21759093,0.21154274,0.66837704,0.2562069,0.4497047,0.2195191,0.69935846,0.27152023,-0.016311795,0.32317957,-0.1729946,-0.46842617,-0.3010376,0.23461547,0.074397355,0.020783568,-0.0030277097,-0.5970827,0.29695854,-0.44744313,-0.8378847,-0.2173336,-0.3912827,0.28112158,-0.09143804,0.63728553,0.23542564,0.34218982,-0.37288395,-0.22887813,0.54645795,-0.2984126,0.31006098,0.05923475,-0.49166426,-0.37392235,-0.15432437,0.50970185,-0.28183386,-0.40582207,0.22854649,0.2159962,-0.03934524,-0.41624266,0.27222115,-0.05129624,-0.23388599,-0.1689632,-0.46588016,0.45636666,-0.09534322,-0.57773554,0.12025585,0.035060424,0.39632875,-0.18002859,0.23748039,0.015005102,0.24571371,0.64900523,-0.45331907,-0.5795407,-0.13168074,0.24050072,0.03365125,0.11916265,0.018570935,-0.13080479,-0.44651023,-0.081997834,0.09043354,0.007227215,-0.17394112,-0.50494105,-0.2980275,-0.21148925,0.39646676,0.068660244,0.1671542,0.20510884,-0.10965246,-0.20026088,0.33773875,-0.04221472,-0.34400603,0.008616536,-0.0020823346,0.22957222,-0.28322554,-0.044262506,0.30387357,-0.14947337,0.09138685,-0.1806947,0.01388111,0.0011493202,0.06568009,0.32408583,-0.01877833,-0.33465755,0.27089915,-0.15571956,-0.14251179
OAS1_0247,1.888866,-0.15485145,-0.65639824,0.5955937,0.26161918,0.44324076,0.5066957,-0.29053926,-0.23319688,0.2987007,-0.0713026,-0.66021687,-0.28818733,0.9766211,-0.036348674,-0.57733303,0.46920425,-0.32259417,-0.33882275,0.0054046423,0.3756262,-0.68619287,-0.33312225,-0.16296446,0.059120867,0.031283814,0.37559417,0.3727129,-0.35445827,-0.25117788,-0.106131434,-0.3687029,0.012990118,-0.26031187,-0.41039902,0.55495435,0.4849556,0.061592944,-0.5379814,-0.39849985,0.48562747,0.4069779,-0.36388922,-0.42068052,-0.18727267,-0.098902814,0.009752549,-0.206809,0.008261944,0.15932076,0.09260505,0.38526312,0.33882913,0.19185019,-0.019822935,0.33983216,-0.20341316,0.39121804,-0.6545375,0.11361622,-0.4346282,0.05206221,-0.14875029,0.1831732,-0.7800443,0.2904729,-0.12167764,0.0528999,0.581639,0.6169222,0.2827128,-0.028276406,-0.23841919,0.579051,0.08961959,0.15414591,0.07943928,0.18975002,-0.10265988,0.19157101,-0.20470636,0.29930952,0.3962091,0.017750414,0.1615537,-0.038809378,0.07341018,0.015787402,0.27095023,-0.16926605,-0.1739892,0.5193148,-0.20676324,0.4871192,0.12140144,-0.1884304,0.3543047,0.28230116,-0.0045039845,-0.38320306,0.14639804,-0.0076130787,-0.26020607,-0.11280346,0.056569148,0.6074446,-0.08105542,0.13391595,-0.2003441,0.0948275
OAS1_0249,-1.1060226,-0.3134526,-0.44012043,-0.9461602,-0.09124571,-0.917532,-1.4527645,-0.6351823,-0.34698164,0.20713632,-0.17084199,-0.26570657,-0.18817487,0.15073699,0.25125617,0.2919846,-0.6914191,1.1616296,0.31260726,-0.5589678,0.04443968,-0.20171233,-0.26597244,-0.13101698,0.47165042,-0.1688519,0.36307073,-0.11051156,-0.47698158,-0.25492495,0.074105434,0.36426964,0.10668305,-0.30700442,-0.13361938,-0.05358076,0.6113573,0.1921065,0.36366925,0.039719973,-0.22973096,0.12849441,-0.33030644,0.050732635,-0.24704258,0.8806695,0.17975761,0.51745164,0.23503444,-0.08527651,-0.11139557,-0.57255733,0.25689098,0.39738843,0.4999419,-0.24363314,-0.17818557,0.17632297,0.22180755,0.19039504,-0.10252944,0.068255566,0.4938691,0.23134816,0.4468863,-0.1910453,0.061396178,-0.19659698,0.3525398,0.16620249,0.095613234,0.6769809,0.15885045,-0.07604384,-0.091274016,-0.2782577,0.09027771,0.14986785,-0.10304366,-0.13424622,-0.023134993,0.22728395,-0.038637888,0.25754043,0.14199965,0.35252404,0.1902928,0.036693398,-0.034458738,0.7838273,-0.42238724,0.23417184,-0.15170328,0.4231996,-0.053178266,-0.13835888,0.100184724,-0.0068923226,0.37139586,0.37322542,-0.10461517,0.047766287,0.30252364,-0.03971759,0.15390947,-0.046542656,0.063271925,0.20000495,-0.47599444,0.09188715
OAS1_0250,-0.5724061,0.68126416,-0.03381206,0.62020075,0.52647555,0.60661966,-0.4533294,-0.1497135,0.89539933,-0.00030640146,0.5615876,0.22662137,0.48039755,0.18089928,0.2606566,0.41730875,-0.6727547,-0.1314591,0.16127482,0.20064604,0.08496618,-0.22980097,0.51617044,0.03808066,-0.34139675,0.10216496,-0.39002526,0.44837928,0.19804387,0.51716495,-0.17888108,-0.22155955,0.19876194,-0.54383737,-0.22863828,0.03232947,-0.24325168,0.22279124,-0.034962676,-0.072306916,0.06647447,0.56430364,0.14620695,-0.03847136,-0.57561255,-0.20704675,-0.120608956,0.464833,-0.020875914,0.15550862,-0.31989983,-0.04966583,0.41038206,-0.05150649,-0.52992475,0.45463437,-0.30654836,0.20368068,0.19033195,0.17788248,0.686478,-0.18801644,0.24597378,0.08914444,-0.22985357,-0.44601014,-0.063632786,0.3465915,0.1700835,0.2697468,-0.11620847,-0.10681668,0.32088736,-0.44501814,0.26235032,-0.22578934,-0.30169192,0.2080808,-0.31942248,0.089637674,0.14540893,-0.27293968,-0.13934149,-0.25005704,0.040227287,-0.014064882,-0.5973403,0.0042704116,-0.07042409,0.028803859,0.3284877,0.041910402,-0.09828613,0.047950465,-0.11295279,-0.61379343,-0.35191187,0.2554667,-0.020099727,-0.28340864,0.16020413,-0.16193528,0.11352555,0.2417657,0.17132495,-0.16976649,-0.6281045,0.2262945,-0.009367159,-0.1695581
OAS1_0253,-0.94576335,0.16558704,-0.08039625,-0.2027797,0.20497933,0.46926093,-0.09202036,-0.1648977,-0.4968094,-0.546129,0.65265816,0.65938455,-0.24067596,-0.21770427,-0.08341801,0.43846664,0.39243546,0.02070957,0.3910935,0.6217533,0.9336603,0.13588981,0.063365996,0.868547,0.2528256,-0.6231167,-0.56981,-0.4153739,-0.12150944,-0.18206704,-0.52485925,-0.43081623,-0.34963492,-0.2563992,0.17151211,0.36239478,0.45639026,0.30990234,-0.17569467,0.1302593,0.15494134,-0.5626747,-0.1113774,0.657648,0.4701673,0.11360864,-0.44438615,0.5513582,0.03286199,0.14498194,0.46967655,-0.16633703,0.40143904,0.15400314,0.42876306,-0.10810703,-0.5855578,-0.58812,-0.23005742,0.31235793,-0.22626933,0.16540045,-0.10543489,0.16811167,-0.36908638,0.35082522,0.1710946,0.05527514,-0.22381952,-0.31557706,-0.02040731,0.33117685,0.61681175,-0.32564625,0.036934584,-0.30539623,0.14451213,0.122342885,0.08181778,-0.20425645,-0.08171118,-0.09854817,-0.09352082,0.0017858158,-0.7206752,-0.071286134,0.1253593,-0.21196303,-0.17669047,0.40088367,-0.163585,-0.29657894,-0.21295662,0.51963544,-0.3410701,-0.024030032,-0.16603462,-0.16394606,-0.35550398,-0.36795714,0.11686156,0.040279653,0.22355846,0.104907356,-0.2472035,0.06460896,0.18130006,0.2453787,0.161405,0.328098
OAS1_0254,1.5553231,0.35445547,0.71748203,0.063378066,-0.5079611,0.19432688,0.22642455,0.79982877,0.8076145,-0.0082354415,-0.06288374,-0.48453882,0.41152596,0.090528786,-0.2506129,-0.15793397,0.024824865,-0.027904116,0.20516181,-0.5970161,0.91814107,-0.5601139,-0.28188518,0.11098781,-0.279548,0.49569044,0.04185427,0.36598778,0.09655077,-0.9948593,0.15173903,1.075648,0.20761852,-0.52484787,-0.13842231,0.12408231,-0.17438295,-0.4082189,-0.08933844,0.1287931,0.36759484,-0.04928647,-0.47983402,-0.25250602,0.09806682,0.26252577,0.14354984,-0.1879485,-0.043701343,0.1045485,0.3726375,-0.6052469,-0.36549544,0.1308766,-0.056960728,-0.38815194,0.06289296,-0.03407609,-0.14133993,0.035507042,0.56113905,-0.6356343,0.13041945,0.52432024,-0.13835858,-0.31830233,-0.15734728,0.20398071,-0.6269518,0.05077072,-0.3683644,-0.13982879,0.18902677,0.15836954,-0.07499071,0.7909061,-0.144948,-0.23126332,-0.14835057,0.522328,-0.33951595,0.027442604,-0.68100506,0.33680886,0.2517182,-0.108292826,-0.18216583,0.037785344,-0.17720163,-0.014388593,0.0029902842,0.2989489,0.12096822,0.24991843,-0.1801388,0.17423008,0.6752563,0.36242306,-0.5637217,-0.00032546828,0.08087436,0.11531399,0.18384778,0.11965092,-0.22674902,-0.28208268,0.122610524,-0.17250727,0.21475811,-0.03730149
OAS1_0255,1.3635991,0.17642127,-0.15342246,0.626694,0.5447759,-0.15941364,-1.2816664,-0.05895412,0.38715294,0.64006174,0.06868487,0.82250345,0.08846797,-0.16317001,-0.57463783,-0.6175521,0.06681542,-0.08912032,0.38887593,0.5021165,-1.0257946,1.418343,-0.13407487,-0.7506917,0.5891966,-0.28984123,-0.19091642,-0.21157038,0.75709087,-0.62222,-0.5148939,-0.45304775,0.1521823,0.37199238,0.16960107,0.029013216,0.23926187,-0.20334971,0.05228617,0.2048062,0.04232471,0.35417145,0.03620769,0.44938728,-0.106411844,0.51729536,0.3318522,-0.29505217,-0.40022546,0.062510446,-0.03367373,0.14199585,-0.36015794,-0.48316956,-0.2961986,0.2836269,-0.09435051,-0.2740792,-0.5097024,-7.9342564e-05,-0.4025909,-0.50218964,0.70199776,-0.031126233,-0.49433896,-0.27238983,0.5155116,0.303771,0.07178922,-0.37352532,-0.32015732,-0.3335715,-0.20732836,-0.37744275,-0.04536698,-0.25874957,-0.07386162,0.1749573,0.61644304,-0.41315147,-0.08833618,-0.23360012,-0.19826822,-0.30182326,0.1363802,0.51187825,-0.47631955,-0.17657155,0.36711994,-0.013794541,-0.055780802,-0.027840773,-0.32906535,0.11542638,0.20730197,-0.011314185,-0.07462774,-0.22381899,-0.34934676,0.18184498,0.19534513,0.271744,-0.07001611,-0.15333845,0.16927588,0.26060858,0.16485895,0.4737035,-0.2873806,0.28727567
OAS1_0256,1.3466481,0.4345754,0.20294328,0.2229246,-0.1428731,0.5238006,-0.6358804,0.028833022,0.32145655,-1.0497075,-0.29335293,-0.012870332,-0.19617377,0.0024895612,-0.101879016,-0.34134114,-0.019023687,0.17173491,-0.23538376,-0.41544396,0.23458827,-1.0012165,-0.23802166,-0.36965632,0.4494999,0.14786403,-0.35064587,0.19587547,-0.16345386,0.0308072,0.34196475,-0.16713378,-0.0032223442,0.39524412,0.018327871,0.32464445,-0.09973251,-0.26691306,-0.27929154,0.85325617,0.23411761,-0.03886278,0.030779636,0.61862284,-0.47828105,-0.5323216,-0.5387713,0.19928846,0.25842157,0.12293356,0.009180971,-0.554076,-0.032264497,0.065956645,0.46031797,-0.1074927,0.35023752,0.06079754,0.069198035,0.326462,-0.07382883,0.026324717,-0.3606555,0.32501194,0.39525402,-0.22581738,0.24612406,0.3575339,0.105325386,0.16674824,-0.04349662,-0.26564693,0.08923953,0.032778285,-0.23813078,0.2711863,0.4098041,0.08995698,-0.6523018,-0.08443469,-0.065425545,-0.17736824,0.31628194,0.20863348,-0.039707858,0.45968592,-0.21238633,-0.38813588,-0.20075491,0.20705548,0.015660299,0.0036172476,-0.27811617,-0.008586542,-0.1690861,0.18759704,-0.20477024,0.16279483,0.2909633,-0.08787148,-0.2288696,0.24063724,-0.3306999,0.1252928,-0.2672652,0.16319655,0.0011644964,0.11409452,-0.3545702,0.2645064
OAS1_0258,-1.2122777,-0.0077769877,1.1007282,-0.49735948,-0.1010608,0.06302595,-0.3433436,0.8472457,0.11873168,0.69615227,0.059913002,0.0011255079,-0.009210838,0.5483359,-0.29907936,0.27137315,-0.3827812,-0.33138135,-1.1524552,0.18316571,0.2519107,-0.18092555,-0.1085259,-0.12998189,0.04696604,0.30041495,0.58724964,-0.09722818,-0.28834382,-0.40392667,0.16967732,0.18056904,-0.46751136,-0.20972003,-0.12111586,0.004089162,0.15360527,0.00834899,0.17312439,-0.1923872,-0.093925744,0.025506817,0.062301725,0.7312812,0.4892385,-0.17943071,-0.22861157,0.16499129,0.2635201,-0.11079255,-0.052526318,0.53037405,-0.5163344,0.18600512,-0.29852447,-0.07322205,0.41342917,-0.1658102,-0.15020032,0.26819676,0.43060923,0.27142364,0.2055963,-0.07822275,-0.016435599,0.05915018,-0.7008297,-0.3855045,-0.36712942,-0.07566521,-0.11752564,0.38749808,-0.24343546,-0.54102314,0.44642088,0.3750625,0.33871678,-0.44075862,0.1385657,0.07214155,0.2921778,-0.18700187,0.17621061,0.13140427,0.012919613,0.14206602,-0.55803204,-0.39682326,0.52498245,-0.15257148,-0.07569036,-0.532112,0.29025042,0.41172022,-0.5505502,0.285365,0.14340632,-0.051898737,-0.57669824,-0.027299821,-0.022565676,0.054319166,0.2689493,0.42341366,-0.32539544,-0.18057291,0.13842927,-0.24820594,-0.1933899,0.31395733
OAS1_0259,0.23694484,0.5609663,0.5037435,-0.29401332,0.2338677,0.92385364,-0.27184182,0.08308299,0.47806993,0.19570313,0.35444665,-0.38121203,-0.27443066,-0.2179367,0.0401375,-0.36513618,0.0061183497,-0.22597946,0.43955657,-0.08552579,0.021394188,0.084401384,-0.9918244,0.4863533,0.60528964,0.02183899,-0.1874058,-0.51752996,-0.119339965,0.21972616,-0.069293074,-0.113697216,0.5151938,0.19747962,-0.42453015,0.23799503,-0.66974163,0.2758855,0.2228763,-0.09812337,-0.49285883,-0.25445136,-0.75422823,-0.37326458,0.8612516,0.48699835,-0.064126275,-0.07353488,0.2993763,-0.5862437,0.26005444,-0.1252635,-0.17580691,0.009662354,0.49489003,-0.44527692,0.63165426,0.02040044,0.31095633,0.10689064,0.08830403,-0.49924484,-0.03558206,0.15894142,-0.082836695,0.043617383,0.3398251,-0.12698954,0.07759488,0.21874836,0.26167843,0.27994612,-0.056119353,0.008511072,-0.6310996,0.107104026,0.0229738,-0.11448282,-0.0002357241,0.038736105,0.092900194,-0.3383205,-0.09977168,-0.3312714,-0.2996244,0.3438937,0.022480423,0.6705975,-0.16350955,-0.22344686,-0.13495095,0.06876001,0.34915832,0.14513452,0.63032734,-0.11233362,-0.038307473,-0.39547214,-0.18284826,-0.33285257,0.052438818,-0.06522549,-0.12043455,-0.024594143,-0.18724884,0.3378726,-0.64458567,0.23372455,-0.30528966,0.24319947
OAS1_0260,2.018019,-1.2765573,0.053949833,0.2602875,1.1776153,0.5593849,-0.20130621,0.2098036,-0.7231638,0.14740793,0.1950447,-1.1501076,-0.1844945,0.46326098,0.10258016,-0.17425536,-1.0774527,0.34758008,0.24580508,-0.008650092,0.4917386,-0.14817733,-0.2260444,-0.068502545,0.21714547,-0.14653687,-0.7831435,0.39447576,0.33815894,-0.84409094,-0.060513925,-0.2802835,-0.31859142,-0.41492802,0.016580515,-0.26274797,0.19793455,0.20002931,-0.6320065,0.2811286,-0.14249673,-0.0691783,-0.0725429,-0.12160053,0.28841844,0.20348443,-0.7752307,0.038645748,0.445996,-0.40562725,0.19583149,0.24636939,0.21348032,-0.007036942,0.7110221,0.20185383,-0.15994339,0.016707808,-0.4412135,0.09718141,0.254724,0.36644003,0.4391501,-0.13647778,-0.023549538,-0.20033547,-0.04743761,-0.3344378,0.119183354,0.070661284,0.2308918,0.030148908,0.17102797,-0.39083052,-0.080630325,-0.2849788,0.48511532,0.28825,-0.04807487,-0.23463942,-0.25106493,0.15979593,-0.27513435,-0.71706593,-0.10464437,0.29618028,-0.077346854,0.2650684,-0.3031748,-0.017169371,-0.68419695,-0.3759535,0.3906578,0.233279,0.20602465,-0.057583828,-0.14167845,0.35391828,-0.093431674,-0.10597026,0.12826487,0.1694679,0.47268274,-0.11698951,0.19753653,0.24044342,-0.16731165,-0.1309801,0.119211465,-0.009973839
OAS1_0261,-1.0152655,-0.40832648,0.5100568,0.19178021,0.18782094,-0.5318965,-0.42007,-0.42896268,-0.31519693,-0.7631183,-0.58246154,0.5960379,0.21521732,-0.07566172,0.12774599,-0.59388614,-1.0055697,-0.1235082,0.11539535,-0.098960884,0.2101442,-0.70135367,0.020049343,-0.44002524,0.2031602,0.36726803,0.13864759,0.11371589,-0.38156924,-0.17321412,0.31530753,0.25301722,-0.49007902,-0.5764416,-0.59635353,0.27161562,-0.0070485948,0.0666557,0.5337223,-0.18007094,0.11731438,0.17195284,-0.08055313,0.03585631,-0.079699345,0.048694644,-0.07307699,-0.022932794,-0.40120766,-0.11269334,-0.14568044,0.5584546,-0.2802092,0.15124366,0.14832027,0.8391578,0.110112384,-0.46862274,0.23915266,0.2172892,-0.17246322,-0.89256537,-0.20730886,0.30215153,0.21524936,-0.5249915,0.088035345,-0.20343947,0.3144058,0.014369229,-0.42245266,-0.06250219,0.4828204,-0.47326845,0.23841943,-0.3393907,0.029544862,-0.4696755,-0.023607759,-0.10557629,-0.15631925,-0.16129465,0.24442099,-0.04233823,0.066793844,-0.044703204,0.20158266,-0.4106772,-0.011275789,-0.5880519,0.16069369,0.50383246,-0.44634947,-0.21513918,-0.5479846,0.19595443,-0.20563309,0.42246842,0.041365784,0.20127273,-0.6509703,-0.26951638,0.51644325,-0.15107845,0.023623478,0.3669221,0.10956986,-0.16499239,-0.6267304,-0.37460923
OAS1_0262,0.10585581,0.5366545,-0.55724025,-0.91900337,-0.05808661,-0.5906598,-0.050976135,1.0379232,-0.34211773,-0.517299,0.07096981,-0.47895873,-0.06068863,0.2648952,-0.010798437,0.44703206,0.19653434,-0.047171466,0.1448509,0.13524656,-0.14550546,-0.7281095,-0.10681473,0.32743287,-0.18219979,-0.22253947,0.38564852,0.8648541,0.49115866,0.18642622,-0.28368548,-0.46240196,0.58238286,0.35606265,-0.028362857,-0.15005782,0.36596498,0.25324932,-0.037352696,-0.010465891,-0.1653336,-0.07865216,0.49715632,-0.08979076,-0.014430094,0.15335424,-0.17127249,-0.49193692,-0.0040036626,0.34767705,0.61506784,0.24065474,0.60997933,-0.17259066,-0.16126178,0.41356164,0.22245118,-0.07242094,0.007390843,0.7689873,-0.43542814,-0.35891527,0.101175725,-0.06706251,-0.42905086,0.36372614,0.25633433,0.36349437,0.21251814,-0.056378394,-0.19720657,0.20211032,-0.23612174,0.44253305,-0.15267529,0.13629806,0.2306124,-0.3558472,-0.36776486,-0.03800367,-0.16097693,0.011644803,0.47222802,-0.029435147,-0.16701588,-0.0654516,0.552922,0.027968086,0.075149655,0.6562506,-0.34087282,-0.16761,-0.07306549,0.062065117,-0.093471505,0.29370046,-0.15178193,0.8927316,-0.48908055,0.21534143,0.18796977,0.09838863,-0.12755643,-0.14251119,-0.11294186,-0.011253538,0.13452442,0.077874556,0.33611715,-0.21637072
OAS1_0263,1.3760291,-0.25885,-0.076531924,-0.8604679,-0.33343738,-0.52335554,0.44181755,0.8242968,-0.02349407,-0.76101995,-0.6260637,-0.068080194,0.0590124,1.0819415,0.13828778,-0.22058466,-0.2140631,0.300251,-0.1891164,-0.069094494,-0.25110686,0.2784461,0.016948052,-0.14408138,0.4739129,0.2174021,-0.051793993,-0.41692472,0.58967197,-0.29541835,-0.23597454,0.2730744,0.09797707,-0.71314496,-0.16357234,-0.3084401,-0.17513253,0.05056472,-0.66401637,0.13040717,-0.017475728,-0.2519324,0.15283391,-0.42758256,-0.07668473,0.20904103,0.66597134,-0.28044537,0.5007429,-0.20758209,-0.15032163,0.027181525,0.6376581,0.21099614,0.46466875,0.7044362,-0.14048953,0.18740043,-0.38735586,-0.31780586,0.5362251,0.20891227,-0.07642765,0.077494964,0.15011671,-0.17596422,-0.4326164,-0.45144397,-0.39503196,-0.40067217,0.6024759,0.38298005,0.012602299,-0.23422119,-0.11239958,-0.94452447,-0.34090453,0.094660565,0.6514321,-0.32158995,0.18975177,-0.08147139,0.22073561,-0.27269953,-0.41905218,0.22204345,0.30520937,0.01872399,-0.29165405,0.3369279,0.2511746,-0.08402671,-0.43046764,-0.3890849,0.1427005,0.03790706,-0.015589557,-0.22874516,0.12897348,-0.16688365,0.4353476,-0.35809237,0.23754425,-0.36024722,-0.026837798,-0.2257844,-0.14817615,0.23679836,-0.10236265,-0.0017432863
OAS1_0264,-1.0768771,-0.43078196,-0.225145,0.11473615,0.04315227,0.33967513,-0.100496165,-1.0211992,0.04175429,-0.079412736,-0.26571268,-0.55153507,-0.67566526,-0.11809491,-0.44989398,0.7353356,0.032697417,-0.09872237,0.141486,-0.28141397,-0.31845772,0.31308725,-0.027280241,0.52548826,0.15172373,-0.014316242,-0.06827857,0.3999667,-0.16356134,0.46076927,-0.094103664,0.10623404,-0.48441282,-0.08266661,-0.041757084,0.04598791,-0.54672164,-0.20304185,-0.21308577,0.035840914,0.9058005,0.3806503,-0.5288441,-0.096317984,-0.08433212,0.324683,-0.24778864,-0.1020306,0.49783534,-0.080797955,0.3851144,-0.17700508,-0.1462372,0.44092733,0.19886468,-0.11169653,-0.46124092,0.08577285,-0.6673899,0.0025094557,0.8138343,0.19213042,-0.31237543,0.09045601,-0.05516065,-0.08995381,0.13801505,-0.7385934,-0.13956703,0.35779345,-0.44214308,0.008493088,0.40639803,-0.32847527,-0.26769006,0.052531682,0.15196747,-0.016667021,0.15101996,-0.43484065,-0.2342054,-0.5821605,0.22542521,0.12845524,0.6789165,0.16091801,-0.29822215,-0.104816586,0.51027495,0.479406,-0.1887578,-0.02801698,0.51810175,0.133762,0.12642016,0.08527551,-0.05973424,-0.27280375,-0.48461866,-0.033050343,0.057056062,-0.326351,-0.40270835,-0.22040631,-0.12131241,-0.26200724,-0.4625452,0.3073509,-0.3625155,0.08115583
OAS1_0265,-0.31062117,0.49785164,-0.6013959,0.56246823,0.41189843,0.15699032,-0.29958084,-0.32721925,0.5928171,-0.032794517,0.07662304,-0.39134327,0.48367846,0.115488335,0.42200103,0.06229261,0.04643499,0.45775664,-0.49181736,0.7999714,0.9665643,0.20476039,-0.27085665,0.39222103,0.21057741,-0.3841032,-0.40368295,0.41092303,-0.15588944,-0.43599525,0.5385828,-0.32567668,-0.95686704,-0.62176096,0.15561993,0.09846275,-0.19973856,0.18272103,0.25585222,0.42326194,0.26858285,-0.21322154,0.5950166,-0.019074278,-0.4601459,-0.2910749,0.12756497,0.14941153,0.11109679,0.37019324,-0.4182947,0.7869536,0.020502094,0.11164218,0.2528915,-0.38233045,0.34981886,-0.41253704,-0.09071053,0.022891242,0.060653117,-0.08331426,-0.44542852,-0.07055472,0.17649414,0.05263002,0.089144364,-0.66953,0.17825888,-0.12196062,0.32693705,0.18521522,0.3363368,0.19566977,-0.21890688,0.2683598,-0.32002795,-0.26458478,-0.049779806,-0.22400016,-0.116239436,0.15073176,-0.2537565,-0.59251326,0.30010885,-0.23637131,-0.24362639,0.2627204,0.54304636,-0.19075897,0.05645498,0.26154467,-0.21711765,0.08240686,-0.24930379,0.35516062,-0.19801478,0.032827575,0.08238053,0.2282516,-0.026739947,0.2781997,-0.013338098,0.33550885,0.3794705,0.1833866,-0.0030821178,0.035782453,0.06969746,0.17643034
OAS1_0266,0.7790588,-0.6750209,-0.4476389,-0.19447477,0.2813839,-0.25083882,-0.55219156,-0.21575083,0.73822105,0.7043134,-0.43981615,0.9443333,0.0884061,0.97159636,0.46274945,0.6358731,-0.27682066,0.27574003,-0.23766318,0.63684285,-0.21500896,0.31979108,-0.29073435,-0.4130184,-0.14101347,-0.16702993,0.5002149,-0.15934885,0.46179596,0.12112573,-0.052150387,0.26294667,0.2719479,0.3365077,-0.332232,0.14375995,-0.27380008,-0.35358253,-0.052598815,0.7284204,0.44105965,-0.0021624335,0.348496,-0.12944008,0.5710113,0.20820966,-0.1897597,0.17359395,0.073843725,-0.42806798,-0.2031149,-0.29277778,-0.059084266,0.2977472,0.14768866,-0.054036904,-0.08787156,0.05347211,0.1621582,-0.41004065,-0.34500903,0.62050563,0.083658434,0.7744401,-0.09421565,0.35848767,-0.39707413,0.055714022,1.1006933,-0.024191136,0.094889484,-0.42141148,0.38097265,0.3003061,-0.3458635,0.06901082,-0.29501852,-0.38266137,0.044915877,-0.6245729,-0.22937526,0.2653073,0.118942656,0.42310476,0.013107239,0.01548295,-0.06268545,0.04138445,0.17289118,-0.38273823,-0.31961888,-0.32044008,0.4809524,-0.67624295,-0.33656824,0.24594128,-0.43005618,0.31204247,0.097493716,-0.30508482,-0.12219219,-0.48814082,-0.16753756,0.53949505,-0.32470262,-0.04086462,-0.37299275,-0.085948355,0.19306728,-0.07029896
OAS1_0267,1.608412,-0.7344867,0.2944062,-0.18799268,-0.4405035,-0.5980269,0.28992906,-0.4339773,0.4883519,0.17319112,-0.31384084,0.7178577,-0.19593458,-0.05922981,-0.21441126,0.5033594,-1.0237242,-0.25224754,-0.0846199,0.2282578,-0.30216548,0.41990653,-0.49766865,0.71891195,0.050034806,-0.4409286,-0.50412464,0.00017504454,-0.42174327,0.20756139,0.41354242,-0.015083533,-0.024557011,-0.053784765,0.54449487,-0.25820222,-0.076969415,0.47290015,0.35474363,-0.25643653,-0.314663,-0.631375,0.38044548,0.503221,-0.7150766,0.21907702,0.46873888,0.2060565,-0.016796403,0.19483909,-0.5457768,0.45965558,-0.09335146,0.70260257,-0.73311394,0.03532298,0.15586543,0.15263268,-0.44707346,-0.029076757,0.37519184,-0.13507876,0.21525158,-0.82440656,0.114686996,-0.18645634,0.06588678,0.21237794,0.58002084,-0.31775358,-0.24946457,0.23074271,-0.17458636,0.24438514,-0.08064291,-0.1429655,-0.478252,0.28292277,-0.08841551,-0.11095575,-0.37476042,-0.2503067,0.029967507,0.36730635,0.060442854,0.15846092,-0.47776255,0.7485977,-0.039898716,-0.50021017,-0.4057006,0.19030137,-0.1953233,-0.08156143,-0.018698974,-0.2316432,0.042489544,0.13061285,0.2401416,-0.20830221,0.0077337064,0.011156661,0.0672534,0.024529992,0.11304436,-0.18397568,0.19401646,-0.59122986,0.015221557,-0.010543367
OAS1_0268,0.86134386,0.35066897,0.6783533,-0.796389,-0.010552212,-0.79055923,0.43994528,0.06582696,1.355858,-0.28929132,0.08226495,-0.58932644,0.065055646,-0.19600354,0.17580302,-0.46800613,0.3748653,0.4957655,-0.46562785,0.21255092,-0.648693,0.22148608,0.119587,0.41038123,-0.40742663,0.0028972125,-0.12855126,0.29402733,-0.14284836,0.3031034,-0.31842768,-0.105530776,-0.48175937,-0.15086225,0.20938714,-0.18937367,0.31936884,0.056161508,-0.3154161,-0.54058725,-0.23332344,0.2987791,-0.2399227,-0.61612064,-0.23914614,0.0014168515,-0.46158293,0.016255695,-0.15503468,0.03045627,-0.3366632,0.1702726,0.2454675,0.09862345,0.19540495,0.3749979,-0.26239926,-0.08332713,0.1996958,-0.11428528,-0.019969556,-0.0032407956,-0.06996735,-0.42116442,-0.21736239,-0.09996823,0.28215015,-0.043493167,-0.8366354,-0.21430208,-0.1673339,0.19485389,-0.083462924,-0.50051945,-0.3084782,0.3740873,0.34652233,-0.017279198,0.42145285,0.56723505,0.38385892,-0.1695043,0.32412773,0.2842308,0.30214548,0.09433425,-0.19112456,-0.4866818,0.40820023,-0.06984521,-0.15058093,-0.006517194,-0.39768493,-0.20006058,0.047221623,0.17899905,-0.13838097,-0.2700722,0.008638867,-0.13620715,0.19198895,-0.008291043,-0.30912766,0.34842536,0.043678403,0.23123921,-0.16770421,-0.070376046,0.14436679,-0.1042116
OAS1_0269,0.96613896,0.43967804,0.3934082,0.79025066,0.19068107,-0.6678749,-0.74745816,-0.37407908,-0.42363882,-0.5305594,-0.21908243,0.037941597,0.42122722,0.83084726,-0.11207669,0.07772222,-0.18744573,-0.13997221,-0.8717462,0.020827355,0.0977409,-0.23605895,-0.6236849,0.4735369,-0.8331825,0.004902172,-0.29381403,-0.0030333383,0.29837328,0.5480838,-0.05282202,0.24313524,-0.14112529,0.52971286,-0.0015592867,-0.11243284,-0.19634828,-0.48307207,0.30154413,-0.15842508,-0.21907778,-0.27504423,0.38807267,-0.014998799,0.44082937,0.5667169,0.7951668,-0.801765,0.11149118,0.52551454,0.11944797,-0.20826624,-0.39531672,0.36080444,0.7537392,-0.0060996027,0.27790496,-0.25170177,0.28101498,-0.33156744,0.6894522,0.17171969,0.53010356,-0.1501535,0.040984713,-0.37908965,0.77963036,-0.28911397,-0.35503617,0.25982833,0.35564387,-0.10932758,0.4337577,0.3039019,0.050331593,0.17486976,-0.08511955,0.019358922,-0.6200462,-0.09036868,-0.30980387,0.3134237,-0.3136522,0.23315382,0.24866316,-0.22970943,-0.48079425,-0.14885677,-0.2334412,0.40437487,0.013898877,-0.14856666,-0.2613078,-0.23337215,0.27823624,0.08476481,-0.043366194,0.036063295,-0.13723141,0.47739542,0.4934434,0.16068615,-0.37350222,0.033281446,-0.17570256,0.15797298,-0.11595305,0.80103755,0.27527475,0.043483637
OAS1_0270,1.1151297,0.57302016,0.4217844,-0.4005358,1.1429164,0.40175387,0.55767804,0.41676348,-0.32775483,-0.17334622,0.07202577,-0.8471229,0.47794536,-0.91688085,-0.016511358,-0.69976705,-0.23521331,-0.20269464,-0.36078718,-0.27913126,-0.27270657,0.6833611,0.078956395,0.42402223,0.8831018,0.20202844,0.30446008,0.16226842,-0.9041782,-0.3552768,-0.06006592,-0.1479016,-0.5697521,-0.412163,-0.12637065,0.057022262,0.6981833,-0.10781544,-0.14941058,0.15232305,0.47304854,0.2031296,-0.75709456,0.3627589,0.004088898,0.20151675,-0.4297341,-0.080968834,-0.68038607,0.29268134,0.050735626,-0.4411436,0.23889163,0.39932272,0.034917757,-0.010514194,0.18240984,-0.27424556,-0.060480867,-0.101612985,-0.26283854,0.1896566,0.32018107,-0.15969357,-0.8024042,0.4535411,0.15562089,-0.19765516,-0.1064674,0.28523076,-0.02867128,0.09338422,-0.24626327,-0.3358531,0.029054303,-0.06764973,0.4438912,0.34865832,0.11815872,-0.5359186,0.37586278,-0.025280401,-0.17643867,0.5112843,0.27454045,-0.43976426,0.122568764,-0.24980487,0.20357859,-0.29346654,-0.56588054,-0.19080366,0.01195904,-0.021574926,-0.031635232,0.12704903,-0.21212992,0.12335108,-0.19163729,0.06607148,-0.1754374,0.08742742,0.47440678,-0.3114217,-0.036255807,0.13930683,0.49478513,0.15625626,0.36864105,0.12147128
OAS1_0271,0.23100033,0.6282866,0.89294773,0.54170114,0.9218944,-1.0656105,-1.0842009,-0.04245684,-0.586634,-0.44888127,-0.31861687,-0.4091659,0.52320296,-0.38235572,0.42767945,0.16511387,-0.18170777,-0.36361182,-0.66655034,0.09078337,-0.4036953,0.10217296,0.2642325,0.64315504,0.36103,-0.083086416,-0.11932263,0.19624461,-0.23198329,0.5248923,-0.025493994,-0.5093449,-0.042325426,-0.070335545,0.50589556,-0.12316512,-0.6079195,-0.4217601,-0.85088027,-0.60205704,0.006126352,0.15342157,-0.72229517,0.02524856,0.08693086,0.100583,-0.11777937,-0.5511056,-0.324349,0.18226144,-0.23722388,0.080028445,0.22326747,0.1157835,-0.018026395,-0.46675,-0.52471054,0.0036797652,-0.3521089,-0.23671725,0.39554,0.5567858,-0.0043891305,0.4419767,-0.001529926,-0.3018206,-0.18591018,0.097342394,0.45017427,-0.32227254,-0.10327211,0.22738308,0.112512305,0.1579781,-0.07037513,0.8072849,0.1784306,0.033068705,0.056629755,0.50813395,-0.012639815,-0.540167,0.2645339,-0.49507105,0.3291181,0.09375028,-0.74208605,-0.10472477,-0.40637672,0.063213356,0.11726905,-0.28508356,0.16234295,0.32583606,0.14949328,-0.37430587,0.1401252,0.25811508,-0.21752167,-0.5154521,0.0066228677,0.21029957,-0.3602689,0.29862252,0.4256445,0.8320549,-0.22376987,0.03796689,-0.02481455,0.29475823
OAS1_0272,1.4203883,1.0367639,0.65937656,0.056141973,-0.49465784,0.9125456,-0.24283136,-0.003496299,0.2583329,0.9934962,0.46649468,0.38876843,0.44195965,-0.71901655,-0.033620987,0.12653765,0.30880526,-0.5957505,0.65944797,-0.049112845,0.032462824,0.9851738,-0.11752332,-0.21830422,-0.7745513,-0.06862471,-0.2858719,0.3185055,-0.142664,0.44726348,0.43747702,-0.013145928,0.19458386,0.5561951,-0.37943876,0.30859792,0.32495436,-0.17077458,-0.2948672,-0.026521513,-0.021771112,-0.7499419,0.17332576,-0.60646474,-0.14517187,0.14568473,-0.11494438,0.7643386,-0.33820486,-0.20382783,0.029281553,0.040283766,0.7059495,0.17006272,-0.097534634,0.16391604,-0.4021376,-0.3336388,0.47839627,0.3875546,-0.13569988,0.071907625,0.42167336,-0.07528192,0.41460094,0.005076094,-0.705942,0.065152936,-0.09235384,0.0386752,-0.11926001,0.24007943,0.19948168,0.39666763,-0.05082731,-0.5194121,-0.49088606,0.08725233,-0.10009883,-0.23175497,-0.029295683,-0.04892281,-0.23510166,-0.04828209,0.34828183,-0.074923016,0.19424887,-0.20516427,-0.198747,-0.012992628,-0.7523756,0.1149635,0.08691628,-0.31326,-0.15285285,0.25225195,0.19807605,-0.29636648,-0.29617128,-0.11828132,-0.015920974,0.10808344,-0.18276088,0.38623762,0.228564,0.060746163,-0.023812884,-0.20312169,0.24055491,0.3271499
OAS1_0273,1.6352792,0.6891608,1.2366836,-0.28337115,0.6513333,-0.24335805,-0.014807029,1.0028496,-0.088549964,-0.83321434,0.40848988,0.15793045,-0.13177189,-0.53396106,0.726743,-0.04578317,0.45540002,0.6830598,0.5562063,-0.103039786,-0.17834042,0.027202819,0.64551115,-0.63875705,-0.6117805,-0.33619216,-0.65689605,0.7115153,-0.6068048,-0.40591007,0.23657618,0.4096921,0.4350918,-0.6386136,-0.030050542,-0.4774621,-0.1766367,0.15192711,0.24581961,-0.24946389,-0.6430429,-0.026109315,-0.49988133,0.5322487,-0.26454034,0.19242203,-0.26108396,0.3940237,0.3844275,0.3687901,0.42274997,0.22114354,0.17482609,0.19403578,-0.27142987,-0.16227964,0.20008734,0.36843082,0.2691126,0.48248315,0.15786861,0.72557676,0.43120927,-0.05689548,-0.04516448,-0.082234204,0.24448304,0.422027,0.2985217,0.16182086,0.1669915,-0.122807585,0.2623839,-0.3054101,0.055052057,-0.25005466,0.026586842,0.15144216,-0.72068816,-0.22838093,0.0829611,-0.15841623,-0.10770626,-0.036164325,0.068829626,0.02497667,-0.18399134,0.14378254,-0.3212554,0.14339542,-0.009510462,0.2056377,-0.3087062,-0.09765239,-0.116949506,0.13998666,0.26965585,-0.29967424,-0.23569338,0.62350065,-0.4005709,0.062095597,0.04679805,0.14954506,-0.45998648,0.17148139,0.045066077,0.24290548,0.17845047,-0.16786863
OAS1_0274,-0.29075363,1.1967906,0.72749406,0.18041894,-0.4175961,0.02392817,0.52889943,0.17444392,-1.1599311,-0.26949418,0.94817847,0.65124744,0.3087469,0.43946257,0.4139061,-0.61715144,-0.26240027,0.39900646,-0.46431324,-0.15819415,0.04406863,0.35604152,-0.063595064,-0.4863253,0.25271663,-0.28334612,0.2573118,-0.39754093,-0.14899923,-0.16081557,0.22804266,-0.40194374,0.2871909,0.102274574,-0.14657924,-0.49560267,0.15760309,0.18957771,-0.018362965,-0.13818459,-0.06526212,0.18295546,-0.061156053,-0.08014245,-0.45481494,0.20784049,-0.03714968,0.035295725,-0.3941627,-0.14339003,0.25636595,-0.30043083,-0.371247,-0.13870175,-0.26036763,0.45790276,0.06898563,-0.16154121,-0.2163291,-0.4712902,-0.7368453,0.038871527,-0.119179115,-0.00025921263,-0.5087045,-0.50905937,-0.3606897,-0.1890774,-0.051301796,0.72936636,-0.6888818,-0.10339377,0.2323232,0.41672036,-0.6415882,0.012788151,-0.014066271,0.20452216,0.07724262,-0.2984236,-0.27047363,0.19345662,-0.08632005,-0.07564441,0.13902201,-0.04023391,0.1563577,0.12121482,-0.16370533,0.0430131,0.20871244,-0.35503325,0.12415365,0.05510469,-0.18226872,-0.017239885,0.6608391,0.6072384,-0.4328066,-0.43452567,0.0009957757,0.36887917,-0.0675231,-0.2442044,0.045858316,0.33935034,-0.27210504,0.3845475,0.3091394,-0.26523522
OAS1_0275,0.47765586,-0.073941395,-0.8572503,-0.43358436,0.5573435,0.33738622,0.04695286,-0.56955796,0.24443085,-0.68653417,-0.11813173,-0.5059292,-0.60570693,-0.044430614,0.50525945,0.17860341,0.25390062,-0.47766984,0.5027786,-0.082545556,0.18913348,0.16160831,0.56001467,0.37505376,0.30238965,0.24648508,0.26647845,-0.10703751,0.4363746,0.098246366,0.035397984,-0.7489365,0.3027671,0.4337054,-0.76077837,0.15739204,0.18173346,-0.014613956,-0.14535919,0.06598232,-0.27082744,-0.21920043,-0.050581727,-0.10800557,-0.19382904,-0.113083035,-0.6858187,-0.3869385,0.2391678,-0.8198283,0.3571629,0.36215883,-0.80266815,-0.21221335,-0.51963437,0.25755113,0.31060654,0.16513711,-0.26513943,-0.24689683,-0.1200995,-0.2306416,-0.07983253,-0.42500323,0.11660728,-0.5924277,0.24651887,-0.018518494,0.07534953,-0.4568992,-0.29259807,-0.4165316,-0.48725882,0.121530645,-0.06291928,0.17180517,-0.6507523,-0.7773133,-0.11373956,-0.31418133,-0.4738464,0.062681474,0.1428663,-0.009153548,-0.20504643,-0.12480744,-0.099359,0.22350988,-0.14052235,-0.14639415,0.039901804,-0.17479283,0.120329395,0.280893,-0.26014507,0.32974702,0.122369766,0.20936094,0.1334618,0.08538641,0.044681497,-0.34218183,0.26148748,0.123728074,-0.47050205,0.8556946,-0.75448334,-0.1498618,-0.44865268,0.30082548
OAS1_0277,-0.8333864,0.21741809,-0.07539767,0.07629772,-0.054397296,-0.27773127,0.4303883,-0.11620063,-0.18172455,-1.0494921,0.17902501,0.28439063,-0.04169664,-0.1272024,0.2937047,-1.0236951,0.04476981,0.16502628,-0.27259102,0.5939896,-0.20934926,-0.22686738,-0.25286642,0.4685243,-0.8567527,0.8265555,0.4825152,-0.15573698,0.5037444,0.53028953,-0.01569003,0.8933641,0.0067782407,0.17176093,-0.40981987,0.36760372,-0.28938812,-0.25284874,0.093401454,0.75919765,-0.16454384,0.23754194,-0.15219425,0.5213429,-0.14385828,-0.19000746,-0.3042767,-0.41637453,0.33583084,0.14731619,0.044581413,0.4540223,0.13235618,-0.49979424,-0.27004176,0.28655103,-0.36403397,0.17748898,-0.21912771,0.19712745,0.16264735,0.029893003,-0.08923438,-0.03890053,0.044130445,-0.59380823,0.51572835,-0.41119078,0.092090055,-0.28840202,0.24286744,0.039373975,0.18338348,-0.33831537,-0.0060331775,0.33754385,-0.1674454,0.43631026,-0.03454648,-0.30430183,0.2548579,-0.12469105,-0.19783589,-0.14047231,-0.27049857,-0.3588074,0.11385232,-0.30810732,-0.31635177,-0.26618132,0.18332164,-0.24863334,0.25307935,-0.5804338,0.039873112,0.13615881,-0.04396129,0.12017884,0.34973088,-0.16303965,0.10448144,0.0029617706,-0.24172895,0.185816,-0.106445074,0.13845526,0.3784786,-0.05829213,-0.064952634,0.23982282
OAS1_0278,1.2943088,0.07399759,-0.5654237,-0.50820714,-0.22643586,-0.5741203,0.6253715,-0.5988829,-0.41624087,0.3630078,-0.15331425,-0.16377974,-0.12456401,-0.66919094,-0.21501237,-0.92972904,-0.58506846,0.027655676,-0.18359233,-0.3779959,0.33640862,-0.068992496,-0.12521097,0.0057623866,0.36740118,-0.5639112,-0.4680055,-0.5344261,-0.1704371,-0.4640588,0.26423886,-0.3636531,0.19895543,0.0713479,-0.050609145,-0.75195026,-0.054253977,0.40831336,-0.08479702,0.08933032,0.042889085,-0.3830911,0.20140418,0.0062878225,0.23479846,0.83711493,0.16276917,0.09016452,-0.111619584,0.3075039,-0.1425136,0.6816993,0.57238096,-0.20197316,-0.46005583,-0.07812924,-0.11007582,-0.16849361,0.23332588,-0.34410042,-0.07594624,0.3533986,0.06832685,-0.107862845,0.42438817,0.5096246,-0.046131227,0.050971374,-0.014564581,-0.5696844,-0.20778582,-0.32394812,0.014131228,0.52841103,0.020486781,0.3346602,0.24953824,0.27085012,-0.2755093,0.2688398,0.27713647,-0.029629013,0.25522804,-0.25821984,-0.18061936,0.06883911,0.15697768,-0.11155592,-0.75463027,-0.18896769,0.2871618,-0.06551434,0.38714385,0.59097034,-0.26299918,0.006982001,0.3229344,0.060302723,-0.3686072,0.07505866,0.28873122,-0.3739263,0.07099094,-0.306406,0.17657052,-0.0681709,-0.40827528,0.1378838,-0.061171133,-0.28307194
OAS1_0279,0.5391858,0.8464906,0.11515678,0.2015723,0.85846436,-0.39072725,0.048521347,-0.46106055,0.080649436,-0.16940753,0.33285373,0.55191535,0.6109431,0.4382814,-0.0031587782,0.36274153,-0.22487804,-0.23720239,0.13821802,-0.24557701,0.25391957,0.05469551,0.11913331,-0.16817722,0.045119405,-0.18659136,-0.03709149,-0.4886286,0.34476516,-0.17083319,0.61389947,-0.5200009,-0.416223,-0.23575681,0.7896537,-0.3683112,0.39506027,-0.20811386,0.08573904,-0.4624776,0.17830385,-0.0061943918,-0.16063076,0.34097508,-0.07973573,0.17984414,0.41851747,-0.24495792,-0.31139383,0.3354722,-0.079079084,-0.017408244,0.24832155,0.10272157,0.004089709,-0.10536224,-0.30479676,0.16891524,-0.3570232,0.27192268,-0.43213266,-0.54564464,-0.13792838,-0.111374795,0.03587739,-0.0068130307,-0.19547457,0.18500717,-0.58183,-0.5466097,-0.1788017,-0.21756111,-0.011202784,-0.09679016,-0.15840602,0.16315366,-0.19041318,-0.3768078,0.046016935,-0.13457896,-0.2762523,0.08925798,0.4586036,0.43223605,0.1668855,0.15111652,0.11702957,0.4165028,-0.1500979,0.04579363,-0.5510205,-0.3909565,0.19999799,-0.22427817,-0.052838497,0.32814276,-0.13347776,0.1995354,-0.0674935,0.07527694,0.42969078,0.2294013,-0.0050873086,-0.14164554,-0.46419796,0.11079059,-0.26602167,-0.17565455,-0.44763452,0.27773127
OAS1_0280,2.0242455,-0.8097509,0.7833811,-0.1691785,-0.60278267,-0.31699395,0.13403329,0.9811551,-0.7115776,-0.36575267,-0.3601371,-0.24271241,0.32326418,0.01995564,-0.44242212,0.3608658,-1.00608,0.17417185,0.81228644,0.034018654,-0.43737474,0.21282429,0.19386421,0.64769953,-0.87188685,0.20684293,-0.18735051,0.18456186,-0.26199618,-0.093752585,-0.28679112,-0.098520376,0.21770531,0.26845765,0.0024771004,-0.67058593,-0.5530396,0.08983537,0.62928337,0.48182514,0.17756194,0.47792673,0.6022859,0.52215534,-0.15355404,0.31339324,-0.27608013,-0.3102271,0.31740883,0.009023308,-0.12388279,0.23065118,-0.6199188,0.13397913,-0.8415554,-0.1399799,0.1210973,-0.067883305,-0.48583826,0.16095133,-0.2964845,-0.106341876,0.32720664,0.08137195,-0.15003146,0.54159737,-0.10884555,-0.13211304,-0.19779111,0.37622237,-0.082683444,-0.55851483,-0.09922628,0.33522582,-0.47354692,-0.101271406,-0.5183481,-0.8779357,-0.048302993,0.4298654,-0.0238563,0.1325977,-0.019398388,-0.12370266,-0.31355876,0.28343394,0.04103991,0.49059805,0.19903907,-0.19390702,0.2130705,-0.30836707,0.26656476,-0.08399315,0.13265619,0.15705201,-0.027709085,-0.16896142,0.31047806,-0.38751897,0.077539414,0.50965744,0.039716724,-0.3204449,-0.13046315,0.13323447,0.1957761,-0.16620615,0.20106478,0.2958961
OAS1_0281,-1.1996614,0.51971346,-0.33742774,0.26374978,-0.3243678,0.36935332,0.42236695,-0.12332742,0.35528752,-0.22370222,0.15596269,0.07492005,-0.1356938,-0.29843992,0.38741407,0.55564797,0.0035094148,0.16445944,-0.4064284,-0.39166567,0.2524416,0.8528594,-0.09107544,-0.8505575,-0.27008548,-0.01305385,-0.07645524,-0.2112617,-0.18225412,-0.05146754,-0.2376111,0.003546877,-0.024623292,-0.33976758,0.29896578,0.047410257,-0.064235464,-0.42108998,-0.16308016,0.045949843,-0.20520435,-0.084574185,0.051719673,0.30148616,0.120026484,0.60402346,0.44367298,-0.11651963,0.09908271,0.26966694,-0.2849382,0.38771155,0.032831416,-0.360175,0.56520706,0.36267358,0.0672303,-0.14597206,-0.12714401,-0.3788294,0.26577,0.22804712,-0.13678126,-0.22972134,0.38049966,0.08015288,-0.083203435,0.2176485,-0.31941912,-0.1591019,0.2880566,-0.23836707,-0.61280626,0.04883464,-0.16599782,-0.043974396,0.07532468,0.42769048,-0.09236506,0.3240965,-0.39280573,-0.54874575,0.55391425,-0.35253906,0.007505674,-0.13652441,-0.20026436,-0.18970664,0.13046074,0.074948445,-0.10849571,0.096539654,-0.35884425,0.27539155,-0.07069307,-0.1764511,-0.09323858,-0.027343107,0.30105695,-0.28816256,0.37670422,0.09626873,0.41443962,-0.63487273,-0.016906315,0.013181408,-0.0316942,0.020712914,0.584137,-0.2023526
OAS1_0282,-1.0021862,-0.5785419,-0.18535441,-1.0286833,-0.106620006,-0.1580623,-0.2778199,0.073150955,0.17144442,-0.030896882,0.49630412,0.460366,0.38965508,0.052814472,-0.27946794,0.3480311,0.4235061,-0.08860389,0.35222453,0.6860649,0.1230938,0.6436108,0.09005706,-0.331733,-0.48438674,0.21081527,-0.083777525,-0.33499286,-0.17011115,-0.16642718,0.17992659,0.16804278,0.24478172,0.06644635,-0.5104317,-0.13059025,-0.28946438,-0.28779876,-0.33426586,-0.41550133,-0.22038454,0.115568206,-0.40202057,0.5809603,-0.5478457,0.18932366,-0.06272076,-0.23640378,0.67002636,-0.096768096,-0.4972339,-0.33979115,-0.13615225,-0.018628154,0.39072126,-0.115542926,-0.039731096,-0.14512868,0.56726676,-0.0889591,-0.4308855,-0.020603253,0.2716348,0.38582808,0.25647318,-0.7372927,-0.02449047,0.0005501451,0.4090482,0.37478197,0.011129881,0.20564985,-0.103306346,-0.14659771,0.008885002,0.28918162,-0.21510696,0.107025065,0.074795835,-0.61764914,0.1240654,-0.1535945,0.2634441,-0.28771996,-0.43043154,0.40776646,0.23777582,-0.06948889,-0.3067631,-0.3532951,-0.16587453,-0.31887186,0.14330171,0.37024054,-0.69820476,-0.03810679,0.10892171,-0.22281756,-0.15351586,0.26939848,0.16004531,0.20527418,-0.65123177,0.08132096,0.42540494,0.21462215,0.04384321,0.1579055,0.42854008,-0.031426854
OAS1_0283,-1.0471534,-0.0073752715,-0.3411004,-0.29225838,0.86345404,0.2576393,0.5720935,-0.63224196,0.0064201164,-0.26312548,-0.21986265,-0.32733366,0.20437062,0.16359311,-0.043443505,-0.008807627,0.034078363,0.5822757,0.20187008,-0.41955623,0.42531076,-0.036420714,-0.15830941,-0.09948182,-0.74788594,0.24848187,0.8651452,-0.035738017,-0.07689167,-0.024376253,0.13327576,-0.36807534,0.33056054,-0.21597098,0.11907456,0.19685924,-1.0282799,-0.30464056,-0.0952344,0.13736907,-0.57569534,-0.01639449,0.5879202,0.026150588,-0.5504742,-0.3370325,0.0057939333,-0.28607476,0.4355576,-0.074152365,0.09075887,0.4388036,-0.060420293,0.6777181,-0.058507755,-0.2334317,0.42052796,-0.29209065,0.4703136,0.2936664,0.336129,0.48131073,0.26680738,0.09095595,-0.49610838,0.10017476,-0.25688705,0.5370677,-0.17763157,-0.116212666,-0.31661806,0.10269078,-0.18641984,-0.16580747,0.2541679,-0.026004432,-0.049102023,0.39819416,-0.10453583,0.3192143,0.11056994,0.08384257,0.11714037,-0.14467192,0.14250164,0.26516873,-0.1966872,-0.2639336,-0.34200826,-0.38869014,-0.0837386,-0.11819665,0.530584,-0.12010822,0.45894012,-0.5602267,0.13697214,0.101157755,0.23882245,0.4441701,0.4772077,-0.15787366,0.21250615,-0.51103914,-0.29920748,-0.039975222,0.11897506,-0.14896598,-0.1827534,0.2696666
OAS1_0284,1.0880172,-0.6231732,-0.8351,0.48902705,0.7420127,-0.2725344,-0.36531886,-0.5791967,-0.25239944,-0.3542273,0.21550156,0.099605665,0.10558114,0.010407874,0.20567599,-0.10565741,0.6947176,0.58491415,-0.8945886,-0.3492048,-0.19432195,0.07856293,-0.9613996,-0.10691015,-0.00038070278,0.072983325,-0.21966174,-0.2559862,-0.43077096,-0.054000784,-0.35318476,0.84858984,0.29290676,0.16019878,-0.4430957,-0.4730469,0.30809325,0.10758964,-0.17963178,0.4348164,0.098285675,-0.012450542,0.03067444,-0.49603704,0.62478966,-0.20046301,0.04719139,-0.3389097,0.32992575,0.13802512,-0.19847476,-0.46920758,0.25670245,-0.16939627,-0.7768397,-0.052350815,0.5248488,-0.3527293,0.12245672,0.13668454,0.20593242,-0.1224865,0.26048252,-0.092299305,0.13360076,0.4417219,0.22107123,0.25889593,0.07107758,0.5722501,-0.23887894,-0.45667848,0.12912016,-0.33004746,0.19704,-0.23262607,-0.2762865,0.09641601,0.33131385,0.4953471,-0.005863553,-1.0106606,-0.29497507,-0.2608243,-0.32206106,-0.17988454,-0.02058736,-0.040821295,0.4017777,0.07095535,-0.51570994,0.31826788,0.37780055,-0.06693655,0.7180664,-0.6913679,-0.06834189,-0.06086204,-0.4066045,-0.3817381,-0.085139476,-0.14393108,-0.48435822,0.21454282,0.027893547,0.35844567,-0.028223997,0.31592408,0.04697607,0.028521497
OAS1_0285,-1.170223,-0.38784277,0.89090526,0.62993973,-0.092298165,0.0894011,-0.05733509,-0.03687256,0.80610734,-0.39665583,0.9000226,0.08420869,-0.10156578,0.31259856,-0.13413697,-0.02070879,0.13307194,0.69612813,0.24239632,-0.030015694,0.21400318,0.011098004,0.03867807,0.7346093,0.13767102,0.4841326,0.03398141,-0.036780786,-0.3817178,0.18688583,0.30603516,0.3728284,0.24357586,0.2447516,0.09561222,-0.32103887,0.2955981,-0.40721816,-0.2942377,-0.1926928,0.36225754,0.06451828,0.078432135,0.16821487,0.16676763,-0.48054478,-0.2904752,-0.31536436,0.4333016,-0.0958283,0.74133307,-0.07653552,-0.008132207,-0.28595892,-0.26873556,-0.105212174,-0.10234521,0.27933222,0.011181617,0.018904144,-0.26908803,0.369034,0.39370397,0.21602786,-0.3089757,-0.15340583,-0.5237129,-0.01648203,0.57074374,0.08891955,0.1987229,0.25312355,-0.2963258,0.01807612,-0.42046604,0.11730953,-0.30699563,-0.036291357,-0.0013099333,-0.14931771,0.16286679,-0.3525096,-0.46936876,-0.6481576,-0.013597955,0.123564996,0.1977258,0.13541667,0.62097085,-0.3112341,0.37030146,-0.2898508,0.16530639,0.44698048,0.5163775,-0.08377778,-0.12764901,-0.116197236,-0.53758496,-0.1883021,0.13214548,0.22556914,0.39686185,-0.46273887,0.060996994,0.43506676,0.42571813,-0.04741324,-0.0022915038,-0.5593976
OAS1_0286,1.9411235,0.2597961,0.6186687,-0.335481,0.063042395,1.3795162,-0.48407197,0.03859678,0.30235207,-0.2923353,0.00021402985,1.0132017,-0.08524377,-0.5707655,-0.5228461,-0.25117612,-0.36678222,0.74211174,-0.26021963,0.51909846,0.75649166,0.54471993,0.38163,0.025852177,0.28032982,0.040387608,0.20713474,-0.41479564,0.26261443,0.28193277,0.06922937,-0.32822192,-0.11226938,0.33807072,-0.15380071,-0.13734765,1.0948089,0.4695017,-0.38989252,0.123318285,0.31673864,-0.28510845,-0.12752292,0.05225436,0.23761001,0.43846393,-0.10670092,-0.14435875,0.1566528,-0.6293428,-0.18828897,0.10201711,0.21598473,-0.27624136,0.08799269,-0.06585691,0.24574392,0.5176698,-0.2498771,0.2820631,0.14235537,-0.50192964,0.62894726,-0.21167457,0.40974072,0.27430758,0.029192066,-0.34285766,-0.29262194,0.020071693,-0.21486464,0.072007135,-0.23833023,-0.14260326,0.07998451,-0.33122966,-0.53126675,0.41541913,-0.51882535,0.23455471,0.7154142,-0.55568385,0.37153175,0.13667095,0.22492498,-0.32782644,-0.07541628,0.7714317,0.20809631,0.08408081,0.6040763,-0.08650357,0.33333665,-0.17985477,0.24527581,0.0469033,-0.05191931,0.41441894,0.08571837,0.11288023,-0.072865605,-0.008019589,0.15107182,0.32579643,-0.087035805,-0.1389111,-0.39613876,-0.3268212,0.004099048,-0.10809363
OAS1_0287,0.010901943,-0.13102849,0.28066522,-0.78049904,1.9151638,0.64524776,0.43859628,0.715291,-0.4279673,0.35110003,-0.8680434,0.22191906,0.922897,0.083611034,1.2329961,0.08256094,0.097177796,-0.7157978,0.008092431,0.7955925,-0.39095703,0.12829082,0.4793769,-0.11701175,0.1432566,-0.2833185,-0.042316776,0.43334955,-0.7663674,-0.33904716,0.019296143,-0.4060158,-0.29871613,-0.2645633,0.014650068,-0.58796424,-0.21706033,0.041906722,0.20804231,0.3476744,0.5045145,0.46235177,-0.058843635,-0.43933588,0.23847955,-0.29930645,-0.45232525,-0.10102576,0.36648217,0.4442058,-0.22205706,0.037923872,0.19054487,0.12090284,-0.20056938,-0.4235748,0.5254014,-0.038534883,0.15381679,-0.032756753,0.044106185,0.47410712,-0.03328759,0.44783577,-0.009071491,0.28306115,0.13178879,0.24693562,0.5501229,-0.47235033,-0.2850041,-0.13494036,-0.36593154,-0.32623634,-0.45884448,-0.14250314,-0.518946,-0.20342161,-0.39740828,0.21049732,0.0018549266,0.05506411,-0.2625441,-0.003605277,0.8476508,-0.63501996,0.19266522,-0.16568847,0.5692282,0.22405471,0.63268584,0.2984514,0.3538485,0.21930426,-0.15965416,0.02126591,0.14823653,0.22308932,-0.041268714,0.22646108,0.29938766,0.13717404,0.19635764,-0.077609606,0.8124893,-0.2615506,-0.028876932,-0.13068752,-0.12405893,-0.25974193
OAS1_0288,1.036249,0.18101853,0.75297636,0.14259858,0.49391022,-0.23256175,-1.1726015,-0.10650578,-0.061726414,-0.42254782,-0.37905526,0.6764754,-0.28406137,-0.72171646,-0.100570515,0.5498802,0.09907669,0.184991,0.2873043,-0.60487396,-0.06373339,-0.2889369,-0.4809379,-0.2869673,-0.44701332,-0.07106176,1.0042917,-0.57298785,0.014106765,-0.4292442,0.36975542,0.59866536,-0.17137088,-0.23508112,0.16630962,0.5007468,0.5795795,-0.1410239,0.51615614,-0.42766055,0.40513834,-0.47682557,0.28248253,-0.016570397,-0.45812777,0.049699698,-0.2864327,0.32090217,-0.3295172,0.26839384,0.31168535,-0.2918241,0.273737,0.18293768,0.30953845,-0.22515847,0.14472221,0.40213078,-0.35893822,-0.44836128,0.280407,0.35393828,0.008397472,-0.09320852,-0.0012325135,-0.37391776,0.57958233,-0.4232753,0.14259881,0.025335494,0.6574147,0.3485446,-0.9543114,-0.08964989,-0.092601776,-0.36184788,0.24680117,-0.05038913,0.07512433,-0.3013727,-0.05112362,0.18726936,0.29528263,0.26583335,-0.10174797,-0.16710982,0.26921052,0.20202126,-0.1779454,0.113881454,0.3429675,0.48013902,0.35151553,0.10610188,-0.08610021,-0.3031839,0.49003524,0.5098723,-0.09481254,0.003797235,0.2294716,-0.29853377,-0.2852011,-0.30929127,-0.2296033,0.05810065,0.21128203,0.29811782,-0.06582489,0.013282702
OAS1_0289,-0.47420228,0.8558671,0.5708737,0.796021,0.047389314,-0.8415762,0.2080093,1.3028558,-0.2841091,-0.023473065,0.24627809,0.403835,0.001046324,-0.040063597,0.5931878,0.5067799,-0.99894327,8.296126e-05,0.07236834,-0.7182739,0.54483676,-0.5203863,-0.15154131,0.07713694,0.006502589,0.306355,0.2261095,-0.11071239,-0.5127805,-0.009401936,0.14258063,-0.14949991,-0.5781855,-0.06168908,0.7287345,-0.14926875,0.26279908,-0.34760058,0.64681673,0.5172552,0.14844237,-0.14995308,0.11709517,-0.07629498,0.32018533,-0.09331486,0.014179773,-0.009887307,0.5162803,-0.13566992,-0.42385238,-0.0033207617,0.667131,0.24455978,-0.22815572,0.12267819,-0.3542882,-0.02672359,0.16407946,-0.47003633,-0.50246274,0.012414608,0.4632996,0.2570139,0.22931494,-0.0038591113,0.6562645,-0.12055538,-0.5128368,-0.048886463,0.046174467,0.031047342,-0.13507006,0.3597424,0.38358065,0.19151953,-0.4904267,0.12576337,-0.21803251,-0.112075865,0.21900764,-0.2583583,-0.11546727,-0.59768766,-0.18868078,0.0773196,0.05531616,0.43852687,0.2766278,0.14371556,-0.062546864,-0.38155943,0.47448474,0.1987618,0.18065497,0.15856086,-0.36926448,-0.38483992,0.073236555,0.31823313,-0.27753183,-0.3982313,-0.016462058,0.19694239,0.11606479,0.03330523,0.41389173,0.07590093,-0.035117313,-0.10639148
OAS1_0290,1.5174415,0.022426935,0.13906702,-0.5592249,0.21746856,-1.1769294,0.17350417,1.0537882,-0.41325682,-0.58780044,-0.25990114,0.11903125,-0.3674644,0.042202603,0.4250694,0.6870523,0.24522854,0.07426827,-0.3805825,-0.47396305,0.05225448,-0.1726509,-0.22455396,0.13545763,0.12585711,-0.22290856,0.9182814,0.35524577,-0.12031753,0.009631943,0.6925394,0.36421654,0.07855833,1.0420884,-0.65615445,-0.013003706,0.68080527,0.6708501,0.44417408,-0.15201908,-0.72169495,0.3719078,0.31957567,0.5723526,-0.2633615,-0.5103868,-0.0023813662,-0.43138552,-0.18844321,-0.16086565,-0.3517004,-0.7214848,-0.29658902,-0.064173065,0.6160321,-0.24298415,-0.6188173,-0.07934831,-0.3177168,-0.17552231,-0.052538205,-0.37636432,-0.03451137,0.016612424,-0.44066048,0.07302901,-0.09998051,-0.18357092,0.05872057,0.39825407,0.13520855,-0.003401331,-0.36420533,-0.22802846,0.33081186,-0.09344566,-0.19993101,0.19920479,0.23404469,0.13002525,-0.23315805,-0.20200618,0.45460996,0.013628224,-0.0315259,0.11062462,-0.13669339,-0.037611905,-0.46465558,-0.3974158,0.40461558,0.06979398,0.26960677,0.084844366,0.20361336,-0.19758044,-0.36977372,-0.10262689,-0.19278333,-0.2480172,-0.3244253,0.404535,0.34326935,0.4446903,-0.44946665,-0.10405462,0.08761823,0.43285188,-0.29536664,-0.565641
OAS1_0291,0.64914554,-0.20115423,0.7402447,-0.06883857,1.2562976,0.09296794,-0.23510899,0.25358352,-0.06567039,-0.32121122,-0.19298904,0.2917258,0.49633873,-0.20587526,-0.46551347,0.94608593,0.26780057,-0.23512834,-0.5441778,1.1057682,0.2614038,0.048446774,0.5759919,-0.75719196,0.6364013,-0.38342234,0.28410682,-0.029270455,0.10119473,0.12789717,-0.25082362,0.25251853,0.12406126,0.115014374,0.18891051,0.13799307,-0.40608785,-0.42989355,0.24279761,-0.253047,-0.3052418,0.5788383,0.16154656,-0.7175768,0.34028953,0.54400593,0.45608294,0.36889935,0.30831346,0.1538017,-0.18450972,0.6215186,0.3189248,0.0675272,-0.039655335,0.6695826,-0.7668966,-0.097778,-0.2869686,0.48858854,-0.53582495,0.5779559,-0.13649532,-0.26520208,-0.1412494,-0.19694221,0.24831915,-0.5547485,-0.0041955686,-0.2132682,0.47866753,-0.48743725,0.22626816,0.31583998,-0.14778449,-0.17150271,0.25854465,-0.16976404,-0.41880646,-0.0080067925,0.21260941,0.32996798,-0.38192308,0.37012097,0.13796689,-0.2496585,0.10767905,-0.28059098,0.05738744,0.29860964,0.24183019,0.14321877,0.5996931,-0.67235947,0.39429194,0.44528127,-0.22420304,-0.49210712,-0.2767162,-0.5841133,0.123523034,-0.0155743435,0.4697444,0.16579837,0.019204987,0.23943856,0.0054778247,0.16834465,0.11496417,-0.11465485
OAS1_0292,0.124215655,1.0101216,0.102329105,0.5710843,-0.7698027,0.5560947,-1.0287861,0.1352322,0.17888044,-0.56758624,-0.8025461,0.068677224,-0.2557695,-0.10885393,-0.72935194,0.30615026,-0.095151,-0.15943196,-0.71177727,0.24844544,0.07853227,-0.27413827,-0.27435717,-0.37077913,0.38250646,-0.10771743,-0.2696723,-0.653457,-0.4073746,-0.09499505,0.23981711,-0.108078405,0.33180678,-0.46030098,-0.30777916,-0.008816868,-0.4414391,0.32898465,-0.21361978,0.5832889,-0.34737542,-0.2736756,0.39805672,-0.046852183,0.26448432,-0.16236524,0.08104847,-0.21844146,0.10835695,-0.20008168,-0.41170037,-0.2627501,0.58101916,0.5671797,0.5215949,0.2290327,-0.041385427,-0.5543912,-0.5102117,0.2074306,-0.08005605,0.3707277,-0.115614265,0.5990261,0.06736355,0.03322329,-0.579887,-0.30981174,0.14343974,-0.6734896,0.69423085,0.5347985,-0.12324332,-0.45066062,-0.08777797,-0.12076254,0.25156957,-0.13087079,-0.6106826,-0.059693903,0.25803977,0.05837748,-0.54995406,0.05053005,-0.17342813,0.22889091,0.29615024,0.19188014,0.069977984,-0.07819656,0.1994688,-0.04619534,-0.15203254,-0.23679027,0.30852363,0.24828795,-0.09590018,-0.05791853,-0.3175716,-0.17097989,-0.044380043,0.07852364,-0.5392945,-0.046677317,0.4326955,0.18742743,-0.15402883,-0.51631016,-0.20092475,0.18834066
OAS1_0293,0.56460655,0.6385848,-0.41191554,0.4847362,0.5090046,-0.13963217,-0.2535428,-0.18689643,-0.072821826,0.80138826,0.5409839,0.15685743,0.12569623,-0.26733667,0.450021,-0.4131827,0.6159569,0.45982933,0.067928724,-0.7174502,-0.19079101,-0.3157758,0.1971685,0.40198094,-0.89159197,-0.8791863,0.024569318,-0.05034092,-0.53877175,0.40162444,0.88570577,0.22317193,0.14693436,-0.15579602,0.6281578,-0.08306872,0.13307504,-0.25435996,-0.43705288,-0.102466136,0.833085,-0.9351401,0.4323991,-0.469229,0.38763657,-0.4764574,-0.12716636,-0.14129809,0.19439249,0.047908645,0.20547377,-0.04960434,0.053654782,0.14101282,-0.13131064,0.9025621,0.15816444,-0.31909838,-0.06742995,-0.2503216,-0.15084451,0.15483718,-0.19252847,0.24039125,0.6475281,-0.08545268,0.23832408,-0.0291299,-0.45365506,0.34941036,-0.31316748,0.61380947,0.14067426,-0.4564907,-0.28647974,0.31552675,0.10623622,0.14077404,0.32592168,0.12967609,0.15772615,-0.038502797,0.37251145,0.25609848,-0.13963352,-0.1659418,-0.17243445,-0.39236033,-0.5407302,-0.116539516,-0.1574509,0.13333525,-0.07840796,0.19705503,0.10061644,0.46352926,-0.24651606,-0.16469759,0.09158136,-0.18489093,0.3753387,-0.08144188,0.27069587,-0.3379361,0.5617826,-0.08293235,0.21568817,0.28649727,-0.111836895,-0.13169545
OAS1_0294,-1.2695602,-0.34673977,-0.035460096,0.56798947,0.23261209,0.35267347,0.20996635,1.377263,0.64846516,-0.003676423,-0.05942958,-0.5867672,-0.8957932,0.27851582,-0.21214311,0.0006477837,-0.16506632,0.19042073,0.9696016,0.011384854,0.168996,0.33955246,0.34014934,0.49499193,0.16954109,0.2680166,-0.0180074,0.2937644,0.41408962,-0.26236776,0.08080807,-0.17497258,-0.4943044,0.30195192,-0.4130115,0.36037755,0.3652554,-0.20143437,-0.36906362,-0.6773105,0.17678647,-0.4156573,-0.02615154,-0.09786703,0.08637842,0.02009948,0.25866038,-0.399364,-0.26175985,0.5445693,0.008481454,-0.19678113,0.18693393,0.111866966,0.25677502,0.1382503,0.12912907,-0.41631362,-0.18405737,-0.13132675,0.040473856,0.6037208,0.1589895,-0.37790355,0.23360991,0.10270054,-0.25461066,0.8793403,0.3422671,0.020305235,-0.3710567,0.22073565,-0.43817687,-0.10600932,0.39577535,-0.2142697,0.39687678,-0.02246639,-0.3436947,-0.15930742,0.01663506,0.35789642,-0.20478272,0.095948055,0.0057425452,-0.16850515,0.3721315,0.57486045,0.2929181,0.06477406,-0.041617863,-0.29627234,0.070734255,-0.13369785,-0.2769011,0.023370884,-0.3226481,-0.26218536,0.020641265,0.21947604,-0.006556313,0.117496096,0.26099277,0.14431402,0.46119064,-0.066671595,-0.055874486,0.28110355,0.05064113,0.36222327
OAS1_0295,-0.8526829,0.28107047,-0.15923122,0.34448722,0.30062172,0.57445747,0.37348688,0.3470639,-0.32725114,0.28951576,0.061688576,-0.24008268,0.69012827,0.6256892,-0.82571864,0.31566185,-0.65831226,0.3514656,0.5744144,-0.69780093,-0.42455393,0.4932325,-0.2286834,-0.43908787,0.6803962,0.08840937,0.029015718,-0.30175853,0.3579623,0.31577346,0.51193655,0.49826717,0.35499302,0.083823174,-0.4109037,-0.10933383,0.048525084,0.33000812,0.095006764,0.40508625,0.47015634,0.85991424,0.23106617,0.2721463,-0.6270729,-0.11050873,-0.46575513,0.77480054,0.28816026,0.12807493,-0.45512387,0.2701887,-0.21176527,-0.37355903,0.15889604,-0.168339,-0.24835375,-0.3158283,0.3258552,-0.06414038,-0.40397736,0.17461343,-0.60737574,-0.11497091,-0.17839076,-0.0641177,0.24901694,-0.0029466287,-0.021662287,-0.23382716,-0.20730968,-0.19475465,0.21117051,-0.1579279,-0.7465198,-0.27543297,0.26634005,0.0868493,0.22901072,0.24515173,-0.040763807,-0.5790121,-0.16828543,-0.2785023,-0.35419324,0.07000583,-0.14425205,-0.031337157,0.041919865,-0.038062155,-0.011008538,-0.06225822,-0.1440292,-0.24610308,-0.11228832,0.26301223,0.0647572,-0.008034256,-0.343546,0.17168088,-0.14250897,-0.2763628,-0.09502761,0.15511581,-0.33594126,-0.1275781,-0.37997398,-0.46841407,0.059496675,0.25693613
OAS1_0296,-0.41606247,0.12306342,-0.19879636,0.051695596,0.5146582,0.41603535,-1.020228,0.31632704,-1.5074831,-0.41051272,-0.07151402,0.73492444,-0.28203893,0.8478462,-0.63887805,0.03244713,-0.5010332,0.42662656,0.5256158,0.3298923,-0.06860538,-0.45917395,-0.037206415,0.09442819,-0.24799865,0.50585353,0.124306135,-0.46222538,-0.8651906,0.50131583,0.33916593,0.494167,0.14208953,-0.064277716,0.037149627,-0.4316066,0.12135094,-0.017738678,0.15571725,-0.6841617,0.25053558,-0.07795106,-0.064736396,0.37519678,0.18272085,-0.2613464,0.3647608,-0.16683532,-0.0075381626,0.03971463,-0.28174153,-0.278669,0.10647408,-0.40458977,0.00208976,0.016839229,0.37910655,0.40214536,-0.3752651,0.11669288,-0.3094987,-0.25979993,0.14896312,-0.26750392,0.38528898,0.23009622,-0.13313964,-0.008544409,0.06355406,-0.24920999,-0.39576167,-0.065482855,-0.15763547,0.13369502,0.14994928,-0.23638877,0.13363919,-0.5720298,0.19905439,0.20313421,0.12978566,0.37562126,0.3523417,-0.0814616,0.27779815,0.14448954,-0.055114828,-0.13054319,0.29492366,0.22859012,0.055734113,-0.15693152,-0.3000836,-0.16342449,0.075700656,0.45733145,0.019750793,-0.35723403,-0.09087492,0.37750185,-0.2254096,0.23683366,-0.46705514,-0.15888354,-0.15311988,-0.47802505,-0.03505285,-0.26492044,-0.2608987,-0.058664065
OAS1_0298,0.50318944,0.6737181,-0.9657316,0.20711215,-0.005242745,0.67718977,0.35476714,-0.39423242,-0.3317955,-0.12330653,-0.015663728,-0.41487816,0.42635956,0.3469705,0.19126718,0.37417173,1.0164049,-0.24213374,0.68824893,-0.42534393,0.44987568,-0.35074368,0.016493859,-0.34198293,-0.3231564,0.35079074,-0.6801376,0.30216002,-0.75326705,-0.5080256,0.20209135,0.2058034,-0.3118777,-0.16531004,-0.31953287,0.116692945,0.2521168,0.42353594,-0.36278293,0.5537833,0.020576574,-0.20763369,-0.081245095,0.3758031,0.43078294,-0.21937172,0.080477364,-0.39407977,0.22672123,0.2768879,-0.0027709675,0.21662194,-0.4684953,0.31738576,-0.31335202,-0.114751264,-0.36236158,0.3728728,0.09143127,-0.11625727,-0.29114512,0.35014057,-0.33098882,-0.18079583,0.1519642,0.089854404,0.57578266,0.00823382,-0.31668442,0.2579937,-0.5811896,0.4041712,-0.15230228,0.56559676,0.006194275,0.14157449,0.57123125,-0.10882031,-0.62850463,-0.20977768,-0.26849824,0.10268503,0.055508308,0.34589264,-0.68789494,0.19900237,0.18700357,0.10328895,0.3786045,0.107129574,-0.26414397,0.13448757,0.13395908,0.15752122,-0.24289407,-0.19404955,0.324547,0.15996192,0.193206,0.28159738,-0.240698,-0.5557318,-0.044120174,0.051519576,0.23464848,0.14566688,-0.40338454,0.19961256,0.055487543,0.12054584
OAS1_0299,1.5512415,-1.0620769,-0.7094018,0.6798705,-0.83548903,-1.1850129,0.60373133,-0.078816906,0.73749113,0.38460404,-0.23772788,-0.5334269,-0.21021192,-0.3858908,0.14984396,-0.014549234,-0.18311638,-0.022076065,-0.06162849,0.363388,0.1167488,0.31904063,0.42894056,-0.038060874,-0.41854098,-0.07134538,0.8549859,0.25783724,0.12987447,-0.15957284,-0.3645677,0.023066448,0.23433195,-0.7957054,0.25883195,0.2505842,0.40580454,0.4226241,-0.34303167,-0.2661674,0.18028444,-0.04834663,0.4800144,-0.6844503,0.072900824,-0.22812463,0.21296158,0.17775458,0.029095577,0.28458315,-0.51278913,0.020286258,-0.06342461,-0.4270471,0.77636427,-0.021395348,0.38071856,-0.37069404,0.65726244,0.3806233,-0.34433696,-0.22450227,0.03738855,0.16927105,0.6739948,0.43582484,0.08949387,0.46386266,0.5146077,-0.19650012,-0.19988842,0.28844813,-0.417628,-0.3031467,-0.22926025,-0.5951256,0.06046281,-0.24615648,0.17637001,-0.008510126,-0.06656081,0.17956181,0.4214484,-0.06353,-0.15584324,0.06812508,0.13426481,-0.07148923,-0.099506184,-0.14479814,0.25886178,-0.118905865,0.5653892,0.10311408,0.2776134,0.21734983,0.29901403,-0.35989034,-0.05095864,-0.44153938,-0.2934329,-0.18050735,0.39589953,0.0003282871,0.063706875,-0.4406858,-0.018988248,-0.0338431,-0.41888642,-0.07303248
OAS1_0300,1.5057601,-1.2929008,-0.2601215,0.5991019,0.6926104,-1.2171825,0.7388034,0.34919035,0.25372612,0.9900776,-0.50271577,0.051240865,0.3522364,-0.9198975,-0.34918275,-0.5965465,-0.58895135,0.07395608,0.6465911,-0.5166815,-0.033614032,0.66410416,-0.65884155,-0.48302445,-0.21763113,-0.22117706,-0.09765276,-0.16482197,0.3062259,-0.41201615,-0.5319801,-0.6460797,0.49955538,-0.0811651,-0.21525238,-0.3578855,0.38332167,-0.33000132,0.3791727,-0.65938544,-0.3066924,0.18812646,0.2938499,-0.5444987,0.16816923,-0.22604036,-0.40195176,-0.7573046,0.0028827747,-0.029344175,-0.18191685,-0.15455699,0.39255947,-0.16698566,0.5544241,0.13047336,-0.023006385,0.18508834,0.15604284,-0.40748668,0.26928273,0.05307444,-0.2575791,0.64853704,0.28149626,-0.22993965,-0.018656444,0.4212347,0.48694196,0.22832988,-0.14583026,0.3513084,-0.27687305,0.22942989,0.675343,0.3538114,0.330203,-0.023313398,-0.57150674,-0.10680711,-0.0819565,-0.26639688,-0.3822668,0.16090927,0.19603613,-0.16816783,0.18122883,0.52426314,0.045509048,0.16592768,-0.50517017,-0.58706725,-0.3985283,0.1888829,0.47959778,0.28924608,-0.51494247,0.45293882,-0.36678377,-0.31050077,0.15812908,-0.47681352,-0.4240203,0.43793136,-0.13895279,0.048377108,0.17153524,-0.1279182,0.4875591,0.29283023
OAS1_0301,1.1729239,-0.18395734,0.06239777,0.39506164,0.67884415,-0.19718228,-0.7956816,0.71447647,0.41934246,0.6952488,0.53455526,0.22939147,0.18473491,0.26512027,-0.18519105,-0.0036993683,0.39188763,-0.53076804,-0.9496851,0.21895307,-0.0013077933,-0.18207099,-0.079516515,-0.15782355,-0.20782693,-0.6320258,-0.12872759,0.65219843,-0.14583327,-0.08691199,0.15588272,-0.2957625,0.43674898,-0.1916099,-0.3231709,-0.33840638,0.4806518,-0.8318325,-0.6993326,0.20398198,-0.010391074,0.6632566,0.069901444,0.2325939,0.28552487,-0.21304029,0.39201522,-0.14526577,0.3645747,-0.11549372,-0.18525842,0.5513209,-0.1632381,0.5256023,-0.34863043,-0.35261512,-0.4002024,-0.057344053,-0.22995186,0.19702753,-0.1340364,-0.10030252,-0.4390642,-0.5307383,-0.060025577,-0.20507671,-0.21970153,0.65483594,0.41450098,-0.43956572,-0.59217066,0.18696524,-0.25971985,0.230337,-0.25344244,-0.046205558,0.22280495,0.7204523,-0.4625241,-0.24111006,-0.46885052,-0.22960186,-0.3137868,-0.28227988,-0.59464437,0.21301256,0.3912932,0.11674763,0.042820554,-0.4556299,-0.038419314,0.21918988,0.019358639,0.26228222,-0.04602091,-0.18959501,-0.51998985,-0.29905432,0.12122129,0.17890804,-0.29485184,-0.2171029,-0.1192348,-0.32153824,-0.6802851,0.32675824,0.17213936,-0.11132444,-0.06352363,0.114471845
OAS1_0302,-0.40139538,0.31921482,0.49109277,-0.074796684,-0.24713457,0.8175277,1.382827,-0.057043437,0.25452176,-0.62449855,0.4329214,-0.21973637,-0.25823936,0.013310968,-0.14795382,-0.7261202,-0.26831934,0.6280623,-0.006678643,0.2666758,-0.30999458,0.1728938,-0.44388777,-0.013922823,-0.3330166,0.19637568,-0.701162,-0.35126248,0.16730848,-0.26195198,-0.43192807,0.49627587,0.069166355,0.30021253,-0.10662051,0.20256986,0.36957255,-0.62030387,0.27032602,-0.13058054,0.14974406,0.057594877,0.055138934,-0.4005644,-0.53195256,0.0418134,-0.025137393,0.23748216,-0.18593214,0.34692487,-0.16464968,-0.204553,0.5851587,-0.18239406,-0.21633354,0.05979175,-0.82055455,-0.5236727,-0.43671998,0.087199956,-0.36107856,-0.28020906,-0.46320513,0.2489404,0.10837835,-0.29138336,-0.19975008,-0.07405629,0.48617697,0.112360515,-0.113762766,0.07003975,-0.4045739,0.24078938,0.14764422,0.0344637,0.1385373,-0.13798924,0.09253319,-0.23840992,0.16199903,-0.50859827,0.08672502,-0.15336853,0.15094946,-0.23405288,-0.37773454,-0.11066093,0.27302387,-0.08180818,-0.28073412,0.25510147,0.23999472,-0.23092046,-0.13679838,-0.29231197,0.15405634,0.2474576,0.14131908,0.19027777,0.2577827,-0.3308163,0.001552209,0.09918942,-0.31327984,-0.24265483,-0.27464065,0.15854801,-0.31918162,0.04562479
OAS1_0303,-1.0064689,0.35740915,0.10371248,-0.014557185,-0.61791366,-0.007316776,-0.018100707,-0.14802274,0.3708535,0.82866234,-0.53409636,0.17552948,0.4499519,-0.46361813,-0.09778418,0.9242778,-0.31389764,0.31536037,-0.76319087,0.17426322,0.01515768,-0.24266385,-0.20736255,-0.47125304,0.4396926,0.4283447,-0.25553775,0.4360166,-0.038235053,0.2801744,-0.47990394,-0.6482338,-0.102235384,0.310856,0.10739417,0.195893,0.07501266,0.07827902,0.31292766,-0.08105993,-0.45624566,0.22529897,-0.16801633,0.30167535,-0.1499893,-0.32229498,-0.19834518,0.15148818,-0.19642182,-0.08835072,0.4113061,0.3078238,-0.050141316,-0.19864538,0.107982494,0.41585577,-0.034263346,-0.42363775,-0.11847393,0.98330903,-0.34818244,-0.4714217,-0.68364775,0.18762368,-0.03815254,0.34644875,0.47691587,-0.29793185,-0.6438033,0.1208321,-0.6104313,0.56505954,-0.028192952,-0.36238927,0.15225887,-0.06561757,-0.8785229,0.04235346,-0.050076522,-0.34837788,-0.01523575,0.17401667,0.27569762,0.143214,0.111637376,-0.13387902,-0.21862985,0.5597693,0.06254939,0.2130693,-0.43400684,0.094414316,-0.06402812,0.16228653,0.35006917,0.39053696,-0.31165043,0.071897246,0.017008908,0.4039366,0.017792653,0.08990984,0.25975195,0.11763081,-0.085763186,0.19377126,-0.08232585,0.11748675,0.44986066,-0.5448424
OAS1_0304,1.4105706,0.2637458,-0.07485797,-0.2101545,0.053288653,-0.1904472,0.9587409,0.114529,0.6044099,-0.2914702,0.7915694,0.6899525,0.17555538,0.3367925,-0.22800404,-0.4623564,-0.31967235,1.0171285,-0.18474074,0.007818889,0.3623893,-0.12851393,0.5169406,-0.82056797,0.47796136,-0.49708128,0.05877209,0.80188173,-0.022739733,-0.12371023,0.14637604,0.43316355,0.7200265,-0.29441294,-0.254403,-0.5651914,0.08896978,0.38862446,-0.24144496,0.40209562,-0.37198928,0.088915326,0.106594354,0.49120453,-0.08969732,0.23121427,-0.1152375,-0.067014344,-0.22274329,-0.18654437,-0.028855111,0.24326898,0.66510075,0.50507957,-0.18920706,0.47794658,0.3791887,0.14422354,0.03599822,-0.32829896,0.15802445,-0.31195286,0.12517703,0.32078987,-0.045211423,-0.7489848,0.1737904,-0.10349845,0.27534696,0.078506224,0.39450753,-0.12028355,-0.10087741,-0.13290247,-0.68869495,-0.07672028,0.10061767,0.4769887,0.21556425,-0.40061405,0.29702404,-0.08600979,0.05169879,-0.25990942,0.113745935,0.11477801,0.30360034,0.122164935,-0.17477183,-0.12261191,-0.13595872,-0.021784283,0.5595662,-0.095348015,0.15096189,-0.08635795,-0.05674215,0.048335966,0.50599015,0.1626383,0.4432327,0.47307977,0.061543174,-0.28150585,-0.23767325,-0.47854412,-0.055494934,-0.035686262,0.09700234,0.1002944
OAS1_0305,-1.2438182,-0.21874434,0.3217982,0.13561165,-0.22022213,0.17281435,0.35970455,-0.5552786,-0.11582727,0.3595394,0.24243845,-0.6798054,-0.33066913,-0.2723256,-0.080661185,0.16364259,0.29114407,-0.20826736,0.3837059,-0.61629766,-0.13257687,0.69379514,-0.2663981,0.08769406,0.0046322574,0.55111384,0.23609826,0.28772548,-0.43641117,-0.6513643,0.7508564,-0.058430064,-0.18048754,0.08324215,0.14882345,0.3064239,-0.15489833,-0.31772056,0.20301744,0.20554361,-0.3345585,-0.23926382,-0.14386056,0.4601857,0.18518722,-0.10973806,-0.36202514,0.53116983,0.35956308,-0.028135624,-0.170429,-0.44227368,0.22705784,0.6298151,0.36969838,0.17823389,-0.049634546,0.4883407,0.12931964,0.47499663,-0.028692128,0.13974962,-0.24114329,0.11043547,-0.64244515,-0.17648111,-0.28968143,0.23790953,-0.105741456,0.075325914,0.065342486,0.21599558,-0.11303815,0.14524671,0.19563812,-0.122311816,-0.420516,-0.15865792,0.23572534,-0.19344702,-0.4258058,-0.316966,0.46929315,-0.107735895,-0.14665052,0.07922478,-0.024398826,0.17031308,0.13651982,-0.2551764,-0.15854368,0.46981084,0.16458517,0.41895014,0.09392821,-0.29569542,-0.69969636,-0.3377961,-0.015399649,0.62921077,0.3093796,0.44726282,-0.028937863,-0.44719294,-0.13942315,-0.059101254,0.14712438,0.12987804,-0.23784754,0.013850505
OAS1_0307,1.6992096,0.4138311,0.51336235,-0.018347068,0.5471922,-0.22251554,0.09610164,0.31897533,-0.3817686,0.67491156,0.10211086,0.018704902,-0.41648957,0.15224671,-0.2448379,0.0600223,-1.1713741,-0.39364818,0.5511917,0.3737438,-0.44378775,0.5298821,-0.15506189,0.21932746,-0.017876912,0.005210237,-0.48732743,0.515549,0.7198414,0.05036477,-0.34579277,0.7464093,0.1789839,-0.19597511,0.27598494,0.43219438,-0.08656899,-0.050426863,0.18093647,0.07993589,-0.25516456,-0.3176476,0.023829672,0.05515766,-0.07769623,0.46147048,0.12975076,0.41100568,-0.8353987,-0.047054067,0.43071786,0.8741697,-0.22951944,-0.09231637,0.64943254,0.3425485,0.23693551,0.4260703,-0.18072426,-0.14148048,0.5163477,0.020388512,-0.31651917,-0.14073214,0.21790193,-0.28204703,-0.076964416,-5.675145e-05,-0.22866097,0.6978098,-0.13474692,0.078056,-0.29873127,-0.23486602,0.41042954,-0.060013562,0.11823085,-0.3568259,-0.29255706,-0.07999153,-0.45480853,-0.3361253,0.19134416,0.3196968,-0.2368764,0.41294938,0.2775407,-0.032586705,-0.38824147,-0.37971655,0.3070185,-0.38560003,-0.19801356,-0.08889391,-0.09096288,-0.53534603,-0.21584788,-0.12939699,-0.2358344,0.20161283,0.15084678,0.40369743,-0.5907941,0.120900646,0.44083515,0.06529909,0.08077964,-0.14234017,0.07145691,-0.15079416
OAS1_0308,0.67296,0.6046737,0.097921126,0.01835444,0.5412082,0.11410909,0.45668656,-0.16276464,0.060393684,0.022702172,0.23960659,-0.013473871,0.044491388,-0.037693724,-0.6183101,0.30245054,-0.17038153,-0.597474,-0.37709963,0.20320557,-0.4620522,-0.3752233,0.2941943,-0.19556525,-0.2063616,-0.11523872,-0.44166037,0.08299967,-0.43643287,0.6293717,-0.21212211,0.5499145,-0.29620132,-0.5740248,0.73667055,0.51913345,-0.20355555,-0.120747276,-0.29231307,0.33401093,-0.05131261,0.13491656,-0.013255864,-0.20617133,0.30995256,0.41704425,0.11165594,-0.4825868,0.5665883,-0.2005585,-0.7203017,-0.17399833,0.24012506,-0.08971677,0.06806971,-0.08005888,-0.5938303,-0.0207726,-0.45599636,0.0827161,-0.07859783,-0.104965314,-0.102852456,-0.23440345,-0.023473129,0.5163982,-0.74835366,0.45443058,0.29533187,-0.08868584,-0.39474502,-0.13177921,-0.028216442,-0.4132157,-0.059953284,0.14685825,-0.24692859,-0.20174101,0.039095633,-0.5156352,0.25835514,0.25929573,0.20672947,0.19490433,-0.38068733,0.060838435,0.2334362,-0.38101864,-0.05153947,0.5136786,0.43826193,-0.7565229,0.3650136,0.3526275,0.38582975,-0.011183436,0.99101543,0.10039767,-0.3427936,-0.3763697,-0.12002938,0.020745188,-0.039087836,-0.40162346,-0.28904185,-0.10608331,-0.23475058,0.10217955,-0.08306266,0.038498636
OAS1_0309,-0.016805809,0.91523427,-0.43912664,-0.8364063,0.10137927,-0.09310727,-0.79543966,-0.30381235,1.0815387,0.40663955,0.3214183,-0.44417018,0.2173966,0.13574566,0.030872615,0.516285,-0.116592474,0.67477113,0.0610148,0.47726825,-0.08626523,0.23726423,-0.0019162493,-0.9180914,-0.16342755,-0.18824233,0.27756995,0.16123737,-0.5207511,0.107595585,-0.54302907,-0.03919611,-0.24543397,-0.2502411,-0.38017803,0.44833118,-0.25501776,-0.40132833,-0.19214424,-0.116619125,-0.2008536,-0.32657036,0.6136742,0.09928134,-0.3616472,-0.57060343,-0.0019802118,-0.3617637,0.15438963,-0.6286607,0.29598832,-0.23288578,-0.046135403,0.14665055,0.0736876,0.12712593,0.75847715,0.15225033,-0.34149414,-0.44018146,-0.106446944,-0.027590958,-0.23864646,0.10037383,-0.3204242,0.36864695,0.28492945,0.2987255,0.5002686,-0.22465499,-0.036126938,-0.010429538,-0.12221933,0.30743596,0.07763095,0.17967665,0.16554381,0.18600504,0.44311672,-0.18008494,0.033064805,0.050379004,0.3965008,-0.12281544,0.13878009,-0.29548055,-0.04594654,0.040938918,-0.21437362,0.3209523,0.04257874,-0.010876049,0.0776699,0.11072204,0.07630392,-0.17471763,-0.30818892,-0.27315196,-0.13698022,0.1002909,0.277912,0.399328,-0.42456368,0.31691474,0.663734,0.010371257,-0.1973236,-0.45515424,0.20225173,-0.30952677
OAS1_0310,-1.2311517,0.04978777,-0.08953982,0.55359,-1.0452596,0.47834408,-0.27808404,0.33625558,-0.38386413,0.6534693,0.8214863,0.26829293,-0.25351295,-0.5371806,-0.42653447,-0.17843823,0.2135916,0.31291702,-0.60191387,0.13118713,-0.13376965,0.10934468,-0.0027061552,0.37329242,-0.53745246,-0.10519954,-1.0304177,-0.58045113,0.094269134,-0.31523827,0.018365778,0.2235548,0.027219247,-0.22347735,-0.092214584,0.3052587,0.4081527,-0.80755705,0.10036476,-0.40460792,0.046187565,-0.15030962,0.05311781,0.1529721,-0.12183849,-0.013792545,-0.03017123,-0.3868987,-0.26535437,0.29078802,0.07504153,0.27236867,0.24680987,0.004937256,0.077009626,-0.5985527,0.028288024,0.10478543,0.38574648,-0.022021806,0.05496882,-0.12268708,0.44605887,0.066223525,-0.3720553,0.2678347,-0.0942292,-0.45920447,0.0056167366,0.13542931,0.60972613,0.14233463,-0.34699222,-0.42261645,-0.22115093,-0.39322186,-0.45449814,0.32502732,-0.17984118,-0.22758722,0.11215566,0.3034582,0.21985722,-0.1667955,-0.29458487,-0.32604313,-0.056857996,0.010326531,-0.31726602,-0.38120076,0.1597633,-0.4480533,-0.28851172,0.34149736,-0.23164515,0.41545278,-0.89002967,0.17985383,0.21865062,-0.22150403,-0.28357053,0.046832275,-0.066198945,0.21214817,-0.36331722,-0.057321645,-0.27290097,-0.56375366,-0.588148,-0.21764292
OAS1_0311,-1.2822815,-0.87431,0.24079409,0.28887427,-0.33004963,0.47567225,0.29164064,0.046562064,-0.37776223,0.009437219,-0.34926358,0.53993696,-0.35745952,-0.12873223,0.32614428,-0.4333217,0.014961634,0.02847201,0.20555274,-0.7262841,-0.77857167,-0.31579822,-0.6697598,-0.32739925,0.21744804,0.12925874,0.3620851,-0.8125457,0.14222494,0.23041041,0.91290295,-0.12593724,0.50798965,-0.5015218,-0.29467624,0.059317198,-0.15731609,-0.030484619,-0.42852128,-0.017099457,0.06194428,0.35879394,0.22608665,-0.29760796,0.0031924616,-0.1292915,-0.07249811,0.2962385,-0.08079527,0.5890162,0.14236146,0.5426102,0.13795774,-0.47172838,0.4726462,-0.28712893,0.2006407,0.15677202,-0.21974143,0.53491175,0.5186942,0.14507505,0.38418803,-0.008061709,-0.22580221,0.4377377,0.52140623,0.7808965,0.06516452,0.097137585,-0.04159577,-0.08845718,0.21306986,-0.00015096659,0.052071415,0.07883244,-0.1821568,0.17610098,0.12902802,-0.246996,0.49220875,0.33112156,0.09356938,0.24023436,0.475712,0.11280103,-0.2231761,0.0848256,-0.032024987,0.020698708,-0.14732046,-0.3950757,-0.27816287,0.00021126131,-0.32262602,-0.1184236,-0.41571888,-0.28948623,-0.4839479,0.14497638,-0.2803536,-0.4607084,0.010508545,-0.18552141,0.19061148,-0.069806986,-0.101980165,-0.37729537,0.11534549,-0.058967862
OAS1_0312,-0.051427234,0.8576514,0.3586105,-0.0043473113,-0.38736218,0.12960225,0.20777224,0.47359046,-0.22766507,0.8492869,-0.12697205,-0.66424817,-0.63847184,-1.3181146,0.43737206,-0.33617416,0.32721403,-0.53984505,0.17935425,-0.114124864,-0.16647834,0.2648839,-0.20067549,-0.38959455,0.0059992797,-0.06890478,0.011929804,0.18612581,0.26665068,-0.20732184,-0.04947103,0.4458939,-0.5252524,-0.4176853,0.29409137,-0.6608228,-0.19461805,0.6350554,0.050519574,0.22224794,0.17993067,-0.28322446,-0.26133132,0.40769532,0.113413796,-0.27481025,0.09185993,-0.28099397,-0.32819995,-0.24719925,-0.06533776,-0.35125482,0.14477204,0.030308831,-0.26224664,0.5775237,0.44548753,-0.042376313,-0.44464204,0.48467144,-0.36748308,0.036839526,0.23186752,0.026049223,-0.023170065,-0.41218665,0.04781183,-0.35592172,0.7554232,0.29612532,0.1772559,-0.18378286,0.31946397,-0.06425772,-0.35642004,0.090922095,-0.25673464,0.13714294,-0.46347934,-0.13498382,-0.13836324,-0.18008922,0.19688068,0.25948748,-0.10117193,-0.30415553,0.3075779,0.1609896,-0.29939032,0.2355367,0.044983342,0.08485463,0.2927082,-0.047392488,-0.4424012,-0.6757887,0.028345212,-0.19182093,-0.024163328,0.4759959,0.040870097,-0.1366298,-0.26595888,-0.059510432,-0.3361163,0.2356334,-0.074351214,-0.04286658,-0.45948553,0.35155958
OAS1_0313,-0.9858946,0.2935819,-0.6241075,-0.25591677,-0.38749662,-0.92993003,0.15005417,0.20892851,0.08189911,0.6606609,-0.2539396,-0.38828877,-0.15588947,0.45765153,0.41632226,0.30843362,0.07438797,-0.27859354,-0.009086119,0.20051868,0.24869496,-0.44973567,0.4624666,0.2288029,0.4748327,0.14086427,0.88655496,-0.45089936,0.5541316,-0.49450102,0.4935952,-0.6536728,0.009978993,0.23590605,-0.16098922,-0.4415067,0.077912994,-0.12385923,-0.110945314,0.34028178,-0.4457296,0.37143496,-0.5278034,0.37132323,0.33926508,-0.80241066,-0.27143234,-0.3256777,-0.47855285,-0.38558784,0.07258941,0.03126492,0.19975708,-0.3789217,-0.20257322,0.24543814,-0.18306844,0.9584375,-0.028640268,0.17751269,-0.02782224,-0.25795874,-0.4385883,0.98546755,-0.031789668,0.12405433,0.40316814,-0.4417855,-0.1753482,-0.21532258,0.1491317,0.12145382,0.39463264,-0.3771049,-0.06580154,-0.2592005,-0.8191075,-0.17876513,-0.057974417,-0.20888534,-0.57113296,0.5180339,-0.0955369,-0.6647504,0.071561,-0.033837568,-0.3331318,0.25135812,-0.09800542,-0.31975672,-0.2794547,0.46221703,0.08505588,-0.043682776,-0.322038,0.39508227,0.1777596,-0.17422803,-0.20737615,0.06717874,0.053129755,-0.13882215,0.019721266,0.18172394,0.12930138,0.2150427,0.3779168,0.14594653,0.10485156,0.015574034
OAS1_0314,-0.8751881,0.36896598,-0.6756898,-0.12729552,-0.3205726,-0.021392547,-0.123754025,0.17970094,0.16161907,-0.68107736,-0.13563342,0.03975302,-0.1835397,-0.04584843,-0.43509042,-0.6758926,-0.32635498,-0.49674264,0.047276944,0.15529922,-0.17706509,-0.07428588,0.3572357,0.34390032,-0.08535742,0.1753776,-0.24384724,0.16283043,0.04346578,0.95692,-0.37826586,0.21446818,0.5314861,-0.1971316,-0.10133378,0.32299742,0.5978874,0.7432357,0.0064213783,-0.26696092,0.28611505,0.17884834,0.27234605,-0.2561819,0.23461957,-0.24228905,-0.23833142,0.4895612,-0.38043866,0.20461565,0.30748048,-0.30949712,-0.08920385,0.4107159,0.19229373,0.17454481,-0.04369919,-0.27773637,0.28667286,-0.22552958,-0.07203107,0.1613548,-0.20601253,0.3119766,0.018068165,0.085631326,0.10556994,0.4847229,0.17674471,-0.19295752,0.20286879,0.37186754,-0.07423939,-0.29819998,-0.5144204,0.15525396,0.053505905,-0.3252153,0.2399055,0.14458257,-0.3269117,-0.067522295,-0.6480253,0.24847688,0.00018992135,0.8611267,-0.2511344,0.43995404,0.8724863,0.21078008,-0.10668725,-0.2871994,-0.31529567,0.12676579,0.33378047,0.06557562,0.26829848,0.03342645,0.02743234,0.027730329,0.37298495,0.28866217,0.34420064,0.13576947,-0.0041252854,0.23878612,0.15531418,0.15146096,-0.119953714,-0.26045024
OAS1_0315,0.9290478,1.2024364,0.6102162,0.048270848,-0.0002772664,-0.09025719,0.12893283,-0.15209553,0.11265873,0.04827507,0.0033866619,-0.35935023,0.19207323,0.339708,0.00093939755,-0.5839551,-0.3891009,0.42476484,0.7221377,0.26052716,-0.4745202,0.24545185,-0.43805194,0.23384552,-0.1248033,0.49473536,-0.17053467,-0.20448422,0.025110822,-0.0691623,0.21713088,0.15612161,-0.65457875,0.095987014,-0.17648783,-0.3025781,0.15212038,0.063878775,0.0956987,0.67873734,-0.8768426,-0.1470044,0.23635815,-0.07142195,0.32900694,0.32609752,-0.3015938,-0.05192798,-0.29967973,-0.3484133,-0.45887104,-0.0048459955,-0.4095076,0.1365419,0.5191124,0.4250865,0.020684559,-0.5562737,0.052896846,0.43374977,0.2598633,0.12277899,-0.28536192,0.03783594,0.11248822,0.108446136,0.11131642,-0.31059593,0.35452452,0.16788857,-0.0656827,-0.5139238,0.235984,0.24461615,0.72974825,0.29434398,0.10758368,0.21341783,0.4138021,0.009813056,0.08887784,-0.17019431,-0.30429846,0.6862627,-0.1511602,0.0155166015,0.5090506,-0.2660459,-0.11463919,-0.24667983,-0.35606265,0.14274096,0.061513923,-0.09503587,0.14644049,0.08336542,0.25990254,-0.23443799,-0.27440706,-0.16371879,-0.32140785,-0.09181627,0.27883172,-0.038610417,-0.24615763,0.17398565,-0.048121035,-0.31643808,-0.08067513,-0.61452067
OAS1_0316,1.5984213,-0.86469465,0.4249359,0.34270883,0.55727243,1.07491,-0.2853556,0.5631734,0.4364618,0.05573444,-0.093196735,0.9265432,-0.37030435,-0.32119676,-0.5374487,0.5508322,0.2254758,-0.18217577,-0.04383673,-0.14826137,-0.33890852,-0.3130777,-0.5134228,0.037928414,-0.54578704,0.70127285,0.24330816,-0.19896661,0.73948354,-0.19218713,-0.023039497,-0.4864088,0.24900208,0.549852,0.017554518,-0.01689303,-0.36693394,0.7960115,-0.083064996,0.8172087,-0.17314893,-0.29038545,0.24813132,0.17890674,-0.058012374,-0.56166637,0.043911513,-0.15414442,-0.22618881,0.20043544,0.17046197,-0.30366254,0.11786859,-0.0731793,0.41594332,-0.25797296,0.57698214,-0.16936032,0.16148545,-0.35684857,-0.2873282,-0.17791358,-0.10069537,-0.11061648,-0.058452133,0.15408982,-0.24685064,-0.019442204,0.14316083,-0.09138442,0.0148860095,0.36214826,0.5179975,0.22677219,0.51262856,0.052676648,0.21885952,0.03127076,0.42765895,0.12569097,0.45120063,-0.17358819,-0.21233441,0.0044801664,-0.26065826,0.06397744,-0.11340755,-0.056870323,-0.2001094,-0.07771377,0.31403205,-0.528185,-0.25466347,0.40264782,0.41894358,-0.5987397,0.4652556,0.24354783,-0.042410318,0.286045,-0.15766706,0.13757785,-0.6995107,-0.29670915,-0.0924878,-0.5587668,-0.3545556,0.20168607,0.51784945,0.12009623
OAS1_0317,0.8928561,0.8774208,0.9762282,0.039589,-0.6385358,0.25537616,0.01710927,-0.41273242,0.38678262,0.24005108,-0.44264102,-0.66895723,0.025357125,-0.09618722,-0.626395,0.27062663,0.017497314,-0.03369832,0.55049586,-0.050756667,0.0075169797,0.656258,0.5181356,0.114104934,0.34369707,-0.35564813,-0.49485984,-0.6284662,0.008394687,-0.5134464,0.58621156,-0.05041893,0.20710474,0.08103429,-0.007908151,-0.050753787,0.027891394,0.23269555,0.0821083,0.32839653,0.5874957,-0.13864528,0.009438199,-0.0013512874,-0.11562841,-0.52689916,-0.31796905,0.08575164,-0.58854234,0.6517653,0.031268783,-0.097521506,-0.026975041,-0.4535132,0.38019952,-0.02811883,0.17890038,0.27096796,0.15039149,-0.37069812,-0.07866707,-0.18879052,0.3468351,-0.50776815,-0.093986765,-0.49264577,-0.242854,-0.35557058,0.7906322,-0.42286122,0.037508577,-0.2505339,-0.26402673,0.24738361,0.5572955,-0.31368703,0.26695302,0.3430808,0.14376761,0.018353464,0.36490944,-0.038016483,-0.09088221,-0.045778427,0.46550816,0.12611097,-0.2807454,-0.3212134,-0.37056068,0.03903584,-0.404666,-0.1771012,0.36061305,-0.26017284,0.21677683,0.09980632,-0.5735931,-0.07429579,0.16904365,-0.18222862,0.046315398,-0.40068516,-0.25654414,-0.19539504,0.10602425,0.21713185,0.49456865,0.44866985,0.24261013,0.34019265
OAS1_0318,-0.6046031,0.83135945,-0.88510656,-0.17926982,0.27787945,-0.2595067,0.43698794,-0.91911554,-0.18386723,-0.52982676,-0.28697982,-0.21778245,-0.02529205,0.1197639,-0.7123779,0.4096181,-0.7838176,-0.43568078,-0.28036943,-0.3698153,0.20398939,-0.103358,0.33469906,-0.083847016,0.154548,0.3006451,0.30009323,-0.3521848,0.6714256,-0.11883524,0.2447486,-0.33256036,0.10423055,-0.019584687,-0.25365338,-0.72424126,-0.04150805,-0.16327159,0.26276058,-0.05495856,0.13871317,-0.22496288,0.41846508,0.12205133,0.10196874,0.02585188,0.0077560437,0.47071555,0.2170234,0.09979563,-0.06139348,0.26797926,-0.22851293,0.5771982,-0.32484835,0.045589365,-0.23792112,0.04523042,0.21830003,-0.31717178,0.444701,-0.6288441,-0.037801754,0.16179395,0.47402355,-0.07985229,-0.03820687,0.22388673,-0.49733254,-0.14995442,0.3733962,-0.0025148918,-0.4034002,-0.23110227,0.28897464,-0.14464748,0.67832965,0.13074093,0.31588057,-0.063673325,-0.14190206,-0.028221073,0.22480282,0.29375297,-0.16347949,-0.18780226,-0.20895644,0.17716011,0.28680396,0.29986212,-0.32931975,-0.022171533,0.19578469,0.26387677,-0.46345523,-0.1172007,0.585705,-0.054791857,0.03268972,-0.25369444,-0.2200039,-0.23465568,0.3101794,0.014617808,0.4362458,-0.38893527,0.121607125,-0.058400407,-0.022067443,0.7770964
OAS1_0319,-1.3726517,-0.33182383,0.8602905,0.83243793,-0.26045978,-0.21218784,-0.11509575,-0.34744292,-0.5795084,-0.22975855,-0.33783764,-0.33697203,-0.053476047,0.26309034,-0.052159008,-0.34154394,0.24014397,0.45319945,0.8276279,-1.0175054,-0.057588693,0.5680352,-0.28641516,-0.7246702,-0.0007187929,0.04616513,-0.17848904,-0.36226764,0.85151446,0.03618065,-0.106395096,-0.45631897,-0.13666408,-0.32108498,0.047023214,0.16358393,0.06695287,0.18968487,0.12141298,-0.12982124,-0.65813273,0.12252141,0.30656177,-0.09739458,0.1629357,-0.0050811023,0.10287795,0.26303318,-0.34124064,-0.6595428,0.19429593,-0.013732618,0.07344209,0.45913073,0.27834922,-0.4060487,0.09202223,0.26254487,-0.17139232,0.26296902,0.022059362,-0.34325284,-0.23029931,-0.24620712,-0.32221714,0.21801727,0.5340983,0.6118873,-0.12747529,-0.5506251,-0.39872703,-0.44397953,0.83606815,0.36489442,-0.40214294,0.16523685,0.15460421,-0.13354465,-0.48686162,-0.26588947,-0.40791282,-0.22335435,0.6688095,-0.4387542,0.11342485,0.11078753,0.043058503,-0.15013368,-0.349974,0.016738936,0.20356697,-0.11327434,0.21344458,-0.114291765,0.2928453,-0.4242038,-0.3373608,-0.020074308,0.22282577,-0.06392193,0.3440682,0.20722353,0.5230819,0.444376,-0.013217834,0.050357793,0.2963601,-0.2677508,-0.25378272,-0.25690114
OAS1_0321,-0.339575,0.086428344,-0.9518272,-0.7588115,0.030063204,0.5701718,-0.109229885,0.08537386,0.46725172,-0.060668148,-0.15633337,-0.215728,-0.2792114,0.09928602,-0.5193152,0.018343773,-0.031180052,0.46794957,-0.5619002,-0.28895688,0.15791404,-0.55936414,-0.4266474,0.49540094,0.3327182,-0.6080886,0.11133225,0.31105137,-0.94270754,-0.42064017,-0.23847875,0.14992107,-0.91825056,0.19579656,0.11407115,0.3745543,0.46634835,-0.14858407,0.15191936,0.46391127,0.102398135,0.05114195,-0.24047615,-0.35856232,0.010741711,-0.25641015,-0.17020963,0.25349155,0.10000486,-0.03237425,0.41807327,0.306046,-0.27976575,-0.5933408,0.043823134,-0.10962839,-0.3302717,0.34586143,0.41978726,-0.3956254,0.044109236,-0.021206426,0.54639137,-0.18197513,-0.06258271,0.2842717,0.026744803,-0.042605683,0.5221152,-0.13419522,-0.03937855,-0.083523214,0.17911115,0.06643793,-0.68623155,0.22137478,0.689493,-0.11336384,-0.036059868,0.3199789,-0.0043525384,0.06975313,-0.014700253,0.10313407,0.015625004,0.40114203,-0.22581139,-0.16336945,-0.26834667,-0.08383018,0.2540952,-0.11838471,-0.0657916,0.19235823,0.11420416,-0.123319216,-0.33953118,-0.018923543,-0.4388586,0.4059334,-0.35720944,0.57396835,0.22074685,0.2072964,-0.4606533,-0.11154125,0.20311648,-0.15047976,0.22903344,-0.23502298
OAS1_0322,0.21012451,1.2805152,0.44878867,0.82303447,-0.27178735,0.29230028,0.38442257,0.30691698,-0.07123916,0.9118726,-0.18783621,-0.030747088,0.8336833,0.09636072,-0.28627577,-0.1376725,-0.066203505,-0.5974185,0.22252136,-0.3365181,-0.24380146,0.24169639,1.1701069,0.14291283,-0.70446527,0.0047781635,0.3036469,-0.14181684,0.3912887,-0.06915042,-0.5327722,-0.021376155,-0.8094922,-0.17743658,-0.28086308,0.23781046,0.42665574,-0.55623615,0.0007557193,-0.00034459704,-0.2055288,-0.64928746,-0.33621135,0.192864,-0.44645503,0.5575472,-0.47191292,0.559515,0.10462047,0.060269434,-0.5381166,-0.33465934,0.060633987,0.02693905,-0.22840683,0.42945918,0.048126698,0.34656245,-0.13196297,0.095102794,0.34327874,0.47781208,0.09907349,0.059983343,-0.17189522,-0.2929303,-0.19874884,0.25290388,-0.09228402,-0.03944169,0.40783197,0.14474563,-0.02744217,0.32762018,-0.19551465,-0.12020447,0.44392827,-0.39687723,0.0024433977,0.6260685,0.086919695,-0.07875751,-0.011326475,-0.60344726,0.17992917,0.23052754,-0.22879936,0.28023636,-0.22945221,-0.18420725,0.15201636,-0.13794866,-0.3104467,0.3258766,0.19654833,-0.16900256,-0.34816116,0.5933035,0.03859248,0.17567319,-0.3985834,-0.08533193,0.09640746,-0.03946796,0.19826008,-0.047604475,0.023542436,0.11381067,-0.17852241,0.15747316
OAS1_0323,-0.9546757,-0.030046223,-0.21094675,-0.06085005,0.7091242,0.7547348,0.43901595,-0.32250306,-1.0787395,0.13464959,-0.42322335,0.16026805,0.15777995,-0.4720409,0.13666815,-0.29013747,0.9104905,1.089325,0.03933423,-0.38413602,0.27796584,0.10817655,0.19831587,0.4886845,-0.7464957,0.15739508,-0.34795326,0.6205106,0.07317847,-0.28084227,-0.14176548,-0.17492506,-0.092000976,-0.53001034,0.5612469,-0.21034147,0.14733206,-0.36488488,-0.05825867,0.5555707,-0.39574325,0.43035516,0.7009224,-0.45067984,-0.17330216,0.5578235,0.032100327,-0.09219522,-0.40644887,0.30486882,-0.106923975,-0.5801739,-0.42650303,-0.16704105,0.112305805,-0.6223922,-0.7821231,-0.13796176,-0.4028904,-0.11772782,0.75010943,-0.3830017,0.5834654,0.21789731,0.21724398,0.12882625,0.44547093,0.00662412,0.0333047,0.27762946,-0.27790388,-0.11053706,-0.5463476,-0.12842345,-0.02883669,-0.56178087,-0.18574026,-0.39556542,1.0497043,-0.47989985,-0.6407249,0.38967773,-0.38627785,0.16420887,0.4257849,-0.16704628,-0.090838954,-0.109617166,-0.40358478,-0.21162596,-0.11087307,0.06843505,0.08225801,-0.17721856,-0.37971687,-0.23284449,-0.11615366,0.0044086142,-0.021788096,0.15793015,-0.35055184,-0.2827331,-0.53974766,0.6559383,0.17752749,-0.24788652,0.08377716,0.41690212,0.348864,0.07396535
OAS1_0325,-1.3549265,0.29183048,0.7043129,0.4328945,-0.24288641,0.73356915,0.25353932,-0.13483086,-0.22127979,0.23481283,-0.8774828,-0.3304847,-0.22269784,0.34430775,-0.43567848,-0.37004542,0.30041873,0.015297092,-0.26554725,0.10331667,-0.1639636,-0.40532497,0.026484387,0.57669044,0.655504,0.42889568,0.69630545,-0.30538014,0.6328032,-0.180597,-0.25747904,0.6040568,-0.078956425,0.6153715,0.33328375,-0.27474612,-0.10089645,0.34761003,-0.061867476,-0.22918414,0.116500154,0.24069463,0.011384575,-0.14967503,0.012475958,0.34070855,-0.14496747,0.010964754,0.49659416,-0.1799393,0.4832709,0.111601315,-0.28632113,0.17849746,-0.20105346,0.24113528,0.11332341,0.2688363,0.5408458,-0.42823184,0.14051713,0.067508094,0.24582426,0.120712854,-0.16215827,-0.05029937,-0.20255989,-0.02586586,0.51937824,0.64169496,-0.20215844,0.63332105,-0.20271434,0.31768638,-0.5013539,0.092375025,-0.3455015,0.2609815,-0.021479327,-0.6850648,0.23573029,0.47021663,-0.2848891,0.22454633,-0.11192911,-0.1655594,-0.39179394,-0.2110135,0.56026614,0.1765885,-0.0068319817,0.074402034,-0.3630342,-0.26099363,0.05757956,-0.32024032,-0.5748681,-0.502457,-0.3771781,-0.46593207,-0.22935508,-0.041526124,0.044346742,0.040526234,-0.11136891,-0.22069232,-0.13024308,-0.28217113,0.17196673,0.23306239
OAS1_0326,-0.24911463,0.2628238,0.25089696,0.59567714,-0.66544926,-0.014900723,0.038998708,0.49592948,0.26974192,-0.24147205,-0.21481211,0.05346081,0.6353067,-0.39314607,-0.3900206,0.055263955,0.21847115,0.41448843,0.8219906,-0.049580943,-0.15453157,-0.12168419,-0.68138987,0.010336384,-0.2477198,-0.03700992,0.3773896,0.26329318,0.07817018,0.39407298,0.24021842,-0.2018221,-0.27579355,0.588351,0.3913048,-0.30075794,-0.2129792,0.6610648,0.088151194,-0.763623,-0.12554188,0.108744346,0.39059836,-0.65365744,0.19103865,-0.13228332,-0.07863098,-0.23565282,0.87789625,0.3479133,-0.17155941,-0.22390753,0.5700636,-0.035950463,-0.17384379,-0.070927665,-0.052018855,0.0753356,0.08045119,0.19057915,-0.16952375,-0.11259638,0.28038412,-0.17997256,-0.056148387,0.7145239,0.121715285,-0.103565656,0.15108402,-0.23144856,-0.2942691,-0.03145917,0.41640478,-1.0491247,-0.030422231,0.083415076,0.20955026,-0.16596073,0.066939674,-0.34819016,-0.3404229,-0.03654977,-0.27433422,-0.30081388,-0.058681272,0.5203953,-0.48655388,-0.21557806,-0.12327886,-0.8493452,-0.1541458,0.70348555,0.24766734,-0.22671819,0.16121635,0.03769777,0.060886107,-0.25945774,-0.06797322,0.13472603,0.40582573,-0.109763674,0.13712308,0.13487197,0.18091232,0.16249599,-0.49091458,-0.003771625,0.13547778,0.099062115
OAS1_0327,-0.020750012,0.57708967,0.23145358,-0.32970455,-0.38458693,-0.14941509,-0.25713497,-0.08182792,0.38042855,-0.38944468,-0.097169936,-0.7762844,0.52335936,0.944178,1.0567937,0.06702776,-0.27163526,-0.14389756,0.013772054,-0.62029004,-0.4992978,0.413367,-0.032383464,-0.90605545,0.15865128,0.05303081,-0.7257164,0.10478853,-0.2919384,-0.22242102,-0.26723826,-0.3467474,0.6665043,1.0982884,-0.13017529,-0.45823213,-0.033203088,-0.36307785,-0.34542263,0.023109898,-0.3133654,-0.14287275,-0.10359358,-0.108436696,-0.0033604514,-0.3008131,-0.17024598,-0.12916175,-0.21849456,-0.07136494,0.11931093,0.048091054,0.32001317,0.32929933,0.12790886,0.22671087,0.2812586,-0.29225466,-0.21615492,0.16724966,0.5915078,-0.8716982,-0.07370747,-0.45951566,-0.13936892,0.33623406,-0.03720454,-0.20286466,0.4401045,0.4219118,0.30803862,-0.21963966,0.22703798,-0.2143379,-0.18646236,0.5630169,0.36583447,-0.076616034,-0.21631779,-0.03680485,0.051274206,0.41043922,0.15601307,0.34981155,-0.026695687,-0.12878886,0.124773666,0.16076775,0.08070974,-0.24592929,-0.10293143,0.19796784,-0.16120338,0.01950307,-0.3562628,0.20538719,-0.11582854,-0.35372016,0.17617497,-0.20292054,-0.2610701,-0.41443327,0.14031905,-0.22334906,-0.07355825,-0.23592615,-0.26123428,0.4156547,0.099211715,0.10278669
OAS1_0328,-0.92263806,-0.4275905,0.19751026,0.32090288,0.8609991,-0.095661305,-0.00039772928,0.88304204,-0.032164723,-0.11723059,0.73223,0.23245806,0.1254892,-0.29502454,-0.3767953,-0.024812492,-0.88552827,-0.6490818,0.34091887,-0.2419754,0.49458236,0.4055776,0.39360744,-0.33649307,-0.5948632,0.024448039,-0.00090106076,-0.2741901,-0.44053432,0.24295221,-0.42218992,-0.18644677,-0.028554602,0.06681485,0.3022266,0.3859479,-0.5484423,-0.10418642,-0.03789986,0.10456527,0.115351416,-0.2354904,-0.19228588,0.14280896,0.0938793,-0.5797434,0.0457925,0.2354418,0.48112872,-0.4642646,0.013065832,0.045598086,-0.44200745,0.2075996,0.24675827,0.41204128,-0.20179294,-0.10422028,0.68691444,-0.4851999,0.19799086,-1.0145509,0.31048718,0.3915225,-0.3979713,-0.16148868,0.41022077,0.35848385,-0.729165,-0.018550733,-0.28405735,0.0729709,0.020510437,0.083285965,0.5663339,0.073601246,-0.025699008,0.3336643,0.12199177,-0.19524899,-0.1771143,0.21554522,-0.20091666,0.030342454,0.18413998,-0.036184106,0.35543466,0.48124522,0.3145326,0.0974172,-0.18534416,0.024969274,0.28143463,-0.02480702,0.017090155,-0.02899736,-0.056029614,-0.034742076,-0.24292228,-0.3391784,-0.15914738,-0.15422325,-0.021908768,0.1368635,0.16598147,-0.09908518,-0.5026517,-0.017180033,-0.2538562,0.17182809
OAS1_0329,0.38796315,0.15050338,0.17898166,0.55649626,-0.05375717,0.11006605,-0.6123264,0.124287404,0.2292584,-0.7827095,-0.1329869,0.10358141,0.5337152,-0.19388345,0.07668811,0.06530687,0.6910324,0.110184744,-0.17950283,-0.18254182,0.08792986,-0.060830686,-1.1762795,-0.2060248,0.21172969,0.26060233,-0.15882102,0.0044917376,0.15539202,-0.05075813,0.29927182,-0.29276496,-0.0793748,0.17769001,0.16271712,-0.25692686,-0.13520838,0.38310373,-0.4713214,0.33100203,0.31953543,0.79870903,0.35215175,0.3907169,-0.13946697,-0.21612102,0.09743436,0.635171,-0.1708209,0.012230291,-0.096711814,-0.051957957,-0.13882148,0.34015837,-0.20696592,0.5903751,-0.47206002,0.20298083,0.30181676,0.14550477,0.59694797,0.23419717,-0.33188546,0.36295852,0.3114613,-0.20317072,0.60641253,0.5219856,-0.20858735,0.44335482,0.21998928,-0.45062134,-0.01817421,-0.5562253,-0.3400731,0.04207918,-0.24353363,-0.21432105,-0.21439026,0.034567412,-0.42739534,0.3804619,0.4863245,-0.39201933,-0.18165207,0.32569984,0.21362588,0.4433509,-0.27195925,0.009543208,-0.4425631,0.13842869,-0.17850637,-0.010512213,0.052854195,0.11179963,0.17520197,-0.31058562,-0.310835,-0.23502237,0.14970927,-0.8070648,-0.07716632,-0.15354602,0.040933233,0.052976683,0.5653581,-0.18501927,0.017671252,-0.36871997
OAS1_0330,0.36570016,0.7966479,0.6459713,0.30295113,-0.089574516,0.24738751,0.019677114,-0.12241398,0.8316944,-0.24148707,0.23508482,-0.2932629,0.15228541,-0.14129886,-0.10668672,0.273141,-0.44743282,-0.24233542,-0.64409196,-0.36946458,0.19774619,0.42855084,-0.10806309,0.04678747,-0.27571353,0.2578406,2.139497e-05,0.04062382,-0.81197065,9.177691e-05,0.025787758,0.23114641,0.008936067,-0.22637545,-0.40063837,0.12592879,-0.035631802,0.23587863,0.51987004,0.31572068,-0.10376931,-0.1992089,-0.6449712,-0.56917214,0.122641265,0.20958906,-0.31921825,0.0037157761,-0.17248408,0.25037003,0.003101861,0.45203707,-0.6107388,0.0038685794,0.09751416,-0.12337765,-0.27916953,-0.28165606,-0.14691004,-0.14106295,-0.69350165,-0.2151033,0.15125741,0.35649377,0.81368405,0.4136214,-0.02479733,0.17105506,0.3327227,-0.63873404,-0.29572883,0.04161277,-0.13576695,-0.48438033,-0.6787778,0.25957537,-0.23351943,-0.0031424891,-0.16181469,0.3688749,0.7657399,0.15902829,0.14518233,-0.03143343,-0.33849716,-0.023351695,0.20187348,-0.0072416384,-0.5213998,0.0026619746,-0.2345911,0.68720806,-0.5479485,-0.3293433,0.080009066,-0.12939194,0.18007962,0.20214613,-0.10691118,0.29748684,0.027705574,-0.16483262,0.36164305,0.0021920106,0.062366858,0.11302488,-0.089528084,0.10720778,0.06884151,-0.11910393
OAS1_0331,-0.8266871,0.4272323,-0.55514324,0.67223215,0.33558846,-0.18406901,-0.24278258,-0.05291071,-0.40751132,0.141298,0.840912,0.68000215,0.12524976,0.89538,0.76253265,-0.050464123,-0.6860176,-0.1803008,0.39413235,-0.3715387,-0.44400468,0.089424044,0.42115152,0.20200257,0.36449787,-0.4424347,0.6868684,0.195282,-0.28852743,-0.09402465,0.49637002,-0.3707797,-0.19312583,0.4556091,-0.08806135,-0.20413613,-0.07591168,0.0659643,0.068236075,-0.26477918,-0.07883857,-0.014137621,-0.027709415,-0.5813388,-0.25178462,-0.4313293,-0.11948756,-0.05022505,-0.1553614,0.48421067,-0.13525899,-0.16653176,-0.7410015,-0.12167896,0.6957652,0.1058936,-0.022065908,-0.38727814,-0.1387294,0.09304521,-0.0990509,-0.17486936,0.45168445,0.037758414,0.47508276,0.13407809,-0.5292004,0.44012904,-0.8640448,-0.15469302,-0.28570303,-0.2916458,-0.03617958,-0.6362454,-0.06906531,0.16593091,0.13329677,0.06918884,-0.50166994,-0.2866536,-0.6485142,-0.0862622,-0.335496,-0.13507605,0.06578852,-0.033383712,-0.10438342,-0.073762625,-0.14283408,0.76313657,0.40916654,-0.20676193,0.6950739,-0.24001855,-0.06406054,-0.4324745,-0.25597012,0.023356376,0.17881283,0.15767738,-0.113749474,-0.45795116,-0.36508882,0.28743517,0.3271,0.04342135,-0.053543013,-0.29927674,0.9799598,-0.15364878
OAS1_0332,0.8536775,0.84794915,0.4674543,0.5205179,0.3969483,-0.9866122,0.6485387,-0.9477886,-0.15659004,0.48658746,-0.12274476,0.06761289,-0.42323214,0.01468973,0.570448,-0.12653658,-0.3411231,0.1473396,0.288445,0.38296407,0.89104766,-0.45781505,-0.39847264,0.40901121,-0.5462491,-0.20155281,-0.17633794,-0.52150476,-0.17172204,-0.6635448,-0.16217417,-0.08205371,0.16208558,-0.11975928,-0.22126473,0.2568303,0.6375614,-0.25377822,0.21897583,-0.23038083,1.0131975,0.31071204,-0.52950644,-0.25968876,-0.18903674,-0.209093,-0.22873029,-0.2296736,-0.48276487,0.09383983,-0.37494346,0.06992481,0.599523,0.03374999,0.01094078,0.52281374,0.19516823,-0.557768,-0.3755485,0.23033954,0.19138432,0.102222756,0.10284417,-0.29370886,0.11840815,0.19366898,-0.10383324,0.084747024,0.16778652,-0.132253,0.28977767,-0.160038,-0.015809864,0.23483719,0.06774617,0.19279669,-0.03706937,-0.0063137393,0.568572,-0.37875322,-0.027086973,-0.0038703503,-0.09753773,0.03969617,-0.5898037,0.3187183,-0.12884909,-0.44616416,0.49183178,-0.08256709,0.46961614,0.061861042,-0.19438736,-0.16143231,0.30833825,-0.18135588,0.056779675,-0.28536636,0.49933314,0.044861913,0.16602279,-0.13685402,-0.2976472,-0.038869496,-0.27057418,-0.06360061,-0.1056795,-0.4111676,-0.14494732,0.0071547995
OAS1_0333,-1.2837836,-0.5709142,-0.25311834,0.47005552,0.5877238,-0.89893293,0.83186203,0.61928606,-0.336587,-0.09115384,0.8290675,-0.44114783,-0.104855575,0.31221783,-0.08055007,0.9504499,0.34276322,-0.17405277,0.43962604,0.10121701,-0.4494932,0.411733,0.45436698,-0.06976882,-0.035868064,-0.40039346,-0.025645278,-0.52335197,0.26795888,-0.33708778,-0.29452708,-0.3818739,-0.6973454,-0.2237093,0.24913092,0.43976665,-0.44458237,0.6467019,0.04282549,-0.3673533,-0.54332584,0.18691325,-0.09077371,0.25630814,-0.1341059,0.4600743,-0.14899406,0.13396415,-0.21547039,0.07102958,0.53264445,0.098364934,-0.090806976,-0.15458237,-0.54396695,-0.15071213,-0.10196824,0.016901096,-0.28906137,-0.09274143,0.70562434,-0.37147215,-0.25254858,0.06595865,-0.2086868,0.61483604,0.5224129,0.7395421,0.26348883,-0.1469406,0.22814728,-0.14511627,-0.501644,-0.15612903,-0.29442674,-0.17931062,0.08816089,0.068013385,0.2157354,-0.17141569,-0.020292034,0.29266793,-0.18229383,0.28783107,-0.31926227,-0.028583096,0.059777427,-0.015163619,0.060588863,0.19025363,0.19368048,0.19779295,0.031227218,-0.069099404,0.4222273,0.0604544,0.10701168,0.5680921,0.31859532,-0.14288056,-0.05229832,-0.2534164,-0.02137482,0.022427386,-0.2970038,-0.32834563,-0.27536663,0.10526022,0.5061831,-0.33299294
OAS1_0335,1.3703297,-0.39624882,0.086149134,0.19730909,0.0113786105,-0.9205831,0.68240017,-0.7174497,0.33974996,0.082958855,-0.12955786,1.1101289,0.38966122,-0.56535935,-0.9994315,0.36432478,-0.06848359,0.38981134,-0.052922618,-0.5340426,0.066552915,-0.33581012,-0.3888826,0.19704269,0.18954517,-0.3342497,-0.78182274,0.2861107,0.4520568,0.39508036,-0.46690378,-0.26949045,0.2700582,0.050184447,0.02590069,-0.63325155,0.39983803,0.13125972,-0.03490304,0.37767887,0.20270076,-0.14143112,-0.46908894,-0.26860988,0.21097901,-0.07583018,-0.767718,-0.38884747,0.46727514,0.1335168,-0.22469252,0.18984324,0.25005108,-0.29361847,-0.34493098,-0.11619657,0.47135141,0.14278546,-0.17379008,0.1561392,-0.22057658,0.20175745,-0.21063955,-0.5149088,-0.10126015,0.07918965,0.09207595,-0.052400116,-0.4523438,0.22034739,0.40513733,0.29635915,-0.106359765,0.21289325,0.31661862,0.37419617,-0.6162116,-0.07445744,0.18792473,-0.31449005,-0.04476612,-0.54351544,0.39468634,-0.45287398,-0.38773835,-0.33082962,-0.7658943,-0.18556623,-0.06647517,0.45875287,0.16858229,-0.18492202,0.2235127,-0.88518643,-0.43793496,-0.06716949,-0.034149338,0.009491178,-0.39826542,0.17804,-0.19490786,-0.18935908,0.17913094,-0.15650237,-0.17918077,-0.35349542,-0.20541275,0.37297797,-0.070337415,-0.11967022
OAS1_0336,-1.0994394,-0.14149763,-0.9381954,-0.76228964,0.1678822,-0.51287746,0.35332713,0.3214212,-0.10497227,0.19411565,0.0005851929,0.3270658,-0.100573756,0.22982642,0.3491156,0.9305669,-0.24497211,0.57023025,-0.1653891,0.2587453,-0.37517768,0.030882195,0.49723184,-0.60477674,-0.11289048,0.31411016,-0.5140947,-0.9697336,0.2977326,-0.5905986,0.15855028,0.69052136,-0.2764618,0.49213335,-0.26162118,0.2804214,0.023732675,-0.848223,0.26320493,-0.22620969,0.5854649,0.4786331,0.050988127,0.018649237,0.14673023,-0.19855782,0.16851886,0.6834077,-0.27462354,0.015621023,0.20430979,-0.11609291,0.6116223,0.16373196,0.39332107,0.5592095,0.3039929,0.16269636,0.06681974,-0.3268308,-0.29540104,0.37756014,-0.013966692,-0.23215623,0.16849436,0.46959218,0.054582704,0.19884992,-0.06147018,-0.5032169,-0.6159568,0.00038598315,-0.25664467,-0.10792734,0.03462793,0.011777282,-0.184697,-0.38521898,-0.5325971,0.10731296,-0.6554813,0.33287042,0.3653263,-0.609511,-0.10535662,-0.42465273,0.08656981,-0.39359555,0.36152926,0.0922753,0.012984149,-0.14130868,-0.09452776,-0.22301759,0.24290404,-0.033357833,-0.15623197,0.03826692,0.24299967,-0.534839,0.25360015,-0.13845871,-0.30479586,0.17954867,-0.27936727,-0.011300009,0.16395748,0.42250964,0.24396622,-0.2606956
OAS1_0337,1.2605652,-0.58969015,-0.15105073,-0.35339954,-0.5122936,-0.1375653,0.16219772,-0.60261244,0.049173735,0.18192926,0.25836596,0.37578657,-0.045385897,-0.63164777,0.108339235,0.7953418,-0.21793528,-0.21562095,0.47078368,-0.51524526,0.12928385,-0.477842,-0.19960696,-0.030275993,0.20902021,0.18989357,0.17375489,0.06965187,0.551724,-0.2643474,-0.026692884,0.48475212,-0.039034538,0.051413473,0.27218264,-0.24969351,0.32887456,0.2774577,-0.124171935,0.33003354,-0.052626748,-0.34872696,0.20966595,0.23397796,-0.6342356,0.13420573,-0.27836633,0.27939376,-0.50892407,0.505435,0.010516482,-0.18762478,-0.24836557,0.047125697,-0.0077890526,0.14093529,-0.054074258,0.21029945,0.5583029,0.5646258,-0.35626492,-0.06842631,-0.11511037,0.008855426,0.3490248,0.20110857,-0.8264759,-0.03547323,0.11403565,0.395728,0.33047557,-0.03881568,0.23469555,0.4227702,-0.4854997,-0.620203,0.20204502,-0.025561387,0.4046989,0.27298695,-0.15172039,0.09995995,-0.0007729006,0.34635484,0.51480484,0.05189608,-0.30893406,0.06388671,0.1546532,0.2951312,0.41853267,-0.49500564,0.5141701,0.21576917,-0.2274801,0.41654158,0.5136033,0.38779837,0.13139607,-0.6589753,0.029489096,-0.16673139,0.28388447,0.3462024,0.13968019,-0.07263023,-0.2212327,-0.08085314,0.0119830575,0.03280758
OAS1_0338,1.251848,0.5001273,0.694629,-1.1069198,0.40555578,-0.6060314,-0.24613938,-0.42120266,-0.003041697,0.47179842,-0.22776386,-0.24207327,0.054883506,0.201839,0.040996358,0.7596434,0.13553013,-0.18362339,0.2214942,-0.50766426,0.9885021,0.0007302708,-0.14490126,-0.051885456,0.14467052,0.022823377,-0.48432738,-0.14191258,0.0736074,-0.55004436,-0.19351259,0.88705385,0.06380079,0.08398819,-0.06796351,0.32513627,0.0998221,0.29907143,-0.19675247,0.14431101,0.11975073,0.30234134,0.1748418,0.23826186,-0.63974506,-0.03039174,0.030306885,0.22588687,-0.2778389,0.017371163,0.18624333,0.63332784,0.35350904,0.30055094,-0.018725868,0.22275868,-0.03812112,-0.23401815,-0.27945012,0.48149824,-0.06584511,-0.32163975,-0.13748819,0.039920706,0.03149016,-0.14084128,-0.1474631,-0.0012951306,-0.62006426,-0.4181878,0.49105123,0.3383904,0.025754577,-0.10628904,0.1144165,-0.06641588,-0.12613474,-0.32411712,0.19694886,0.1309736,0.14298506,-0.24910255,-0.26094112,-0.031870265,0.05921661,-0.058349825,0.09884799,0.092830464,0.2772398,-0.55576617,0.467474,0.21000469,0.23873322,-0.035023425,-0.59472656,-0.12215158,-0.10476175,0.08312836,-0.574127,-0.060853995,0.008037894,-0.47590396,-0.04286245,-0.18135507,-0.06108319,-0.035890136,-0.18732858,-0.0032907901,0.059248835,0.058139607
OAS1_0339,2.081996,-1.797414,-0.17966555,0.64420635,0.3623161,0.8282697,0.100249104,0.8288987,-0.69406956,0.30691922,-0.68825436,-0.276386,0.95966023,-0.38918507,0.7876084,0.5027912,0.24846761,0.008481982,-0.2833556,0.2320501,-0.12686089,-0.021334076,0.42007414,0.05531305,0.028570654,-0.33091164,-0.72687113,0.03233553,-1.0474879,0.59800935,-0.4800057,-0.113189235,0.4852878,0.17276637,-0.6887382,-0.4679439,-0.4512773,-0.1584896,0.033472348,-0.238114,-0.47046345,-0.15987132,-0.2505731,-0.21725056,-0.21702795,-0.24952435,-0.34691906,-0.046122212,-0.035711605,0.22074221,0.18059163,-0.6585294,0.10525067,-0.29854348,1.011744,0.13237458,-0.51956165,0.16347235,-0.056264162,0.015582426,-0.22967355,-0.0037849108,0.29629603,0.51699144,-0.006122549,0.27877292,0.32780203,-0.5918109,-0.5898893,0.09895271,-0.13757378,0.13749611,0.1388607,0.50113314,0.23787376,0.059579194,0.020554524,-0.11293854,0.6668438,0.02950097,0.0031560746,0.07572571,-0.1610565,0.022578733,-0.53112096,-0.36968064,-0.3772044,-0.48346898,0.013490527,-0.25828603,0.17028347,0.3157637,-0.22036493,0.02650031,-0.18129086,-0.54963046,-0.1767273,-0.06401434,0.34263045,-0.12181249,-0.2228223,0.72764605,0.3843829,-0.1144755,-0.43783614,-0.45595393,0.43136948,-0.4978382,0.34478137,0.40916657
OAS1_0340,-0.69531614,0.40284738,-1.2373313,0.052283842,-0.6557395,-0.017123992,0.21103187,1.364034,0.032987237,-0.37384844,-0.36108476,0.07014348,0.24314842,0.3432872,0.54270095,-0.5319686,0.10698483,-0.02589587,-0.08994132,-0.19917743,-0.17533194,0.85192573,-0.49055925,-0.38834965,-0.45809022,-0.37082928,0.2833132,-0.04161295,-0.17996222,-0.17413796,0.7628606,0.29748794,-0.4528947,0.2697416,0.81347793,0.26310974,-0.24790801,0.06990052,-0.34187993,-0.4550073,0.20332184,0.2953714,-0.306085,0.48907548,-0.14109448,-0.040303763,0.2149753,0.47965568,0.3345727,-0.48613808,-0.037038118,0.11275734,0.22570042,0.36410502,0.24521339,0.016428297,-0.4064308,-0.20304969,-0.18876885,0.34373385,0.2539749,-0.50560915,-0.32289746,0.5347713,0.20248127,0.06743255,0.6152309,0.0918031,0.3493522,0.41307348,-0.24680369,0.32658356,0.098399125,0.20077549,-0.3215892,0.41421947,0.5667126,0.016750682,0.15059806,-0.1204276,0.80709434,-0.24276918,-0.44993252,0.32138368,-0.29289332,-0.006773085,-0.12485366,0.3576027,-0.13023761,-0.3016313,0.3960211,0.15295476,-0.6065448,-0.15998213,0.124293104,0.044044852,0.019656407,0.23363823,0.26333517,-0.37057626,-0.7192987,0.09371662,-0.15735339,-0.77599686,0.027960204,-0.01823492,-0.0021673231,0.23606543,-0.27434307,0.25481635
OAS1_0341,-0.88653225,-0.20192474,0.36051884,-0.5128873,0.3774049,-0.40473077,-0.6616444,0.7384023,0.7187567,0.9298198,0.24117526,-0.44400847,0.29893234,0.04872718,0.13514043,-0.09784382,-0.39822507,-0.21497294,0.6119346,-0.030461127,0.105531804,0.98872274,-0.26531819,0.023277536,-0.46137202,0.16648431,-0.049336337,0.4687605,-0.35549563,0.7152912,0.21979712,-0.004828732,-0.46772462,0.37472326,0.32993633,-0.110167556,-0.10342801,0.31896353,-0.39365458,0.26785752,-0.12264355,0.52307916,0.23836485,0.27899182,0.122909404,-0.2069533,0.5531689,-0.2966997,-0.015371037,-0.09920519,0.15436225,-0.293128,0.074253224,0.110407256,0.6396504,-0.027309716,-0.17519405,-0.1621688,0.96885794,0.21055086,-0.08610087,0.23365343,-0.34424263,0.100378506,-0.08370514,0.21865164,-0.23732984,-0.14067273,-0.23691815,0.14805575,0.3404368,0.22768587,-0.1166355,0.14893816,-0.15839836,-0.34886667,0.038263254,-0.1261398,0.11375533,0.27997455,0.24445122,0.17418434,0.16796823,-0.3332534,0.7490586,-0.67635727,-0.3352985,0.3158365,-0.24851692,0.2245619,-0.05029084,0.07068716,-0.42959118,0.2899011,-0.12207476,0.13621382,0.4234396,-0.029164642,-0.025722455,0.23920673,0.3672566,0.1341034,0.11150444,-0.2240643,-0.30649766,0.18436052,-0.05263082,-0.19909541,0.22454923,0.0957126
OAS1_0342,0.6006561,0.6074664,-0.70403206,0.31041208,-0.24658531,-0.5843967,-1.2588083,-0.11124993,-0.1962897,0.09007178,0.8483817,-0.29552093,-0.08824358,-0.23681909,0.17074928,0.011942108,0.31967804,0.14565444,0.62200594,0.45216104,0.36615607,0.37900242,-0.6921421,0.2603376,0.41550526,1.0788475,0.40720245,-0.1524556,0.2980357,0.49062392,0.7877722,-0.23159109,-0.18261142,-0.8435439,-0.042976115,-0.22312455,-0.32706627,0.2597246,-0.39428923,-0.027312454,0.33835828,-0.053421296,-0.45124283,-0.5290537,-0.29840374,-0.0702451,-0.029712742,0.48184395,0.091428496,0.46415403,-0.41966048,0.33499405,-0.060688734,0.2452582,-0.243213,-0.30990785,0.40032056,-0.5668938,0.26151448,0.048446774,-0.6819695,0.18243974,0.17989606,0.20082265,-0.31362826,-0.29456645,-0.15604474,0.11062992,0.09923996,0.06666878,-0.072752915,0.66249543,0.22683865,-0.0031056418,0.037005153,-0.10682228,0.26705986,0.20806928,0.6005155,0.12615938,-0.40303147,0.13233519,0.085158885,0.19755362,0.011675966,0.11274544,-0.06640044,0.369109,-0.35843652,0.18780017,0.01744514,-0.16474347,-0.002188841,-0.16592535,0.032972515,0.13072935,-0.38739017,0.54705054,0.24771604,0.28079292,-0.22332188,0.5825267,-0.20482571,-0.060629066,0.102746375,0.17698961,0.41366783,-0.055007868,-0.057148654,-0.09914185
OAS1_0343,-0.9350315,0.43112865,0.25684276,-0.62472874,0.017507197,-0.32307225,-0.0011856994,-0.5476974,-0.4291966,0.25384858,-1.3186377,0.42571813,-0.6180008,0.5277828,0.2399261,-0.17233317,-0.6480946,-0.11093655,-0.11328186,0.9144654,0.16938719,0.4884581,-0.25616583,-0.1714859,-0.05471531,-0.3134129,-0.2926613,0.23229425,-0.7496683,0.29663038,-0.21229106,-0.433125,-0.27781814,-0.0025716664,0.22305545,0.27616155,0.43938184,-0.13383372,-0.3324131,0.90568924,0.10131857,-0.1959158,-0.7379326,-0.4432712,0.6507179,0.41963696,0.07259735,0.10017911,-0.11965339,0.18785547,0.5525537,-0.43356353,-0.04745593,0.26989934,0.102099694,-0.07862335,0.4247894,0.21449824,0.3981177,0.42588773,0.2778213,-0.18212076,-0.17401041,0.21067813,0.120089434,-0.33024135,-0.02839734,0.6514139,0.07148172,-0.4079636,-0.1596387,-0.16544615,-0.84170717,0.06688578,0.0023217204,-0.16900612,-0.23647195,0.094849676,0.4485853,0.3765863,0.1981969,0.22944196,-0.34464678,0.33767965,-0.0076052505,0.1792538,0.31385833,-0.26544145,-0.17786944,0.013273319,0.4185431,0.046665635,-0.31100363,-0.22369175,0.035110153,0.19310638,0.24807513,-0.083469175,0.16953678,-0.4507236,-0.38758275,0.037193492,0.09238784,-0.6329892,-0.34958804,-0.118598804,0.082087785,0.3004684,0.5939917,0.03444556
OAS1_0344,-1.3033577,-0.09161963,0.77070475,-0.3239574,-0.52351606,-0.31166852,-0.74592,0.41741967,0.5891847,-0.54866546,-0.94453603,0.37299076,0.43926632,0.44684494,0.26398423,-0.10005178,0.046660744,-0.29753938,0.33907038,-0.2373962,-0.09487107,0.003324238,0.12218612,0.0874477,-0.10220661,-0.33155343,-0.258527,-0.11404181,0.3970477,-0.08944833,-1.0472176,-0.5736535,0.25189152,-0.52141875,0.8198059,-0.50672805,-0.22146013,-0.039846785,0.32682788,0.16822413,0.5184447,0.10354974,0.04490376,0.30568635,0.44436,-0.31103584,-0.19774961,0.1677535,0.032723557,-0.3152874,-0.13938846,-0.29653257,0.35025635,-0.35324377,-0.40918055,-0.39104578,0.34709656,-0.6224204,0.174285,-0.2954727,-0.28865108,0.32340017,-0.37407082,-0.35520712,0.009918901,0.2259899,-0.083723225,0.44438577,-0.33421338,0.2014175,0.09920849,0.18188693,0.05782995,0.23657693,0.49972308,-0.67772186,0.21862532,0.30825192,-0.23259981,0.038914055,-0.15125398,0.27006602,-0.012385969,0.25277168,0.011339395,0.236835,0.16455525,0.20754091,0.09455046,0.15017785,-0.1107335,-0.036321003,-0.07437349,0.27161062,-0.11690095,-0.25550362,-0.41119787,-0.34889883,-0.4822649,-0.21235919,0.32480162,0.2161302,0.2872645,-0.0065989667,-0.043321505,0.2292074,-0.5849625,0.16530955,-0.50313187,-0.12366259
OAS1_0345,-1.20115,-0.10047537,0.6300118,0.41725492,-0.2744915,0.049370695,0.14033532,-0.49012378,-0.2671197,0.19112642,0.33158144,-0.11795731,-0.49437752,0.448708,-0.4080851,0.39265093,-0.037673105,0.37355977,0.5039103,0.18736713,-0.31584385,-0.33873957,-0.11648703,0.40025255,0.21645814,0.045654684,-0.8820936,-0.14647031,-0.12752703,0.078956984,1.2871737,-0.5092973,0.6755705,-0.24162625,-0.24603258,-0.57000864,-0.48799312,-0.20153679,-0.23853631,0.10570076,0.1914066,0.04806489,-0.059393745,-0.20890483,-0.026565399,-0.007662538,0.1830307,0.24491373,-0.008314423,-0.16367988,-0.48302475,-0.15862757,-0.14230777,-0.7873092,0.08130476,-0.110723935,-0.0418703,-0.12248672,-0.03054114,-0.034099653,-0.05775789,-0.6916109,-0.24405399,0.26006773,-0.2325192,-0.07282945,-0.10623169,0.27559403,0.05546201,-0.21004345,0.061507247,0.60653394,-0.07084223,0.12757757,0.1289427,0.30671442,0.11929051,-0.07686053,0.20650572,-0.12900348,0.13806848,-0.015894335,-0.072243206,-0.3677325,-0.6057182,-0.1333998,-0.10744418,0.043469504,0.0761521,-0.08589966,0.3128962,-0.17089854,0.06204404,0.18561722,0.16136625,0.44051468,0.06217086,0.18910523,0.43394396,-0.106819466,0.19371377,0.20290521,0.7262624,0.34202144,-0.31195787,-0.37655434,0.31216052,-0.38903314,0.34831613,-0.18104883
OAS1_0346,-1.2798692,-0.31272805,0.8854383,0.32288358,0.26388413,-0.19173598,-0.17636147,-0.9876254,-0.82918686,0.23379906,0.38207313,-0.22085465,-0.12540618,0.22079289,-0.2244589,0.32100666,0.30547515,0.1047164,0.41617337,-0.13371558,-0.063383766,-0.05827893,-0.46519974,0.16857007,-0.36529964,-0.8828456,-0.19113748,-0.32507274,0.25856233,0.5323241,0.0742968,-0.042720295,-0.06895408,0.24465235,0.23663874,-0.61709625,0.29779541,1.0366789,0.6302442,0.11979439,-0.25946766,-0.25984445,-0.32312092,-0.20104133,-0.033778388,-0.16564515,-0.055862766,-0.24864179,-0.14343801,-0.046755467,-0.060075358,0.22527483,0.096750505,0.2907125,-0.0063618626,0.056668982,-0.36261058,0.24153332,-0.37486064,-0.017026378,-0.10839923,0.23436682,-0.10547918,0.18875843,0.1079808,0.3014145,0.1936831,0.019968357,0.052174065,0.17541419,-0.5663191,-0.4708964,-0.117074415,-0.25075796,-0.38172522,-0.3553011,0.23607929,0.49301234,0.109715894,0.46391144,0.015267334,-0.033274893,-0.027832497,0.23858766,-0.357392,-0.86318195,0.048785117,-0.07876004,0.22275302,0.28481144,0.5930823,-0.294287,-0.13137446,0.43081018,-0.10795348,0.14028831,-0.18794304,0.51388043,-0.11880597,-0.06840533,-0.11409823,-0.17018747,-0.31779844,-0.31539097,-0.0038977675,0.0007715608,-0.14932263,-0.2967218,-0.2689174,0.3852949
OAS1_0348,-0.77302724,-0.48171848,0.3165232,-1.2601819,-0.13459677,0.13733952,-0.72528666,0.8612093,-0.57165915,-0.28364563,0.4105864,0.58679867,0.22157006,0.82086354,0.21764804,-0.8647966,-0.4295066,0.06442516,0.23693605,0.2829488,-0.42496386,-0.6847219,-0.1235625,-0.08217528,0.6062175,-0.41347092,0.6367901,-0.07054532,-1.0636363,0.17536713,-0.652816,0.0384316,-0.0007636569,-0.3744601,-0.055069,0.22904956,0.51784426,-0.09201175,0.19199125,0.116221406,0.46171904,-0.40941498,0.3049411,-0.28057203,0.2268885,0.15976338,-0.5200521,0.07700704,-0.52819836,0.12318287,-0.28311765,0.46192032,-0.71950793,0.17561936,-0.124444164,0.07405835,-0.17982443,0.1372835,-0.067208804,-0.38165227,-0.5466071,-0.48673284,0.045466386,0.1923028,0.5074625,0.33454546,0.17412381,0.15783042,-0.056936152,0.4405678,0.46907532,0.4316288,0.56870526,-0.009257104,0.2110994,0.06537339,0.14705105,-0.23302543,0.33920908,-0.10115906,-0.014310376,0.35078493,-0.4992652,-0.44230196,0.24308673,-0.050679523,0.4500223,-0.20530255,-0.30456018,-0.1511025,-0.14945611,0.06534596,0.41755757,0.64572656,0.95473826,-0.5250547,0.07560824,-0.2101056,0.2484225,0.15494205,0.14170398,-0.002053864,0.1474179,0.3153376,-0.2850113,0.122360185,-0.12520993,-0.30240113,0.17425773,0.31421587
OAS1_0349,-0.23555821,0.61766374,-0.42529988,0.5527337,-0.23202258,-0.2519937,-0.3979258,1.1878818,-1.7573904,0.21733989,1.1018695,-0.22160888,0.081532024,-0.02678014,-0.21089512,0.40230426,0.5782938,-0.39291108,-0.46260378,0.42029724,0.22456442,0.69988376,0.14968902,-0.52390516,0.12583877,0.5840072,0.27948484,-0.3255563,-0.33588254,-0.46636873,-0.22050348,0.17000364,0.026581401,-0.20959768,0.053031135,0.128557,-0.4144683,-0.30083773,-0.52624303,-0.09163921,0.28941283,0.012066898,0.61132556,-0.46292737,-0.035121154,0.13510537,-0.59686905,0.23348351,-0.21743144,-0.12838876,0.18902974,-0.23978418,-0.1756478,-0.853042,0.5538469,-0.12062237,0.46562752,-0.42759877,0.20266384,0.2829869,0.102119856,0.40506393,-0.04325072,-0.27491704,0.48536974,-0.012587637,0.24083526,-0.60938317,-0.009756443,0.111935675,0.2285632,0.40064263,-0.21958128,-0.015235303,0.2960678,0.49649763,-0.45480332,-0.20781183,0.22793502,0.3014005,-0.12916562,-0.21336709,-0.24104552,0.40842366,-0.08319444,-0.009966221,-0.025472142,0.39997905,0.2988883,-0.17112891,0.08126761,-0.10061901,-0.335345,0.32953447,-0.26633,0.32796526,0.4555139,-0.2782576,0.25213364,-0.3268687,-0.054916564,0.38257566,0.18530168,-0.4726888,0.25311598,-0.2721588,0.025905078,-0.1834546,-0.16887052,0.2690001
OAS1_0350,-0.8176425,-0.12581249,-0.36779913,-1.3591384,-0.63365275,0.07493891,-0.1524564,-0.3813789,-0.51077497,-0.32342058,0.42305404,-0.32028973,0.088619076,0.17353012,0.42925113,-0.4280918,-0.68055433,-0.2832764,0.2696519,-0.6408452,0.14054623,0.27861246,-0.5284867,-0.36173186,0.46972728,0.35339436,-0.43327498,0.13518998,-0.2633527,0.5715488,-0.2601946,-0.6948309,0.13226451,0.13284364,0.30632496,0.50573725,-0.23863977,-0.2582614,0.047994725,-0.33808148,-0.13451442,-0.3456885,-0.4709096,-0.27244332,-0.24424306,0.2310271,-0.10061289,-0.22890125,0.22347663,0.18724522,0.35868755,-0.37133825,0.29788408,-0.047486212,0.5023956,-0.13817818,-0.052054644,-0.14840607,0.13291901,0.2362738,-0.13469656,0.1701129,-0.06741071,-0.30666766,0.14629611,0.18880008,0.17686696,-0.03754902,0.5661059,-0.19160938,-0.15493287,-0.3704647,0.46433064,0.014827373,-0.13349429,0.010967424,-0.23824404,-0.16389802,-0.09074429,-0.39342225,0.119140364,-0.30774257,-0.30777362,-0.23325789,0.29178485,-0.47540715,-0.18392795,0.07563268,0.3322369,0.293601,0.30535218,0.4738191,0.17139669,0.21672992,-0.56720465,0.44286653,0.035131082,0.006809918,-0.10690012,-0.057672963,-0.078168295,-0.40161532,0.106591724,0.21057442,-0.61472994,0.07112149,0.48567533,-0.17271161,-0.11448448,0.23633204
OAS1_0351,1.9205128,-0.44465664,0.56271577,-0.13644943,1.344169,-0.5248352,0.256034,-0.83379585,-0.5111439,-0.21510306,0.27062008,-0.28277984,-0.2710759,0.045458738,-0.25421554,0.44825563,-0.354168,-0.07924375,-0.1830153,-0.253219,-0.5597718,0.27576473,-0.06215814,0.3529975,0.19783626,0.5962679,-0.5225411,-0.120321214,-0.18669456,0.03091133,-0.21475424,-0.18232101,-0.2044651,0.09167144,-0.18067342,-0.21768005,0.28744012,-0.4208004,-0.105951786,-0.052612755,-0.017723273,0.07546968,-0.069420666,0.39146364,-0.17089199,0.15081838,0.9062731,-0.2631577,-0.3655545,-0.17390555,0.029530548,0.3731419,0.21834847,-0.20576838,-0.003674877,0.10724464,0.32438698,0.24719904,0.027991153,0.06758388,-0.24724258,0.30696955,-0.21061441,-0.07349661,0.09337961,0.40002576,-0.07237037,0.014956343,0.11871447,-0.18024626,0.56091344,0.47273067,0.1474092,0.22288652,0.05278803,-0.09118345,-0.21153338,0.015325865,0.00166899,-0.32722998,-0.13369985,-0.10140158,0.28274184,-0.0944973,-0.0034661745,-0.37771183,0.12556972,0.21114486,0.14357154,-0.1566507,-0.09709978,0.063599996,-0.4419107,-0.06487051,0.57315993,0.2727799,0.0511516,-0.32054657,-0.38451853,-0.52021086,0.1262313,-0.12566692,0.2082618,-0.10805465,0.69755715,0.07626196,-0.15578872,0.28822753,-0.0435101,0.14793038
OAS1_0352,1.0716428,-0.12833974,-0.35293627,-0.16961198,-0.6519022,0.6813799,1.2280624,-0.061241787,-0.606469,0.09717387,-0.24293882,0.96523297,0.70461947,0.5695073,0.41529438,0.3399907,-0.46931627,-0.49686787,0.6412228,-0.05508393,0.021819556,0.2096525,-0.33822834,0.97319585,0.52094716,-0.12746131,-0.07062621,0.01680218,-0.34709737,-0.37259772,-0.24260215,-0.36979517,-0.5377856,-0.74388456,-0.8329134,-0.048812237,-0.26301494,0.05470635,0.056129392,0.009017833,-0.13717528,0.06050991,0.16569881,0.36577073,0.8315533,0.0521934,0.2458095,0.8557808,-0.32099655,-0.508073,-0.3780844,-0.39834315,-0.017850915,0.24496934,-0.14849132,0.10920474,-0.0880447,-0.5847578,-0.29090437,-0.60564506,0.035643123,0.2733756,0.13135423,-0.08295457,0.38345975,-0.2734424,0.40904218,0.024987912,-0.14359842,-0.19081317,0.21809466,0.30685458,0.10532943,0.1340417,-0.12018212,-0.07509868,0.21428758,-0.063144326,-0.21704035,0.5067086,0.14751495,0.29306775,0.35497606,-0.04760728,0.078292295,-0.23278911,-0.4582777,0.08857268,-0.13850504,0.2957101,0.20667611,0.39066416,-0.029896004,-0.0799258,0.35973808,0.38759723,-0.17095402,-0.12016669,0.068867296,0.23157969,0.33990267,0.030194474,-0.3218693,-0.05379078,-0.12847342,-0.20959371,-0.03208944,-0.31538862,0.2591472,0.24366343
OAS1_0353,-0.5150725,0.40670848,-0.7974976,-0.3619468,-0.5295943,0.3715498,0.67716753,0.24329402,0.0033219215,0.14505857,-0.14504538,0.042810798,-0.3338077,-0.55477715,-0.17065944,-0.48387897,-0.014153778,0.49529237,-0.065976314,0.28980222,0.17658536,0.2852362,-0.52056986,-0.7802361,0.060868002,0.1372912,-0.27420324,0.8390224,-0.40891808,0.017480556,0.83134836,0.005318512,0.12770061,-0.028683912,0.74210334,-0.056584015,-0.008100878,-0.38221017,0.45023143,0.2537052,0.22003137,-0.32965222,0.5064939,-0.08235321,0.4994674,0.07361426,-0.4032864,0.32491723,0.027906263,-0.119883925,0.12664722,-0.03731299,0.063200116,0.14644073,-0.040399715,0.40197614,-0.029723475,-0.09373447,-0.025718411,-0.09036976,0.23907815,0.0550312,0.2593214,0.16071965,-0.39210236,-0.56682765,0.27552179,-0.3384236,0.16102974,-0.106032625,-0.08005989,0.41646385,0.054450694,-0.06331298,-0.44068664,0.16182803,0.80753195,-0.45230737,-0.028964316,0.57901376,-0.18702957,-0.3078667,0.052611165,-0.11830843,0.0018894015,0.061699793,-0.907696,0.15979253,0.20947787,0.18868652,0.16314833,-0.50567156,-0.55391026,-0.28453246,-0.055564877,0.23197712,0.19218057,-0.20953475,0.26791075,-0.47367373,0.32358113,0.25365776,0.018967701,0.28087237,-0.28959554,0.43604618,-0.1598981,0.21955861,-0.49122024,-0.11962256
OAS1_0354,1.4687173,0.13533604,-0.39332214,-0.29649314,0.3408238,0.15766932,-0.3009877,-0.46487868,0.027057443,0.42628235,0.5364231,0.31475472,-0.047184035,0.24612175,-0.6435571,-0.7666282,0.36370236,-0.293621,-0.648879,0.20880765,0.065919146,0.056516077,-0.392091,-0.05202116,0.53904945,-0.28656846,-0.1754848,-0.10036865,-0.11583576,-0.18496683,0.005002497,0.4714428,0.47087818,-0.2542137,0.14796555,-0.40196162,-0.859409,0.18308423,-0.3098127,-0.2270636,0.48548457,0.16727756,-0.527796,0.00067965646,0.1352274,0.46649554,-0.22316037,-0.52741086,-0.05882492,0.0044636433,0.18190175,0.41425785,-0.4633887,0.26039863,-0.28391322,0.2552642,-0.24373887,-0.21854508,0.268555,0.121671915,-0.20857255,0.41609517,0.53996855,0.118899986,0.44058982,-0.15740165,0.0076907347,-0.307374,-0.15858072,0.5249935,-0.11767545,-0.032084465,0.32212073,0.18103102,0.34189376,-0.093738794,0.30252856,-0.28581968,0.1516202,-0.3921526,-0.32088742,0.060738582,0.391558,0.16463564,0.045054317,-0.19803813,-0.22715038,0.13794701,-0.38364908,-0.36694664,-0.22208822,0.12887408,0.097108595,-0.2969943,0.255764,0.30019325,-0.36536843,0.17461002,-0.075212784,0.54036725,0.049881108,-0.37127396,0.17507899,-0.31124413,-0.21890059,-0.30969557,0.008655987,0.14079984,-0.0032617,-0.23620333
OAS1_0355,-0.98337954,-0.09138546,0.5685779,0.7930621,-0.22094534,0.19874561,0.09548562,-0.08316412,0.15802273,0.25717318,0.65928596,-0.09201637,0.21584892,0.688657,0.3517722,-0.068119854,0.63412917,-1.4795458,-0.021448866,-0.016159024,0.400098,0.25519806,0.22470494,0.105373785,0.7493852,0.82577384,0.29936048,0.19571665,-0.014852206,0.01683587,-0.11385312,0.29708648,0.43827114,0.3998936,0.26718834,0.13130888,0.4128889,0.09147313,0.07157962,-0.15054457,-0.20914394,0.110152714,-0.106684074,-1.1326174,-0.44249994,0.41916844,-0.3103985,0.21561721,-0.13537924,-0.91495854,-0.23940955,0.191367,-0.07136881,-0.28303662,0.4598779,0.075572245,0.37148142,0.008318169,-0.50791955,-0.27914098,0.2766842,-0.12743121,-0.026711542,-0.0219657,-0.115541734,0.07030764,0.08831645,0.18936646,-0.111741476,0.51816446,0.25327572,0.19054043,-0.16978723,-0.0074359886,-0.0008249509,-0.10760684,0.37754434,-0.28004903,0.2619771,-0.34065014,-0.33850178,-0.089023076,0.61786777,0.47571182,-0.2909521,-0.24859542,-0.19795582,-0.053287756,-0.23857647,0.036768,-0.1569761,-0.27349785,0.22616068,0.24447629,0.22519757,-0.17088054,0.12734322,0.4115546,-0.015865609,-0.33519495,0.34504804,-0.5160608,0.07007895,-0.18384056,-0.40919966,0.13475814,0.013967611,-0.18761972,-0.016894344,-0.04670472
OAS1_0356,1.582843,-1.0628393,-0.3554716,-0.59375095,-1.1028415,-0.44690928,0.37844658,-0.49238297,0.114152335,0.17567962,0.25293258,-0.047645707,-0.061635245,0.59506816,0.6127607,1.4463501,0.23035195,-0.08251062,-0.08206436,0.018415442,-0.60937697,0.43522522,0.14369668,0.45930168,0.25046602,-0.39983734,-0.63894093,-0.138256,0.48567003,0.5804097,0.28583756,-0.22673662,-0.45005867,0.06864147,-0.16979471,-0.38769594,0.28944555,0.4012348,-0.03227429,0.18138675,0.16305311,0.30214307,-0.31864277,0.3783568,-0.05196018,0.31947833,-0.31665042,0.4563361,0.052495554,0.089277625,0.298635,-0.5514899,-0.3489474,-0.33192384,0.3844607,-0.54973876,-0.05987805,-0.35418758,-0.037429802,0.0662732,-0.20893046,0.07812763,-0.03266956,-0.14591885,-0.46448633,-0.5755212,0.2124145,0.24226451,-0.02683994,0.13378814,0.48367217,0.012323402,-0.58701396,0.22013004,-0.4341972,0.4756898,0.07453021,-0.1264747,0.07223252,-0.19978721,0.36778465,-0.18447894,-0.32540026,0.04048337,-0.08143018,-0.062211286,0.06650037,-0.072170794,-0.22566913,0.20020488,-0.21761897,0.38358486,-0.16375443,-0.041127123,0.14864483,0.50553447,-0.35464013,0.2612816,0.07742952,0.3329974,-0.06615263,-0.54488176,-0.31210634,-0.021242544,0.68629193,-0.15727179,0.18619084,0.4273755,-0.15336949,0.36475822
OAS1_0357,-0.5164333,0.26084006,-0.5865596,0.25273415,0.24014251,-1.1170241,-0.6583433,-0.7851194,-0.46918786,0.0819277,-0.6662657,-0.0026277488,0.3177259,-0.44627583,-0.33095104,-0.10579674,0.06455112,-0.12731971,0.507923,0.4674491,-0.7427315,-0.23370144,0.18467018,-0.010431953,-0.13021016,-0.27979583,-0.27602687,-0.6152603,-0.4679725,-0.06973932,0.47919598,-0.018766522,-0.5658984,-0.16529118,0.034496266,0.46872717,0.436377,0.13375367,0.32372972,-0.29803166,-0.31304142,0.030179566,0.04505697,0.04980494,0.17044711,0.49341446,0.12458797,0.20280614,-0.23651338,-0.079666026,0.9963829,-0.07755792,-0.31119588,-0.2653755,-0.043245725,-0.049030423,0.110151954,-0.52387315,-0.46578038,-0.44183868,-0.1335367,0.67419195,-0.36930585,0.48096848,0.12127335,-0.20729531,-0.62128305,-0.38173902,-0.18205285,0.2305104,0.06998328,-0.08324773,-0.1875035,0.10452435,-0.397998,0.18282567,0.265178,0.085910015,-0.4880576,0.31762168,0.76250154,-0.123329945,0.13703778,-0.12869222,-0.014830614,0.13990621,-0.38572717,0.5149457,-0.4047632,-0.46764275,-0.3376934,0.12699066,0.18401782,-0.4353657,-0.313257,-0.24046494,0.035528537,-0.25595626,-0.012427268,0.17996266,0.19704686,-0.12370816,0.21724923,0.6366365,0.24734773,-0.2967095,-0.27667892,-0.69297045,-0.16266134,-0.030720165
OAS1_0358,0.21530564,1.1398966,0.3549753,-0.055891283,0.8330114,-0.9159688,-0.041674435,-0.428885,-0.008700555,0.61262375,0.4253783,-0.09344769,0.0798962,-0.12754479,-0.6382238,0.042971153,-0.5620184,0.3086128,-0.4019603,-0.7201996,0.20469442,-0.5058899,0.35824993,0.5474706,-0.21060136,0.41197312,0.04128188,-0.6552632,-0.13583437,0.12908429,0.3384256,0.020490905,0.36138844,0.13405362,-0.21310848,-0.2876698,-0.6923794,0.14084443,0.034357935,-0.1796182,-0.68260366,0.13789426,-0.30122003,-0.19707426,-0.018165866,-0.38132656,-0.101858765,0.50974137,0.26352936,-0.8125738,-0.461879,-0.1852147,-0.046107475,0.4539343,-0.052073658,0.1475493,0.15044162,0.4439872,-0.06530476,-0.47228026,-0.016760152,0.25650606,-0.1350942,0.0793066,-0.6208687,0.14782798,-0.21024339,0.15956531,0.16733356,-0.018232176,0.123636365,0.3442819,-0.004731457,0.60610294,-0.22339986,0.08283656,0.50655013,0.3863244,-0.16796821,-0.19321209,-0.46456632,-0.13511035,-0.09576619,0.25146484,-0.050044876,0.364499,0.2644164,-0.20728575,0.18915242,-0.2009932,-0.0033455626,-0.006213702,-0.39357948,-0.15826955,-0.32235605,-0.044479493,-0.10090617,-0.08843294,-0.29119048,-0.16319044,-0.0270719,0.069664426,0.6890814,0.12984213,-0.28367135,-0.12107406,-0.47179466,-0.15974954,-0.046502013,-0.33553642
OAS1_0359,-1.4480456,-0.64699936,0.4807939,0.8009081,0.19526657,0.040080827,-0.1410101,-0.93078214,-0.2795713,0.07850628,-0.18572874,-0.02830845,0.08788141,0.15951148,-0.20010468,-0.09502928,0.3330583,0.06944069,-0.18066174,-0.19037496,-0.027816178,0.8977857,0.17023149,-0.37930667,0.7986564,-0.29873207,0.1420487,-0.17775653,-0.3845217,-0.52545464,0.82516074,0.27788994,-0.68674606,0.072930105,-0.13650627,0.060891896,-0.16920328,0.5767826,0.90651274,-0.28665787,-0.28608862,0.12946735,0.40056485,-0.054346796,-0.16511272,-0.5527054,0.3652517,-0.055486873,-0.17235315,-0.06490148,-0.25901502,-0.19988468,0.15051045,-0.08996135,0.3286007,0.20566529,-0.08593967,-0.040575486,-0.020461569,0.018313145,-0.40165636,-0.18702102,0.45366314,-0.09797913,0.08466404,0.046067704,-0.37759146,0.0868357,-0.09959118,0.02087416,-0.04886341,-0.08752603,-0.019555734,0.033304814,0.109380536,-0.49866503,0.09508353,0.6394061,-0.71361756,-0.22096767,-0.10175966,-0.36472467,-0.05901982,0.3177725,-0.40466127,-0.16533989,-0.26460254,-0.2235637,0.15288244,-0.011904178,-0.14601007,0.012723936,-0.5415062,-0.36450213,0.25153923,0.060311895,0.26281714,-0.21036427,-0.3793079,0.15976185,0.28116235,0.72683823,-0.060783964,-0.07976889,-0.1390892,0.16449022,-0.43540952,0.34807232,0.22161186,0.11293564
OAS1_0361,-1.2413344,-0.30798075,-0.6580569,0.5064095,0.3069253,0.14487167,0.6730473,0.29546988,-0.0939225,0.38298577,0.37682122,-0.47755867,-0.5166373,0.3583096,0.54571253,-0.0835129,0.41770318,0.7037224,0.22826776,-0.4857884,-0.16180688,-0.11990592,-0.45427248,0.35835126,0.86382234,-0.30303726,0.5482526,0.00759064,0.023971926,0.11595054,0.13096641,0.049919147,0.42617592,0.09281085,0.07088544,0.10954132,0.35835198,-0.3891987,0.20944767,0.23696274,-0.6321548,-0.44819894,-0.10624574,0.09146406,0.07996174,0.77499115,-0.19003566,-0.4136375,0.35775146,0.8144459,-0.3448307,0.13223116,0.29056993,-0.6264437,0.04423776,0.07985719,0.5361556,0.06881478,-0.34338617,0.60495883,0.06778783,-0.03305194,-0.7075589,0.41135964,-0.034859322,-0.475337,-0.46946666,-0.41268435,-0.22889419,-0.4026275,-0.5869828,0.31161165,-0.31458166,-0.3159279,-0.21279235,-0.2853828,0.34065923,0.06999979,0.4134233,0.20285822,-0.92831457,-0.26455498,-0.00643595,0.04284053,-0.12675585,0.54648215,0.4497562,-0.29555234,-0.4666336,0.2954219,-0.34374636,-0.02149529,-0.09810401,-0.40144238,-0.096440546,0.10444746,-0.3535407,0.3631258,-0.28557822,-0.2005629,-0.022976331,0.8166495,0.3581443,0.26867262,0.18696359,-0.18890151,0.11042972,-0.29962042,-0.03492732,-0.29015452
OAS1_0362,1.0048167,0.14631851,-0.7644061,-0.29081574,0.5797762,0.7246083,-0.0011371715,-0.3809081,-0.13500124,0.21876313,-0.18740231,0.40872112,0.19371308,-0.27728653,0.4895622,-0.765863,-0.08626737,-0.06791292,0.21871576,-1.1534718,-0.26548973,-0.5090677,-0.05807404,-0.17624563,-0.21986346,0.35521102,-0.49749672,0.18233116,-0.551714,0.2190488,1.193817,0.065916136,0.13877194,0.6236281,-0.07709302,0.4633242,0.4582256,0.14327799,0.26587114,-0.0685149,0.20661226,0.599506,-0.5024447,0.7478002,-0.47105882,-0.14473088,0.16137639,-0.24703756,-0.117683314,0.0006347738,0.06776483,0.0379115,0.26656988,-0.16986251,0.23932104,0.30617982,-0.06825947,-0.2900156,-0.03340359,-0.22168565,-0.0829419,0.16134067,0.37967178,0.090375766,0.17036803,0.5243995,-0.12466439,0.48031786,-0.15621893,-0.06266251,0.4517475,-0.48974076,0.2933029,-0.3973863,0.18018438,-0.23380765,-0.33860055,0.13057287,-0.046906758,0.23833035,0.17042938,-0.4440915,0.23108461,-0.16613385,0.14533858,0.2860748,-0.02463531,0.4331953,-0.1536633,0.7172851,0.34763542,0.13707475,0.11843253,-0.15618865,0.025987193,-0.5246707,0.31105623,-0.048598517,0.12743042,-0.3986352,0.18642896,0.21524277,0.34908643,0.2106073,0.019369343,0.18723813,-0.32436895,-0.37365595,-0.18205568,0.10234591
OAS1_0363,1.2671782,0.19441092,0.115656815,0.06905545,-0.37380806,-0.51558095,1.3746051,-0.27395454,0.6019096,-0.25076434,-0.31388685,-0.32617652,0.09293449,-0.45935267,0.14463711,-0.22414795,-0.070641264,-0.019399196,0.14404334,0.0963631,-0.37983733,0.09578292,0.12960844,-0.4182526,-0.05884236,-0.38779965,0.44587335,-0.41780487,-0.11544109,-0.17783825,-0.10264925,-0.6219973,-0.08331841,-0.21479009,0.05649176,-0.034158792,0.11396751,0.09208621,0.21129617,-0.36151987,0.17092577,-0.1554642,0.3103351,0.4316328,0.5462679,-0.042070657,0.15630162,0.17697294,0.45372275,0.44574848,-0.7782569,-0.014867024,-0.2757552,-0.62920374,0.6011789,-0.042535234,0.0049598105,0.15805373,0.11869632,-0.11781455,-0.19734685,0.23099954,0.0030198828,0.5243787,0.006113488,-0.1778771,-0.059000492,-0.040782638,-0.24885082,-0.14914945,0.051701583,-0.08071746,-0.10111216,-0.20930469,-0.34789103,0.44484565,-0.009765722,-0.358534,-0.043337543,-0.42367992,0.0044501554,-0.4643458,-0.33756027,-0.07145741,0.22305688,0.07237996,0.35482374,0.3186857,0.5134156,0.12858939,-0.12891418,-0.3140943,-0.63446856,-0.090630315,0.46807235,-0.34050182,0.3055857,-0.071620286,-0.19678807,0.42851916,-0.2830132,-0.2281362,0.55738294,-0.11303593,-0.40732175,0.132191,-0.19760613,-0.47636402,-0.026922397,0.30116716
OAS1_0365,1.8763313,-0.77902395,0.3498598,-0.41194096,-0.29485357,-0.1923839,-0.16034393,0.77856386,0.4563037,0.36985335,0.028208729,-0.043055713,0.04852937,-0.47402468,0.73024344,0.19349943,-0.3121193,-0.49535096,-0.34089383,-0.03755982,0.27951872,-0.6838708,-0.53836447,0.6250744,0.4030403,-0.22714005,-0.066088505,-0.35313663,0.4405517,-0.25297147,0.12890242,-0.36995256,0.07457195,0.015985189,-0.1513296,-0.16745842,-0.110452704,-0.15078226,0.031143086,-0.046669137,0.22434725,0.14539951,-0.28137758,-0.082681924,0.16877502,-0.21772483,0.8642125,0.5888485,0.15541416,-0.37765744,0.16256854,0.23143831,-0.16571327,-0.17636143,-0.37529945,0.028449513,-0.038578853,-0.08440608,0.52273875,1.035084,-0.43219006,-0.51437914,-0.059970744,0.094832085,0.40327573,0.10969522,-0.080794886,0.6035423,0.3839128,-0.24831343,0.014537871,-0.13850954,-0.26451266,0.3650601,0.31377757,-0.17756517,0.33236513,0.74483305,0.16348115,-0.06270165,-0.030207943,-0.20112482,0.04983621,-0.12656014,0.17267318,-0.17749083,-0.58710057,0.027269907,0.23413303,-0.00023391069,-0.13548528,0.021280086,-0.20875692,-0.032747827,0.11950336,-0.12558384,0.37339982,0.41865277,-0.13561004,0.20194384,0.18877758,0.09048888,-0.17516227,0.5673269,-0.29056993,0.012780181,-0.14218771,0.061706875,0.35913518,0.16871428
OAS1_0366,-1.1119587,0.24781631,0.004470518,-1.2814056,0.15786111,0.3775552,0.38462684,-0.15119585,-0.056378793,0.31829497,-0.46011266,-0.63972294,0.27937225,0.32229993,0.09710823,-0.6815748,-0.4988989,-0.34606713,0.32948774,-0.46315372,-0.062155075,0.01946386,-0.30015063,0.16049355,0.100536846,-0.2301913,0.19072923,0.29979968,0.35283673,0.15940356,0.4019839,-0.47227105,-0.45030656,0.7480838,0.26756692,-0.02571705,0.41725913,-0.07492801,0.29753193,-0.6040347,-0.70012724,0.30420533,0.3395027,-0.5145714,-0.29881382,0.058522485,0.010823084,0.19206107,0.04248502,0.15161192,0.8398838,-0.009148309,-0.49531573,-0.12208266,-0.112648696,0.043560967,0.6476664,0.08846528,0.5439135,0.010972906,0.15405782,0.64610285,-0.045184616,-0.116324574,0.11838143,-0.046030324,-0.24217232,-0.12754709,-0.25124225,0.59634334,0.24047554,0.05049028,0.17473182,-0.34194618,-0.5339705,-0.029045701,-0.19426364,-0.090172864,0.032774217,0.07968867,-0.14014986,0.24105407,0.054229233,0.019836092,-0.56116545,-0.46494797,-0.26790664,-0.40690878,-0.20376374,-0.34974518,0.081103206,0.03842794,0.0008943674,-0.083083645,0.5586325,-0.023778083,0.24125952,-0.05699559,0.113133095,-0.36313212,-0.17915483,-0.19200952,-0.1865794,0.053889863,-0.12454935,0.45128414,0.03669462,0.025350105,-0.080169916,-0.42387554
OAS1_0367,-1.4527525,-0.76083136,0.4040105,-0.0070325374,-0.21514885,0.49658173,-0.27233908,-0.193879,0.51165485,0.2725545,-0.78572035,-0.3598846,0.15931106,0.89325315,1.0431277,0.31197354,-0.060805403,-0.47479117,-0.30745515,0.11859473,-0.1910094,-0.021273311,-0.124409616,0.2544098,0.26186693,0.82846624,-0.40552807,0.73181254,-0.22626397,-0.35376796,0.2937426,0.59898543,0.60378087,0.14090437,0.488272,0.32685432,0.6642764,0.32986742,-0.45287642,-0.56882614,0.23365033,0.4240219,0.08324957,0.025241204,-0.096485846,0.052617975,-0.6285718,0.23825651,0.54328084,-0.087772615,0.23210321,-0.05285014,0.7104337,0.27875623,-0.30818748,-0.238817,-0.044331394,-0.71260697,-0.13227883,0.12912612,-0.046056993,-0.50229704,0.1663961,-0.6491841,0.17020737,0.23108225,0.14401625,-0.34991774,-0.10695498,-0.28365284,0.5707728,0.019816661,0.0202324,0.13474214,-0.28962854,-0.07237857,0.29401436,-0.48459873,-0.41484925,0.19775358,-0.10899386,-0.37546182,0.6657124,-0.2131157,-0.24675108,-0.05465165,0.4139779,-0.1326439,-0.21426573,-0.5356282,-0.78421617,-0.36422434,0.046315357,-0.33103478,0.14222832,-0.43248704,0.48215857,0.27030697,-0.16662954,0.8220699,-0.3911325,0.05422155,-0.06912063,-0.29191047,0.16990429,0.13444544,0.18495381,0.18371351,0.14922276,0.03750279
OAS1_0368,-0.81564623,-0.123116344,0.31131017,1.3450955,-0.12540407,-0.048993256,-0.3990046,0.0896445,0.9614692,0.1518527,-0.14640039,-0.5119477,-0.097167,0.8299239,-0.74805266,-0.57644004,-0.44992846,-0.4014909,-0.19401355,-0.089132056,-0.016845297,-0.965201,0.30191836,-0.2711694,-0.118294455,-0.2510868,0.22028212,0.16321571,0.12187215,-0.328699,-0.47047722,0.28913325,0.24744406,-0.02810045,0.0137842605,0.20683214,0.17942569,-0.2081195,0.5234653,-0.2926066,0.6876447,-0.7168546,0.26817945,-0.2620233,-0.43732145,0.11008717,0.16039641,-0.088211946,-0.454724,0.67503285,0.25407448,-0.09967474,0.052610483,0.35863486,-0.046398614,-0.041067854,-0.091534115,0.27677155,0.14547212,0.2216841,-0.30048627,-0.22779629,-0.45848,0.37751672,-0.50989944,-0.028071113,-0.21406177,-0.07021006,0.12909822,-0.15525211,-0.28458482,-0.4251701,0.14647828,0.3405301,0.32228473,-0.04471846,-0.1874161,0.13499793,0.14575455,-0.33052826,-0.14724556,-0.03690704,0.09497294,0.45406437,-0.83806807,-0.10719136,-0.0053178906,0.052082982,0.26646003,-0.02318093,-0.29546437,-0.56440866,0.3388311,-0.022234675,-0.22401577,-0.089423165,0.10071541,-0.6513473,-0.01768445,0.086173154,-0.4364235,0.066695735,0.05581495,-0.27402306,0.3659395,-0.12366049,-0.50960714,0.4980317,-0.12963869,-0.4170229
OAS1_0369,0.12801237,0.67466974,-0.2238806,0.053688046,-0.047033317,0.96775126,0.005649941,-0.06601533,0.13539226,-0.21949843,1.0220909,-0.21096495,0.43457606,0.22055736,0.015004818,-0.6322164,0.05093855,-0.6855337,-0.35863236,-0.4812436,0.452303,-1.0261145,0.15408985,-0.2310022,0.820656,0.08946224,0.28551927,-0.030335905,-0.047882695,0.57715416,-0.024180973,0.9227767,-0.7285998,-0.22083667,0.16524757,-0.31314245,0.19629352,-0.0925266,0.78166187,-0.090134196,-0.3794593,0.5816135,-0.1884962,-0.19245821,0.26652014,-0.26282743,0.03204637,-0.03762487,-0.5238113,-0.28032118,0.098211534,-0.6605271,-0.35719475,-0.3243711,-0.54941607,-0.23922715,0.037124116,-0.62115335,1.179656,0.78715914,0.6675769,0.5859885,0.41874987,-0.14128332,-0.11973281,-0.012227052,0.06629179,0.116143115,0.03446909,-0.6433912,-0.15894893,0.5365979,-0.18514375,0.26883304,0.09359516,-0.57645124,-0.3949661,-0.5020386,-0.30338192,0.071716346,0.10221896,-0.2945617,-0.12062364,0.037075724,0.29176173,-0.45822617,0.28501093,0.30114633,-0.67595065,0.08169268,0.07549089,-0.22328746,0.041859165,-0.13960806,-0.1925658,0.27328718,0.07925334,0.11485906,0.020822456,-0.4522081,-0.16217583,0.026701484,-0.15449217,-0.078854166,0.13369983,-0.2652048,-0.32491875,0.1708865,0.15068465,0.37904105
OAS1_0370,-0.37259242,-0.028657984,-0.80839604,0.23566476,1.053418,-0.6208783,-0.40668646,0.5620287,-0.26093686,-0.5049246,0.33332875,0.037057642,-0.5765915,0.47353688,-0.37651432,-0.026846567,-0.40407056,-0.0054267524,0.0940936,0.23291533,-0.256085,-0.4905491,0.50503904,0.32338762,0.18107389,0.43370226,-0.15491384,0.05704302,-0.13619798,-0.44900993,-0.19707577,-0.058221277,-0.32491034,-0.3247122,-0.29822168,-0.44976848,0.15110308,-0.28258845,-0.30856934,-0.7332265,0.043591727,-0.14562686,0.12303929,-0.0060893805,0.09633541,0.44071826,0.27791643,-0.27494642,0.20504948,-0.67276764,0.6325515,-0.18903145,-0.113846555,0.32824707,-0.008825386,0.38920107,-0.5395823,-0.51507723,0.40905708,0.12852977,-0.122829184,-0.2749351,-0.4629987,-0.13400707,0.4889083,-0.08702149,0.5032529,0.37949872,0.13774142,-0.2472959,0.6416863,0.03369186,-0.4024918,-0.19211915,0.14576583,-0.20886317,-0.23494862,0.0018407968,0.33465508,-0.14951679,0.19644679,-0.18397191,-0.47851664,0.35053524,-0.20476457,0.70030886,-0.07421236,-0.20985536,-0.31111202,0.2591499,0.5046517,0.2768517,-0.2204624,-0.08541557,-0.18581946,-0.052176308,0.059644617,-0.25333133,-0.19483213,0.28632277,-0.09876825,0.06264084,-0.4209939,0.0004782599,0.15025216,-0.20380907,0.22001131,-0.20582908,-0.4281488,-0.23061901
OAS1_0371,0.028690415,0.74745303,0.25627446,0.45011663,0.2327717,1.0690804,-0.71570116,0.054267358,0.1658371,0.3715023,-0.0049509513,-0.3066234,-0.036287434,0.0014455395,0.53377515,-0.34311342,-0.14831194,0.2582836,-0.077505864,0.34082296,0.027469993,-0.7679724,-0.71908695,0.058731,0.4033645,0.7681637,0.08180784,-0.41916305,-0.17227885,-0.7206914,-0.62980956,-0.13776025,0.5275784,-0.1328552,-0.17615417,-0.557831,-0.31362233,0.26559716,0.016625177,-0.038854998,-0.8679978,0.3961559,-0.07264615,0.7240695,0.044605214,-0.031418797,0.2974376,-0.40833753,0.415578,-0.32889715,-0.23823106,-0.08009964,-0.7943913,-0.59959525,-0.039071824,-0.08127758,-0.32056668,-0.24075012,-0.44361305,0.033706617,-0.19394802,-0.09925737,-0.014725185,0.44008216,0.22796638,-0.48808762,0.21406597,0.039818853,0.15546595,0.009177068,0.049084075,0.20042585,-0.673726,0.11192195,-0.08404779,0.03724476,-0.48285222,0.1340732,-0.3163092,0.0895054,-0.11414315,0.1950086,-0.06517385,0.21753222,-0.18288133,-0.3478529,-0.13566627,0.16950245,0.43466336,-0.27504647,-0.18672366,-0.19477487,0.2912204,-0.31757456,0.08616655,0.029659232,-0.19583677,0.0020783474,0.10360644,-0.279122,0.40229413,0.059774857,-0.2434987,-0.28040892,-0.002266502,0.004507974,0.24186662,0.13865879,0.16526757,0.23399226
OAS1_0372,-1.3726982,-0.35024154,-0.28125012,0.5923974,0.23811366,-0.24705942,-0.5089227,-0.52374846,0.120894045,0.50723904,0.16983655,-0.16255686,-0.69618505,-0.113403566,0.45318854,-0.36282936,-0.32357502,0.13431911,-0.36349654,0.08662953,0.5719246,-0.058800787,0.09594921,0.14438698,0.5002623,-0.19451064,-0.1620876,1.1771986,-0.05011922,-0.10644654,0.082819864,-0.06662359,-0.045176547,0.30195948,0.46044725,-0.09745549,-0.101143025,-0.28182313,0.061767098,0.1819121,-0.1865858,0.07201166,0.17383589,-0.13313858,0.2463927,0.38234085,0.055752706,-0.01565464,-0.07453047,0.13619716,-0.3839187,-0.39434367,-0.17746335,0.26092812,-0.50086564,-0.024526127,0.40398622,-0.49620855,0.5617939,-0.12892756,-0.6669917,0.034949567,0.49008304,0.1129158,0.2617538,-0.108327925,-0.3237621,-0.41870016,-0.003888821,-0.035213172,0.09019193,-0.09563121,-0.0092341,-0.3581902,0.24824424,-0.385447,-0.07846653,0.15981258,-0.24525559,0.045374565,-0.0032509924,0.08853932,-0.29104355,0.22513962,-0.36364758,-0.3245162,-0.02595758,-0.13174263,0.47157302,-0.23550487,-0.59785676,0.0862181,0.12812604,-0.072086945,0.48229787,0.31761134,-0.023391701,0.0501897,0.52708614,0.1830975,-0.13638847,-0.15963191,-0.15519479,-0.38975695,0.26435253,-0.45609373,-0.18907584,-0.1275685,-0.23249717,0.35293612
OAS1_0373,2.1360557,-0.83876437,1.1387969,0.47805372,-0.09476228,0.40360412,-0.05354745,0.36105394,-0.81920296,-0.04884229,-0.48445538,-0.21971248,0.20536709,0.17822313,-0.29900265,-0.30462685,0.20615117,0.69445825,0.040444076,-0.11399392,0.12064302,-0.05631885,-0.772821,-0.023487326,-0.8083815,-0.2836973,0.1824868,0.15892297,-0.42385238,0.047071856,-0.15893155,-0.36909413,-0.35306445,0.008307349,0.088730305,0.3360591,-0.67856514,-0.18814306,0.16595802,-0.49442843,-0.042599507,0.29828775,0.37661272,0.35429808,-0.22499216,-0.23309718,-0.12707038,0.26837543,-0.19433387,0.37605122,0.12907897,0.55442166,-0.26226142,0.475985,0.26013574,0.4136954,0.57241184,-0.1401359,-0.126073,-0.21488057,0.0023850382,-0.26265928,0.21965794,-0.2715262,0.00026269045,-0.13478743,-0.08342423,0.7926704,0.12974806,0.08541979,0.090851314,0.47697788,0.44262096,-0.26937672,-0.040193826,-0.58211404,-0.013327829,-0.5429944,-0.14900367,0.28056744,-0.035671882,0.29655796,-0.41836876,0.048042912,-0.5872297,-0.31654492,-0.39988792,0.6362524,0.025000092,0.5349116,0.31954986,-0.4622971,0.5601049,-0.37183094,0.067370616,0.21255942,-0.026772225,0.041952636,-0.28268108,0.086747125,0.058639035,-0.25973088,0.40161717,-0.06314212,0.14866754,0.1362021,0.16716021,0.14838643,-0.43797758,0.33928585
OAS1_0374,-0.67732346,0.5740358,0.13746098,0.48760605,-0.2957658,-0.5858737,0.35697454,-0.12614888,0.4826087,0.0016453956,0.36696646,-1.024722,1.0124885,-0.30828238,0.32868418,0.07493626,-0.048355523,0.26577663,-0.2550816,0.41672415,-0.19592407,-0.52973986,-0.08525162,0.33720234,0.08020536,-0.6602412,-0.36316574,-0.26302812,-0.507972,-0.06678529,0.79029584,0.2972291,0.10221093,-0.3322101,0.010913316,-0.09215494,0.2261726,0.5484279,0.47292763,-0.028234227,0.5288113,0.08860377,-0.28195807,0.117722005,0.31685284,-0.3170365,0.42448696,-0.38246652,0.15003698,0.104610145,-0.20196153,0.19356196,-0.1565899,-0.24096127,0.25494668,0.1703701,-0.2708291,-0.46660948,-0.050984073,-0.6601506,0.19238591,-0.6091513,-0.35151142,-0.104251936,-0.3516693,-0.047189415,-0.33840096,0.36985224,-0.13865808,-0.005057735,-0.15308067,0.5826838,0.1718664,-0.036752995,-0.36637476,-0.33580655,-0.67266524,0.13481288,-0.0930754,0.08785074,0.21690655,0.4036677,0.5112596,-0.12458835,0.46909636,0.4849902,0.19365259,-0.22133218,-0.13892972,0.45396546,0.1970388,0.055870924,-0.08513881,0.57047945,-0.32913908,-0.2325819,-0.31816188,-0.18738969,0.21690741,-0.33071342,0.049019393,0.24033806,-0.08752271,-0.19718347,-0.2900195,-0.2164119,-0.06421762,-0.2378851,0.51117706,0.04849305
OAS1_0375,0.07269529,0.58243144,-0.19643977,0.048488814,0.36508632,0.62328804,0.12898897,0.16760862,0.29913616,-0.026995944,0.17259198,0.29176468,-0.7564298,0.49894074,0.48727477,0.7758244,0.35328203,-0.2773459,-0.42223948,-0.35039425,-0.19738163,-0.056696467,0.09949531,0.12974471,-0.47019127,-0.20255952,-0.034303825,0.08905107,-0.18997496,0.53493005,-0.26936775,0.1877276,0.23253511,-0.5591123,-0.24822046,-0.061867192,0.6526557,0.034137517,0.017665721,-0.13675953,-0.10923823,0.0994442,-0.09036507,0.6858076,-0.68278027,0.20120776,-0.17231262,-0.78077877,-0.2648501,-0.022590406,0.14193699,0.12504745,-0.23113768,-0.10441796,0.14251506,0.29351458,-0.08537994,-0.46542233,0.16612619,-0.07877273,-0.14138784,-0.4789282,0.60020196,0.4203556,-0.06426952,-0.09205968,-0.20057233,0.09930967,0.40905476,-0.22626784,-0.2849026,-0.020223834,0.16205285,-0.11629047,-0.25840443,0.07763677,0.33275768,-0.090022415,-0.01984198,-0.17020953,0.33084586,0.18262532,0.43066958,0.2471642,0.24847746,0.076644406,-0.52918786,-0.08160726,-0.08433482,0.04416027,-0.24934363,0.07361771,-0.028428104,-0.18204899,0.66466016,0.40039226,-0.41379336,0.15492253,0.1425852,-0.043024376,-0.23524576,0.2791468,0.31433758,0.25668582,0.25482306,-0.42054006,0.24423125,-0.048315194,-0.08225468,-0.08084458
OAS1_0376,-0.31388548,0.29884925,-0.39794314,0.3993858,0.15653308,0.3922888,1.0609266,-0.0022851706,0.35932925,-0.31641605,-0.9686921,0.45373178,0.008236898,0.67195845,-0.57692075,-0.3827816,0.282898,0.09768456,-0.42820308,-0.3596819,0.27822268,0.4703019,-0.17184013,-0.066551246,0.021541983,-0.6098692,0.5496761,0.40402144,0.13002098,0.8951595,-0.019019658,-0.2252517,0.6802733,0.3109927,-0.0088636065,-0.12963635,-0.75830775,-0.18100196,0.24619317,0.08696241,-0.07521141,-0.024156446,-0.33290392,0.48349047,-0.26214725,0.5310495,-0.5183944,0.30525142,0.28019655,0.033179797,0.35076693,-0.2439897,-0.5479576,-0.3539255,0.10386843,0.030471683,-0.12353446,-0.1344667,0.3676096,0.09576807,0.027955363,0.1904854,-0.44522798,0.10674721,-0.15941484,0.5461696,-0.28305474,-0.37331113,0.5881135,-0.118528396,0.26644427,0.045216914,0.5280323,0.5174696,0.3025127,-0.29638886,0.48527336,0.45870465,0.00026966142,-0.076455966,0.12892282,-0.35897353,-0.2403792,-0.16058335,0.21771729,-0.32967308,0.15128854,0.33562872,-0.10867517,0.06257364,0.022821402,0.32670528,0.22407632,0.2449915,-0.28693664,-0.050139286,0.10488328,-0.014175201,0.14289193,-0.118080504,0.54012764,0.053092595,0.12194123,-0.25227877,0.21262051,0.0517173,0.14093731,-0.1265602,-0.026700849,-0.26854527
OAS1_0377,-1.3286175,-0.6185411,-0.33685932,-0.0065826396,0.16083454,-0.056197003,0.10263852,-0.0862859,0.40653414,-0.562951,-0.10622116,0.35717976,0.43512642,-0.18941717,0.16649555,-0.08290774,0.23452213,-0.34483558,0.44687313,0.29909363,0.3666775,-0.07515095,-0.09404717,0.68113625,0.32308453,0.17311358,0.23173012,-0.29640055,-0.4805704,0.34099147,0.20354062,0.10936688,0.63951826,-0.7063493,0.17007142,0.5898645,-0.18270323,-0.09363368,-0.3384813,-0.5895492,0.07960929,-0.45129144,-0.6180206,-0.15256017,-0.8420258,0.0222076,0.37611803,-0.17706771,-0.22166869,0.057516955,-0.39217207,0.19599631,0.5004538,0.045656215,-0.16130748,-0.2819138,0.46555185,-0.17847034,-0.33957133,0.31946108,0.034658365,-0.16783884,0.39771932,0.63199204,0.013159984,0.07354482,-0.3182766,-0.5185407,0.3161148,0.37132716,-0.12452222,-0.1985498,0.26362196,0.13931942,-0.06674746,-0.13135765,-0.0765018,0.33221406,-0.1644208,-0.04664761,0.1856508,0.41107932,0.6065054,0.008900012,-0.10620147,0.49211866,0.01249383,0.07213145,-0.19162664,0.4906807,0.5304333,-0.28526402,-0.6864472,-0.32012397,0.39465195,0.004806227,0.15325394,0.057775453,-0.053974252,-0.04639227,0.09350098,-0.02458527,0.02762773,0.07028673,-0.112710014,0.17157127,0.04712464,0.59272355,0.3150819,0.47514388
OAS1_0378,-0.80714935,-0.38554466,0.55162656,-0.12739474,0.2052969,-0.6857657,-0.8470731,-0.43567142,0.39336023,0.9086543,0.4613111,0.015632456,1.0935245,0.24583845,0.022570893,-0.2107438,0.4400345,0.9059328,0.18076186,-0.3902614,-0.09287355,-0.44308284,-0.33368826,-0.28423825,-0.69012463,-0.42704895,-0.30469233,-0.16011788,-0.11722394,0.00044564522,-0.64745015,0.25717977,-0.48041844,0.51496285,-0.56783324,0.32910565,0.11583986,-0.8728428,-0.052844297,-0.078151084,-0.41753855,0.632372,-0.4567322,0.13130677,-0.16587317,0.36121324,0.3865851,0.07502749,-0.14759466,-0.49160698,0.56789726,0.2606849,-0.15245412,-0.33563653,-0.080297805,0.10151592,0.32400417,0.05734925,-0.14454208,0.6247814,0.023106437,0.32012942,0.32347888,-0.25158072,-0.24105908,-0.50848836,-0.22961167,-0.19297248,-0.092102274,-0.23413208,-0.12878086,0.32164422,0.36960575,0.16179672,0.08690447,-0.028352687,-0.11326364,0.041186687,-0.15625341,-0.043791376,0.0101313805,0.05413927,-0.53698605,-0.56047356,0.24460429,0.298055,-0.009519909,0.026715247,-0.038090542,-0.32851654,-0.56652254,0.28310448,0.0456651,-0.027710496,-0.16558513,-0.2374057,-0.25198147,0.4462705,0.358148,-0.15450472,-0.2086817,-0.1817745,-0.23281865,0.20714454,0.21155784,-0.4838443,-0.05549131,0.06593586,-0.085097,0.23161866
OAS1_0379,-1.1227745,0.007086683,-0.24915713,-0.17931005,-0.29760197,0.5543992,-0.16710734,0.0144609995,-0.48467198,-0.388543,0.4960955,-0.17902121,-0.25698248,-0.35692754,-0.752032,0.55811036,-0.24047461,0.5111664,-0.37418938,0.012976918,0.41787106,0.35214978,0.48593962,-0.43542355,-0.14024003,-0.0023597376,-0.071526155,0.072814405,0.19515133,0.19811374,-0.23248363,0.30111465,-0.15459968,0.47679186,-0.4473945,-0.2426972,-0.40703386,0.5777451,-0.18321028,-0.42022637,0.56901467,-0.2658311,-0.46722904,-0.30022827,-0.041789893,-0.46811038,0.3350876,-0.16408338,1.1910418,-0.017245915,0.45598722,-0.72715324,-0.061005346,-0.18639126,0.32077295,-0.013136228,0.4575628,-0.64215684,-0.3425269,-0.25637695,-0.64435065,0.59222037,0.17623264,0.2179815,-0.1060699,-0.32312214,0.34068713,0.30226946,-0.37865895,-0.17029123,0.1529069,0.18306829,0.18676971,0.19155088,-0.27542934,-0.29964736,0.11120185,0.5912175,-0.3113995,0.16614756,0.060097504,0.13833311,0.20608994,0.09490827,0.24211751,-0.04609487,-0.06689605,0.1661258,-0.065883234,-0.61016816,0.35783616,-0.32141373,-0.5005477,0.11710574,-0.07947391,-0.20008716,0.13356476,0.058508478,-0.11538857,0.05384344,0.28058377,0.0039996463,0.13902889,0.15358403,-0.10308169,0.29462165,-0.02301609,0.123266794,0.13424069,-0.034152567
OAS1_0380,1.9835254,-0.21012966,0.90617335,0.34422764,0.090601735,1.3207078,-0.40333334,-0.17068501,0.27741697,-0.30011928,-0.18470532,0.34639782,-0.16446412,0.08398711,0.035155512,0.2497853,1.2029783,0.25572118,0.05179747,-0.5583739,0.20832965,-0.31515214,1.1260206,-0.24716893,-0.34379858,0.9937613,-0.054493275,0.1799642,0.7250629,0.10257822,0.6870918,0.015801508,-0.15027171,0.65899396,0.684967,0.026812602,0.3605025,-0.7191385,0.37271804,-0.20859991,0.28288662,-0.10287049,-0.3234539,-0.7213686,0.12609047,0.80368394,0.3771694,0.33004504,0.072280824,0.0061078444,0.5876252,0.057035178,-0.1522685,-0.37999424,0.10278827,-0.6396518,-0.22598678,0.13250898,-0.41247484,-0.21728383,-0.22327256,-0.12027112,-0.31363636,0.89538634,0.55007136,-0.4190292,0.01376764,0.029163238,0.03609488,0.22129627,-0.4232811,0.7277815,-0.13741386,-0.06746004,0.37487572,0.54824436,-0.012033878,0.149251,-0.45522726,0.10430645,-0.119580135,-0.003676164,-0.21393076,0.20468305,-0.16983813,-0.07674803,0.7694145,0.16079944,-0.27920917,-0.07281235,0.09744142,-0.03160206,0.02288557,0.15352745,0.37923178,0.028488982,0.15149651,-0.13682674,0.25960708,0.15394886,-0.013010994,0.20653877,0.48309627,0.4976461,-0.106271945,-0.1781915,0.36990437,0.307811,-0.22638495,-0.046708953
OAS1_0381,0.33869243,0.7615405,-0.5263561,-0.3911745,-0.043372426,0.4063407,-0.1291571,0.0035957783,0.40978643,-0.15065545,0.15058668,-0.6344138,-0.34823796,-0.58521414,0.14349431,0.21318287,-0.024385024,0.2494025,-0.10070889,-0.30148184,0.17073876,-0.08341879,0.82783824,-0.07900027,-0.24636605,-0.28730235,0.08101657,-0.004563653,-0.5216607,0.12296538,-0.15305787,-0.017009472,0.2539031,0.8456418,-0.3940831,0.03540802,0.8090081,0.09790128,0.057368163,-0.13566981,-0.08233348,0.021600854,-0.28792623,-0.049748976,0.25922555,-0.024042387,-0.0015661188,0.17820042,0.033872668,0.004038535,-0.1783147,0.7359873,-0.18441306,-0.8786767,-0.030290516,0.10636637,0.3374456,-0.26267728,-0.0031807392,0.012868937,-0.17266479,0.09515561,0.5327524,0.11492394,-0.21985054,0.17438506,1.93026e-05,0.08825979,0.018050669,0.17598233,0.106958084,-0.1131825,0.14153653,0.55543953,0.20457777,0.06492204,0.14025787,0.17799757,-0.08625676,-0.116868906,0.14149044,0.15750135,-0.07067302,-0.103259034,0.17739697,0.42466855,0.008082909,0.01818745,-0.5894396,0.004542727,0.008797101,-0.04281769,0.40411967,-0.5528546,-0.0025836152,0.21081348,0.09173171,-0.253571,-0.13218594,-0.5620622,0.49351957,-0.332036,-0.09558457,-0.2669667,0.1071525,0.2286489,0.19329298,-0.051320024,-0.14615868,0.17358069
OAS1_0382,2.38842,0.22937012,0.14431983,0.14182396,-0.14660074,0.61456597,0.825483,-0.01994271,0.025635693,0.06285734,0.4638566,0.36296782,0.5883132,0.11893958,0.6102298,-0.1529863,0.20837027,0.7963404,-0.11669048,0.39277795,-0.046790022,-0.25543636,-0.17075363,0.2736466,0.3928441,0.29634374,-0.22239408,-0.4040563,0.2774379,0.38914326,-0.2878642,0.17255032,-0.6938569,-0.18101995,1.0523621,-0.38016903,0.21834347,-0.45593736,-0.25152367,0.04871191,-0.66591954,-0.4771464,0.12813398,0.015089979,-0.08104685,0.049826123,-0.19158706,-0.16980657,0.17219573,-0.38616621,0.41506177,0.25406855,0.38936204,-0.15054615,-0.47976476,0.4445784,0.50430596,-0.034074992,0.506135,-0.39813703,-0.20160232,-0.6724157,0.48849145,0.4979913,0.06655821,0.029732028,-0.5937983,-0.10162031,-0.010823674,0.45971143,-0.1608779,-0.16164576,0.22471318,-0.1225144,0.5782151,0.38932934,0.598081,0.46935302,-0.3066441,0.22676276,-0.12553847,0.35897356,-0.1293216,-0.30781704,0.03271802,0.09119294,-0.3162423,-0.30335832,0.20965256,0.12848893,0.2769022,0.14966659,-0.12560385,-0.11881468,0.20792767,0.017006231,0.39454648,-0.3586136,0.5301489,0.6521682,-0.03125184,-0.13551961,0.3680833,-0.38413116,0.21279699,-0.34527045,-0.2536337,-0.18936607,0.49810663,-0.41753832
OAS1_0383,0.17137107,1.1216444,0.3941863,-0.102515355,-0.38953042,0.067006476,0.1913275,-0.09451177,0.40367728,-1.0369543,-0.25432795,0.45370004,-0.4097108,0.37752742,0.54228383,0.7993151,0.14767286,-0.5158025,0.5553781,-0.28234065,0.4065572,0.3771218,-0.24433164,-0.30655625,-0.12871765,-0.06577861,0.4860941,-0.63301224,-0.6603856,-0.46663845,-0.6288231,0.1929395,0.1402338,-0.33114475,-0.09757201,-0.27063647,0.08434399,0.22453222,0.1748166,0.50554615,0.046165634,0.4633196,-0.31702504,-0.37697753,0.24598825,0.38939863,-0.44904283,0.21099015,0.2556811,0.5297911,-0.0127822235,0.06111778,-0.1975078,0.26872072,-0.19870444,-0.0181426,-0.06975035,-0.44708043,-0.17460072,0.09163354,0.2961828,-0.23763134,-0.61360407,-0.6012647,0.29486054,0.2104816,-0.47442278,-0.8666921,-0.09292129,0.45710093,-0.40413964,0.45677516,-0.04222413,-0.5110443,0.3042451,-0.3083186,0.2907761,0.0728406,-0.2373248,-0.1775768,0.016397828,0.22924763,0.19683987,-0.34977347,0.29670063,-0.48173735,-0.09177615,-0.13819268,0.36247113,-0.34869793,0.29655105,-0.20472708,-0.13176277,-0.057564277,0.13747407,0.15475114,-0.02289787,0.32663786,0.06260132,0.17428006,-0.25598466,0.1288853,-0.3648913,0.121975504,-0.17604494,0.05655918,0.3526129,-0.1794309,0.08580827,-0.16527362
OAS1_0384,-1.2039652,-0.18174954,0.22009054,0.38821286,0.34294382,-0.37825125,0.13667744,-0.1595961,-0.4427889,0.5082059,0.116168134,0.65893275,0.27573627,0.13995545,-0.579031,-0.719334,0.35997784,-0.64954954,0.9981226,0.6327107,0.043364514,-0.27156562,0.88024193,0.4958511,-0.42922753,-0.05041387,-0.48087353,0.04934744,-0.16991122,0.920683,-0.027861027,-0.102449566,-0.42345703,0.0044783815,-0.14376952,-0.12111891,-0.44223502,0.49191114,0.081075184,0.22002164,0.2826179,0.8470885,-0.39980844,-0.15924293,-0.4166755,0.08844611,-0.276589,-0.20561446,0.06346131,-0.25406918,-0.23036522,-0.13302778,-0.21487403,0.11245146,0.2017792,0.26325288,0.065187424,-0.3273552,0.043374684,-0.16919988,0.5977639,-0.478995,0.041221276,0.10698712,0.2343692,0.14880879,0.36707747,-0.19792426,0.1135208,-0.2590351,0.2741299,0.05527264,-0.33509737,0.013729716,-0.13944055,-0.30753207,0.21304202,0.521646,-0.2160091,-0.51600164,-0.38218674,-0.11988473,0.13454224,-0.3415862,0.5912513,0.07452113,0.25566828,-0.029669415,-0.11264877,-0.2184679,-0.41553947,-0.28835517,0.10189772,0.075826935,-0.05519772,0.04886997,0.10156913,-0.39762402,-0.18996638,-0.108211376,-0.16948906,0.36716443,0.07151799,-0.2815927,-0.48291916,-0.17261341,-0.08905558,0.113158435,-0.033528768,0.41983375
OAS1_0385,-1.6927956,0.04586693,0.22811137,-0.36993882,-0.20543034,-0.17422543,-0.48909196,-0.50921434,-0.22177035,0.68186957,-0.8209564,-0.35432735,-0.3728964,0.16241142,0.14558543,-0.20876364,0.21823308,0.59301656,-0.19320378,-0.30697903,0.5835858,0.1556297,0.02587234,-0.18489179,0.07533456,0.06475897,-0.15530287,0.12803991,0.18710938,0.07697895,-0.7528479,-0.0526066,0.34521672,-0.5057822,0.12670687,-0.35708186,0.09829498,0.31590948,-0.103558406,0.042881504,0.30813023,0.30639094,-0.28612936,1.0358499,0.41598126,-0.5216166,0.13754497,0.25814602,-0.01686376,-0.20817746,-0.63793284,0.43370908,0.16671138,-0.025885317,-0.0556736,-0.14469542,-0.20069623,0.56958055,0.63728815,-0.37300265,0.14030366,-0.0043754783,0.17270307,-0.19225746,-0.04325266,0.14878492,-0.37921908,-0.0608856,0.22797978,0.4222544,-0.10203982,0.16719365,-0.136682,-0.73638284,0.74885035,0.21668278,0.104337014,-0.20148695,-0.11528022,0.04776992,-0.24884003,-0.066698655,-0.11973672,0.33601874,0.09056788,-0.12926173,-0.066627935,-0.118993655,-0.04125317,-0.02760128,-0.29765174,0.34765446,0.13725464,-0.5343244,0.068175405,-0.43494296,0.3382726,0.18011303,0.12487879,0.5528511,0.39098263,-0.22317709,-0.11385717,-0.16019253,0.2832489,-0.42694736,-0.038709786,-0.16403352,0.18091258,-0.34688964
OAS1_0386,-1.0336008,-0.4256956,1.089773,-0.4311347,-0.4103543,0.10812812,-0.25732413,-0.22831531,0.3761177,0.5080543,0.12882058,0.76724356,0.7095817,0.31593713,0.20848332,0.21217924,0.39500943,0.24819209,0.26036626,0.15958646,0.42522126,0.47017795,0.045111272,0.104791336,0.29642686,-0.31623557,-0.006462761,0.03286811,-0.415829,-0.022792825,0.42777038,0.22483347,-0.03634763,0.03617595,0.38771987,-0.048178043,0.06612645,-0.012977039,-0.102050014,-0.29120132,-0.23790069,0.49720594,0.71973234,-0.40863734,-0.43559292,0.3410543,0.23794441,0.12316022,0.040724456,-0.25713527,0.09979389,-0.14975269,0.17023431,-0.34567988,-0.076547205,-0.32520056,-0.6560487,-0.06494836,-0.14178924,0.319061,-0.37735778,0.125513,-0.3592724,0.30168504,0.17480771,0.0168642,0.1652039,-0.16667247,0.1965623,0.54026806,-0.36022896,-0.3896069,-0.3922602,-0.3765296,0.89775586,-0.48282692,0.161036,-0.23357828,0.25391605,-0.10321677,0.27868485,-0.31593642,-0.76967096,-0.34065714,-0.07615285,0.47254375,0.39139023,0.23115735,-0.028992487,-0.24727279,-0.15671025,0.11255039,-0.26079813,0.17349038,-0.16723356,0.45362955,0.27506122,-0.31332883,-0.41062248,0.2795912,0.37823102,-0.07582991,0.05719852,0.09552664,-0.27516678,0.35601684,-0.08223981,0.0533577,0.10960454,0.04906947
OAS1_0387,-0.59741324,0.3333253,0.8385541,-0.5239842,-0.71039945,0.5565363,-0.028594859,-0.032671623,-0.70110476,-0.58040386,0.73027474,0.45994797,0.10003198,-0.14958383,0.06953057,-0.5002938,-0.6537313,-0.7324794,-0.17800862,0.2808948,-0.10496754,-0.04053976,0.2552804,0.046292726,0.37058055,-0.30923042,0.2773359,-0.45444947,-0.27338633,-0.7552858,-0.14701381,-0.24116932,0.22324984,-0.3242983,0.44900912,-0.15403874,0.10253009,-0.07168333,-0.6453862,0.22068952,-0.46525472,1.1085818,0.15848798,-0.090121046,-0.5129487,-0.36520085,-0.42251447,-0.23534748,0.54119664,0.21838994,-0.0719047,-0.0016273502,0.4076421,0.49625933,-0.64191914,0.5099607,-0.12962063,0.31667453,-0.07188849,0.2522157,0.09025272,0.32591128,-0.36902717,0.091072045,-0.21648061,0.085305415,-0.15454587,0.4114136,-0.44008282,-0.07251453,-0.000922544,0.059444148,0.352212,0.14187275,0.09462155,0.612575,-0.06813995,0.22268295,0.036589187,0.39977083,-0.594067,-0.23440029,-0.31082058,0.11069183,0.40593657,-0.10425228,-0.061350945,0.008854365,-0.35378516,0.15190348,0.32383034,0.14884023,0.16242456,-0.19332787,0.2630226,-0.026646035,-0.4615522,-0.28817093,0.031629607,-0.06332154,-0.50191164,0.25749552,-0.029913561,0.4455542,0.12384647,-0.01939883,-0.6846652,0.005653795,-0.16937807,0.22156487
OAS1_0388,1.655333,0.38870633,-0.108492516,0.23841481,0.3074836,0.86670405,-0.50584704,-0.46182516,0.038394254,0.1451958,0.3450583,-0.5873961,-0.62252814,0.023429671,-0.008137399,0.05345603,-0.061923545,-0.40120828,0.20227695,0.86013085,0.5057091,0.32014248,-0.054168146,-0.05497471,-0.5286945,-0.018684959,0.48213091,-0.2505705,-0.30012614,-0.6200882,0.1313188,-0.26451683,-0.20811526,-0.041572027,0.096979916,-0.019504149,0.49829438,0.003740469,-0.107168876,-0.33457425,0.13146806,-0.7707445,-0.16923536,-0.23736227,-0.67103076,-0.42869502,-0.28923604,-0.089258,0.054076463,0.034190543,0.05263391,-0.0036572628,0.609884,-0.31650418,-0.7101654,-0.5731932,0.16379462,0.2310498,-0.0700477,-0.07763948,0.3925728,-0.21147963,-0.7909652,0.5089656,0.0779007,-0.5198436,-0.52741534,0.39895076,-0.83119106,0.35549334,-0.081048496,0.20108306,0.24864544,-0.16240272,-0.09912852,0.1469101,-0.001480819,-0.26646322,-0.21036722,0.080471665,0.32155234,0.6657621,-0.30013725,-0.39844412,0.16505401,0.023229461,0.73189354,-0.26226667,0.17533621,0.14593199,-0.5488679,0.05416944,-0.3979566,-0.26872948,-0.14470758,-0.24475454,-0.4916887,-0.14411974,-0.032451157,-0.53461117,0.14338203,0.0867765,-0.42364898,0.18601383,-0.0011751062,-0.113703914,0.26728755,-0.07240914,-0.49542147,0.06615161
OAS1_0389,0.42862847,0.41255027,-0.77852213,0.44336432,-0.027074905,-0.16600482,0.453738,-0.0605088,-0.009840259,-0.3076007,-0.12186211,0.39800027,-0.6813279,-0.15695146,0.45436502,-0.27594677,0.17319494,0.63338965,-0.49610305,0.111662,0.48003796,0.34403297,0.48215395,0.2523265,0.28611827,-0.17641433,-0.25462997,-0.37241915,1.0558436,0.33857128,-0.5196849,-0.30675852,-0.06386565,0.06369974,-0.66172975,0.68524724,0.30231702,-0.10323353,-0.073970966,0.7183194,-0.2733007,0.2784321,-0.071314,0.057069562,0.46191406,-0.2694938,0.17022309,-0.16256464,0.19039308,-0.09103298,-0.17676233,-0.47241545,0.36190054,-0.09526253,0.15429625,0.11198276,0.17054972,-0.2347156,-0.2622912,0.24551916,0.076962866,0.08780428,-0.11929114,0.5672614,0.09216284,0.0280125,-0.53722143,0.19807203,-0.13411303,-0.14439364,-0.18936552,0.32472086,-0.09363077,0.050768953,0.491946,-0.19571395,-0.019440724,-0.77021223,-0.07264643,0.0992158,0.4733416,-0.2186735,-0.56696534,0.15752338,-0.344385,0.21759528,0.105046846,-0.0804802,-0.18278621,-0.33517197,0.04299597,0.5940494,0.26400807,-0.11718204,0.075152606,0.66302466,0.14174938,0.27567148,0.20846316,-0.015984975,0.28197363,0.049722053,-0.083444595,0.27298495,0.17950815,0.095304616,-0.14978008,-0.20679012,-0.14596294,-0.28677914
OAS1_0390,0.27795,0.21200392,0.5466341,-1.0786502,0.5252457,-0.16504583,0.25214943,-0.7948513,0.11063297,0.10021087,0.29869702,0.34238032,-1.074434,-0.32334885,0.85018617,-0.2451078,0.5887569,-0.35600403,-0.6562775,-0.33242825,-0.6984796,-0.31175792,0.04861247,-0.14724492,-0.096861,-0.07524071,-0.29196745,-0.806005,-0.42778975,-0.11113301,0.27603492,-0.44812027,-0.5709271,-0.1044492,-0.04865792,-0.23934877,-0.27660802,-0.12027154,0.6028472,0.042222098,0.09655682,0.23475944,0.17210896,-0.31771415,-0.10856287,-0.25134313,0.649969,0.8862896,0.2854809,-0.13267274,-0.6020929,-0.2052629,0.022477137,-0.11004222,-0.4562468,-0.56634575,-0.14218967,0.31639093,-0.15557696,0.14585014,-0.13982834,-0.28838283,-0.14687985,-0.31090245,-0.1503136,-0.046382073,0.24757469,0.007970757,0.12602773,0.6405943,0.14145209,-0.24672976,-0.49800214,0.116471484,0.76611817,0.27306795,-0.01337597,0.31994525,-0.17799218,-0.2406904,0.028127188,0.28638953,-0.030918362,-0.5434829,-0.33370426,-0.277878,-0.096210316,-0.24054958,0.06890925,0.040317763,0.2498156,-0.57363707,-0.14528391,-0.41779697,0.051087733,0.4631687,0.3123029,0.17633763,0.055333752,-0.261864,-0.032127235,0.269916,-0.17605872,-0.028561546,-0.20983048,-0.30603963,-0.18956771,0.18461818,-0.1321099,-0.17239931
OAS1_0392,-1.5562558,-0.77732974,0.1765568,-0.4356436,-0.86992127,-0.43652183,0.6466464,0.1833254,0.0689828,0.28544852,-0.1980862,-0.3091122,0.271485,0.32669538,-0.22276273,-0.58124685,0.13380682,-0.32553837,0.06310288,0.13342008,0.3343842,-0.18861829,0.40074134,-0.5217935,0.12329908,0.558016,0.042469792,0.40376455,-0.3620512,-0.424976,0.2982088,-0.736904,0.17882363,0.13311705,-0.3425172,-0.32819307,-0.4513425,0.393192,-0.30344948,0.366226,-0.048856083,-0.07555784,0.042018823,-0.5180038,-0.46841252,-0.038049117,0.4667827,0.1919726,-0.53449535,0.0075962567,-0.19997363,-0.055599242,0.17696775,0.038023897,0.15220386,-0.13699524,-0.19007073,0.17551522,-0.18792441,-0.14401536,0.33552253,-0.06495415,0.42459252,-0.27308694,-0.13280156,0.045839548,-0.37413886,-0.009602327,-0.17950049,-0.06898143,-0.48674545,-0.05250279,0.20058317,0.4350277,-0.45223546,0.022237336,-0.14657469,0.20400676,-0.050302155,0.10609188,0.020845992,-0.06062666,0.07610722,-0.26456258,0.020283395,0.32099506,0.12318758,-0.1543584,-0.07553175,0.43262824,0.4256142,0.19567327,-0.27265224,-0.63141143,0.10926581,0.6229381,-0.07200739,-0.48230398,0.15566698,-0.23335145,-0.10325129,-0.5809362,-0.76602966,-0.50705,0.22272922,-0.084240444,-0.15560842,-0.15631345,-0.1746475,-0.3700197
OAS1_0394,-1.2051681,0.002616095,0.8724787,-0.11991415,-0.432775,0.2813654,0.42067245,-0.60755277,-0.36059177,-0.15614328,-0.32224107,-0.010146381,-0.11353209,-1.0147728,-0.20443444,0.023499558,-0.5913046,0.008780066,0.5832543,0.6268876,0.88720274,0.20935251,0.23396803,-0.4182861,-0.23831953,0.23945452,-0.3314734,-0.110330306,0.26312315,0.019691741,0.041460298,-0.37922582,0.44455886,0.00819797,-0.69812477,-0.06243565,0.77836704,-0.2886782,-0.2122707,0.07737374,-0.60355043,0.4450375,-0.21988185,-0.4525001,-0.15460494,-0.70500755,0.13399753,0.3457363,-0.30622414,0.07490623,-0.05301897,0.17695563,0.08253145,0.045398504,0.057178978,-0.0829448,-0.35685226,-0.21894678,-0.10421156,-0.042907123,0.075184934,0.039258786,-0.09468317,-0.37849683,0.13085034,-0.21695751,0.3105395,-0.34730986,-0.07763877,0.22178583,-0.92346114,0.5171589,0.10023241,0.00046035313,0.3939582,-0.24117191,0.12408185,0.1680355,-0.45199218,0.15638785,-0.0104931565,0.47160304,-0.21376182,-0.022912607,0.038558055,-0.17262608,-0.27365774,-0.3792798,-0.5144202,0.067007065,0.07987789,-0.023954619,0.24277778,-0.04255383,0.09019215,-0.595099,0.32405818,0.029998032,-0.34069273,-0.17394106,-0.294359,0.19925933,0.12679076,-0.3010999,0.19488734,-0.21861242,0.10211729,-0.16182648,-0.25199574,0.16847935
OAS1_0395,-1.2183233,-0.5935214,0.96686727,-0.18892278,-0.7428025,-0.6406877,0.67970663,-0.78263193,-0.43667796,0.71444356,-0.4208816,-0.3579976,0.024995176,0.47920284,-0.2623525,-0.87076366,0.06570414,0.7636215,0.05415223,-0.12607546,0.121122666,-0.5738278,0.9841106,-0.35706326,-0.013627306,0.29715648,-0.2695314,0.43062353,0.24136086,0.18723299,0.15076868,0.00023573969,-0.06640442,0.25039616,-0.31671837,0.0953769,-0.7283473,-0.17683904,-0.14336775,-0.02900259,0.48007566,0.08599478,-0.16707687,0.37774774,0.24127024,-0.1325768,0.8720102,0.050251823,0.18755457,0.64409673,0.16798796,-0.105819106,0.12577301,0.24295406,-0.42384717,-0.73864925,0.16401096,-0.080684096,0.14092916,0.760132,0.47882178,0.1953967,0.43362767,-0.32100773,-0.07531332,-0.44060323,0.3842913,0.034571603,-0.19464067,-0.038236257,-0.7054291,0.2084618,0.0511247,-0.4561157,0.3079242,-0.12986043,0.0006762477,0.4281575,0.029742535,-0.37271246,0.040998977,-0.067980796,-0.2908679,0.18260139,-0.543768,0.30781633,-0.20964622,-0.14288668,0.27035034,-0.04921355,0.14289735,-0.08426092,-0.10420462,0.31543684,0.24051224,0.1695722,-0.35128993,0.55415434,0.3042375,-0.14240319,0.7326328,-0.096895106,-0.16815254,0.18782859,-0.192312,0.10952642,0.40271455,-0.06856712,-0.10247629,-0.4514027
OAS1_0396,-1.2212838,-0.70135796,-0.32949555,0.47265264,0.23093352,-0.48545894,0.3496345,-0.22349873,0.7242573,0.022190718,0.32979807,0.0128539195,-0.34980214,-0.08787273,0.6156682,-0.5195401,-0.0737772,0.39332622,-0.3492463,-0.07611226,0.3920779,0.6829349,-0.13721399,-1.2657493,-0.055580568,0.3243044,-0.27936143,-0.4614258,0.45220122,-0.04282714,0.15702966,-0.22094518,-0.047899265,-0.04010686,0.18530461,-0.04633227,0.37153208,0.21459317,0.1285794,0.0034812132,0.35148868,-0.22525732,0.027866842,-0.031131813,-0.036787987,0.141538,-0.20424947,-0.17099313,0.44730514,0.44468975,0.50422287,-0.16234982,-0.39581805,0.3695699,-0.14490025,-0.41750944,-0.15368523,0.1936633,0.006394555,-0.1181727,0.4012125,-0.2226197,0.37280482,0.15517843,0.49857286,-0.043520983,-0.21985039,-0.27555317,0.23248687,0.1570404,0.20902216,-0.4248529,0.12338213,0.22933006,-0.08395385,0.21295898,0.020791974,-0.014923019,0.19735919,0.21996696,-0.48105514,0.19164401,-0.18722051,-0.32461578,0.06334945,0.21171664,0.18398286,0.37625718,0.3016395,0.19654615,0.1647429,0.5709212,0.14375456,-0.21583948,-0.1917945,-0.040113315,0.10760643,0.1611988,-0.056024686,-0.091730535,-0.008227409,0.42295069,0.058930002,-0.31360832,0.11768175,0.17132533,-0.32970592,-0.0425822,0.64820653,0.20743266
OAS1_0397,-1.0679616,0.045150343,0.58961535,0.22184053,-0.5324629,-0.116311595,0.6837253,-0.20176731,-0.95830274,-0.3784809,-0.2920544,0.4657697,0.16208325,-0.39587677,0.39327314,-0.8554165,0.039918154,0.24257794,-0.33982316,0.95344204,0.16780344,-0.16729882,-0.07197252,-0.08733092,0.08939564,-0.6933983,0.12987614,-0.32751468,-0.30771145,0.30497232,-0.03589205,0.063127145,0.17370549,0.49171817,-0.35886472,0.13196601,0.049674883,-0.91044307,-0.1694074,-0.38419655,-0.85924506,-0.73758185,0.10199906,0.0385648,0.9136459,0.06069132,-0.44303283,-0.14522775,-0.13774002,0.12199429,-0.037572894,0.11072766,-0.27716193,-0.44921985,-0.024802199,-0.29321504,-0.18238303,-0.07302533,-0.09167846,-0.18097006,-0.51296335,0.1023667,0.3711788,-0.19104235,-0.24011533,0.55540156,0.47390476,0.04258218,0.4214442,-0.24166645,0.25489408,0.22107427,-0.008616904,-0.12000879,-0.0061053075,0.42776737,-0.088281065,-0.33090526,0.34684297,0.22729976,-0.09167422,-0.1293131,0.63834757,0.5185435,0.38884267,0.2261793,-0.22511333,0.3040845,0.17099985,-0.021520605,-0.03065423,-0.106887795,0.23826456,0.25129354,-0.43827742,-0.7604859,0.03328742,-0.09617628,-0.038811505,-0.0641379,0.1718533,-0.2253207,-0.052778844,-0.5056066,0.4284897,-0.1294831,-0.3129911,0.11820517,0.14436027,-0.21060261
OAS1_0398,1.5502232,-0.6377317,-0.23390906,-0.053239133,-0.02268513,-0.30903414,0.8514848,-0.93070716,0.16376694,-0.3185551,-0.14390008,0.2928003,-0.833283,1.0650829,-0.8792162,-0.0005974139,-0.4962204,0.3074459,0.27356854,-0.36817276,0.08795317,-0.23642318,0.3915395,0.358809,0.21587215,0.15764035,-0.36416683,-0.09658472,0.16684763,0.38780683,-0.15574695,0.19915576,-0.13078332,0.16121037,0.12021665,0.7482229,0.34524947,0.09992044,0.21699686,-0.76983684,-0.024244716,-0.068626106,0.5182704,-0.002977752,0.36531356,-0.13450721,-0.6637477,-0.7059263,-0.17237149,-0.4107377,0.015717486,0.4149572,-0.27733874,0.40619528,0.12398826,-0.27433422,-0.31331855,-0.4028357,0.303698,-0.2749852,-0.54802036,0.14434223,-0.29437867,0.077835284,-0.4631452,-0.2978262,0.51039904,0.4139568,-0.045835007,0.17067185,0.1097105,0.59268534,-0.15592757,-0.15487358,0.035702653,-0.34965804,-0.21960793,0.14570692,-0.23238257,0.19316135,0.03738192,-0.4427875,-0.25882387,-0.07928382,0.1081011,0.16337177,0.052155,0.008385481,0.07672726,0.18236606,0.40420857,0.44617945,-0.22821325,0.42635173,-0.25731328,-0.067890175,-0.07407604,-0.16633937,0.13786301,-0.55684024,-0.8204829,0.0719393,-0.35163614,-0.18037897,0.26989987,-0.27343053,0.02321713,0.066010594,0.25583595,0.12862739
OAS1_0399,2.2736585,-0.63957304,1.1150804,0.019851396,-0.5981544,-0.13395908,0.11949499,0.27820733,-0.6193623,-0.4931262,0.41716027,-0.36504173,-0.45952344,-0.58322287,0.25618476,0.17153226,-0.50323886,0.6789059,0.4831018,-0.091922045,0.44253752,0.3059834,-0.024474353,0.6599313,0.1125382,-0.4370416,0.5061603,0.23565538,0.0020693792,-0.023105657,-0.57283956,0.20456615,0.276342,0.5902614,-0.7607364,-0.12120557,0.041483488,-0.014353934,0.93360126,0.020921126,0.52230376,-0.19598415,-0.14212345,0.092240356,0.10512062,0.07659795,-0.35333645,0.009001663,0.26471478,-0.287102,-0.23876974,-0.709737,0.3439937,0.4222359,-0.18690085,0.30145234,-0.3941046,-0.016156336,0.12063987,0.52057886,0.19798833,0.36174193,-0.2984267,-0.6187022,0.108374536,-0.44998643,0.01379745,0.3592162,-0.11736217,-0.46013108,-0.089396656,0.22197028,0.38206333,-0.2727133,0.24722917,0.0048904074,0.3465793,-0.22564903,-0.3525068,0.16636203,0.42577866,-0.054699417,0.3683346,0.27941117,0.325237,-0.30512038,0.2646387,-0.40633687,-0.6133267,-0.010955605,-0.25229892,0.14481385,-0.6235142,-0.200796,-0.14025174,-0.06510505,-0.10456268,-0.0835487,-0.022336436,0.1960775,0.045860615,0.10109724,0.22127339,-0.14783525,0.12142473,0.09281407,-0.25075084,0.011552049,0.5264698,-0.21050242
OAS1_0400,1.8978871,-0.28454944,0.5850375,0.15081632,-0.22474088,-0.026940295,0.20724033,-0.15389946,0.1890648,0.2716738,-0.14409451,0.43004474,-0.2667686,-0.27397344,-0.29988506,0.3417319,0.028533593,0.04600461,0.28329113,-0.020565055,0.7229952,-0.20808885,0.4122938,-0.031307887,0.13668951,-0.06582224,-0.5295336,0.2909686,-1.1251394,0.034562264,0.18612215,0.0057160542,-0.0293935,-0.05331229,-0.2210882,-0.0669251,-0.009052853,0.48083946,-0.09051659,0.20737475,0.114464365,0.22597465,-0.046151254,0.28754416,-0.5079743,0.055982627,1.1662471,-0.6985814,0.019295393,0.27090073,-0.20512669,0.26422322,-0.065764435,-0.23653148,0.055216067,-0.12073286,0.1437032,-0.07592225,0.12405259,-0.13017607,0.046815805,0.41172266,-0.48220697,-0.36982164,-0.18996027,0.47611392,-0.048724946,-0.4634748,0.023004888,-0.061304998,0.2586173,-0.3097432,0.112853564,-0.084543824,-0.17083547,0.04852002,-0.049780935,0.19467296,0.14853859,-0.066214025,0.13417341,0.18883187,-0.13831246,0.062055636,-0.08763825,0.2999684,-0.3964018,-0.5951915,0.113799796,-0.4082486,-0.051181443,0.33998528,-0.109466694,-0.0032491311,-0.026704986,-0.25783587,-0.14961405,0.5350895,-0.4594035,-0.1846238,0.25276393,0.040121835,0.103868015,-0.09829641,0.2886829,0.09273403,0.34452048,0.60099065,0.16441743,-0.1088646
OAS1_0401,-0.8660699,-0.03255815,-0.5298794,-0.3509219,-0.00669242,0.66418403,0.19681886,-0.72285414,0.0045904606,-0.18695535,0.71174127,0.18252032,-0.05725292,-0.44668135,0.10127097,0.7680224,0.05859788,0.8453897,0.36983612,0.12997723,-0.08218306,0.16166553,0.1211658,-0.62377214,0.24791913,0.33278388,0.2083169,0.300124,0.1117313,-0.26232612,-0.059821296,-0.22870912,0.108523294,-0.296006,-0.21158955,0.21322712,-0.5809901,0.042444684,-0.019828476,0.5280604,0.29965854,0.19299388,-0.04343817,-0.9991294,-0.20582384,-0.117192164,0.40264496,0.20494404,-0.2841799,-0.45235577,-0.03711918,-0.5210947,-0.30769902,0.7279966,-0.29324144,0.3952116,-0.22738005,-0.07197477,-0.32841143,-0.4760634,-0.026885286,0.16230248,0.510931,0.40728113,-0.6260054,0.11265367,0.1611702,0.06493712,-0.13185307,0.3907133,0.26399875,0.13087808,-0.2721486,0.46199057,-0.07767038,0.8341939,0.31713656,0.57271075,0.34887165,0.3691918,0.12336873,0.28639397,0.12658401,0.13755164,0.12278194,-0.24886282,0.0848373,0.120712645,0.24126919,0.0811118,-0.4248192,-0.20087343,0.24511431,-0.21433008,-0.26486343,-0.18150322,-0.06613098,0.21058875,0.0020616422,0.4576773,-0.009041699,-0.07170155,0.050126806,0.43307784,-0.12225815,-0.37422076,0.34838352,0.050698422,-0.15172328,-0.09440016
OAS1_0402,1.9077159,-0.9896848,-0.18975171,-0.40131703,-1.6698979,-0.066299744,-0.014841733,-0.11638868,-1.227765,0.23028448,0.595705,-0.13827714,0.11101469,-1.063695,0.12624739,-0.028964082,-0.8369079,0.33079016,-0.50245005,-0.38960713,-0.41606423,0.7954511,-0.7119434,0.20022868,0.19824433,-0.29089656,0.40657356,-0.09032317,0.7449266,-0.10707227,-0.15410486,0.47305658,0.13081624,0.20402208,0.5548514,-0.5302538,-0.06373345,-0.29380977,0.09114897,0.07586313,-0.6117733,0.25213066,-0.32854736,0.07723312,0.056836236,-0.40332735,-0.8774276,-0.052111536,0.0925371,0.090358816,0.15025087,0.6132947,0.07321494,0.30359355,-0.4005464,-0.31205523,0.4346479,-0.10133022,-0.18816254,0.22723366,-0.0009101016,-0.0627765,-0.1028827,-0.02355354,0.024872655,-0.16389175,-0.14052038,0.24512127,-0.15088677,-0.07173153,0.054817326,-0.121319905,-0.44065517,0.17253342,-0.085721955,0.20178843,0.29402867,-0.14666761,0.3241583,-0.15259232,0.17717807,0.06638482,0.026415158,0.25043243,0.11727392,0.6474482,-0.030281095,-0.6233879,-0.09833734,0.16084501,0.2906931,-0.44589683,0.40762144,-0.06819861,-0.04505502,-0.0018037979,-0.2171168,-0.2862121,0.20196761,-0.00064681383,-0.18849955,0.4062535,0.2179008,0.06672119,0.07754154,0.18842027,-0.11334075,0.38695028,0.14498985,-0.24615863
OAS1_0403,-1.373121,-0.37746042,0.20540516,0.17823906,0.11389828,0.07978103,0.44120872,-0.20891368,0.36530182,-0.6906509,0.15426804,-0.9390226,-0.38669732,-0.22597295,0.45195848,-0.015192414,-0.12099599,0.1895878,-0.16746265,0.50180715,-0.21234281,-0.22752236,-0.18355522,-0.008858174,-0.18023188,-0.25063702,0.49214965,-0.39397794,0.59678423,-0.24633786,0.045883834,-0.25924787,-0.19086862,-0.23255819,-0.42136967,-0.032061778,1.0441365,0.13518324,0.1149879,-0.45069936,-0.19236754,0.42925367,0.28572613,0.25096685,0.08386431,0.24106856,0.10676237,-0.028625008,0.19010404,0.4000249,-0.09018653,0.22643796,-0.23819464,-0.056311157,-0.2661039,-0.6392784,-0.25471407,0.03535114,0.2851019,-0.45408398,0.17398077,0.21053143,0.005982116,-0.03730578,0.11090533,0.99305594,-0.036097635,-0.83022916,-0.24164262,0.05622313,-0.1886395,0.31497806,0.06210542,0.6136764,-0.13159202,-0.6128371,-0.019419337,0.2882167,0.41100624,-0.2741976,0.4269473,-0.018177137,-0.2123838,0.11205037,-0.105552815,-0.10030379,-0.23036116,0.3397747,-0.42601827,-0.4551075,0.15356055,0.059981264,-0.100435995,0.35432974,0.12978183,0.030491076,-0.0064161583,0.17003004,-0.46299702,0.28619882,-0.47731808,0.10100283,-0.33619812,-0.08819113,-0.30606073,-0.29941255,-0.22058068,0.13129587,-0.5025506,-0.17245619
OAS1_0404,0.88160264,0.88622534,-0.0082804505,0.43227425,-0.30158877,-0.6153617,-0.039704468,0.18223767,0.38370362,-0.47480807,0.4140743,0.5197518,-0.3964225,-0.21173249,-0.18855318,0.16738723,-0.28771073,0.821644,-0.49169427,0.27164847,-0.39863038,-0.19154823,-0.16927908,-0.38190815,0.23816742,0.20603618,-0.27332145,0.25121555,0.33540165,0.45185286,0.16251725,-0.5340934,0.028629752,0.066686265,-0.038442563,0.104131326,-0.12817478,-0.047356542,-0.012851981,-0.6127937,-0.36473313,0.795446,-0.01894635,-0.26566038,-0.28573322,-0.12008009,-0.19148898,-0.17942584,-0.11595025,-0.23506665,-0.14978987,-0.072159916,0.50276643,0.30035037,0.74345165,-0.18094419,0.031993315,0.0016373586,0.518346,0.046165228,0.056814183,-0.07656616,0.2679774,-0.4589899,-0.38020808,-0.16571304,0.0033986832,0.12279075,0.17910464,0.28772122,-0.27036574,0.06096209,-0.5252035,0.037846334,0.23841654,-0.2029211,0.3685099,-0.24318174,0.24526691,-0.062253222,0.13748156,0.20422466,0.0679335,-0.26613957,-0.25984347,-0.14002748,0.033592664,-0.1433019,0.07004545,0.22835903,-0.26269886,0.5033937,0.58852863,-0.036584113,-0.52473,-0.14922118,0.14847301,0.089598924,-0.21690847,-0.0010823524,-0.37097195,0.16815713,0.38542533,-0.23424205,0.17331715,0.24942847,-0.025100427,0.1473244,-0.2115767,0.04310867
OAS1_0405,2.0494056,-0.3337421,0.42562607,0.38725135,-0.2114962,0.30417436,-0.9298594,0.47518378,-0.4465064,-0.2641104,-0.12933008,-0.40006262,-0.4682763,0.15611206,0.043788083,-0.28895536,0.6428665,-0.36872864,0.10656104,0.35737807,0.1926521,0.112544164,0.35929617,-0.5443921,-0.81293344,-0.2547139,-0.06435043,0.3710812,-0.06497751,0.7412243,0.25511238,0.039849382,-0.30746844,0.24390383,-0.0072380225,-0.42702293,0.633664,0.7068137,-0.41382772,-0.5022159,-0.06936905,0.44931003,0.44037625,-0.027039884,0.36011508,-0.15864804,-0.47851184,-0.008309873,0.37683374,-0.27952674,-0.27158302,-0.30836204,0.1334526,0.42088902,-0.6067893,-0.72737545,0.31936297,-0.12114298,0.049827684,-0.07949975,-0.08613183,-0.14494571,-0.101931594,0.26025644,-0.111044295,-0.5166505,0.34995988,-0.015686315,-0.4071233,-0.33535826,0.17048615,0.034850836,0.11312602,0.26565632,-0.028050069,-0.18792355,0.16224721,0.32888812,0.2740086,0.100141965,0.060260784,-0.18015054,0.4133658,0.27394775,-0.15817271,0.024447555,-0.52570915,-0.31029254,0.21907777,0.6626688,-0.06619841,0.036271732,0.31556576,0.29439345,-0.35554376,-0.36450315,0.042690292,-0.26699293,0.38715437,-0.27113557,0.34482515,-0.64223826,0.11111676,0.053728055,0.22772294,-0.15514824,0.2246496,-0.32145923,0.34193194,0.03648538
OAS1_0406,-1.4218868,-0.42663303,0.7556802,-0.8043781,0.35639986,-0.4510922,0.25265908,0.35189858,0.0014531713,0.10046791,-0.18425904,-0.6236123,0.0021357667,0.70494825,-0.8738183,0.027531907,0.115680784,0.74041665,-0.00040920931,-0.23988467,0.14214039,0.30330515,0.66870534,-0.22267385,0.16449241,0.10061733,0.52474684,0.53892213,-0.020027332,0.15038294,0.0017390032,1.2866551,-0.47657034,-0.32950625,-0.08738691,-0.5273159,0.21428914,-0.11305549,-0.25135836,-0.20161706,-0.2916811,-0.22473733,0.17375131,-0.53591746,0.27338448,-0.37534782,0.18769486,-0.44158205,-0.10833861,0.08659886,-0.3687068,0.1488072,0.1654448,-0.29109707,-0.09841766,-0.07553736,-0.15053491,-0.25437266,0.023469267,0.24061367,-0.032705877,0.10366422,0.4492316,-0.04659431,-0.119795054,-0.06504315,0.41711682,0.20707883,0.060531847,-0.37011385,0.33511078,-0.16822392,-0.17101012,0.03401541,0.24410935,-0.49445495,0.24932912,-0.32862008,0.024682568,-0.15805747,0.06739277,-0.16886963,-0.32025948,-0.26699027,0.024755713,0.33679876,-0.5026069,-0.30916697,0.34858954,-0.33026952,0.34703454,-0.42927447,0.2566499,-0.034130886,-0.13846877,-0.48352444,0.26566288,-0.44239494,0.2989358,-0.07323742,0.20706743,-0.15182416,0.18727742,0.52034533,0.34788537,0.107904516,0.21077128,-0.34118935,0.04523118,0.17523578
OAS1_0407,-0.60942614,0.24391378,-0.48988917,0.14535487,0.2103425,-0.11360024,0.34605023,-0.18477723,0.30434656,-0.045186616,-0.8974765,0.2791263,-0.8865252,0.60978216,0.5824345,-0.20603515,-0.41277203,-0.7560547,0.255627,0.71787626,0.09316828,0.15512632,0.35918248,0.27589318,-0.02236405,-0.3878054,0.12208016,0.2546292,-0.06319976,-0.36871725,-0.29110014,0.4737779,-0.2571154,-0.18176125,0.1046477,-0.41138712,-0.2938405,-0.55314356,-0.5431244,-0.10829661,-0.04922241,-0.28614238,0.28450817,-0.11967556,0.19711791,0.46613505,-0.45349273,0.29929668,0.32152948,0.14081784,-0.12210503,0.069344744,0.23986313,-0.074330345,0.6885626,-0.16317938,0.3033742,0.016334713,0.21220446,-0.024272703,0.13500825,0.5117522,0.31864616,0.027752664,-0.23897736,-0.41926846,0.20587327,0.3591515,0.061305813,0.2472273,-0.17429309,-0.23942766,0.6041452,-0.15669493,0.22046086,0.3666446,-0.29822782,0.09170188,0.1096496,-0.5453983,0.47651055,-0.38805494,0.009116696,-0.1025665,0.15961987,0.092449315,0.105036445,0.027673006,-0.021656938,0.19423214,-0.5440612,0.41068557,0.09978932,-0.10161462,0.29179978,-0.018493634,-0.102037646,0.32999194,0.0224752,-0.09365198,-0.3821986,-0.38942227,-0.25659174,0.029064607,-0.37817615,-0.12532523,-0.16065447,-0.080322355,0.3876991,0.008568639
OAS1_0408,-1.5153936,-0.8056333,0.30895296,0.106928095,-0.2889753,-0.4452834,0.37894204,-0.49377695,-0.12892467,-0.051232047,0.23883618,0.4289572,-0.3608532,-0.24785072,0.1904698,0.28589085,-0.14626403,-0.050782047,-0.24848922,0.5331641,-0.1804413,-0.36709985,0.28604242,-0.13323723,-0.27490932,0.7221626,0.17840931,0.15540105,0.25749117,0.03384062,-0.35727742,0.062392928,0.4012285,0.20784575,0.17917532,-0.07612349,-0.66183907,0.8280335,-0.47468773,-0.008753636,0.042481802,0.29918,-0.022383224,-0.054260686,-0.3362644,-0.40579718,0.035509802,0.61820734,-0.0023454328,-0.21350673,-0.011930895,0.20234896,-0.34460738,-0.14193593,-0.103294745,0.14745975,-0.3088392,-0.73505545,-0.13420619,-0.27136275,-0.057047404,0.3147514,0.4693827,-0.055556435,0.2019271,-0.08224476,0.13703337,0.19674274,0.19931464,-0.11268723,-0.47150397,0.025029855,-0.15666318,0.7177659,0.39435858,0.1939105,0.039564915,-0.110531375,-0.3509188,0.56476855,0.047277648,0.08622251,0.23739038,0.29779038,0.6510266,0.10290453,-0.08726317,-0.31620502,-0.09420441,0.01861554,-0.04759684,0.48211986,0.10055909,-0.16646437,-0.11640156,-0.16609335,-0.06292268,-0.008475485,0.17367096,0.42261836,-0.04235071,-0.019586615,0.13857305,-0.0041253264,-0.58911777,0.47139975,0.59942985,0.052411076,-0.32916602,-0.1404786
OAS1_0409,-1.123892,-0.6546131,-0.13971967,0.48124066,-0.2474745,0.65731245,0.21473408,0.16680975,0.3653041,-0.07414142,-0.29960555,0.37065974,0.05267946,-0.29461375,0.14761949,0.79069614,-0.39805275,-0.27470514,0.17625847,0.2744362,-0.35772023,-0.30648345,-0.14130567,-0.5081672,-0.47351933,0.809914,0.22704867,0.88291895,-0.046237003,0.61497575,0.41449174,-0.25229782,0.15153666,-0.4197573,0.21391599,-0.3165498,-0.20854065,0.64273727,0.56099665,0.050396953,0.1947615,0.111534275,0.5139609,0.5309556,0.6901343,-0.02221415,0.15150346,-0.43361747,-0.29166067,0.06576009,0.46609282,0.18925774,0.3556627,0.09062658,0.51601434,-0.051144704,0.32973257,-0.14866264,-0.6093047,0.8484709,0.25403276,-0.17068279,0.050985888,-0.23264669,0.0692396,-0.70969737,0.11431289,0.4424568,-0.18338868,0.57967705,0.3568506,0.092369154,0.31744,0.14529449,0.085628726,-0.054787025,0.54670095,0.24733421,0.0356953,0.24359253,-0.26905298,-0.19300039,-0.08803202,0.36036065,0.13245209,0.40410936,0.27441907,-0.19201888,-0.12263075,-0.39858213,0.48398542,-0.1312259,0.5290158,0.06735419,-0.3198682,0.3206683,-0.08109338,0.28328615,-0.020123295,-0.3938137,0.008032699,-0.0060541616,0.040572036,-0.07647645,-0.062719725,0.22679333,-0.41210026,0.10729547,0.29343116,-0.0024720498
OAS1_0410,-1.4766977,-0.8312909,0.15407066,-0.8757643,0.3130461,-0.41595247,0.08539884,0.090326205,-0.45742446,-0.15981746,-0.7134886,0.094450004,0.18589556,0.52467316,-0.26309368,0.52011913,0.5553455,-0.044992946,0.008334193,0.1987097,0.29124254,-0.36391628,0.057005882,-0.18613245,0.023074904,-0.41999644,-0.56081015,0.06745664,0.52362514,0.10873548,-0.72961354,0.016213408,0.12030314,-0.34397203,0.5697164,-0.014186093,0.10215058,0.41210988,-0.1223956,-0.6753266,-0.13730025,-0.70166284,-0.62264436,-0.5364858,0.30450237,-0.35644788,-0.27329665,0.04771285,-0.23137967,-0.16584606,-0.08213216,-0.20285112,0.01919413,-0.35985652,-0.36619964,0.20798059,-0.39861313,-0.28083035,0.06532038,0.5401089,0.31231424,0.057132028,-0.42813486,-0.023654876,-0.64817876,-0.5316241,-0.36279482,-0.26809144,0.26819894,0.21066205,-0.24138118,-0.21446626,-0.060128026,0.249506,0.08539582,-0.37436286,-0.34536168,0.5545985,-0.30556047,-0.017134327,0.41087207,-0.35207865,0.15984441,0.21686223,0.10201203,0.088547654,-0.38425428,0.5662776,-0.3170165,-0.3447418,0.01718984,-0.14713667,0.31432167,0.026424766,-0.16067727,-0.2115173,-0.138313,0.5153023,0.32038203,-0.3494202,-0.3400542,0.6566956,0.4976546,0.07011617,0.20405999,-0.33403337,0.11400989,0.073115446,-0.19596136,0.17980586
OAS1_0411,0.7529925,1.0272952,-0.069214456,-0.11747576,-1.1411633,-0.310955,0.08032054,-0.21228285,-0.3161969,-0.4904754,-0.69067407,-0.11868924,-0.62076175,0.028734697,-0.4947515,-0.03259246,0.26331228,-0.21456227,0.4018961,-0.29205465,0.5212263,0.21533644,-0.28170836,-0.7873095,-0.23073319,-0.346452,-0.21737976,0.4419548,0.17812301,0.15093958,0.25734362,-0.10186838,-0.39725596,0.16529454,-0.546616,-0.23401593,-0.13539642,-0.4211432,0.20708652,-0.38150102,-0.38416156,0.3062938,0.11578264,-0.20931341,-0.4296824,0.43375638,0.40428784,-0.1689843,-0.19828063,-0.08280105,-0.13304289,-0.34315136,0.21757856,-0.7591127,-0.060340505,0.15569536,0.48947144,0.29060614,0.49611887,-0.23032613,-0.1305261,0.18064508,-0.011634703,-0.22040911,-0.10583245,-0.061630584,0.41707185,-0.60871744,-0.0016108457,0.41375488,-0.43920887,-0.10560757,0.07057831,-0.29698247,-0.32506415,-0.077003345,0.082969375,-0.053978436,0.20464356,0.03857719,-0.02238395,0.013739225,-0.002914864,0.5150896,0.23515573,0.12776345,0.29324514,0.2929503,0.1468325,-0.29167214,0.06300421,-0.16121694,0.09157122,-0.35913175,0.23612939,-0.71250165,-0.17146365,0.03256131,0.10106026,-0.12757705,0.04105983,0.21022601,0.23554605,0.22718082,-0.18231992,-0.03949055,0.06482536,-0.05151207,0.4794136,0.0683213
OAS1_0413,-1.0349308,-0.787473,-0.19082758,0.2830447,-0.32414785,0.06732148,-0.2132485,-0.18816248,0.36605665,0.23244068,-0.19470605,0.19462198,0.19166496,-0.75538146,0.7898527,-0.21311712,0.098315604,-0.07824452,0.30758828,0.66865695,-0.37650135,-0.070898205,-0.0979194,0.97050977,0.08300336,0.7157097,-0.03139865,0.71184057,-0.3665943,-0.5488744,-0.40374595,0.32233828,0.011128558,-0.038166706,-0.24699716,-0.44037768,0.11395257,-0.41100362,0.49628407,-0.26072794,0.23680677,0.2633147,0.06749888,0.24413672,0.15041967,-0.08487267,0.10451125,-0.20140685,-0.22175813,0.25816947,0.24066348,0.13169391,-0.47116143,0.09705588,0.73971665,0.31406438,-0.16518322,0.3129419,-0.18840423,0.052617982,0.40992627,-0.15840411,-0.4614974,-0.27337962,0.14622472,-0.35789016,-0.11089761,0.1848728,-0.15040372,-0.06954467,0.54327327,-0.57023793,0.2220814,0.054427575,0.17069711,0.2827286,0.10637471,0.35705903,0.2568338,0.0020301167,0.2292548,0.58937234,-0.43702468,0.010291523,0.5270952,0.26421502,0.2338522,0.6218827,-0.4766331,-0.1625568,0.21749206,-0.53249,0.09521801,-0.34544292,-0.073478974,0.20714857,0.14309995,-0.26779824,0.2787061,-0.2910734,0.25006685,-0.019311227,-0.29544818,-0.8241767,0.008190953,-0.30760208,0.33010593,-0.15345703,-0.40750542,-0.13043149
OAS1_0415,-1.3315779,-0.9660344,0.023109183,0.8910668,0.71803355,0.18648197,0.05506459,0.45452106,0.2934345,0.06776786,0.20568648,0.3743917,-0.030870538,0.11999311,-0.64709115,0.19835615,0.3616031,0.39587852,0.43806088,-0.19510351,-0.1394892,-0.12734231,-0.07316052,0.020039273,-0.041680384,0.56580776,-0.3268938,-0.65947217,-0.024261033,-0.4589012,-0.17812036,0.060278613,-0.05604016,-0.008894111,-0.17067902,-0.17227854,-0.20945136,0.18606402,-0.06455103,0.31584018,0.32545745,0.07224323,0.005395697,-0.23168431,-0.15403633,-0.283182,-0.3353211,0.25662696,-0.726293,-0.19033565,-0.71635693,-0.5996197,0.54886526,0.0029521424,-0.14912607,-0.0266026,0.43178916,0.023094943,0.4266991,0.17213097,-0.2266282,-0.23374598,0.23188448,-0.08602083,-0.04507457,-0.0045495057,-0.516114,-0.467538,-0.21592031,-0.20786577,-0.35530427,0.052099437,0.21939006,-0.07385989,-0.1899946,0.1897762,0.63440734,-0.37649,0.34976617,-0.20437573,0.13303657,0.042906888,-0.21433175,0.28790745,-0.4304152,-1.0420951,-0.0030147952,-0.09975115,-0.7811287,0.27578458,0.28419504,0.35744715,0.3209138,0.110053174,0.2086193,0.3344403,0.08900635,-0.2858724,-0.06399432,-0.0026548617,0.49690405,0.47430328,-0.20822531,-0.32413295,0.01427613,0.31676322,0.23461959,-0.064518906,0.0049751913,-0.045240622
OAS1_0416,-1.4306395,-0.8149502,0.4668686,0.60739696,0.1969164,0.3552183,-0.20263067,0.020114476,0.28895023,0.3632006,0.19845283,0.8539791,-0.2323462,-0.15725508,0.62437016,-0.24751991,0.17980956,0.3047463,-0.41902262,-0.7011552,0.118385635,0.55910236,0.40070105,-0.35277236,0.24304108,-0.4394714,0.5609986,-0.5607997,-0.15121382,0.14896676,0.3441955,-0.45442578,-0.006373072,0.17459542,0.50044245,-0.44377398,-0.05608936,0.049307913,-0.182564,-0.26494753,-0.36373836,-0.034921233,-0.6157987,-0.008877264,-0.009514476,0.7226146,0.19187663,0.13470212,0.13591337,-0.056436796,0.24032676,0.3445244,0.5334908,0.10132939,0.13987218,0.13511407,0.037790414,-0.32748777,0.26496398,0.31014323,0.12383803,-0.05095101,0.38031042,-0.016458146,-0.10066686,-0.5150786,0.5025658,-0.30207577,-0.16170537,0.040299315,0.087524906,-0.37596676,0.1959196,0.43436885,-0.1353501,0.040313233,-0.30395308,-0.008997434,-0.14220574,0.2146812,0.2540424,-0.82046926,0.22798182,0.31570095,-0.060395163,0.52334434,0.4413843,-0.6293764,0.67798465,0.21400245,0.36257458,0.19986665,-0.17456447,-0.11493443,-0.18215765,0.2280359,0.28158742,0.09592432,0.49721962,-0.06976188,0.1315212,0.28635636,-0.22425254,0.09473834,-0.47922722,-0.10676848,-0.402577,-0.05776831,0.09443244,0.42346516
OAS1_0417,-1.443856,0.41783932,-0.31782752,0.50556844,-0.10579162,0.20660472,0.1476404,-0.0929206,0.2916798,0.32100827,-0.20558195,-0.86266506,-0.86450255,0.43160942,0.07076672,-0.27536452,0.10607465,-0.092109635,-0.22646686,-0.09251278,0.07662155,-0.11548458,0.538976,-0.16488782,0.5563638,0.6885557,0.3937791,0.51901,0.21126789,-0.1781752,0.16019972,-0.23480387,0.40617412,0.5334632,0.29988134,-0.13999973,-0.23503071,-0.107909314,0.32123291,0.3538032,0.029585462,-0.43539566,0.24106532,0.14718908,-0.4264968,0.7739646,0.55062187,0.06304387,0.07870289,0.50849473,-0.26481894,-0.09997109,-0.22706614,0.48567408,-0.3187552,-0.18237372,0.118642755,0.37566808,0.017399257,-0.32292694,-0.7079019,0.37819144,-0.2434771,0.3589395,-0.27597675,0.17526625,0.114684,-0.184683,-0.23855399,0.13593507,0.11576309,0.0070798057,0.44559523,0.014752372,0.5778166,0.36540213,-0.10168471,-0.34106797,-0.07478356,-0.20621537,0.59862953,-0.018644303,0.24638945,-0.31978038,-0.030878214,0.12630197,-0.11000647,-0.34422913,-0.50239426,0.25980586,0.4730595,0.28629208,0.27189103,0.15656213,0.16066614,-0.10440786,-0.2500105,-0.20414564,0.18063067,-0.23081203,0.08123724,-0.0010090477,0.055060156,-0.28868264,-0.06327065,0.0010870751,-0.092883684,-0.07471713,0.03740644,0.50348157
OAS1_0418,-0.5599284,0.15720007,0.7153241,-0.26450723,0.20961703,-0.185068,0.10504062,-0.37966898,0.22562206,0.4654886,-0.03144776,-0.11978488,0.35127485,0.6652827,0.19815294,-0.24819589,-0.09298728,0.75579625,-0.39545542,-0.27933508,-0.2961878,0.44509092,-0.5664378,-0.5861569,-0.53320867,0.06404539,-0.13189338,-0.34616497,0.09781975,-0.42561674,-0.5223833,0.0768216,-0.15539958,-0.23918526,-0.118627205,0.20613234,0.25122043,0.015201249,0.8263059,0.2558002,-0.21671146,0.26738155,-0.012621672,-0.087689325,0.41971457,0.12273274,0.64313406,-0.476491,-0.2654152,-0.2096923,0.58016866,0.15005265,-0.71043855,-0.36511183,0.034247678,0.35713357,-0.19903624,0.24619648,-0.24604388,-0.5491287,-0.222681,-0.010336975,-0.14641413,-0.14310507,0.14430282,-0.5918434,0.4717755,0.36638573,-0.20371668,-0.011918369,-0.11569043,0.36442527,0.047837883,0.20800541,-0.18287887,-0.41466197,0.40282246,0.14439394,0.029208371,-0.081972316,0.36533538,0.23196362,0.39395437,0.42691186,0.08760586,-0.5567965,-0.39079702,0.5004739,-0.35314277,0.37750375,-0.23140101,0.3087404,-0.1169343,0.45425355,-0.013824855,0.42713767,0.66025335,-0.37813845,0.40218765,0.34838316,-0.36331293,0.027044725,-0.25607336,-0.31483257,0.3786214,0.28695992,-0.20803876,-0.08806672,-0.14828067,-0.35153976
OAS1_0419,-1.0674216,-0.22375193,-0.75595725,0.22784604,-0.056183115,-0.3150242,-1.1904409,-0.20249231,0.01750693,-0.752777,-0.1475626,-0.22758089,0.11015077,-0.5189434,0.40631095,-0.12804781,0.1161751,-0.3908786,-0.112142004,-0.29924372,0.3193884,0.2846454,-0.2916764,0.16926949,-0.27424926,-0.34564757,-0.34217995,-0.52525276,0.3200095,0.2454923,-0.4127393,-0.25566083,-0.03985044,-0.5634106,0.3975562,0.011253759,-0.43437624,0.35065004,-0.13458432,-0.6044206,-0.13666442,-0.30288723,0.08123101,-0.10771991,0.41690508,-0.322416,0.15222223,0.09846229,-0.13509466,-0.27813196,-0.26093718,0.109191395,0.041158885,-0.1265771,0.45651752,0.18485591,-0.10755394,0.207488,-0.2409833,0.010699249,0.2056035,0.36886212,-0.0839562,-0.18300587,-0.06227838,0.45787197,-0.24514747,0.2839313,-0.03966896,0.24245833,-0.2582088,-0.31018054,-0.07171575,-0.21912813,-0.22806515,-0.1047127,-0.07298732,-0.20845811,0.163494,-0.44279101,0.28433722,-0.28918648,-0.17929173,0.14887887,-0.19526494,0.16148925,-0.2669997,0.021731386,-0.20676897,0.15436034,-0.3677044,-0.28352097,0.42661068,-0.7320917,-0.10990917,0.049095117,0.18680759,-0.0090208985,0.21486591,0.27996352,0.11609599,-0.0178952,0.21516308,0.15755104,0.21385954,-0.24955276,-0.0133696925,-0.057614148,-0.014589307,-0.9962934
OAS1_0420,-0.3535041,0.43698958,-1.1696069,0.12069713,0.4506478,-0.08076108,-0.2259283,-0.060281865,0.27208102,-0.14047444,0.16518416,-0.5597607,0.3186989,-0.5809827,-0.4570339,-0.22202693,0.25206226,-0.07334808,0.013952714,0.782999,0.23144145,0.14249054,0.012797997,0.10246649,-0.26360774,0.24512182,0.5686015,-0.14611265,-0.031652868,-0.5704129,0.47309077,-0.6333586,-0.1689369,0.19321275,-0.50444686,-0.025314344,-0.5461536,-0.23497921,0.22231556,-0.8067964,0.19250974,0.36866087,-0.15080939,-0.104211874,0.02273072,-0.33444566,-0.45528093,0.20623451,-0.45725995,-0.025597492,0.09912562,0.09314335,0.29125938,0.3564878,-0.20268323,-0.45823145,0.33580577,0.17207558,0.284195,-0.22714388,0.14862232,-0.31037256,0.09660673,-0.01637264,0.17003109,0.08617783,-0.41664124,-0.13584636,0.21169363,0.08300627,0.07062213,0.10465613,0.2529373,0.03944557,-0.5289569,-0.0953607,-0.11153961,-0.036765367,0.25251055,0.44537592,0.37436104,-0.6716473,-0.07297692,-0.1395199,-0.07348905,-0.34245998,0.20563246,0.23406745,-0.06928412,-0.10866711,-0.041539196,0.079563625,0.21164747,-0.111428946,-0.017447824,0.41022432,-0.17576021,-0.4235539,-0.09594332,0.20783134,0.013691106,-0.34296829,0.2699324,-0.2140924,0.009344521,-0.099351525,0.16156079,0.41251317,0.13972355,-0.25457722
OAS1_0421,-0.79737693,-0.8875739,0.18725851,-0.99664843,1.2254593,0.14446622,0.3964928,0.8522677,-0.46872628,-0.10142562,0.30721647,0.054971978,0.73341316,-0.1694274,0.49271026,0.0103038065,0.42018312,0.09479369,-0.44437134,-0.61261415,0.09357013,0.6251099,-0.48389697,-0.20284852,0.03828162,0.1426625,0.13217136,-0.10211557,0.38656533,0.21777068,-0.015586392,-0.16860427,0.012568361,1.1527777,-0.19965182,-0.6115658,-0.34973818,0.12140049,0.20027393,-0.6464421,0.2464717,-0.49030286,0.08701772,-0.73316205,-0.22815037,0.08803485,0.39482152,-0.2256269,-0.51970094,0.067561455,-0.03074575,-0.057805188,0.29216596,0.24779066,-0.350485,0.25525117,-0.07454601,0.040087964,0.29243627,0.060085673,0.23730224,0.15849198,-0.31496403,0.25787482,-0.061915226,0.054080635,-0.19650187,0.1863448,0.25562236,0.037057765,0.10969579,-0.14781955,-0.15204164,0.121972255,0.07752826,0.3506992,0.24660999,-0.30898592,-0.5309051,-0.26134333,0.24537998,0.26946205,-0.21214314,0.3411946,-0.011434058,0.7238154,-0.15722653,-0.046277292,0.13347493,-0.26144087,0.044084217,0.11602975,-0.15895224,-0.1669013,0.24276581,0.2720908,0.2612635,0.69134605,-0.09929089,-0.29577562,0.115335844,-0.15130706,-0.19986834,0.09041996,0.074117385,-0.1762115,0.23727164,-0.047892977,-0.23355371,-0.039081484
OAS1_0422,1.006343,0.39504108,-1.6520263,0.105100945,-0.27089,-0.08570582,-0.49238032,-0.4623482,-0.5598089,0.50782686,-0.034286063,-0.050047543,0.36330765,-0.16457316,0.22113936,-0.44829795,0.010822364,0.14919943,0.55865806,0.11369026,-0.3495834,0.21866615,-0.5630895,0.051812757,-0.4019904,0.010977876,-0.020114332,-0.06926219,-0.08028572,0.3664541,0.28286666,0.76423454,0.17576805,0.11198165,-0.7284287,0.49992654,0.16160528,-0.19286016,-0.18023284,-0.26686764,0.60721934,0.48913366,0.17367141,0.14301735,0.585334,-0.4839995,0.28669953,-0.049946573,-0.16798311,-0.4162257,-0.30218545,0.70718694,-0.49941254,0.46553493,-0.105187856,-0.6008769,0.0065864148,0.16005832,0.058129683,-0.28676894,0.21829422,0.11329462,-0.115761265,-0.099622354,0.2736372,-0.05180651,-0.017603429,-0.25341013,-0.07840056,0.34395522,-0.47427702,0.007491791,-0.31167525,0.5201198,0.42113388,0.20361148,-0.48577294,0.10299343,-0.16509576,0.57821965,-0.47176564,-0.6321082,-0.1876403,-0.16296422,0.063506715,0.01985302,0.32015252,-0.47372377,0.25237197,-0.0852512,0.12783073,0.15205042,-0.40039676,-0.09682571,0.040217888,0.15444207,0.12448315,0.18112071,-0.14031495,0.060204886,0.040060204,-0.54958,0.66707385,0.15298253,-0.20062228,0.1235054,0.15743977,0.13609846,-0.15595418,0.010173048
OAS1_0423,1.2937752,0.83875793,-0.17644773,0.292383,-0.5447828,0.027007984,-0.02565216,-0.5310714,-0.79422736,-0.29429066,-0.32173315,0.030695627,0.48843697,0.4171967,-0.445325,0.52284694,-0.65883625,-0.2975554,0.93115246,-0.48158056,-0.16462585,-0.80856776,0.06123634,-0.57323104,-0.3873265,0.110078834,0.5526644,0.20753336,-0.025874736,-0.18621485,0.28110397,-0.028547185,-0.51513404,-0.15304981,0.35060522,0.03131061,-0.1697902,0.22204287,-0.24110255,-0.23977083,0.17721963,0.38212818,-0.25519818,-0.3384617,0.33020183,-0.5544542,-0.28924644,-0.030893933,-0.17415912,0.02439106,0.13890734,-0.13920663,-0.0644625,-0.3398859,0.22195037,0.05115867,0.06850249,-0.17359182,-0.44259152,0.15209518,0.32261717,0.46590993,-0.3065836,0.26142818,0.039928414,0.38170886,-0.28466076,0.014184939,0.28454012,0.18251258,0.25117147,0.20277885,0.050201662,-0.14923233,0.04024147,0.5887055,-0.3220514,-0.031223917,0.6997672,-0.20700501,0.2034828,0.017879685,-0.2649187,0.11063378,-0.2620633,0.1212862,0.1350604,0.18424708,0.11265814,0.59661496,-0.35247582,0.2567845,-0.09475698,-0.4668495,0.51447475,-0.12718873,-0.29231203,0.21624194,-0.027390169,0.3063566,0.39597732,0.55749995,-0.47503838,0.14819807,-0.0014192834,0.0131409215,-0.49342647,0.12580693,-0.14474806,-0.38859084
OAS1_0424,1.8507818,-0.62002623,0.3052374,0.05400385,0.41986594,0.3035676,0.59923214,-0.025770245,-0.2583212,-0.16444677,0.06570062,-0.17121094,0.002841802,0.69398886,-0.5110993,0.7612703,-0.797257,0.57387495,0.031733703,0.4729505,-0.07031051,0.6749028,0.5214213,0.38240215,0.025679782,-0.58444417,0.67306584,0.12510851,0.3168271,-0.08657946,-0.33005792,0.45318148,0.45698625,-0.046827905,-0.17307766,0.08557092,0.11827518,0.14363623,0.15113553,0.60545063,-0.62893665,0.14250198,0.29361233,0.039325673,0.047874037,-0.28246218,-0.07598353,-0.54414743,0.99157685,-0.5216302,-0.21515685,-0.37261707,0.4426461,-0.26893637,-0.30625618,-0.24820675,-0.28018045,-0.05413145,0.066530064,0.4830602,0.21401337,-0.17165655,-0.040601756,0.46376452,0.6586987,0.1006207,0.10413877,-0.44572783,-0.4685888,-0.22376578,0.37340248,0.11292046,0.32008466,0.42172676,0.034771733,0.6465432,-0.036369715,0.12455919,-0.12678215,-0.09062898,0.44920373,0.05163382,0.44712913,0.05971188,0.25784773,-0.20993666,0.26627362,-0.004975551,0.33231208,0.2546758,-0.21510708,0.123137265,-0.33070743,-0.4301214,0.26203585,-0.13426435,-0.21239121,-0.18915558,0.064583264,-0.25836363,-0.41784543,0.045936044,0.38379285,-0.17251404,0.15463205,0.19004712,0.18177442,0.30019626,-0.5139322,-0.36691028
OAS1_0425,1.7346351,-0.27808356,-0.41636202,-0.6571003,-0.45013618,0.123666696,-0.820166,0.6009143,-0.767228,-0.7094266,0.45174277,-0.6458929,-0.5193777,-1.2050802,-0.65427715,-0.2552374,0.16163705,0.07358735,-0.5959899,-0.8852275,0.3572889,-0.044482574,0.791172,-0.016913982,0.80305535,0.33603507,-0.31603393,0.5704368,-0.02584579,0.006758154,-0.1021296,-0.1225621,-0.44950813,0.32914254,-0.5540119,0.79204893,-0.44211456,0.6041695,-0.6150915,0.24874234,-0.655128,0.3659521,-0.3120649,0.046369012,0.53479546,0.16007638,-0.31024504,0.517915,-0.2170853,-0.024756994,0.2575243,0.43552032,0.17931502,0.21088703,0.086181134,-0.54650265,-0.08883406,-0.55505896,-0.41439798,0.41820878,0.060537916,-0.39484754,0.48558643,0.14749487,0.7941167,-0.13844761,-0.5152677,0.14924943,-0.026674267,0.10287074,0.056852207,0.16877486,0.043652393,0.24668413,-0.33847874,-0.021637077,-0.46422377,0.029192835,0.12248378,-0.40475297,-0.37674102,0.27452376,0.36714768,0.4387767,-0.2553553,-0.47096923,-0.44523346,-0.17762862,0.47435856,-0.39476278,0.14293331,-0.15366025,-0.20050535,0.044251807,0.36212155,0.2389592,-0.22761308,0.22085844,0.507759,-0.29043156,0.12445122,-0.17922206,0.07048704,-0.09643877,0.30325267,-0.12449861,-0.040472146,0.09648875,-0.05160865,-0.09105669
OAS1_0426,0.102400705,0.74078673,-0.32911655,0.30212432,-0.34877357,-0.080292806,-0.40329772,0.20761529,-0.31286597,-0.076042295,0.26846996,-0.10940008,-0.08501756,-0.038163677,-0.043269314,0.1922164,0.55338293,0.13834175,-0.06453646,-0.73180544,-0.17771146,-0.060197003,-0.009269911,-0.31069824,-0.19966686,-0.5474738,-0.441227,0.50665325,0.044473466,0.1651908,-0.22333038,-0.16623336,-0.31346253,0.49974027,0.40970543,-0.90830815,-0.04310694,0.04030176,0.43389773,0.34527373,0.037586328,-0.11620831,0.22751245,-0.46530274,-0.52721846,0.1359939,-0.11988624,-0.45570654,-0.5594581,-0.67097586,-0.019416047,0.054180857,-0.4876316,-0.16528666,0.1003141,0.08920836,0.05864296,-0.26114374,0.54552835,-0.056170914,-0.08804136,0.002537986,-0.7906635,-0.28740215,0.108937085,0.34941718,-0.5131933,-0.1296578,0.10388654,-0.16010049,-0.30904394,-0.22577907,0.11750214,0.081351854,0.002656139,0.07344882,-0.34420937,-0.33454046,0.32719123,-0.29746875,0.23477101,-0.173305,0.6742301,-0.4340534,-0.24115057,0.3460374,-0.19840609,-0.1035901,0.003467161,-0.19564335,0.08406051,-0.1552867,-0.43856508,-0.2280428,0.39564615,0.14216714,0.10979628,-0.45256487,-0.18113182,0.05055129,0.1526893,-0.15411961,-0.0013005399,0.26186654,-0.23550488,-0.118664294,0.21086463,0.07021607,-0.2643159,0.44791833
OAS1_0428,1.8549198,-0.96602273,0.032432254,-0.020417424,0.16204855,-0.6626872,0.06898387,0.2792818,0.23395072,0.5632714,-0.08780444,0.26991525,-0.07113332,1.248406,-0.70989263,0.5437501,0.2957096,-0.2797939,0.6831483,-0.16928421,0.76019007,-0.28937435,-0.090005666,-0.7500246,0.3336604,-0.022717219,0.70640355,-0.1351761,0.20378989,0.5044681,0.11041099,-0.38262635,-0.44377062,0.34661153,-0.13104825,0.47301438,-0.0035360784,-0.48164153,0.19255593,0.40566048,0.0618482,-0.3028098,-0.27068204,-0.03242041,0.011103511,-0.31579158,0.356207,0.22871426,-0.07414556,0.61767477,0.27017242,-0.16946025,-0.24141985,0.30346313,-0.39668286,0.29967248,-0.5577836,-0.28213403,-0.22446947,0.035766643,0.0861097,0.5853891,0.047941662,-0.3783431,-0.26780352,-0.17739376,-0.3386678,0.034549955,-0.15388635,-0.4684758,-0.15912183,-0.048731804,-0.27917916,-0.48020753,-0.42250302,0.044667773,0.11828651,0.54555273,0.33998948,1.0244592,0.18550602,-0.014558957,-0.16364089,0.22916083,-0.31223795,0.2948371,0.25721592,0.14594577,0.3215944,-0.050947394,0.43209544,0.1309872,0.3727774,-0.41574273,0.44433588,-0.23867577,-0.27249774,-0.40754643,-0.021414222,0.48710957,0.02183055,0.06243288,-0.05704389,-0.08966153,-0.7034253,-0.22791596,-0.41270077,-0.09056529,0.025338985,-0.28744227
OAS1_0429,-0.18251358,0.5907844,-0.9167432,0.39615583,0.3879248,0.23738354,-0.17409107,0.06477342,0.23981911,0.4158961,-0.5270344,0.99069536,-0.18650684,0.3071263,-0.287642,-0.35622188,-0.26579878,-0.842375,-0.30999032,0.8148324,-0.5575258,0.29048946,-0.16342025,0.03940595,0.40563315,0.12278493,0.08905114,0.24020319,0.27723208,-0.087996185,0.17917599,-0.16556537,-0.13533781,0.60391724,0.087893955,-0.5489718,0.28403777,0.1435912,0.22033249,-0.41161776,0.11260026,-0.101367496,-0.3414087,-0.24896055,-0.49588287,0.08107386,0.48671976,-0.099069655,0.007491254,0.047589626,-0.5085554,-0.13683425,-0.012489622,-0.03939307,0.23436585,-0.35762224,-0.03581416,-0.22290735,0.12736197,0.11048095,0.35532224,0.47811586,0.65262216,0.023379374,-0.30292672,-0.4191542,-0.2534307,-0.057140905,-0.7348467,0.11453323,0.017895967,-0.40367162,-0.33941287,0.53256756,0.051783666,-0.21177424,-0.117055185,-0.07849848,-0.14679438,-0.011446065,0.01032113,0.064642996,0.105743095,0.36013567,-0.053365428,0.082302324,0.18099526,-0.048442006,-0.36875,-0.23713395,-0.027994545,-0.22018428,0.33435625,0.027710741,0.12814362,0.055388413,0.07253898,-0.006179782,-0.14426604,0.10912133,-0.14125776,-0.13764837,0.36920953,0.09203774,0.51921463,-0.025225205,-0.26145142,0.17886232,0.0038012874,0.11450505
OAS1_0430,2.307915,-0.88999337,-0.4260027,0.54582196,0.124843664,0.10258022,-0.22590016,0.0069300164,-0.23696524,0.36802468,0.27864036,-1.1528223,0.24325651,0.6885159,0.055517472,0.4463103,-0.6717536,0.4189558,-0.44626385,0.67282325,-0.25945687,0.44016293,0.18536098,-0.12633155,-0.5279764,0.375008,0.6067771,0.095788874,0.12178432,0.052892078,1.0205463,0.0454545,0.16877526,0.56227374,0.5918987,0.4007196,-0.20723398,0.21392275,-0.25043303,-0.42828643,0.058355715,0.11004665,0.24491696,0.09647875,0.026405009,-0.11871209,-0.005555103,0.08776506,-0.7297602,0.0030526498,-0.53494656,0.21480949,0.2670617,-0.36675587,-0.5908353,-0.256824,-0.3720083,-0.24987388,0.6209066,-0.14434211,0.252772,0.39403468,0.19731286,-0.9114661,0.48853987,-0.285568,-0.020236727,0.31300348,0.047679465,0.36950606,0.38432604,0.18664084,0.36857775,0.1481562,-0.06376063,0.3129382,-0.01842635,-0.07997813,0.15842938,-0.56614375,0.32210147,-0.28298736,0.91075003,-0.35624528,-0.01846518,-0.07503859,0.49410847,0.044738814,0.24136724,-0.10937836,0.4554144,0.36424154,-0.1859275,0.39066985,-0.32955196,-0.34789506,-0.3089139,0.37287682,0.45751077,-0.062211335,-0.3369388,0.13495983,0.00052100164,0.5741024,-0.064338945,0.07202572,-0.54519147,0.04599866,0.07966336,-0.09319305
OAS1_0431,-0.9415651,-0.364982,-0.485695,0.06519648,-0.074097425,0.34751815,-0.09152845,0.073733196,0.24333654,0.35516742,0.33304256,0.26032153,0.09711044,0.2654675,-1.2041366,0.2605883,0.6422414,0.00093298516,0.2884334,-0.45147073,-0.23693228,-0.12520504,-0.7192071,0.5091582,-0.8743743,0.6307772,-0.24967092,0.26817465,-0.4048636,-0.59623945,-0.14061205,-0.30429226,0.4053998,0.65839905,-0.073856786,-0.49545237,0.02488991,0.15021445,-0.17947033,-0.5160613,-0.52406955,0.23422892,0.042620778,-0.47575533,0.6053572,-0.38182622,-0.8069789,-0.36762795,0.27189657,-0.083607696,-0.86621976,0.17700547,-0.3551584,0.33870095,-0.35293657,0.16165027,0.49432948,0.4925955,-0.13975415,0.37072098,0.2084226,0.06715467,-0.122153215,-0.46517769,0.29630536,0.06428175,-0.090812914,-0.09368005,0.35628662,0.036849968,0.15721352,-0.8009936,-0.03745273,-0.15906659,0.21900126,0.039536245,-0.037865542,0.29351136,0.0037717267,0.21841209,0.14702788,0.4460594,-0.2560215,-0.15419807,0.4868373,0.04148352,0.24472359,-0.6038508,-0.36042365,-0.041809443,-0.089151695,0.14843167,-0.49454394,0.07260806,0.29051813,0.44599903,0.2367041,0.34833363,0.04251349,0.20585157,-0.3914051,0.21268365,0.38770205,-0.08464598,-0.09913606,-0.21475677,-0.080046415,-0.3729687,0.17005694,-0.018319549
OAS1_0432,0.677573,0.6610338,0.104874045,0.069023885,0.17515355,-0.06461281,0.47750252,0.8006117,-0.43370664,0.8391949,0.75070643,0.42769244,-0.6509845,0.340877,-0.269782,0.6538478,-0.19291854,-0.50383574,-0.2861247,-0.20715939,0.28255087,0.36864373,-0.20349526,0.45829237,0.022931766,0.6198162,-0.25722495,-0.51978683,0.065580904,0.450816,-0.70533556,0.05201293,0.08892063,-0.023674056,-0.1517889,-0.16319756,-0.2033339,-0.39306802,0.05357436,-0.025492532,-0.3942067,0.39668247,0.28119853,-0.048146203,-0.37345904,0.36005694,0.21434301,-0.005916167,-0.0031813388,0.014985582,0.06050383,0.19617029,-0.6750025,-0.057488017,-0.1877949,0.19974138,-0.083892144,-0.16125095,-0.21116035,0.24253702,-0.23371263,-0.40282977,0.30675843,-0.089011766,-0.20738804,0.59305215,-0.49996364,-0.21635836,0.3051864,-0.76109827,-0.007393842,0.045821626,0.19650504,-0.19687395,0.10103249,0.15183304,0.39562353,-0.39021426,-0.30036542,0.026105931,-0.027374525,0.43612528,-0.29903978,-0.12256184,-0.0061813546,0.22162533,0.7152424,-0.64247906,0.27063367,0.029547036,-0.20015836,0.21281223,-0.18282211,0.20806228,-0.6275522,-0.7934553,-0.011157897,-0.31824216,0.04251104,-0.08950369,0.25752556,-0.30161095,-0.09533255,-0.031208646,0.033062503,0.598228,0.27806523,0.38538787,-0.31047115,-0.37070286
OAS1_0433,-0.30083054,0.6464896,-0.11449991,0.186499,-0.4558044,-0.8683543,-0.004345584,1.3555585,-0.35956722,0.0122377435,-1.2372013,-0.2790997,-0.22252047,0.6272631,0.5298933,-0.11093427,0.6364697,-0.34038442,-0.021796314,-0.5278689,0.463912,0.29708797,0.66854274,0.10599472,-0.3635251,0.32588866,-0.45578432,-0.18556315,-0.106956884,0.09804658,-0.044321477,0.3940002,-0.9612225,0.110526145,-0.68243587,-0.7711562,0.0742604,-0.2211734,0.36901098,-0.4714758,0.11998437,-0.12574932,-0.14392813,-0.4678984,-0.5959828,-0.333829,-0.050121535,0.46002442,0.012403226,-0.66088486,-0.3259784,0.072315544,-0.0563283,-0.1970349,0.15829994,0.13414687,0.22408009,-0.5692103,-0.56327504,0.34366423,0.0388495,0.08735453,0.5654148,0.14684387,-0.060670972,0.09436749,-0.08228067,-0.20899412,-0.050760556,0.30143365,-0.033301245,-0.04498795,0.5014207,-0.11486537,-0.013979039,0.19604719,-0.11351007,0.03714539,0.5839062,0.0778879,-0.06993934,0.55445534,-0.15741403,-0.3732626,0.022803327,-0.35618675,0.3568736,0.13186559,0.26506186,0.28989294,-0.14505309,-0.15256836,-0.10330349,-0.34164006,-0.017320173,-0.055992458,-0.44731873,0.26857504,-0.16786021,0.25655457,-0.0238324,-0.23776622,0.15225391,0.1765421,-0.3836931,-0.01827445,-0.35059774,0.13737772,0.26425713,-0.07881772
OAS1_0434,-0.5050873,0.09769314,-0.69513404,-0.18187648,-0.5107527,-0.6533712,0.08621857,0.01329362,-0.29053298,-0.8816785,0.9391235,-0.2855476,0.06556176,-0.29691184,0.23389634,0.11164062,0.64268595,-0.39300022,0.72041243,0.18091121,0.05051454,0.29968634,-0.36808017,-0.5772069,-0.1678056,-0.33276862,0.41832057,0.5478027,-0.015787952,0.49263212,0.61630565,-0.3695727,-0.44777754,0.16949248,0.13694823,0.09797543,-0.36128572,0.66757196,-0.017218823,0.03138958,0.5975426,-0.24869283,-0.019710723,-0.48794153,-0.321085,0.77192235,-0.43613172,-0.37139446,-0.05260269,-1.164516,-0.22245477,0.12963481,0.6170746,-0.48686573,-0.29997557,-0.1254266,0.04886081,0.61373556,0.06899856,-0.19313323,0.08968222,-0.02995055,-0.21557018,-0.20930918,0.18549465,0.010341099,0.12789045,-0.012575451,0.17420976,-0.1427123,-0.25023228,0.18180624,-0.3284385,0.45303142,0.63125515,-0.24220824,0.21675545,-0.3756861,-0.21000125,0.20764606,-0.1672934,-0.24708858,-0.7318373,0.27488127,-0.19801041,-0.30188045,-0.3347005,0.04963895,0.138538,0.3331502,0.07071462,-0.14717934,-0.31194454,-0.21545127,-0.5518762,-0.5867626,0.0035234503,0.14438829,0.031633455,0.04240366,-0.16379806,0.4983584,-0.45554197,0.114980504,0.06790941,-0.12068363,0.044767514,0.22049874,0.006543739,0.41235572
OAS1_0435,-0.98560846,-0.61259043,-0.30283207,-0.1632511,0.019868126,0.019608201,-0.41844982,-0.21810184,-0.5265594,-0.71451414,0.3172589,0.04837896,-0.48659685,-0.18626353,0.23988079,-0.17306209,-0.54952586,0.0655826,-0.06337447,-0.8286659,0.111622095,-0.13307805,-0.119972646,-0.32251906,0.16380961,-0.43271133,-0.14062728,0.2183683,-0.43352443,0.10205501,-0.06221831,-0.6896201,0.63656735,0.14098907,-0.10838737,-0.08184669,0.12522428,-0.57556885,-0.36167,-0.3217696,-0.32196996,0.25646546,0.5084229,0.0060165,0.050879784,-0.110492855,0.40865993,-0.6982437,0.02619571,0.14467268,-0.47841695,-0.58021486,-0.66776955,0.5675283,-0.26296094,0.095026776,0.08891136,0.13130847,-0.31099373,-0.15047866,-0.11337757,-0.7985558,0.12893002,0.40313566,0.048634455,-0.05349396,-0.18211089,0.018869234,-0.4358013,-0.26533228,-0.07720055,-0.013731528,-0.08819463,0.3054017,-0.2582379,-0.2908831,0.40522924,-0.3960005,0.37086463,-0.15103249,0.54047114,0.4855174,-0.181651,-0.10970537,-0.07351534,-0.566796,0.35003608,-0.013347373,-0.31264365,0.015971433,-0.34752178,-0.09051926,-0.47137347,-0.0062912563,0.026504528,-0.195468,-0.17163967,-0.17484035,-0.031689875,-0.1797402,-0.15220296,0.17272562,0.060929302,0.20298477,0.14020474,0.1362777,-0.182326,-0.30682787,-0.18285282,-0.13588431
OAS1_0437,-1.5959556,-0.9938027,-0.18447623,0.33471704,0.22532128,0.6885423,-0.14150394,0.3317003,0.7249414,-0.38077444,-0.08214607,0.07815062,-0.15277216,0.050173696,-0.06698052,-0.5151042,0.30448878,-0.5057161,-0.15044534,-0.1860272,-0.5289816,0.1880087,-0.10875153,0.007335898,-0.4527284,-0.31721488,0.2613159,-0.6861401,0.004066653,-0.13049862,-0.22665618,0.06653037,0.071154624,-0.07205007,0.16611907,0.41961503,-0.31462437,-0.4606752,0.08634091,-0.13669729,-0.03676345,0.012335814,-0.21736486,0.6860243,0.012029439,0.3466835,0.011968158,-0.028511921,-0.052985795,0.27550498,-0.59495616,-0.024570158,0.7030157,-0.5223383,-0.15611333,-0.122425705,0.29871908,0.33147123,0.35181102,0.10462928,-0.38431123,-0.05135012,0.030395482,0.33857813,0.023457099,-0.070526816,0.2579114,-0.032179054,-0.29878902,0.16765907,0.20376293,-0.05207851,0.36299717,0.32704476,-0.4096813,-0.26923326,-0.05766941,-0.50162005,-0.2006682,0.5427272,-0.5806756,0.06345975,-0.12292728,0.15243599,-0.2267416,0.26094627,0.004887763,-0.91249436,0.16343054,-0.07933349,0.069294065,0.11448459,0.11747349,0.041187953,-0.22622457,0.29504883,-0.0051481775,-0.07324034,-0.43545502,0.5348876,-0.15784644,0.35592088,0.20841551,0.43788156,0.05204076,-0.380916,-0.19249341,0.3977799,0.0827449,0.12672542
OAS1_0438,-0.34888726,0.13154481,0.46271074,0.32807508,0.16500212,0.055792026,-0.26154768,0.42069992,0.62576085,0.7256589,0.2739282,0.091418736,-0.17849365,-0.71745694,-0.24370661,-0.23311202,-0.07239396,0.3852515,0.6177006,-0.15988405,-0.50422114,0.36196163,0.042906176,0.35218468,0.4437388,0.07027322,0.15900177,-0.43150595,0.26367155,-0.039662525,0.14076655,-0.12079612,0.21291211,0.8397709,0.07872215,0.25465322,-0.6724634,-0.7054256,-0.027809775,-0.013123023,0.6905678,0.31142423,-0.30972123,-0.2062323,0.47568598,0.189949,-0.06907531,0.16468497,-0.11978151,0.6252246,-0.28580153,0.14535758,-0.13799863,0.05115175,-0.14244902,-0.02194142,0.3496594,-0.21073858,-0.92127025,0.2367303,0.18831305,0.22899221,-0.26171032,0.44986376,0.14093901,0.33702177,0.3164204,0.3374147,0.083079815,-0.2790305,-0.24856322,0.30109528,0.23779531,-0.17920725,-0.080977626,-0.8036548,-0.10073369,-0.21796277,-0.36650562,0.39606294,-0.23704001,0.594237,0.21232559,0.6726084,-0.28671423,0.33770406,0.11472998,-0.003269017,0.43624195,-0.33512592,0.09900823,0.70903575,0.10656266,0.2695226,0.13133822,-0.27511954,-0.039209694,-0.31978965,0.10227651,-0.19586006,-0.6076233,-0.4257565,0.22028391,0.04364193,0.20423645,-0.1440536,0.081107825,-0.11041506,0.46172178,-0.07679244
OAS1_0439,-1.3352215,-0.22047114,0.24029271,0.15945539,0.51633364,0.48655882,0.6577272,0.12838711,-0.1738772,-0.29175505,-1.3205978,0.7089487,0.7022028,-0.19497567,-0.19489706,0.070033714,-0.21552923,0.48995024,0.4060875,-0.44914442,-0.20069577,0.4421961,0.7599505,0.42241782,0.24847943,0.23996063,0.6890693,0.093132734,0.40008318,0.39330876,0.59396756,0.3577182,0.46979082,0.14928208,-0.33896214,-0.24296854,-0.59596807,-0.22231916,-0.2499964,0.06993237,0.085137226,-0.0041531646,-0.30524632,-0.51422036,0.2268499,-0.2813138,-0.21734571,0.116621666,0.33355802,0.3509466,-0.06002533,0.14931878,0.027295167,-0.44549873,-0.30904567,-0.1523811,-0.33157772,0.20773007,-0.22868408,-0.02476973,-0.5491519,-0.22814874,-0.23116097,-0.6625129,-0.03425073,-0.41917822,-0.17169388,-0.55471617,-0.24662046,-0.50829434,0.4634732,0.31174493,0.37429848,0.39430562,-0.03293256,0.039067116,0.0016393781,-0.17929927,0.18019354,-0.46242657,-0.29332227,-0.13099599,0.23326832,-0.04253587,0.030618684,-0.2881819,0.099479906,0.06433694,-0.120291,0.2361254,-0.07665882,0.015839823,-0.27349585,-0.14186558,0.36397994,-0.23529185,0.06642552,0.5837214,-0.0046878187,0.110512234,0.09252615,0.014630205,-0.16320428,-0.16305898,0.14069743,-0.07408577,0.31962124,-0.52005816,-0.10749248,0.08935727
OAS1_0440,0.21281292,0.48443434,0.25791955,0.22126949,0.42001086,-0.47680363,-0.41928172,-0.6633243,1.1337738,-0.18669277,-0.34735808,-0.10859173,-0.34871536,0.007950939,0.20621495,-0.03945822,0.4503139,-0.27615723,0.09814421,0.009010531,0.9727251,0.018868936,0.19694832,-0.09290681,0.14158407,0.11095354,-0.435395,-0.16313511,-0.32286748,-0.14780183,-0.11748421,-0.12024733,0.9877507,0.3201313,0.12669255,0.22693214,-0.61421144,-0.068640776,0.07936372,-0.287665,-0.30616328,-0.4638912,0.20272055,-0.05883153,0.14371346,-0.36079645,0.50444835,0.25573215,0.2317829,0.5196759,0.20164911,-0.029863799,-0.51622003,-0.3929871,-0.12102333,0.16192226,-0.77448994,-0.38816145,0.15489075,-0.07493574,0.2936233,-0.011963536,0.26756188,-0.24614055,-0.5319127,0.26930478,0.17752996,0.6523657,-0.2760455,-0.025242846,0.22601186,-0.41467172,-0.23075053,-0.07150403,-0.4690986,0.12614793,0.120615646,-0.6980859,0.52107364,-0.56110364,-0.80180097,-0.49262866,0.12578255,-0.10844669,0.04512614,-0.0918246,0.30388525,-0.15431066,-0.62257946,-0.07742289,0.07872458,0.22034281,-0.1929894,-0.29635486,-0.06779845,0.100619294,0.31913677,0.12801223,-0.18335253,-0.24705826,-0.26662576,0.3485027,0.4267197,-0.052253786,-0.013913797,-0.42106235,0.33015293,-0.30114684,0.106041335,0.19841619
OAS1_0441,0.9056137,-0.31515408,-0.45024455,0.12617762,0.8538008,0.06296173,0.6161743,-0.6751372,0.566323,-0.45027116,-0.6846854,-0.18624124,0.017659359,0.4173839,-0.74060047,-0.5881987,-0.71109027,-0.4685313,-0.27062538,0.1103692,-0.63151705,0.16025898,-0.15612479,-0.31137273,-0.15700209,-0.06336701,-0.07188073,0.60235775,0.60656464,0.12968282,0.45691767,-0.07054538,-0.20255202,0.13533573,-0.5199534,0.52946264,-0.7027719,0.30540666,-0.3914909,0.14197384,-0.08340895,-0.80524766,-0.12418129,-0.33624703,0.26425448,-0.4811823,0.27643284,0.20261373,0.434151,-0.3263889,0.09814106,-0.2788878,-0.18732281,-0.43915442,0.002224522,0.1538592,0.4818707,-0.2467986,-0.14237022,-0.07292007,0.44515342,-0.13824107,-0.22533457,-0.62618434,0.39519182,-0.3886536,-0.51761526,-0.3787626,0.12866333,-0.6383015,-0.4421588,-0.08980528,-0.4275966,0.0047232006,-0.057396635,-0.5879599,0.0020124924,-0.44085228,-0.30829117,0.20216177,0.2553169,0.33496946,-0.11886248,-0.15190288,-0.14347368,0.05302916,-0.21487868,0.21628883,-0.5871116,0.44202477,-0.31010523,0.022376757,0.040213622,-0.008762161,-0.050074738,-0.13137238,-0.07923004,-0.39251107,-0.18632622,0.1451919,-0.03802968,0.2763067,-0.54767966,0.10144924,-0.061861847,0.056653198,0.68389624,0.39716202,0.51924425,0.5318583
OAS1_0442,-1.0394478,-1.1298087,-0.28378296,0.5307155,0.6201685,-0.028228993,-0.039253768,0.21780704,-0.27320108,0.53102463,0.12659253,0.009765007,-0.22072235,-0.15252495,0.6355151,0.34476888,-0.23621085,0.27714348,1.0164926,-0.13591917,0.10716412,-0.009269687,0.3181366,0.3085334,1.1208093,-0.35691905,0.23130883,-0.1764784,-0.16250782,-0.35716227,0.051903315,-0.4202174,0.06805977,0.6712458,0.19069579,-0.34979442,1.1716492,-0.22168912,-0.14794597,0.21480316,0.18722904,-0.05079333,-0.044175167,-0.76888007,0.24519491,-0.32482234,0.15337878,-0.5147093,-0.14609897,-0.24777766,0.10754173,0.33039466,-0.048422154,0.19645861,-0.70938265,0.29369447,0.1478093,-0.29959193,0.11304805,0.017824499,0.54567254,0.040902168,0.043884672,0.5385251,-0.62530833,-0.3218592,-0.0838621,-0.09117519,-0.07118185,0.20391873,-0.10245373,-0.10877279,0.48540094,0.09030422,-0.15278679,-0.5829778,-0.047000125,0.035271347,0.08711507,0.2690478,-0.33666843,-0.13626067,0.3507495,-0.081101514,-0.40064326,0.076613724,-0.14785774,0.17001806,0.008996941,-0.11361558,0.2173828,0.44432807,-0.22079489,-0.31991923,-0.09989851,0.011948012,0.6209209,-0.17758289,0.039863043,0.21337934,0.5162883,0.11260561,0.27020165,0.17231221,0.53075856,-0.1378435,0.25427797,-0.04179423,0.21433158,0.6178112
OAS1_0443,-0.4002221,0.46456546,-1.0291446,-0.5644599,0.69069624,0.77302897,0.21064341,-0.63808256,-0.68715984,-0.58628726,0.02194186,-0.22081779,0.843237,-0.032478612,-0.48563018,0.24427795,0.009410522,-0.026664771,-0.20374082,-0.29713175,-0.008699923,0.36610246,0.15499343,-0.059694,-0.32773972,-0.41935596,0.44112542,-0.2153543,-0.15819679,-0.14103332,0.7988475,0.3182034,0.55069906,-0.089276046,0.030263081,0.30489743,-0.36645526,0.29189697,0.18152386,-0.050453942,0.057513703,0.53791255,-0.67132455,0.24126919,0.8866499,0.8999985,0.024760233,0.33062392,-0.08494536,0.4063102,-0.22978342,-0.1900992,0.20151931,-0.61289775,-0.4016495,-0.09074147,-0.076672524,0.34603146,0.45688674,0.36244637,-0.08104935,0.12448364,-0.15058818,-0.56702256,-0.4176364,-0.25682232,0.0054148016,0.077801704,-0.11296801,0.28470317,0.28353286,-0.53708273,-0.3184554,0.083211765,-0.15906993,0.29406708,0.41816714,-0.36232588,0.08103547,-0.7230023,-0.16274902,0.9869191,-0.36975357,-0.23423624,-0.23665352,-0.14713658,-0.125446,0.43210116,-0.039471194,-0.23893978,-0.183034,-0.19821844,0.15202068,0.49297714,0.66102135,0.13471381,-0.3616361,0.13998435,-0.33318973,0.050700724,-0.19711123,-0.3099989,-0.122596465,-0.1654645,0.24210513,0.25226367,-0.16213186,-0.24627104,0.0387724,-0.1628292
OAS1_0444,-1.2853184,-0.6143822,-0.819806,0.23130228,-0.61369485,0.21290047,0.3889472,-0.18924329,-0.3026592,0.019218829,0.09019953,-0.5070686,-0.6692847,-0.012387875,-0.09173418,0.16916664,-0.3755796,0.013366323,0.05462741,0.9895173,-0.89358956,-0.2750364,-0.39892423,0.07962979,0.14585233,0.03143054,0.27624872,-0.17053604,-0.15156028,-0.31081754,-0.22330374,0.99592876,-0.12528905,-0.35292348,0.7933336,-0.22631411,-0.16749309,-0.2608171,-0.18727082,-0.10300147,-0.36728102,0.122833766,-0.41985175,-0.14685543,0.26366505,0.23364232,0.688911,-0.6946106,-0.45777103,0.13038276,-0.23261525,-0.5806111,0.11668025,0.3773623,0.07798367,-0.15727998,-0.17661656,-0.27358344,-0.13581708,0.015536427,-0.2625171,-0.12515701,-0.05059484,-0.6024764,0.3764583,-0.5549433,-0.40052986,0.6077085,-0.09704966,-0.3831989,0.16056468,0.11340648,0.47658262,-0.0642349,-0.32004884,-0.21680786,-0.025399406,0.25852698,-0.2301951,0.41326103,-0.38414994,0.16803922,-0.22671136,-0.2965599,-0.10232822,-0.9289964,0.0072007175,0.13506913,-0.400221,-0.13727228,-0.11759061,0.044951018,-0.28485358,-0.2124878,0.29635337,-0.017514326,0.1891699,0.43382582,0.03451939,-0.15539126,0.7211432,-0.22286856,0.12712239,0.31608832,-0.035299838,-0.00058449194,-0.15521105,-0.16786541,-0.29727042,-0.05002002
OAS1_0445,1.9376608,-0.2718557,0.22620937,-0.24056573,0.17856644,1.016423,-0.24876946,-0.40431634,0.2757453,-0.383965,-0.7244369,-0.08074222,-0.2100025,0.39782286,-1.0774773,-0.29063016,-0.14146638,0.13030237,0.9715081,0.23259956,-0.079732426,0.40448603,-0.4207267,-0.08608091,-0.30608726,0.48050782,0.5007027,0.4890231,0.26683506,-1.0621045,0.16164637,-0.14390709,0.04497362,0.72580594,0.026610386,0.25248694,0.04491909,-0.37291747,-0.8405095,-0.8211591,0.18297626,-0.47464475,0.07493731,0.5647115,0.14307944,0.4187855,0.45770344,-0.41230685,-0.1930464,-0.11772869,-0.20870768,0.2732632,-0.019386087,-0.24379109,-0.14019455,-0.022133278,-0.07561993,0.13377704,-0.041406468,-0.23180564,-0.2155684,-0.1732971,0.068104625,0.10987697,-0.6744417,0.6184981,0.12345385,-0.16859376,-0.70566523,0.022373162,0.036005143,-0.120384686,-0.139389,0.23092394,-0.2497498,-0.10305888,-0.042803377,-0.07245179,0.2795885,0.039559543,-0.039448787,-0.078846246,0.05073808,-0.6040393,0.45309865,-0.16974048,-0.064175926,-0.2351439,-0.5891444,0.22799951,-0.12524813,-0.11111273,-0.45655778,0.22315389,-0.21137743,0.26174697,-0.14990197,-0.65041023,-0.13703024,0.029681774,0.128287,0.039358124,0.06261429,0.15562622,-0.40115204,-0.44693395,0.44468507,-0.23520043,0.09143046,-0.1965053
OAS1_0446,0.7449038,0.5801658,-0.5474859,-0.041477818,-0.0659157,-0.5507505,-0.15242131,0.13328777,0.8496027,-0.2526222,0.36828685,-0.3371897,0.18166828,-0.18929945,-0.16929449,-0.18089105,-0.68788916,0.15054457,0.23138343,0.5493504,-0.16733944,0.03394073,0.4763388,0.26047447,0.5308391,-0.49172902,0.08498134,-0.33260354,-0.014281935,-0.4655011,0.6541642,0.43349054,0.40494508,-0.09507058,0.27023283,0.22869074,0.65964365,0.6161625,-0.14085965,-0.34223825,-0.08855129,0.5169354,-0.22614221,-0.31314114,0.2660282,0.7532558,0.04643365,0.36336955,0.70136875,0.3290277,-0.22505724,-0.039282408,-0.18041705,-0.40300474,0.5219571,-0.6398152,0.6901353,0.14757253,0.16117732,-0.025066439,0.10906378,-0.25004902,-0.32987422,-0.07324649,-0.8476196,-0.0047742575,-0.36395368,0.52172226,-0.15376711,-0.2478822,0.030298088,0.1037228,0.44254467,0.06906949,0.26760837,0.3356909,0.15429845,-0.04019941,-0.61675626,0.39689654,0.106652774,0.3288286,-0.0054223156,0.6800433,0.14458846,-0.24226531,-0.1284981,-0.43750247,0.33057496,-0.44384384,0.19443786,0.3174393,0.36416996,-0.20157504,-0.26936185,-0.030107843,0.20668146,-0.16572687,0.25297326,0.17656183,0.3597693,-0.08193075,-0.6442494,0.0014228792,-0.4581641,0.1707224,0.16415064,0.027635755,-0.060439695,0.10979889
OAS1_0447,0.3568489,-0.19586287,-0.20373395,-0.010119636,0.79047036,-0.42527366,-0.034594093,0.0323004,1.0226312,-0.15191568,-0.13938574,0.10929326,-0.124955334,-0.7725495,0.2113775,-0.3258277,0.10811496,-0.7454356,-0.15835778,-0.24152929,-0.23679689,-0.12461668,-0.16999604,-0.1270623,-0.28096586,0.2392324,-0.55796266,0.08661439,0.4641287,-0.24058805,-0.46243238,0.49278224,-0.9165221,-0.0671088,-0.01785448,-0.383465,-0.9259127,0.43639636,0.08526989,0.37660927,-0.38423812,-0.25619704,-0.046975702,-0.39419082,0.041592788,-0.24022749,-0.018930279,-0.077535346,-0.062754445,0.015825836,0.28670081,-0.16535318,0.33702916,-0.3102707,-0.6012246,0.06479447,-0.15892516,-0.15041925,0.003551915,-0.27793023,0.014742337,0.39203256,-0.28157663,-0.22614767,-0.5933504,0.17166856,0.17630947,-0.23582774,0.042171802,0.2275033,-0.02131882,0.020834599,-0.081821844,-0.5838154,0.21453893,0.23780228,0.3679247,-0.11313108,-0.41162378,0.78014326,-0.15941845,-0.13684942,0.19244248,0.0039214836,-0.22919491,-0.07778692,0.39130738,0.03787628,-0.5359278,-0.09818563,-0.24917227,-0.16048783,-0.117033586,0.46668997,0.14427176,-0.21796192,-0.061087236,-0.242977,0.5530388,-0.07235321,-0.30937085,-0.21848246,0.71186996,0.26011556,-0.09664949,0.34656736,0.37635893,-0.18080735,-0.17415163,0.53415066
OAS1_0448,-1.5362253,-1.192535,0.47079346,-1.0527669,-0.45863444,-0.414004,-0.21983027,0.13847539,-0.2065041,0.4974252,0.17706987,-0.30452275,-0.23274852,0.18947142,-0.26748297,-0.13748021,0.7219985,-0.5348941,0.37305412,0.24255717,-0.13620853,-0.32379898,-0.011956589,-0.8879596,0.22919895,-0.23091571,0.08871192,-0.41176915,-0.085348345,0.79355633,0.31007755,-0.09762546,0.19368768,0.0429575,-0.5760351,0.46204376,-0.035677563,0.16989912,-0.3008261,0.6547158,-0.1948505,-0.5648433,0.07761977,0.06540942,0.074451886,0.37071124,-0.20158717,-0.13675275,0.1799929,-0.28530338,-0.252075,0.32622167,0.0060722744,0.23441017,-0.22414467,0.5039551,-0.48025426,0.10710612,-0.023847274,-0.15366748,0.6054204,0.1931939,-0.19678871,0.17126666,0.0263428,0.28955284,-0.049283072,-0.2617705,-0.101504184,0.29674086,-0.0060290606,-0.27241835,-0.11551006,0.05334088,0.051279884,-0.036475323,-0.101697624,0.3905681,-0.20558523,-0.043289244,0.6431246,0.27285352,-0.30137554,-0.12962985,0.038364653,0.034106128,0.1767079,-0.18955731,-0.19275934,0.030178238,0.24263035,0.3840597,-0.1321434,0.058812626,-0.16810277,0.032559767,-0.14676212,0.20912932,0.34685376,0.16809048,0.06552981,-0.14338538,0.22408408,0.20691699,0.19927847,-0.06069322,0.45984802,-0.19182831,-0.015776716,0.3073022
OAS1_0449,0.6765797,0.4643592,-0.879391,0.027191376,-0.5254629,0.5676508,-0.25761154,-0.11595845,0.53745896,0.70365626,-0.21549182,0.9305639,-0.729714,-0.606054,-0.83453476,0.004679785,-0.27149957,0.22989437,-0.22643507,0.25522855,-0.26154885,0.08182279,-0.07833539,-0.86129844,-0.12725842,-0.20841879,-0.01865133,-0.21349539,0.11596085,0.80201876,0.014456826,-0.5415761,0.009995662,0.41739774,-0.9541592,0.48357952,0.11331392,-0.2226808,-0.11758772,-0.1005852,0.012416181,0.15569231,-0.24610041,-0.58538646,-0.11417044,0.41091424,-0.15924178,-0.06005579,-0.07268555,-0.46598926,0.102781385,0.35355318,-0.2683243,-0.32121223,-0.3986699,-0.093455985,-0.55616975,-0.14249931,-0.33826116,0.26632935,-0.40008152,0.18827063,0.0210405,0.08319528,-0.1531279,0.11289894,0.117657684,0.009296655,-0.23147474,0.043371364,0.10695158,0.11216488,0.67244166,-0.2617772,-0.03880736,-0.1169599,0.6122957,-0.020071317,0.0922736,0.13033746,-0.3204086,0.392866,0.07278486,-0.35535893,0.35325053,0.4126779,-0.32939866,0.17324772,0.18790418,-0.09822702,0.39556223,-0.28835118,-0.06767703,-0.047820367,0.055954427,0.36630943,0.6397495,0.26342285,0.3342537,0.34081483,0.21703362,0.04113256,0.1439605,-0.5163824,0.15010671,0.23420922,-0.029682389,-0.11183859,-0.05223116,0.16866267
OAS1_0450,-1.3872505,-0.6582125,0.34646085,0.27428764,-0.67759967,-0.2979459,0.7243644,0.59876627,0.65617895,-0.18092471,0.5928475,0.7681822,-0.6277279,-0.0533394,-0.2803337,-0.5543227,0.27348804,-0.35030806,-0.24290265,0.024398303,0.33669424,0.3484765,-0.099904634,-0.010178042,-0.44213226,0.040651035,-0.33733606,-0.22284487,0.1478705,-0.39513263,-0.19449879,0.33460566,0.2265916,-0.07014704,0.6438229,0.30036438,0.31942213,0.34444368,0.045298576,-0.038594358,0.7391071,0.12793547,-0.052538905,0.11299822,0.12426253,-0.014511011,0.08262515,-0.003512268,-0.32514092,-0.012747987,-0.14712024,-0.13073105,-0.683846,0.7135157,-0.20625333,-0.30183688,-0.08585053,-0.15697,-0.35437462,0.22371203,-0.09056916,0.70582795,-0.6627198,-0.061744265,-0.1740161,-0.6545967,-0.17073624,-0.11521058,0.4995605,0.3381112,0.10120392,0.6356563,0.30767065,0.026006693,0.043975726,0.09206211,0.0853461,0.12348982,0.26321197,0.07062563,-0.15601717,0.23390849,-0.105052486,-0.44759774,0.19842054,0.13654184,-0.487484,-0.4633264,0.012755727,0.5941921,-0.12688181,0.37607893,0.3951307,-0.1905915,-0.13916604,0.19853908,-0.057455726,-0.090517804,-0.32176775,-0.361895,-0.2917914,0.10582228,0.48668146,0.09720937,0.33110073,0.1869397,0.19327047,-0.24042615,0.07546232,0.1522214
OAS1_0451,1.3502129,0.78298,0.40610558,0.44447362,-0.44170564,-0.4568137,-0.064374365,0.37634736,0.6930577,-0.95673347,-0.38688463,0.6006322,0.11587228,0.18954733,-0.11209017,0.07443819,-0.05864395,0.3882378,0.2831971,0.16147624,0.06387767,-0.95621985,0.14089385,-0.11040922,0.06868691,-0.06076494,0.06506582,-0.08545674,-0.14575171,0.09666205,-0.22667773,0.08937726,0.46359304,0.22314818,-0.19141477,-0.27797738,0.15763558,0.29480204,-0.6856973,-0.5889963,-0.11694313,-0.11767705,0.17989135,-0.13686532,-0.377989,0.40603238,0.25406638,0.3157788,0.31607115,-0.14278524,0.3790234,0.3450593,0.112675734,-0.58943176,-0.29121155,-0.16146438,-0.19376568,0.5837511,0.0864396,0.15453993,-0.18276481,0.16048305,0.09836059,0.45388195,-0.20478496,-0.47552815,-0.30566585,0.5128927,-0.08469506,-0.060532477,0.14779125,0.04299688,-0.26666668,-0.25149798,0.07947151,-0.07016153,-0.45579165,0.26521173,0.07391113,-0.006337837,-0.5148742,-0.017249413,-0.22963186,-0.1123919,0.060464807,-0.61793023,-0.1666179,-0.61262393,0.44710428,-0.24390464,-0.054642193,-0.19498596,-0.0976223,0.08243613,-0.0674857,0.5425523,0.09549546,-0.072667226,0.19645733,0.32825878,0.51925415,-0.16929726,-0.33979622,-0.25075948,0.107791305,0.5733619,0.11354681,0.017659467,0.15673457,0.09069504
OAS1_0452,0.69202864,0.8269001,0.07891883,-0.32139426,0.45984313,-0.049349364,0.4493507,-0.8329965,-0.35415483,0.5089717,-0.77004576,-0.33911204,-0.034948397,-0.66702515,-0.5093046,-0.44877455,0.41085663,0.3324804,-0.028196579,0.21845439,-0.372985,-0.10748351,-0.24309053,0.31051522,0.0939571,0.51591873,0.14623697,-0.23041867,-0.005832656,0.05458189,0.1876631,0.3640286,0.722224,0.30080757,0.17231551,-0.27082518,-0.15592365,0.21352993,-0.14972456,0.3790826,0.16065323,0.20577967,0.56201136,-0.007068327,-0.4832559,0.3384629,0.25222686,0.26658282,-0.025274573,-0.27446216,0.5573356,0.054562278,0.31099394,0.35715544,-0.0525595,0.31029782,0.24803063,-0.8237144,0.5727042,0.27457824,0.0802388,-0.3881218,0.102896996,0.51438934,-0.25664416,-0.06931168,0.17672749,0.21027277,-0.12125802,-0.2274956,-0.28357103,-0.37177736,0.0748551,0.09662706,0.30041552,0.29496393,0.23310572,-0.11646324,0.0896238,-0.34088176,0.26848048,-0.07402281,-0.12366224,-0.059256744,0.43017155,-0.7215866,0.0569889,0.5303244,0.23317142,0.5773234,-0.057226144,-0.11454018,-0.1705126,0.31768754,-0.29970872,-0.0729736,0.047146212,0.2770269,-0.07709411,-0.42635128,-0.04669633,-0.08550578,0.38804203,0.3273808,-0.31158125,-0.10849,-0.14367533,0.23946436,0.17101684,-0.5878329
OAS1_0453,0.41144508,0.18132916,0.28632233,0.6116685,-0.27727303,-1.0956414,-0.53804207,0.9589945,-0.39573398,0.0017067952,-0.96338356,0.13300724,1.0401164,-0.7831805,-0.4765951,-0.50040454,-0.91812825,-0.036120564,-0.20639786,0.18434615,-0.29799664,0.44047043,0.51043457,0.08399306,0.41074836,0.055957794,-0.14999329,0.7543562,-0.12500346,0.16692244,0.31057104,-0.027020194,-0.49622563,-0.12152688,-0.09629543,0.16263372,0.49203447,-0.26360896,-0.4682782,0.75350153,0.20477615,-0.48195666,0.012454908,0.60847837,-0.4487558,0.32011068,0.17622364,-0.094169594,0.060986243,-0.4287711,0.21632014,0.26618564,-0.035227068,-0.16232921,-0.5647873,-0.32515377,0.22931755,0.6865055,-0.037655715,-0.4327271,-0.29530442,-0.28878286,-0.21667933,-0.33813763,-0.044749003,-0.021559427,0.2258719,0.07332523,0.09465016,-0.16722637,0.035292875,-0.5708053,-0.2716681,-0.1203237,0.32074267,-0.031640686,0.19015028,-0.08506366,-0.13244633,0.0069074347,-0.04296285,0.13867012,-0.05514334,-0.0035952828,-0.1973535,-0.453352,-0.092522785,-0.14170894,-0.017960662,0.12920193,0.2069578,-0.21827261,-0.11428412,0.047344685,0.039972395,0.41195726,0.28397572,0.1278776,-0.5548692,-0.056224693,0.038400754,0.004643507,0.08749953,0.52845186,-0.22103599,-0.20978957,-0.32682386,-0.33499193,-0.27899072,-0.052629054
OAS1_0454,-0.012255623,-0.07084025,0.14744239,-0.1853822,-0.17993526,-1.1306001,0.9763378,-0.09107337,-0.077176444,0.80456245,-0.44250217,0.6558147,0.17483008,-0.5499611,-0.30098057,-0.10625621,0.59853584,-0.11652672,0.3182493,0.33728912,0.32804063,0.33269542,-0.22615828,0.29048038,-0.20015197,0.6713177,0.3237681,-0.5076455,-0.492753,1.069753,0.47457263,-0.77242833,-0.14783688,0.04067848,-0.14521994,0.1083552,0.5742261,-0.19722645,0.046609834,0.47209188,0.4395335,0.16522601,0.31868225,0.31175134,-0.16005331,0.5416944,-0.16869763,0.3405894,0.74116105,0.21650434,-0.10511368,0.6929434,-0.18897933,0.035375316,0.17800187,0.12674975,-0.12463427,-0.49350953,-0.23677821,-0.00229319,-0.014324672,-0.52267677,0.09938578,-0.47399774,0.096682794,0.14294876,0.051614862,-0.26520157,0.48139223,0.20622122,-0.0353253,0.045289624,0.0876821,0.29657748,-0.28677577,-0.018792823,-0.04331128,-0.37909904,-0.30724707,0.23108247,0.035718445,0.2556518,-0.3750007,-0.15578271,-0.28360718,-0.10721766,0.3790162,-0.60598326,-0.8227662,0.10785555,-0.40930903,-0.065134056,0.35363704,0.37450054,-0.11282078,-0.14912397,-0.32622954,-0.11279586,0.056553062,-0.20585084,-0.10259708,0.31019694,-0.4834651,0.54720217,-0.13300304,-0.17823644,-0.6387422,0.05538135,0.079405956,-0.23606865
OAS1_0455,-1.1537174,-0.12683964,0.0023465708,-0.044323027,0.37309253,0.16472551,0.3378864,-0.6639288,-0.07699211,-0.41475815,-0.041415926,0.21775755,-0.24409974,-0.022151751,0.02233298,1.1873319,-0.11244014,-0.11993795,-0.014746965,0.37059873,-0.055665143,-0.19220601,-0.78145975,-0.6731366,0.467944,-0.039238002,-0.04798089,0.49159795,0.30808845,-0.40833092,0.119309746,0.23410894,-0.16833849,-0.5105893,-0.26108292,-0.022170149,-0.11327001,-0.47759137,-0.45303288,-0.2597555,-0.2270778,-0.46227884,0.12286303,-0.13137873,-0.38440502,0.03786461,-0.40672058,0.88785076,0.09828624,-0.0319792,0.016915226,0.16001236,-0.29288524,-0.24256308,-0.6409169,0.28330404,0.13205153,0.07348096,-0.09376578,-0.38363695,0.27590135,0.0011845485,-0.4901466,0.536708,0.35173297,-0.015739713,-0.13231121,0.09605906,0.18367317,0.49007148,-0.0018845024,0.012414107,-0.16531454,-0.0963044,-0.008227745,-0.09212521,-0.4457471,-0.031528685,0.047912423,0.38690907,0.05953014,-0.120041,-0.37621966,0.2802069,-0.28609955,-0.23513505,0.046984613,-0.28666693,-0.1699202,-0.14654237,-0.04552002,-0.7787124,-0.23101069,-0.09879099,-0.3956985,0.06972267,-0.044143934,-0.43985137,0.008938496,0.43501645,0.082581885,0.10898637,-0.13421199,-0.618604,0.10787851,0.48613793,-0.21182087,0.3357848,0.0088673625,-0.30226198
OAS1_0456,0.43404627,0.03911846,-0.5438032,0.35263008,0.70393825,-0.7868311,0.30110303,-0.048757315,-0.048314404,0.29051453,0.04196759,-0.4538424,-0.20059063,0.61538774,-0.025780376,-0.4958633,1.2177578,-0.08758557,0.4789761,-0.47799832,-0.46527925,-0.21916921,-0.028113447,0.30652615,0.11335607,0.43258294,-0.08844748,-0.03345472,0.09327437,-0.14365634,0.018112946,0.42044216,-0.36374518,-0.04171321,-0.4346661,0.11037869,0.20597695,0.29174903,-0.09894373,-0.035432436,0.31424242,0.20404316,0.89963424,0.03350664,-0.22666268,0.38799652,-0.77357304,-0.63782346,0.14518075,-0.16681452,-0.5478291,-0.120484605,-0.058560822,-0.50054216,-0.39691886,-0.3000004,0.12258501,-0.43394446,0.19991212,0.258174,-0.36098662,-0.07139075,0.4388522,-0.03500485,-0.10397815,-0.5720502,-0.23810004,-0.29243568,-0.39788908,-0.44754124,-0.3057164,-0.39496487,-0.22430064,0.099263616,0.5917918,-0.0605626,0.25896448,-0.2600774,0.20199434,0.10402304,0.12555924,0.6947649,0.53011256,0.111692674,-0.00023344063,0.119557686,-0.58653945,0.8483151,0.23029599,-0.019548574,0.49017283,0.47766605,-0.5927225,0.38784397,-0.4149133,0.048771553,0.23330054,0.06317725,-0.11733989,-0.26162988,-0.10691319,-0.48350683,-0.31285006,-0.029592745,0.13547269,0.28995106,-0.0963596,-0.20179354,0.3281364,-0.35176566
OAS1_0457,0.02801827,0.7295737,-0.027401662,-0.11733606,-0.56974405,0.4373723,-0.1777879,-0.25808036,0.3596667,-0.2607997,0.2913558,-0.84475833,0.41128486,-0.393253,0.21716087,0.21976602,0.21881875,-0.16613916,0.99219847,0.4950526,0.10603932,-0.12257952,-0.66606826,-0.07195669,0.2049115,-0.23484956,-0.62593704,0.26507962,0.36202827,0.04566977,0.3923212,0.44723338,0.30004272,0.0010712055,-0.10814477,-0.5809642,-0.12004102,-0.35751158,-0.05162233,-0.04457122,-0.6240059,-0.014935989,0.37463018,0.6127235,0.15201022,-0.38499373,0.107289426,-0.259232,-0.08136666,-0.34811416,-0.38708204,-0.311264,-0.09112321,0.4060854,0.56784844,-0.13316925,0.48424196,0.2507961,-0.016704727,-0.3405741,-0.14730749,0.13731997,-0.4455367,0.20539925,0.23574767,0.21929687,0.65039563,-0.11737696,-0.02790793,-0.029935407,0.4917219,-0.33842188,-0.37505567,0.059745852,0.004111937,-0.10974285,0.052667525,-0.015815707,-0.03320987,0.00039801502,-0.06569093,0.3682601,-0.0917259,-0.08269647,0.46535715,0.22163421,0.046748433,0.06940489,0.4420712,-0.07960672,0.1973175,0.17573833,0.42225075,-0.20502892,-0.06726975,-0.1408287,0.09795447,0.39327678,0.1076293,0.047480885,0.26156473,0.3074564,0.13277124,-0.4077471,0.19714665,-0.37251517,-0.3004175,0.31135595,0.38351786,-0.030211445
